Iteration,Activity ID,Activity Name,Duration
1,P01,Submission review,4
1,P02,Technical assessment,6
1,P03,Commercial assessment,3
1,P04,Approval and close,2
2,P01,Submission review,5
2,P02,Technical assessment,6
2,P03,Commercial assessment,8
2,P04,Approval and close,3
3,P01,Submission review,5
3,P02,Technical assessment,4
3,P03,Commercial assessment,7
3,P04,Approval and close,4
4,P01,Submission review,4
4,P02,Technical assessment,8
4,P03,Commercial assessment,7
4,P04,Approval and close,4
5,P01,Submission review,5
5,P02,Technical assessment,7
5,P03,Commercial assessment,11
5,P04,Approval and close,2
6,P01,Submission review,5
6,P02,Technical assessment,6
6,P03,Commercial assessment,10
6,P04,Approval and close,3
7,P01,Submission review,7
7,P02,Technical assessment,8
7,P03,Commercial assessment,11
7,P04,Approval and close,2
8,P01,Submission review,4
8,P02,Technical assessment,7
8,P03,Commercial assessment,9
8,P04,Approval and close,4
9,P01,Submission review,4
9,P02,Technical assessment,6
9,P03,Commercial assessment,9
9,P04,Approval and close,3
10,P01,Submission review,5
10,P02,Technical assessment,6
10,P03,Commercial assessment,6
10,P04,Approval and close,4
11,P01,Submission review,5
11,P02,Technical assessment,4
11,P03,Commercial assessment,9
11,P04,Approval and close,5
12,P01,Submission review,6
12,P02,Technical assessment,4
12,P03,Commercial assessment,5
12,P04,Approval and close,3
13,P01,Submission review,4
13,P02,Technical assessment,7
13,P03,Commercial assessment,6
13,P04,Approval and close,2
14,P01,Submission review,4
14,P02,Technical assessment,5
14,P03,Commercial assessment,9
14,P04,Approval and close,3
15,P01,Submission review,5
15,P02,Technical assessment,6
15,P03,Commercial assessment,3
15,P04,Approval and close,4
16,P01,Submission review,3
16,P02,Technical assessment,5
16,P03,Commercial assessment,10
16,P04,Approval and close,4
17,P01,Submission review,3
17,P02,Technical assessment,9
17,P03,Commercial assessment,5
17,P04,Approval and close,3
18,P01,Submission review,4
18,P02,Technical assessment,4
18,P03,Commercial assessment,10
18,P04,Approval and close,4
19,P01,Submission review,5
19,P02,Technical assessment,4
19,P03,Commercial assessment,9
19,P04,Approval and close,4
20,P01,Submission review,6
20,P02,Technical assessment,7
20,P03,Commercial assessment,6
20,P04,Approval and close,4
21,P01,Submission review,6
21,P02,Technical assessment,5
21,P03,Commercial assessment,9
21,P04,Approval and close,3
22,P01,Submission review,4
22,P02,Technical assessment,8
22,P03,Commercial assessment,5
22,P04,Approval and close,3
23,P01,Submission review,5
23,P02,Technical assessment,6
23,P03,Commercial assessment,9
23,P04,Approval and close,3
24,P01,Submission review,6
24,P02,Technical assessment,5
24,P03,Commercial assessment,6
24,P04,Approval and close,3
25,P01,Submission review,4
25,P02,Technical assessment,5
25,P03,Commercial assessment,6
25,P04,Approval and close,3
26,P01,Submission review,4
26,P02,Technical assessment,5
26,P03,Commercial assessment,10
26,P04,Approval and close,4
27,P01,Submission review,3
27,P02,Technical assessment,7
27,P03,Commercial assessment,3
27,P04,Approval and close,5
28,P01,Submission review,4
28,P02,Technical assessment,4
28,P03,Commercial assessment,9
28,P04,Approval and close,5
29,P01,Submission review,7
29,P02,Technical assessment,7
29,P03,Commercial assessment,5
29,P04,Approval and close,2
30,P01,Submission review,5
30,P02,Technical assessment,5
30,P03,Commercial assessment,8
30,P04,Approval and close,4
31,P01,Submission review,4
31,P02,Technical assessment,9
31,P03,Commercial assessment,4
31,P04,Approval and close,4
32,P01,Submission review,3
32,P02,Technical assessment,6
32,P03,Commercial assessment,7
32,P04,Approval and close,4
33,P01,Submission review,6
33,P02,Technical assessment,6
33,P03,Commercial assessment,5
33,P04,Approval and close,3
34,P01,Submission review,6
34,P02,Technical assessment,4
34,P03,Commercial assessment,7
34,P04,Approval and close,3
35,P01,Submission review,5
35,P02,Technical assessment,6
35,P03,Commercial assessment,5
35,P04,Approval and close,3
36,P01,Submission review,4
36,P02,Technical assessment,6
36,P03,Commercial assessment,8
36,P04,Approval and close,4
37,P01,Submission review,6
37,P02,Technical assessment,6
37,P03,Commercial assessment,4
37,P04,Approval and close,2
38,P01,Submission review,6
38,P02,Technical assessment,4
38,P03,Commercial assessment,7
38,P04,Approval and close,3
39,P01,Submission review,5
39,P02,Technical assessment,7
39,P03,Commercial assessment,6
39,P04,Approval and close,4
40,P01,Submission review,5
40,P02,Technical assessment,6
40,P03,Commercial assessment,4
40,P04,Approval and close,3
41,P01,Submission review,4
41,P02,Technical assessment,7
41,P03,Commercial assessment,5
41,P04,Approval and close,3
42,P01,Submission review,5
42,P02,Technical assessment,6
42,P03,Commercial assessment,7
42,P04,Approval and close,4
43,P01,Submission review,4
43,P02,Technical assessment,7
43,P03,Commercial assessment,4
43,P04,Approval and close,3
44,P01,Submission review,5
44,P02,Technical assessment,5
44,P03,Commercial assessment,9
44,P04,Approval and close,5
45,P01,Submission review,6
45,P02,Technical assessment,4
45,P03,Commercial assessment,5
45,P04,Approval and close,3
46,P01,Submission review,3
46,P02,Technical assessment,6
46,P03,Commercial assessment,10
46,P04,Approval and close,5
47,P01,Submission review,4
47,P02,Technical assessment,6
47,P03,Commercial assessment,6
47,P04,Approval and close,3
48,P01,Submission review,3
48,P02,Technical assessment,5
48,P03,Commercial assessment,7
48,P04,Approval and close,4
49,P01,Submission review,5
49,P02,Technical assessment,6
49,P03,Commercial assessment,7
49,P04,Approval and close,4
50,P01,Submission review,4
50,P02,Technical assessment,8
50,P03,Commercial assessment,6
50,P04,Approval and close,5
51,P01,Submission review,3
51,P02,Technical assessment,4
51,P03,Commercial assessment,8
51,P04,Approval and close,4
52,P01,Submission review,3
52,P02,Technical assessment,7
52,P03,Commercial assessment,7
52,P04,Approval and close,3
53,P01,Submission review,5
53,P02,Technical assessment,6
53,P03,Commercial assessment,10
53,P04,Approval and close,3
54,P01,Submission review,6
54,P02,Technical assessment,5
54,P03,Commercial assessment,4
54,P04,Approval and close,2
55,P01,Submission review,5
55,P02,Technical assessment,4
55,P03,Commercial assessment,7
55,P04,Approval and close,5
56,P01,Submission review,3
56,P02,Technical assessment,5
56,P03,Commercial assessment,6
56,P04,Approval and close,3
57,P01,Submission review,5
57,P02,Technical assessment,6
57,P03,Commercial assessment,9
57,P04,Approval and close,4
58,P01,Submission review,5
58,P02,Technical assessment,6
58,P03,Commercial assessment,7
58,P04,Approval and close,5
59,P01,Submission review,4
59,P02,Technical assessment,6
59,P03,Commercial assessment,5
59,P04,Approval and close,4
60,P01,Submission review,4
60,P02,Technical assessment,6
60,P03,Commercial assessment,10
60,P04,Approval and close,4
61,P01,Submission review,5
61,P02,Technical assessment,6
61,P03,Commercial assessment,8
61,P04,Approval and close,5
62,P01,Submission review,4
62,P02,Technical assessment,8
62,P03,Commercial assessment,9
62,P04,Approval and close,4
63,P01,Submission review,5
63,P02,Technical assessment,6
63,P03,Commercial assessment,7
63,P04,Approval and close,5
64,P01,Submission review,5
64,P02,Technical assessment,6
64,P03,Commercial assessment,6
64,P04,Approval and close,3
65,P01,Submission review,4
65,P02,Technical assessment,5
65,P03,Commercial assessment,6
65,P04,Approval and close,4
66,P01,Submission review,4
66,P02,Technical assessment,6
66,P03,Commercial assessment,5
66,P04,Approval and close,4
67,P01,Submission review,5
67,P02,Technical assessment,6
67,P03,Commercial assessment,11
67,P04,Approval and close,3
68,P01,Submission review,6
68,P02,Technical assessment,5
68,P03,Commercial assessment,5
68,P04,Approval and close,4
69,P01,Submission review,5
69,P02,Technical assessment,5
69,P03,Commercial assessment,6
69,P04,Approval and close,5
70,P01,Submission review,4
70,P02,Technical assessment,5
70,P03,Commercial assessment,6
70,P04,Approval and close,3
71,P01,Submission review,6
71,P02,Technical assessment,6
71,P03,Commercial assessment,4
71,P04,Approval and close,4
72,P01,Submission review,6
72,P02,Technical assessment,5
72,P03,Commercial assessment,9
72,P04,Approval and close,5
73,P01,Submission review,6
73,P02,Technical assessment,7
73,P03,Commercial assessment,5
73,P04,Approval and close,3
74,P01,Submission review,3
74,P02,Technical assessment,6
74,P03,Commercial assessment,8
74,P04,Approval and close,3
75,P01,Submission review,5
75,P02,Technical assessment,7
75,P03,Commercial assessment,9
75,P04,Approval and close,3
76,P01,Submission review,3
76,P02,Technical assessment,5
76,P03,Commercial assessment,7
76,P04,Approval and close,4
77,P01,Submission review,3
77,P02,Technical assessment,6
77,P03,Commercial assessment,7
77,P04,Approval and close,3
78,P01,Submission review,5
78,P02,Technical assessment,5
78,P03,Commercial assessment,9
78,P04,Approval and close,3
79,P01,Submission review,4
79,P02,Technical assessment,5
79,P03,Commercial assessment,7
79,P04,Approval and close,4
80,P01,Submission review,4
80,P02,Technical assessment,5
80,P03,Commercial assessment,5
80,P04,Approval and close,3
81,P01,Submission review,6
81,P02,Technical assessment,7
81,P03,Commercial assessment,6
81,P04,Approval and close,2
82,P01,Submission review,5
82,P02,Technical assessment,8
82,P03,Commercial assessment,9
82,P04,Approval and close,3
83,P01,Submission review,3
83,P02,Technical assessment,5
83,P03,Commercial assessment,6
83,P04,Approval and close,4
84,P01,Submission review,5
84,P02,Technical assessment,7
84,P03,Commercial assessment,8
84,P04,Approval and close,3
85,P01,Submission review,5
85,P02,Technical assessment,5
85,P03,Commercial assessment,7
85,P04,Approval and close,4
86,P01,Submission review,5
86,P02,Technical assessment,5
86,P03,Commercial assessment,8
86,P04,Approval and close,3
87,P01,Submission review,4
87,P02,Technical assessment,6
87,P03,Commercial assessment,9
87,P04,Approval and close,4
88,P01,Submission review,5
88,P02,Technical assessment,6
88,P03,Commercial assessment,5
88,P04,Approval and close,3
89,P01,Submission review,5
89,P02,Technical assessment,4
89,P03,Commercial assessment,6
89,P04,Approval and close,3
90,P01,Submission review,6
90,P02,Technical assessment,7
90,P03,Commercial assessment,7
90,P04,Approval and close,3
91,P01,Submission review,3
91,P02,Technical assessment,5
91,P03,Commercial assessment,9
91,P04,Approval and close,3
92,P01,Submission review,5
92,P02,Technical assessment,6
92,P03,Commercial assessment,7
92,P04,Approval and close,4
93,P01,Submission review,6
93,P02,Technical assessment,7
93,P03,Commercial assessment,7
93,P04,Approval and close,4
94,P01,Submission review,4
94,P02,Technical assessment,4
94,P03,Commercial assessment,7
94,P04,Approval and close,3
95,P01,Submission review,4
95,P02,Technical assessment,8
95,P03,Commercial assessment,7
95,P04,Approval and close,2
96,P01,Submission review,4
96,P02,Technical assessment,7
96,P03,Commercial assessment,8
96,P04,Approval and close,4
97,P01,Submission review,5
97,P02,Technical assessment,5
97,P03,Commercial assessment,7
97,P04,Approval and close,4
98,P01,Submission review,3
98,P02,Technical assessment,5
98,P03,Commercial assessment,10
98,P04,Approval and close,4
99,P01,Submission review,5
99,P02,Technical assessment,5
99,P03,Commercial assessment,6
99,P04,Approval and close,4
100,P01,Submission review,6
100,P02,Technical assessment,7
100,P03,Commercial assessment,4
100,P04,Approval and close,5
101,P01,Submission review,6
101,P02,Technical assessment,8
101,P03,Commercial assessment,4
101,P04,Approval and close,4
102,P01,Submission review,6
102,P02,Technical assessment,6
102,P03,Commercial assessment,5
102,P04,Approval and close,2
103,P01,Submission review,5
103,P02,Technical assessment,5
103,P03,Commercial assessment,7
103,P04,Approval and close,5
104,P01,Submission review,5
104,P02,Technical assessment,5
104,P03,Commercial assessment,8
104,P04,Approval and close,4
105,P01,Submission review,5
105,P02,Technical assessment,7
105,P03,Commercial assessment,6
105,P04,Approval and close,4
106,P01,Submission review,5
106,P02,Technical assessment,7
106,P03,Commercial assessment,8
106,P04,Approval and close,3
107,P01,Submission review,4
107,P02,Technical assessment,5
107,P03,Commercial assessment,7
107,P04,Approval and close,2
108,P01,Submission review,4
108,P02,Technical assessment,6
108,P03,Commercial assessment,9
108,P04,Approval and close,4
109,P01,Submission review,4
109,P02,Technical assessment,7
109,P03,Commercial assessment,6
109,P04,Approval and close,3
110,P01,Submission review,6
110,P02,Technical assessment,5
110,P03,Commercial assessment,5
110,P04,Approval and close,4
111,P01,Submission review,6
111,P02,Technical assessment,5
111,P03,Commercial assessment,11
111,P04,Approval and close,2
112,P01,Submission review,3
112,P02,Technical assessment,5
112,P03,Commercial assessment,7
112,P04,Approval and close,4
113,P01,Submission review,5
113,P02,Technical assessment,5
113,P03,Commercial assessment,7
113,P04,Approval and close,4
114,P01,Submission review,5
114,P02,Technical assessment,5
114,P03,Commercial assessment,10
114,P04,Approval and close,3
115,P01,Submission review,5
115,P02,Technical assessment,7
115,P03,Commercial assessment,7
115,P04,Approval and close,3
116,P01,Submission review,3
116,P02,Technical assessment,4
116,P03,Commercial assessment,9
116,P04,Approval and close,4
117,P01,Submission review,6
117,P02,Technical assessment,5
117,P03,Commercial assessment,8
117,P04,Approval and close,4
118,P01,Submission review,5
118,P02,Technical assessment,4
118,P03,Commercial assessment,5
118,P04,Approval and close,5
119,P01,Submission review,5
119,P02,Technical assessment,7
119,P03,Commercial assessment,3
119,P04,Approval and close,3
120,P01,Submission review,3
120,P02,Technical assessment,4
120,P03,Commercial assessment,7
120,P04,Approval and close,3
121,P01,Submission review,4
121,P02,Technical assessment,7
121,P03,Commercial assessment,8
121,P04,Approval and close,5
122,P01,Submission review,5
122,P02,Technical assessment,6
122,P03,Commercial assessment,7
122,P04,Approval and close,4
123,P01,Submission review,6
123,P02,Technical assessment,5
123,P03,Commercial assessment,7
123,P04,Approval and close,2
124,P01,Submission review,6
124,P02,Technical assessment,7
124,P03,Commercial assessment,5
124,P04,Approval and close,4
125,P01,Submission review,5
125,P02,Technical assessment,5
125,P03,Commercial assessment,6
125,P04,Approval and close,4
126,P01,Submission review,5
126,P02,Technical assessment,7
126,P03,Commercial assessment,6
126,P04,Approval and close,4
127,P01,Submission review,4
127,P02,Technical assessment,6
127,P03,Commercial assessment,3
127,P04,Approval and close,3
128,P01,Submission review,5
128,P02,Technical assessment,6
128,P03,Commercial assessment,8
128,P04,Approval and close,2
129,P01,Submission review,4
129,P02,Technical assessment,5
129,P03,Commercial assessment,10
129,P04,Approval and close,3
130,P01,Submission review,4
130,P02,Technical assessment,5
130,P03,Commercial assessment,7
130,P04,Approval and close,4
131,P01,Submission review,6
131,P02,Technical assessment,7
131,P03,Commercial assessment,6
131,P04,Approval and close,5
132,P01,Submission review,5
132,P02,Technical assessment,5
132,P03,Commercial assessment,8
132,P04,Approval and close,3
133,P01,Submission review,6
133,P02,Technical assessment,8
133,P03,Commercial assessment,7
133,P04,Approval and close,4
134,P01,Submission review,4
134,P02,Technical assessment,5
134,P03,Commercial assessment,10
134,P04,Approval and close,4
135,P01,Submission review,3
135,P02,Technical assessment,6
135,P03,Commercial assessment,6
135,P04,Approval and close,5
136,P01,Submission review,6
136,P02,Technical assessment,7
136,P03,Commercial assessment,7
136,P04,Approval and close,3
137,P01,Submission review,5
137,P02,Technical assessment,5
137,P03,Commercial assessment,6
137,P04,Approval and close,3
138,P01,Submission review,4
138,P02,Technical assessment,4
138,P03,Commercial assessment,8
138,P04,Approval and close,2
139,P01,Submission review,5
139,P02,Technical assessment,6
139,P03,Commercial assessment,7
139,P04,Approval and close,3
140,P01,Submission review,4
140,P02,Technical assessment,7
140,P03,Commercial assessment,6
140,P04,Approval and close,3
141,P01,Submission review,3
141,P02,Technical assessment,6
141,P03,Commercial assessment,8
141,P04,Approval and close,4
142,P01,Submission review,5
142,P02,Technical assessment,6
142,P03,Commercial assessment,7
142,P04,Approval and close,3
143,P01,Submission review,6
143,P02,Technical assessment,7
143,P03,Commercial assessment,6
143,P04,Approval and close,4
144,P01,Submission review,7
144,P02,Technical assessment,4
144,P03,Commercial assessment,7
144,P04,Approval and close,4
145,P01,Submission review,3
145,P02,Technical assessment,4
145,P03,Commercial assessment,5
145,P04,Approval and close,4
146,P01,Submission review,4
146,P02,Technical assessment,5
146,P03,Commercial assessment,8
146,P04,Approval and close,5
147,P01,Submission review,4
147,P02,Technical assessment,5
147,P03,Commercial assessment,5
147,P04,Approval and close,3
148,P01,Submission review,6
148,P02,Technical assessment,4
148,P03,Commercial assessment,5
148,P04,Approval and close,5
149,P01,Submission review,4
149,P02,Technical assessment,7
149,P03,Commercial assessment,8
149,P04,Approval and close,3
150,P01,Submission review,6
150,P02,Technical assessment,6
150,P03,Commercial assessment,6
150,P04,Approval and close,4
151,P01,Submission review,7
151,P02,Technical assessment,4
151,P03,Commercial assessment,10
151,P04,Approval and close,4
152,P01,Submission review,6
152,P02,Technical assessment,7
152,P03,Commercial assessment,11
152,P04,Approval and close,3
153,P01,Submission review,3
153,P02,Technical assessment,8
153,P03,Commercial assessment,6
153,P04,Approval and close,3
154,P01,Submission review,5
154,P02,Technical assessment,4
154,P03,Commercial assessment,6
154,P04,Approval and close,4
155,P01,Submission review,5
155,P02,Technical assessment,4
155,P03,Commercial assessment,8
155,P04,Approval and close,3
156,P01,Submission review,5
156,P02,Technical assessment,7
156,P03,Commercial assessment,5
156,P04,Approval and close,2
157,P01,Submission review,5
157,P02,Technical assessment,5
157,P03,Commercial assessment,9
157,P04,Approval and close,3
158,P01,Submission review,4
158,P02,Technical assessment,7
158,P03,Commercial assessment,7
158,P04,Approval and close,3
159,P01,Submission review,4
159,P02,Technical assessment,6
159,P03,Commercial assessment,8
159,P04,Approval and close,4
160,P01,Submission review,4
160,P02,Technical assessment,6
160,P03,Commercial assessment,5
160,P04,Approval and close,3
161,P01,Submission review,4
161,P02,Technical assessment,6
161,P03,Commercial assessment,9
161,P04,Approval and close,4
162,P01,Submission review,4
162,P02,Technical assessment,6
162,P03,Commercial assessment,5
162,P04,Approval and close,4
163,P01,Submission review,5
163,P02,Technical assessment,7
163,P03,Commercial assessment,10
163,P04,Approval and close,3
164,P01,Submission review,4
164,P02,Technical assessment,6
164,P03,Commercial assessment,8
164,P04,Approval and close,5
165,P01,Submission review,4
165,P02,Technical assessment,4
165,P03,Commercial assessment,7
165,P04,Approval and close,4
166,P01,Submission review,4
166,P02,Technical assessment,4
166,P03,Commercial assessment,7
166,P04,Approval and close,4
167,P01,Submission review,3
167,P02,Technical assessment,5
167,P03,Commercial assessment,7
167,P04,Approval and close,4
168,P01,Submission review,4
168,P02,Technical assessment,7
168,P03,Commercial assessment,4
168,P04,Approval and close,4
169,P01,Submission review,5
169,P02,Technical assessment,6
169,P03,Commercial assessment,10
169,P04,Approval and close,3
170,P01,Submission review,4
170,P02,Technical assessment,5
170,P03,Commercial assessment,7
170,P04,Approval and close,5
171,P01,Submission review,5
171,P02,Technical assessment,6
171,P03,Commercial assessment,6
171,P04,Approval and close,5
172,P01,Submission review,5
172,P02,Technical assessment,5
172,P03,Commercial assessment,7
172,P04,Approval and close,4
173,P01,Submission review,5
173,P02,Technical assessment,7
173,P03,Commercial assessment,10
173,P04,Approval and close,4
174,P01,Submission review,4
174,P02,Technical assessment,8
174,P03,Commercial assessment,6
174,P04,Approval and close,3
175,P01,Submission review,6
175,P02,Technical assessment,4
175,P03,Commercial assessment,5
175,P04,Approval and close,5
176,P01,Submission review,5
176,P02,Technical assessment,7
176,P03,Commercial assessment,6
176,P04,Approval and close,3
177,P01,Submission review,4
177,P02,Technical assessment,5
177,P03,Commercial assessment,7
177,P04,Approval and close,3
178,P01,Submission review,3
178,P02,Technical assessment,8
178,P03,Commercial assessment,6
178,P04,Approval and close,3
179,P01,Submission review,5
179,P02,Technical assessment,4
179,P03,Commercial assessment,6
179,P04,Approval and close,3
180,P01,Submission review,4
180,P02,Technical assessment,5
180,P03,Commercial assessment,6
180,P04,Approval and close,4
181,P01,Submission review,4
181,P02,Technical assessment,7
181,P03,Commercial assessment,8
181,P04,Approval and close,3
182,P01,Submission review,4
182,P02,Technical assessment,5
182,P03,Commercial assessment,8
182,P04,Approval and close,3
183,P01,Submission review,5
183,P02,Technical assessment,7
183,P03,Commercial assessment,4
183,P04,Approval and close,3
184,P01,Submission review,5
184,P02,Technical assessment,6
184,P03,Commercial assessment,7
184,P04,Approval and close,3
185,P01,Submission review,4
185,P02,Technical assessment,6
185,P03,Commercial assessment,8
185,P04,Approval and close,4
186,P01,Submission review,6
186,P02,Technical assessment,5
186,P03,Commercial assessment,6
186,P04,Approval and close,3
187,P01,Submission review,4
187,P02,Technical assessment,6
187,P03,Commercial assessment,7
187,P04,Approval and close,4
188,P01,Submission review,5
188,P02,Technical assessment,8
188,P03,Commercial assessment,6
188,P04,Approval and close,4
189,P01,Submission review,5
189,P02,Technical assessment,5
189,P03,Commercial assessment,9
189,P04,Approval and close,2
190,P01,Submission review,6
190,P02,Technical assessment,6
190,P03,Commercial assessment,6
190,P04,Approval and close,3
191,P01,Submission review,5
191,P02,Technical assessment,6
191,P03,Commercial assessment,6
191,P04,Approval and close,4
192,P01,Submission review,4
192,P02,Technical assessment,7
192,P03,Commercial assessment,4
192,P04,Approval and close,4
193,P01,Submission review,5
193,P02,Technical assessment,6
193,P03,Commercial assessment,6
193,P04,Approval and close,3
194,P01,Submission review,7
194,P02,Technical assessment,5
194,P03,Commercial assessment,6
194,P04,Approval and close,5
195,P01,Submission review,5
195,P02,Technical assessment,5
195,P03,Commercial assessment,4
195,P04,Approval and close,3
196,P01,Submission review,4
196,P02,Technical assessment,7
196,P03,Commercial assessment,8
196,P04,Approval and close,3
197,P01,Submission review,3
197,P02,Technical assessment,6
197,P03,Commercial assessment,6
197,P04,Approval and close,3
198,P01,Submission review,4
198,P02,Technical assessment,4
198,P03,Commercial assessment,6
198,P04,Approval and close,3
199,P01,Submission review,4
199,P02,Technical assessment,5
199,P03,Commercial assessment,6
199,P04,Approval and close,3
200,P01,Submission review,5
200,P02,Technical assessment,5
200,P03,Commercial assessment,7
200,P04,Approval and close,4
201,P01,Submission review,5
201,P02,Technical assessment,5
201,P03,Commercial assessment,5
201,P04,Approval and close,3
202,P01,Submission review,5
202,P02,Technical assessment,6
202,P03,Commercial assessment,6
202,P04,Approval and close,3
203,P01,Submission review,5
203,P02,Technical assessment,6
203,P03,Commercial assessment,5
203,P04,Approval and close,4
204,P01,Submission review,5
204,P02,Technical assessment,7
204,P03,Commercial assessment,6
204,P04,Approval and close,3
205,P01,Submission review,5
205,P02,Technical assessment,5
205,P03,Commercial assessment,9
205,P04,Approval and close,3
206,P01,Submission review,5
206,P02,Technical assessment,7
206,P03,Commercial assessment,8
206,P04,Approval and close,4
207,P01,Submission review,4
207,P02,Technical assessment,8
207,P03,Commercial assessment,10
207,P04,Approval and close,3
208,P01,Submission review,5
208,P02,Technical assessment,6
208,P03,Commercial assessment,4
208,P04,Approval and close,4
209,P01,Submission review,4
209,P02,Technical assessment,5
209,P03,Commercial assessment,7
209,P04,Approval and close,5
210,P01,Submission review,3
210,P02,Technical assessment,5
210,P03,Commercial assessment,5
210,P04,Approval and close,2
211,P01,Submission review,5
211,P02,Technical assessment,5
211,P03,Commercial assessment,7
211,P04,Approval and close,3
212,P01,Submission review,5
212,P02,Technical assessment,5
212,P03,Commercial assessment,8
212,P04,Approval and close,3
213,P01,Submission review,4
213,P02,Technical assessment,6
213,P03,Commercial assessment,6
213,P04,Approval and close,4
214,P01,Submission review,3
214,P02,Technical assessment,4
214,P03,Commercial assessment,4
214,P04,Approval and close,3
215,P01,Submission review,4
215,P02,Technical assessment,7
215,P03,Commercial assessment,5
215,P04,Approval and close,3
216,P01,Submission review,4
216,P02,Technical assessment,7
216,P03,Commercial assessment,10
216,P04,Approval and close,3
217,P01,Submission review,3
217,P02,Technical assessment,6
217,P03,Commercial assessment,10
217,P04,Approval and close,4
218,P01,Submission review,5
218,P02,Technical assessment,5
218,P03,Commercial assessment,8
218,P04,Approval and close,2
219,P01,Submission review,4
219,P02,Technical assessment,6
219,P03,Commercial assessment,7
219,P04,Approval and close,4
220,P01,Submission review,4
220,P02,Technical assessment,6
220,P03,Commercial assessment,6
220,P04,Approval and close,4
221,P01,Submission review,4
221,P02,Technical assessment,5
221,P03,Commercial assessment,8
221,P04,Approval and close,2
222,P01,Submission review,5
222,P02,Technical assessment,8
222,P03,Commercial assessment,6
222,P04,Approval and close,3
223,P01,Submission review,4
223,P02,Technical assessment,5
223,P03,Commercial assessment,10
223,P04,Approval and close,3
224,P01,Submission review,5
224,P02,Technical assessment,6
224,P03,Commercial assessment,10
224,P04,Approval and close,2
225,P01,Submission review,3
225,P02,Technical assessment,7
225,P03,Commercial assessment,8
225,P04,Approval and close,2
226,P01,Submission review,5
226,P02,Technical assessment,6
226,P03,Commercial assessment,7
226,P04,Approval and close,3
227,P01,Submission review,5
227,P02,Technical assessment,4
227,P03,Commercial assessment,10
227,P04,Approval and close,4
228,P01,Submission review,6
228,P02,Technical assessment,6
228,P03,Commercial assessment,4
228,P04,Approval and close,3
229,P01,Submission review,5
229,P02,Technical assessment,7
229,P03,Commercial assessment,5
229,P04,Approval and close,3
230,P01,Submission review,4
230,P02,Technical assessment,7
230,P03,Commercial assessment,6
230,P04,Approval and close,4
231,P01,Submission review,5
231,P02,Technical assessment,6
231,P03,Commercial assessment,5
231,P04,Approval and close,4
232,P01,Submission review,4
232,P02,Technical assessment,7
232,P03,Commercial assessment,7
232,P04,Approval and close,3
233,P01,Submission review,3
233,P02,Technical assessment,4
233,P03,Commercial assessment,6
233,P04,Approval and close,3
234,P01,Submission review,5
234,P02,Technical assessment,6
234,P03,Commercial assessment,5
234,P04,Approval and close,3
235,P01,Submission review,4
235,P02,Technical assessment,6
235,P03,Commercial assessment,7
235,P04,Approval and close,4
236,P01,Submission review,5
236,P02,Technical assessment,7
236,P03,Commercial assessment,5
236,P04,Approval and close,4
237,P01,Submission review,6
237,P02,Technical assessment,4
237,P03,Commercial assessment,4
237,P04,Approval and close,3
238,P01,Submission review,6
238,P02,Technical assessment,5
238,P03,Commercial assessment,5
238,P04,Approval and close,3
239,P01,Submission review,5
239,P02,Technical assessment,6
239,P03,Commercial assessment,6
239,P04,Approval and close,3
240,P01,Submission review,5
240,P02,Technical assessment,5
240,P03,Commercial assessment,6
240,P04,Approval and close,3
241,P01,Submission review,5
241,P02,Technical assessment,4
241,P03,Commercial assessment,10
241,P04,Approval and close,4
242,P01,Submission review,6
242,P02,Technical assessment,6
242,P03,Commercial assessment,11
242,P04,Approval and close,5
243,P01,Submission review,4
243,P02,Technical assessment,7
243,P03,Commercial assessment,8
243,P04,Approval and close,3
244,P01,Submission review,4
244,P02,Technical assessment,5
244,P03,Commercial assessment,7
244,P04,Approval and close,3
245,P01,Submission review,5
245,P02,Technical assessment,7
245,P03,Commercial assessment,8
245,P04,Approval and close,3
246,P01,Submission review,6
246,P02,Technical assessment,9
246,P03,Commercial assessment,8
246,P04,Approval and close,4
247,P01,Submission review,6
247,P02,Technical assessment,4
247,P03,Commercial assessment,4
247,P04,Approval and close,4
248,P01,Submission review,4
248,P02,Technical assessment,4
248,P03,Commercial assessment,9
248,P04,Approval and close,5
249,P01,Submission review,6
249,P02,Technical assessment,6
249,P03,Commercial assessment,6
249,P04,Approval and close,3
250,P01,Submission review,6
250,P02,Technical assessment,7
250,P03,Commercial assessment,9
250,P04,Approval and close,3
251,P01,Submission review,3
251,P02,Technical assessment,5
251,P03,Commercial assessment,5
251,P04,Approval and close,2
252,P01,Submission review,6
252,P02,Technical assessment,5
252,P03,Commercial assessment,8
252,P04,Approval and close,4
253,P01,Submission review,4
253,P02,Technical assessment,6
253,P03,Commercial assessment,6
253,P04,Approval and close,4
254,P01,Submission review,3
254,P02,Technical assessment,4
254,P03,Commercial assessment,7
254,P04,Approval and close,4
255,P01,Submission review,5
255,P02,Technical assessment,7
255,P03,Commercial assessment,4
255,P04,Approval and close,4
256,P01,Submission review,3
256,P02,Technical assessment,7
256,P03,Commercial assessment,5
256,P04,Approval and close,4
257,P01,Submission review,4
257,P02,Technical assessment,7
257,P03,Commercial assessment,4
257,P04,Approval and close,5
258,P01,Submission review,5
258,P02,Technical assessment,6
258,P03,Commercial assessment,8
258,P04,Approval and close,3
259,P01,Submission review,4
259,P02,Technical assessment,7
259,P03,Commercial assessment,8
259,P04,Approval and close,3
260,P01,Submission review,4
260,P02,Technical assessment,6
260,P03,Commercial assessment,4
260,P04,Approval and close,4
261,P01,Submission review,5
261,P02,Technical assessment,6
261,P03,Commercial assessment,7
261,P04,Approval and close,3
262,P01,Submission review,4
262,P02,Technical assessment,4
262,P03,Commercial assessment,4
262,P04,Approval and close,3
263,P01,Submission review,4
263,P02,Technical assessment,6
263,P03,Commercial assessment,5
263,P04,Approval and close,4
264,P01,Submission review,5
264,P02,Technical assessment,5
264,P03,Commercial assessment,11
264,P04,Approval and close,3
265,P01,Submission review,6
265,P02,Technical assessment,6
265,P03,Commercial assessment,8
265,P04,Approval and close,5
266,P01,Submission review,5
266,P02,Technical assessment,6
266,P03,Commercial assessment,6
266,P04,Approval and close,3
267,P01,Submission review,7
267,P02,Technical assessment,5
267,P03,Commercial assessment,9
267,P04,Approval and close,4
268,P01,Submission review,5
268,P02,Technical assessment,4
268,P03,Commercial assessment,7
268,P04,Approval and close,4
269,P01,Submission review,4
269,P02,Technical assessment,5
269,P03,Commercial assessment,9
269,P04,Approval and close,3
270,P01,Submission review,4
270,P02,Technical assessment,6
270,P03,Commercial assessment,5
270,P04,Approval and close,3
271,P01,Submission review,4
271,P02,Technical assessment,6
271,P03,Commercial assessment,9
271,P04,Approval and close,4
272,P01,Submission review,4
272,P02,Technical assessment,5
272,P03,Commercial assessment,4
272,P04,Approval and close,3
273,P01,Submission review,3
273,P02,Technical assessment,6
273,P03,Commercial assessment,6
273,P04,Approval and close,3
274,P01,Submission review,5
274,P02,Technical assessment,6
274,P03,Commercial assessment,7
274,P04,Approval and close,4
275,P01,Submission review,3
275,P02,Technical assessment,5
275,P03,Commercial assessment,6
275,P04,Approval and close,3
276,P01,Submission review,4
276,P02,Technical assessment,5
276,P03,Commercial assessment,3
276,P04,Approval and close,5
277,P01,Submission review,5
277,P02,Technical assessment,6
277,P03,Commercial assessment,8
277,P04,Approval and close,2
278,P01,Submission review,5
278,P02,Technical assessment,7
278,P03,Commercial assessment,8
278,P04,Approval and close,4
279,P01,Submission review,4
279,P02,Technical assessment,7
279,P03,Commercial assessment,10
279,P04,Approval and close,2
280,P01,Submission review,3
280,P02,Technical assessment,4
280,P03,Commercial assessment,6
280,P04,Approval and close,3
281,P01,Submission review,4
281,P02,Technical assessment,8
281,P03,Commercial assessment,7
281,P04,Approval and close,4
282,P01,Submission review,4
282,P02,Technical assessment,4
282,P03,Commercial assessment,9
282,P04,Approval and close,3
283,P01,Submission review,4
283,P02,Technical assessment,7
283,P03,Commercial assessment,6
283,P04,Approval and close,5
284,P01,Submission review,4
284,P02,Technical assessment,6
284,P03,Commercial assessment,8
284,P04,Approval and close,5
285,P01,Submission review,5
285,P02,Technical assessment,4
285,P03,Commercial assessment,7
285,P04,Approval and close,3
286,P01,Submission review,4
286,P02,Technical assessment,8
286,P03,Commercial assessment,9
286,P04,Approval and close,4
287,P01,Submission review,4
287,P02,Technical assessment,4
287,P03,Commercial assessment,8
287,P04,Approval and close,3
288,P01,Submission review,4
288,P02,Technical assessment,9
288,P03,Commercial assessment,8
288,P04,Approval and close,3
289,P01,Submission review,6
289,P02,Technical assessment,8
289,P03,Commercial assessment,6
289,P04,Approval and close,5
290,P01,Submission review,6
290,P02,Technical assessment,8
290,P03,Commercial assessment,5
290,P04,Approval and close,4
291,P01,Submission review,6
291,P02,Technical assessment,8
291,P03,Commercial assessment,7
291,P04,Approval and close,3
292,P01,Submission review,4
292,P02,Technical assessment,4
292,P03,Commercial assessment,7
292,P04,Approval and close,5
293,P01,Submission review,5
293,P02,Technical assessment,5
293,P03,Commercial assessment,9
293,P04,Approval and close,5
294,P01,Submission review,3
294,P02,Technical assessment,6
294,P03,Commercial assessment,6
294,P04,Approval and close,2
295,P01,Submission review,5
295,P02,Technical assessment,7
295,P03,Commercial assessment,9
295,P04,Approval and close,4
296,P01,Submission review,5
296,P02,Technical assessment,8
296,P03,Commercial assessment,10
296,P04,Approval and close,4
297,P01,Submission review,4
297,P02,Technical assessment,5
297,P03,Commercial assessment,9
297,P04,Approval and close,4
298,P01,Submission review,6
298,P02,Technical assessment,5
298,P03,Commercial assessment,6
298,P04,Approval and close,4
299,P01,Submission review,5
299,P02,Technical assessment,5
299,P03,Commercial assessment,7
299,P04,Approval and close,5
300,P01,Submission review,4
300,P02,Technical assessment,7
300,P03,Commercial assessment,8
300,P04,Approval and close,2
301,P01,Submission review,3
301,P02,Technical assessment,6
301,P03,Commercial assessment,10
301,P04,Approval and close,3
302,P01,Submission review,7
302,P02,Technical assessment,6
302,P03,Commercial assessment,6
302,P04,Approval and close,2
303,P01,Submission review,4
303,P02,Technical assessment,4
303,P03,Commercial assessment,4
303,P04,Approval and close,3
304,P01,Submission review,7
304,P02,Technical assessment,6
304,P03,Commercial assessment,7
304,P04,Approval and close,3
305,P01,Submission review,4
305,P02,Technical assessment,5
305,P03,Commercial assessment,8
305,P04,Approval and close,3
306,P01,Submission review,6
306,P02,Technical assessment,5
306,P03,Commercial assessment,8
306,P04,Approval and close,4
307,P01,Submission review,5
307,P02,Technical assessment,5
307,P03,Commercial assessment,4
307,P04,Approval and close,4
308,P01,Submission review,5
308,P02,Technical assessment,7
308,P03,Commercial assessment,4
308,P04,Approval and close,4
309,P01,Submission review,4
309,P02,Technical assessment,5
309,P03,Commercial assessment,11
309,P04,Approval and close,4
310,P01,Submission review,4
310,P02,Technical assessment,6
310,P03,Commercial assessment,7
310,P04,Approval and close,3
311,P01,Submission review,4
311,P02,Technical assessment,4
311,P03,Commercial assessment,4
311,P04,Approval and close,3
312,P01,Submission review,4
312,P02,Technical assessment,4
312,P03,Commercial assessment,8
312,P04,Approval and close,4
313,P01,Submission review,4
313,P02,Technical assessment,4
313,P03,Commercial assessment,7
313,P04,Approval and close,4
314,P01,Submission review,4
314,P02,Technical assessment,6
314,P03,Commercial assessment,7
314,P04,Approval and close,2
315,P01,Submission review,5
315,P02,Technical assessment,8
315,P03,Commercial assessment,7
315,P04,Approval and close,3
316,P01,Submission review,5
316,P02,Technical assessment,7
316,P03,Commercial assessment,5
316,P04,Approval and close,4
317,P01,Submission review,6
317,P02,Technical assessment,6
317,P03,Commercial assessment,7
317,P04,Approval and close,5
318,P01,Submission review,7
318,P02,Technical assessment,5
318,P03,Commercial assessment,10
318,P04,Approval and close,4
319,P01,Submission review,6
319,P02,Technical assessment,7
319,P03,Commercial assessment,6
319,P04,Approval and close,3
320,P01,Submission review,5
320,P02,Technical assessment,6
320,P03,Commercial assessment,6
320,P04,Approval and close,5
321,P01,Submission review,3
321,P02,Technical assessment,7
321,P03,Commercial assessment,8
321,P04,Approval and close,4
322,P01,Submission review,4
322,P02,Technical assessment,4
322,P03,Commercial assessment,4
322,P04,Approval and close,4
323,P01,Submission review,5
323,P02,Technical assessment,6
323,P03,Commercial assessment,5
323,P04,Approval and close,2
324,P01,Submission review,5
324,P02,Technical assessment,4
324,P03,Commercial assessment,9
324,P04,Approval and close,4
325,P01,Submission review,5
325,P02,Technical assessment,4
325,P03,Commercial assessment,5
325,P04,Approval and close,3
326,P01,Submission review,5
326,P02,Technical assessment,6
326,P03,Commercial assessment,5
326,P04,Approval and close,4
327,P01,Submission review,6
327,P02,Technical assessment,6
327,P03,Commercial assessment,5
327,P04,Approval and close,3
328,P01,Submission review,4
328,P02,Technical assessment,6
328,P03,Commercial assessment,5
328,P04,Approval and close,5
329,P01,Submission review,5
329,P02,Technical assessment,6
329,P03,Commercial assessment,5
329,P04,Approval and close,3
330,P01,Submission review,4
330,P02,Technical assessment,4
330,P03,Commercial assessment,5
330,P04,Approval and close,4
331,P01,Submission review,5
331,P02,Technical assessment,5
331,P03,Commercial assessment,9
331,P04,Approval and close,3
332,P01,Submission review,6
332,P02,Technical assessment,5
332,P03,Commercial assessment,10
332,P04,Approval and close,2
333,P01,Submission review,6
333,P02,Technical assessment,4
333,P03,Commercial assessment,6
333,P04,Approval and close,2
334,P01,Submission review,3
334,P02,Technical assessment,6
334,P03,Commercial assessment,8
334,P04,Approval and close,4
335,P01,Submission review,4
335,P02,Technical assessment,6
335,P03,Commercial assessment,5
335,P04,Approval and close,5
336,P01,Submission review,5
336,P02,Technical assessment,5
336,P03,Commercial assessment,7
336,P04,Approval and close,4
337,P01,Submission review,6
337,P02,Technical assessment,7
337,P03,Commercial assessment,6
337,P04,Approval and close,4
338,P01,Submission review,6
338,P02,Technical assessment,4
338,P03,Commercial assessment,4
338,P04,Approval and close,2
339,P01,Submission review,5
339,P02,Technical assessment,7
339,P03,Commercial assessment,4
339,P04,Approval and close,4
340,P01,Submission review,4
340,P02,Technical assessment,7
340,P03,Commercial assessment,6
340,P04,Approval and close,3
341,P01,Submission review,6
341,P02,Technical assessment,4
341,P03,Commercial assessment,5
341,P04,Approval and close,4
342,P01,Submission review,4
342,P02,Technical assessment,6
342,P03,Commercial assessment,4
342,P04,Approval and close,3
343,P01,Submission review,4
343,P02,Technical assessment,6
343,P03,Commercial assessment,10
343,P04,Approval and close,4
344,P01,Submission review,5
344,P02,Technical assessment,6
344,P03,Commercial assessment,3
344,P04,Approval and close,4
345,P01,Submission review,5
345,P02,Technical assessment,4
345,P03,Commercial assessment,5
345,P04,Approval and close,3
346,P01,Submission review,4
346,P02,Technical assessment,8
346,P03,Commercial assessment,6
346,P04,Approval and close,4
347,P01,Submission review,3
347,P02,Technical assessment,4
347,P03,Commercial assessment,10
347,P04,Approval and close,5
348,P01,Submission review,5
348,P02,Technical assessment,6
348,P03,Commercial assessment,4
348,P04,Approval and close,3
349,P01,Submission review,3
349,P02,Technical assessment,8
349,P03,Commercial assessment,7
349,P04,Approval and close,2
350,P01,Submission review,5
350,P02,Technical assessment,5
350,P03,Commercial assessment,10
350,P04,Approval and close,3
351,P01,Submission review,5
351,P02,Technical assessment,6
351,P03,Commercial assessment,4
351,P04,Approval and close,4
352,P01,Submission review,3
352,P02,Technical assessment,5
352,P03,Commercial assessment,9
352,P04,Approval and close,3
353,P01,Submission review,4
353,P02,Technical assessment,4
353,P03,Commercial assessment,9
353,P04,Approval and close,3
354,P01,Submission review,5
354,P02,Technical assessment,5
354,P03,Commercial assessment,10
354,P04,Approval and close,4
355,P01,Submission review,4
355,P02,Technical assessment,4
355,P03,Commercial assessment,6
355,P04,Approval and close,3
356,P01,Submission review,5
356,P02,Technical assessment,6
356,P03,Commercial assessment,8
356,P04,Approval and close,4
357,P01,Submission review,5
357,P02,Technical assessment,6
357,P03,Commercial assessment,5
357,P04,Approval and close,2
358,P01,Submission review,5
358,P02,Technical assessment,7
358,P03,Commercial assessment,10
358,P04,Approval and close,4
359,P01,Submission review,5
359,P02,Technical assessment,4
359,P03,Commercial assessment,6
359,P04,Approval and close,3
360,P01,Submission review,5
360,P02,Technical assessment,7
360,P03,Commercial assessment,7
360,P04,Approval and close,3
361,P01,Submission review,4
361,P02,Technical assessment,6
361,P03,Commercial assessment,8
361,P04,Approval and close,4
362,P01,Submission review,6
362,P02,Technical assessment,6
362,P03,Commercial assessment,12
362,P04,Approval and close,4
363,P01,Submission review,5
363,P02,Technical assessment,4
363,P03,Commercial assessment,7
363,P04,Approval and close,3
364,P01,Submission review,3
364,P02,Technical assessment,7
364,P03,Commercial assessment,8
364,P04,Approval and close,5
365,P01,Submission review,3
365,P02,Technical assessment,5
365,P03,Commercial assessment,6
365,P04,Approval and close,2
366,P01,Submission review,7
366,P02,Technical assessment,8
366,P03,Commercial assessment,4
366,P04,Approval and close,4
367,P01,Submission review,4
367,P02,Technical assessment,6
367,P03,Commercial assessment,5
367,P04,Approval and close,4
368,P01,Submission review,5
368,P02,Technical assessment,6
368,P03,Commercial assessment,7
368,P04,Approval and close,4
369,P01,Submission review,4
369,P02,Technical assessment,7
369,P03,Commercial assessment,9
369,P04,Approval and close,2
370,P01,Submission review,4
370,P02,Technical assessment,8
370,P03,Commercial assessment,7
370,P04,Approval and close,3
371,P01,Submission review,5
371,P02,Technical assessment,7
371,P03,Commercial assessment,7
371,P04,Approval and close,4
372,P01,Submission review,4
372,P02,Technical assessment,6
372,P03,Commercial assessment,8
372,P04,Approval and close,3
373,P01,Submission review,4
373,P02,Technical assessment,4
373,P03,Commercial assessment,9
373,P04,Approval and close,4
374,P01,Submission review,4
374,P02,Technical assessment,5
374,P03,Commercial assessment,8
374,P04,Approval and close,4
375,P01,Submission review,3
375,P02,Technical assessment,6
375,P03,Commercial assessment,4
375,P04,Approval and close,4
376,P01,Submission review,6
376,P02,Technical assessment,6
376,P03,Commercial assessment,8
376,P04,Approval and close,4
377,P01,Submission review,6
377,P02,Technical assessment,5
377,P03,Commercial assessment,6
377,P04,Approval and close,3
378,P01,Submission review,6
378,P02,Technical assessment,5
378,P03,Commercial assessment,8
378,P04,Approval and close,3
379,P01,Submission review,4
379,P02,Technical assessment,5
379,P03,Commercial assessment,3
379,P04,Approval and close,3
380,P01,Submission review,5
380,P02,Technical assessment,5
380,P03,Commercial assessment,6
380,P04,Approval and close,4
381,P01,Submission review,5
381,P02,Technical assessment,5
381,P03,Commercial assessment,4
381,P04,Approval and close,3
382,P01,Submission review,4
382,P02,Technical assessment,8
382,P03,Commercial assessment,8
382,P04,Approval and close,3
383,P01,Submission review,4
383,P02,Technical assessment,6
383,P03,Commercial assessment,6
383,P04,Approval and close,4
384,P01,Submission review,5
384,P02,Technical assessment,5
384,P03,Commercial assessment,6
384,P04,Approval and close,5
385,P01,Submission review,4
385,P02,Technical assessment,5
385,P03,Commercial assessment,9
385,P04,Approval and close,3
386,P01,Submission review,4
386,P02,Technical assessment,5
386,P03,Commercial assessment,8
386,P04,Approval and close,3
387,P01,Submission review,5
387,P02,Technical assessment,6
387,P03,Commercial assessment,7
387,P04,Approval and close,5
388,P01,Submission review,6
388,P02,Technical assessment,4
388,P03,Commercial assessment,8
388,P04,Approval and close,3
389,P01,Submission review,4
389,P02,Technical assessment,5
389,P03,Commercial assessment,6
389,P04,Approval and close,3
390,P01,Submission review,3
390,P02,Technical assessment,5
390,P03,Commercial assessment,4
390,P04,Approval and close,3
391,P01,Submission review,4
391,P02,Technical assessment,5
391,P03,Commercial assessment,8
391,P04,Approval and close,4
392,P01,Submission review,4
392,P02,Technical assessment,8
392,P03,Commercial assessment,8
392,P04,Approval and close,4
393,P01,Submission review,4
393,P02,Technical assessment,6
393,P03,Commercial assessment,9
393,P04,Approval and close,3
394,P01,Submission review,5
394,P02,Technical assessment,5
394,P03,Commercial assessment,8
394,P04,Approval and close,4
395,P01,Submission review,4
395,P02,Technical assessment,7
395,P03,Commercial assessment,6
395,P04,Approval and close,5
396,P01,Submission review,6
396,P02,Technical assessment,7
396,P03,Commercial assessment,8
396,P04,Approval and close,3
397,P01,Submission review,4
397,P02,Technical assessment,6
397,P03,Commercial assessment,5
397,P04,Approval and close,4
398,P01,Submission review,6
398,P02,Technical assessment,6
398,P03,Commercial assessment,10
398,P04,Approval and close,4
399,P01,Submission review,5
399,P02,Technical assessment,7
399,P03,Commercial assessment,4
399,P04,Approval and close,3
400,P01,Submission review,6
400,P02,Technical assessment,5
400,P03,Commercial assessment,5
400,P04,Approval and close,3
401,P01,Submission review,5
401,P02,Technical assessment,5
401,P03,Commercial assessment,7
401,P04,Approval and close,3
402,P01,Submission review,5
402,P02,Technical assessment,4
402,P03,Commercial assessment,8
402,P04,Approval and close,4
403,P01,Submission review,5
403,P02,Technical assessment,7
403,P03,Commercial assessment,5
403,P04,Approval and close,3
404,P01,Submission review,5
404,P02,Technical assessment,8
404,P03,Commercial assessment,7
404,P04,Approval and close,3
405,P01,Submission review,6
405,P02,Technical assessment,6
405,P03,Commercial assessment,8
405,P04,Approval and close,3
406,P01,Submission review,4
406,P02,Technical assessment,5
406,P03,Commercial assessment,10
406,P04,Approval and close,3
407,P01,Submission review,5
407,P02,Technical assessment,5
407,P03,Commercial assessment,5
407,P04,Approval and close,4
408,P01,Submission review,6
408,P02,Technical assessment,5
408,P03,Commercial assessment,9
408,P04,Approval and close,4
409,P01,Submission review,5
409,P02,Technical assessment,7
409,P03,Commercial assessment,8
409,P04,Approval and close,4
410,P01,Submission review,3
410,P02,Technical assessment,7
410,P03,Commercial assessment,9
410,P04,Approval and close,3
411,P01,Submission review,5
411,P02,Technical assessment,6
411,P03,Commercial assessment,7
411,P04,Approval and close,5
412,P01,Submission review,5
412,P02,Technical assessment,5
412,P03,Commercial assessment,9
412,P04,Approval and close,3
413,P01,Submission review,4
413,P02,Technical assessment,6
413,P03,Commercial assessment,7
413,P04,Approval and close,3
414,P01,Submission review,5
414,P02,Technical assessment,8
414,P03,Commercial assessment,8
414,P04,Approval and close,4
415,P01,Submission review,4
415,P02,Technical assessment,6
415,P03,Commercial assessment,4
415,P04,Approval and close,4
416,P01,Submission review,5
416,P02,Technical assessment,7
416,P03,Commercial assessment,7
416,P04,Approval and close,3
417,P01,Submission review,4
417,P02,Technical assessment,5
417,P03,Commercial assessment,6
417,P04,Approval and close,4
418,P01,Submission review,6
418,P02,Technical assessment,7
418,P03,Commercial assessment,6
418,P04,Approval and close,3
419,P01,Submission review,4
419,P02,Technical assessment,5
419,P03,Commercial assessment,4
419,P04,Approval and close,5
420,P01,Submission review,5
420,P02,Technical assessment,6
420,P03,Commercial assessment,4
420,P04,Approval and close,4
421,P01,Submission review,5
421,P02,Technical assessment,7
421,P03,Commercial assessment,5
421,P04,Approval and close,3
422,P01,Submission review,5
422,P02,Technical assessment,7
422,P03,Commercial assessment,9
422,P04,Approval and close,3
423,P01,Submission review,4
423,P02,Technical assessment,7
423,P03,Commercial assessment,6
423,P04,Approval and close,5
424,P01,Submission review,4
424,P02,Technical assessment,7
424,P03,Commercial assessment,4
424,P04,Approval and close,4
425,P01,Submission review,4
425,P02,Technical assessment,5
425,P03,Commercial assessment,8
425,P04,Approval and close,4
426,P01,Submission review,5
426,P02,Technical assessment,7
426,P03,Commercial assessment,6
426,P04,Approval and close,3
427,P01,Submission review,5
427,P02,Technical assessment,6
427,P03,Commercial assessment,6
427,P04,Approval and close,3
428,P01,Submission review,4
428,P02,Technical assessment,6
428,P03,Commercial assessment,8
428,P04,Approval and close,5
429,P01,Submission review,4
429,P02,Technical assessment,7
429,P03,Commercial assessment,7
429,P04,Approval and close,4
430,P01,Submission review,4
430,P02,Technical assessment,4
430,P03,Commercial assessment,8
430,P04,Approval and close,4
431,P01,Submission review,5
431,P02,Technical assessment,8
431,P03,Commercial assessment,9
431,P04,Approval and close,5
432,P01,Submission review,4
432,P02,Technical assessment,5
432,P03,Commercial assessment,10
432,P04,Approval and close,3
433,P01,Submission review,4
433,P02,Technical assessment,5
433,P03,Commercial assessment,7
433,P04,Approval and close,3
434,P01,Submission review,4
434,P02,Technical assessment,5
434,P03,Commercial assessment,9
434,P04,Approval and close,3
435,P01,Submission review,5
435,P02,Technical assessment,5
435,P03,Commercial assessment,7
435,P04,Approval and close,5
436,P01,Submission review,4
436,P02,Technical assessment,7
436,P03,Commercial assessment,6
436,P04,Approval and close,3
437,P01,Submission review,5
437,P02,Technical assessment,4
437,P03,Commercial assessment,6
437,P04,Approval and close,3
438,P01,Submission review,5
438,P02,Technical assessment,6
438,P03,Commercial assessment,4
438,P04,Approval and close,4
439,P01,Submission review,4
439,P02,Technical assessment,6
439,P03,Commercial assessment,10
439,P04,Approval and close,4
440,P01,Submission review,3
440,P02,Technical assessment,7
440,P03,Commercial assessment,8
440,P04,Approval and close,4
441,P01,Submission review,5
441,P02,Technical assessment,6
441,P03,Commercial assessment,7
441,P04,Approval and close,4
442,P01,Submission review,3
442,P02,Technical assessment,6
442,P03,Commercial assessment,9
442,P04,Approval and close,3
443,P01,Submission review,4
443,P02,Technical assessment,6
443,P03,Commercial assessment,6
443,P04,Approval and close,4
444,P01,Submission review,4
444,P02,Technical assessment,6
444,P03,Commercial assessment,5
444,P04,Approval and close,4
445,P01,Submission review,3
445,P02,Technical assessment,5
445,P03,Commercial assessment,5
445,P04,Approval and close,3
446,P01,Submission review,4
446,P02,Technical assessment,5
446,P03,Commercial assessment,6
446,P04,Approval and close,4
447,P01,Submission review,6
447,P02,Technical assessment,4
447,P03,Commercial assessment,7
447,P04,Approval and close,4
448,P01,Submission review,6
448,P02,Technical assessment,7
448,P03,Commercial assessment,6
448,P04,Approval and close,3
449,P01,Submission review,5
449,P02,Technical assessment,7
449,P03,Commercial assessment,7
449,P04,Approval and close,3
450,P01,Submission review,5
450,P02,Technical assessment,6
450,P03,Commercial assessment,8
450,P04,Approval and close,3
451,P01,Submission review,4
451,P02,Technical assessment,7
451,P03,Commercial assessment,5
451,P04,Approval and close,4
452,P01,Submission review,5
452,P02,Technical assessment,8
452,P03,Commercial assessment,7
452,P04,Approval and close,3
453,P01,Submission review,6
453,P02,Technical assessment,4
453,P03,Commercial assessment,8
453,P04,Approval and close,3
454,P01,Submission review,4
454,P02,Technical assessment,4
454,P03,Commercial assessment,5
454,P04,Approval and close,3
455,P01,Submission review,5
455,P02,Technical assessment,8
455,P03,Commercial assessment,7
455,P04,Approval and close,4
456,P01,Submission review,6
456,P02,Technical assessment,7
456,P03,Commercial assessment,8
456,P04,Approval and close,4
457,P01,Submission review,4
457,P02,Technical assessment,7
457,P03,Commercial assessment,8
457,P04,Approval and close,4
458,P01,Submission review,3
458,P02,Technical assessment,7
458,P03,Commercial assessment,7
458,P04,Approval and close,2
459,P01,Submission review,4
459,P02,Technical assessment,5
459,P03,Commercial assessment,6
459,P04,Approval and close,3
460,P01,Submission review,4
460,P02,Technical assessment,5
460,P03,Commercial assessment,4
460,P04,Approval and close,2
461,P01,Submission review,4
461,P02,Technical assessment,6
461,P03,Commercial assessment,6
461,P04,Approval and close,4
462,P01,Submission review,4
462,P02,Technical assessment,6
462,P03,Commercial assessment,8
462,P04,Approval and close,3
463,P01,Submission review,5
463,P02,Technical assessment,8
463,P03,Commercial assessment,10
463,P04,Approval and close,5
464,P01,Submission review,4
464,P02,Technical assessment,9
464,P03,Commercial assessment,4
464,P04,Approval and close,2
465,P01,Submission review,5
465,P02,Technical assessment,7
465,P03,Commercial assessment,11
465,P04,Approval and close,4
466,P01,Submission review,6
466,P02,Technical assessment,7
466,P03,Commercial assessment,9
466,P04,Approval and close,3
467,P01,Submission review,4
467,P02,Technical assessment,6
467,P03,Commercial assessment,8
467,P04,Approval and close,4
468,P01,Submission review,3
468,P02,Technical assessment,4
468,P03,Commercial assessment,5
468,P04,Approval and close,2
469,P01,Submission review,5
469,P02,Technical assessment,7
469,P03,Commercial assessment,9
469,P04,Approval and close,3
470,P01,Submission review,5
470,P02,Technical assessment,5
470,P03,Commercial assessment,10
470,P04,Approval and close,4
471,P01,Submission review,6
471,P02,Technical assessment,7
471,P03,Commercial assessment,8
471,P04,Approval and close,4
472,P01,Submission review,7
472,P02,Technical assessment,5
472,P03,Commercial assessment,11
472,P04,Approval and close,4
473,P01,Submission review,4
473,P02,Technical assessment,6
473,P03,Commercial assessment,7
473,P04,Approval and close,3
474,P01,Submission review,3
474,P02,Technical assessment,5
474,P03,Commercial assessment,7
474,P04,Approval and close,5
475,P01,Submission review,5
475,P02,Technical assessment,5
475,P03,Commercial assessment,7
475,P04,Approval and close,3
476,P01,Submission review,5
476,P02,Technical assessment,5
476,P03,Commercial assessment,6
476,P04,Approval and close,3
477,P01,Submission review,3
477,P02,Technical assessment,7
477,P03,Commercial assessment,7
477,P04,Approval and close,4
478,P01,Submission review,4
478,P02,Technical assessment,5
478,P03,Commercial assessment,6
478,P04,Approval and close,3
479,P01,Submission review,5
479,P02,Technical assessment,7
479,P03,Commercial assessment,6
479,P04,Approval and close,3
480,P01,Submission review,3
480,P02,Technical assessment,4
480,P03,Commercial assessment,7
480,P04,Approval and close,2
481,P01,Submission review,5
481,P02,Technical assessment,4
481,P03,Commercial assessment,7
481,P04,Approval and close,3
482,P01,Submission review,4
482,P02,Technical assessment,4
482,P03,Commercial assessment,5
482,P04,Approval and close,4
483,P01,Submission review,5
483,P02,Technical assessment,7
483,P03,Commercial assessment,9
483,P04,Approval and close,3
484,P01,Submission review,5
484,P02,Technical assessment,5
484,P03,Commercial assessment,6
484,P04,Approval and close,2
485,P01,Submission review,5
485,P02,Technical assessment,5
485,P03,Commercial assessment,9
485,P04,Approval and close,4
486,P01,Submission review,6
486,P02,Technical assessment,5
486,P03,Commercial assessment,9
486,P04,Approval and close,3
487,P01,Submission review,7
487,P02,Technical assessment,4
487,P03,Commercial assessment,7
487,P04,Approval and close,5
488,P01,Submission review,4
488,P02,Technical assessment,5
488,P03,Commercial assessment,9
488,P04,Approval and close,3
489,P01,Submission review,5
489,P02,Technical assessment,7
489,P03,Commercial assessment,8
489,P04,Approval and close,4
490,P01,Submission review,5
490,P02,Technical assessment,6
490,P03,Commercial assessment,6
490,P04,Approval and close,2
491,P01,Submission review,4
491,P02,Technical assessment,5
491,P03,Commercial assessment,7
491,P04,Approval and close,2
492,P01,Submission review,6
492,P02,Technical assessment,8
492,P03,Commercial assessment,6
492,P04,Approval and close,4
493,P01,Submission review,4
493,P02,Technical assessment,4
493,P03,Commercial assessment,8
493,P04,Approval and close,3
494,P01,Submission review,7
494,P02,Technical assessment,7
494,P03,Commercial assessment,9
494,P04,Approval and close,3
495,P01,Submission review,5
495,P02,Technical assessment,4
495,P03,Commercial assessment,8
495,P04,Approval and close,2
496,P01,Submission review,4
496,P02,Technical assessment,7
496,P03,Commercial assessment,6
496,P04,Approval and close,3
497,P01,Submission review,5
497,P02,Technical assessment,5
497,P03,Commercial assessment,8
497,P04,Approval and close,3
498,P01,Submission review,5
498,P02,Technical assessment,5
498,P03,Commercial assessment,7
498,P04,Approval and close,4
499,P01,Submission review,4
499,P02,Technical assessment,6
499,P03,Commercial assessment,8
499,P04,Approval and close,3
500,P01,Submission review,4
500,P02,Technical assessment,7
500,P03,Commercial assessment,5
500,P04,Approval and close,5
501,P01,Submission review,4
501,P02,Technical assessment,7
501,P03,Commercial assessment,9
501,P04,Approval and close,4
502,P01,Submission review,3
502,P02,Technical assessment,5
502,P03,Commercial assessment,7
502,P04,Approval and close,2
503,P01,Submission review,6
503,P02,Technical assessment,5
503,P03,Commercial assessment,11
503,P04,Approval and close,3
504,P01,Submission review,3
504,P02,Technical assessment,5
504,P03,Commercial assessment,8
504,P04,Approval and close,3
505,P01,Submission review,4
505,P02,Technical assessment,5
505,P03,Commercial assessment,8
505,P04,Approval and close,4
506,P01,Submission review,4
506,P02,Technical assessment,7
506,P03,Commercial assessment,8
506,P04,Approval and close,3
507,P01,Submission review,6
507,P02,Technical assessment,6
507,P03,Commercial assessment,4
507,P04,Approval and close,4
508,P01,Submission review,4
508,P02,Technical assessment,6
508,P03,Commercial assessment,10
508,P04,Approval and close,3
509,P01,Submission review,6
509,P02,Technical assessment,5
509,P03,Commercial assessment,7
509,P04,Approval and close,4
510,P01,Submission review,6
510,P02,Technical assessment,5
510,P03,Commercial assessment,9
510,P04,Approval and close,4
511,P01,Submission review,3
511,P02,Technical assessment,5
511,P03,Commercial assessment,4
511,P04,Approval and close,3
512,P01,Submission review,4
512,P02,Technical assessment,5
512,P03,Commercial assessment,10
512,P04,Approval and close,4
513,P01,Submission review,3
513,P02,Technical assessment,6
513,P03,Commercial assessment,8
513,P04,Approval and close,3
514,P01,Submission review,4
514,P02,Technical assessment,6
514,P03,Commercial assessment,5
514,P04,Approval and close,5
515,P01,Submission review,5
515,P02,Technical assessment,8
515,P03,Commercial assessment,6
515,P04,Approval and close,3
516,P01,Submission review,4
516,P02,Technical assessment,5
516,P03,Commercial assessment,9
516,P04,Approval and close,4
517,P01,Submission review,4
517,P02,Technical assessment,4
517,P03,Commercial assessment,5
517,P04,Approval and close,3
518,P01,Submission review,4
518,P02,Technical assessment,5
518,P03,Commercial assessment,7
518,P04,Approval and close,3
519,P01,Submission review,5
519,P02,Technical assessment,6
519,P03,Commercial assessment,7
519,P04,Approval and close,4
520,P01,Submission review,6
520,P02,Technical assessment,6
520,P03,Commercial assessment,6
520,P04,Approval and close,3
521,P01,Submission review,4
521,P02,Technical assessment,5
521,P03,Commercial assessment,11
521,P04,Approval and close,2
522,P01,Submission review,4
522,P02,Technical assessment,6
522,P03,Commercial assessment,7
522,P04,Approval and close,2
523,P01,Submission review,6
523,P02,Technical assessment,8
523,P03,Commercial assessment,7
523,P04,Approval and close,4
524,P01,Submission review,5
524,P02,Technical assessment,4
524,P03,Commercial assessment,8
524,P04,Approval and close,2
525,P01,Submission review,5
525,P02,Technical assessment,6
525,P03,Commercial assessment,6
525,P04,Approval and close,4
526,P01,Submission review,4
526,P02,Technical assessment,6
526,P03,Commercial assessment,9
526,P04,Approval and close,3
527,P01,Submission review,5
527,P02,Technical assessment,5
527,P03,Commercial assessment,10
527,P04,Approval and close,4
528,P01,Submission review,4
528,P02,Technical assessment,5
528,P03,Commercial assessment,8
528,P04,Approval and close,4
529,P01,Submission review,6
529,P02,Technical assessment,6
529,P03,Commercial assessment,10
529,P04,Approval and close,3
530,P01,Submission review,5
530,P02,Technical assessment,5
530,P03,Commercial assessment,4
530,P04,Approval and close,4
531,P01,Submission review,5
531,P02,Technical assessment,4
531,P03,Commercial assessment,6
531,P04,Approval and close,3
532,P01,Submission review,4
532,P02,Technical assessment,5
532,P03,Commercial assessment,5
532,P04,Approval and close,4
533,P01,Submission review,5
533,P02,Technical assessment,6
533,P03,Commercial assessment,3
533,P04,Approval and close,3
534,P01,Submission review,4
534,P02,Technical assessment,5
534,P03,Commercial assessment,4
534,P04,Approval and close,3
535,P01,Submission review,6
535,P02,Technical assessment,7
535,P03,Commercial assessment,6
535,P04,Approval and close,2
536,P01,Submission review,5
536,P02,Technical assessment,5
536,P03,Commercial assessment,5
536,P04,Approval and close,4
537,P01,Submission review,7
537,P02,Technical assessment,6
537,P03,Commercial assessment,7
537,P04,Approval and close,4
538,P01,Submission review,4
538,P02,Technical assessment,6
538,P03,Commercial assessment,8
538,P04,Approval and close,4
539,P01,Submission review,4
539,P02,Technical assessment,6
539,P03,Commercial assessment,5
539,P04,Approval and close,3
540,P01,Submission review,6
540,P02,Technical assessment,7
540,P03,Commercial assessment,8
540,P04,Approval and close,2
541,P01,Submission review,5
541,P02,Technical assessment,6
541,P03,Commercial assessment,7
541,P04,Approval and close,4
542,P01,Submission review,3
542,P02,Technical assessment,5
542,P03,Commercial assessment,6
542,P04,Approval and close,4
543,P01,Submission review,3
543,P02,Technical assessment,4
543,P03,Commercial assessment,7
543,P04,Approval and close,3
544,P01,Submission review,5
544,P02,Technical assessment,6
544,P03,Commercial assessment,8
544,P04,Approval and close,3
545,P01,Submission review,4
545,P02,Technical assessment,6
545,P03,Commercial assessment,6
545,P04,Approval and close,4
546,P01,Submission review,5
546,P02,Technical assessment,7
546,P03,Commercial assessment,5
546,P04,Approval and close,4
547,P01,Submission review,4
547,P02,Technical assessment,6
547,P03,Commercial assessment,4
547,P04,Approval and close,4
548,P01,Submission review,3
548,P02,Technical assessment,6
548,P03,Commercial assessment,5
548,P04,Approval and close,4
549,P01,Submission review,4
549,P02,Technical assessment,6
549,P03,Commercial assessment,7
549,P04,Approval and close,3
550,P01,Submission review,3
550,P02,Technical assessment,6
550,P03,Commercial assessment,5
550,P04,Approval and close,4
551,P01,Submission review,4
551,P02,Technical assessment,6
551,P03,Commercial assessment,9
551,P04,Approval and close,5
552,P01,Submission review,5
552,P02,Technical assessment,9
552,P03,Commercial assessment,6
552,P04,Approval and close,3
553,P01,Submission review,5
553,P02,Technical assessment,5
553,P03,Commercial assessment,4
553,P04,Approval and close,4
554,P01,Submission review,4
554,P02,Technical assessment,6
554,P03,Commercial assessment,5
554,P04,Approval and close,3
555,P01,Submission review,4
555,P02,Technical assessment,6
555,P03,Commercial assessment,11
555,P04,Approval and close,4
556,P01,Submission review,5
556,P02,Technical assessment,8
556,P03,Commercial assessment,7
556,P04,Approval and close,4
557,P01,Submission review,4
557,P02,Technical assessment,6
557,P03,Commercial assessment,7
557,P04,Approval and close,4
558,P01,Submission review,5
558,P02,Technical assessment,6
558,P03,Commercial assessment,7
558,P04,Approval and close,2
559,P01,Submission review,4
559,P02,Technical assessment,5
559,P03,Commercial assessment,7
559,P04,Approval and close,2
560,P01,Submission review,4
560,P02,Technical assessment,7
560,P03,Commercial assessment,9
560,P04,Approval and close,4
561,P01,Submission review,6
561,P02,Technical assessment,7
561,P03,Commercial assessment,10
561,P04,Approval and close,3
562,P01,Submission review,5
562,P02,Technical assessment,6
562,P03,Commercial assessment,6
562,P04,Approval and close,4
563,P01,Submission review,4
563,P02,Technical assessment,6
563,P03,Commercial assessment,6
563,P04,Approval and close,3
564,P01,Submission review,6
564,P02,Technical assessment,5
564,P03,Commercial assessment,9
564,P04,Approval and close,2
565,P01,Submission review,4
565,P02,Technical assessment,5
565,P03,Commercial assessment,9
565,P04,Approval and close,2
566,P01,Submission review,6
566,P02,Technical assessment,6
566,P03,Commercial assessment,7
566,P04,Approval and close,3
567,P01,Submission review,5
567,P02,Technical assessment,5
567,P03,Commercial assessment,5
567,P04,Approval and close,4
568,P01,Submission review,3
568,P02,Technical assessment,5
568,P03,Commercial assessment,8
568,P04,Approval and close,3
569,P01,Submission review,5
569,P02,Technical assessment,5
569,P03,Commercial assessment,7
569,P04,Approval and close,3
570,P01,Submission review,4
570,P02,Technical assessment,8
570,P03,Commercial assessment,6
570,P04,Approval and close,4
571,P01,Submission review,4
571,P02,Technical assessment,7
571,P03,Commercial assessment,11
571,P04,Approval and close,4
572,P01,Submission review,4
572,P02,Technical assessment,6
572,P03,Commercial assessment,6
572,P04,Approval and close,2
573,P01,Submission review,6
573,P02,Technical assessment,8
573,P03,Commercial assessment,5
573,P04,Approval and close,4
574,P01,Submission review,4
574,P02,Technical assessment,6
574,P03,Commercial assessment,7
574,P04,Approval and close,5
575,P01,Submission review,5
575,P02,Technical assessment,7
575,P03,Commercial assessment,9
575,P04,Approval and close,4
576,P01,Submission review,6
576,P02,Technical assessment,5
576,P03,Commercial assessment,7
576,P04,Approval and close,2
577,P01,Submission review,5
577,P02,Technical assessment,5
577,P03,Commercial assessment,3
577,P04,Approval and close,3
578,P01,Submission review,4
578,P02,Technical assessment,6
578,P03,Commercial assessment,6
578,P04,Approval and close,3
579,P01,Submission review,4
579,P02,Technical assessment,7
579,P03,Commercial assessment,6
579,P04,Approval and close,5
580,P01,Submission review,4
580,P02,Technical assessment,6
580,P03,Commercial assessment,10
580,P04,Approval and close,4
581,P01,Submission review,5
581,P02,Technical assessment,6
581,P03,Commercial assessment,8
581,P04,Approval and close,3
582,P01,Submission review,4
582,P02,Technical assessment,5
582,P03,Commercial assessment,8
582,P04,Approval and close,3
583,P01,Submission review,6
583,P02,Technical assessment,6
583,P03,Commercial assessment,7
583,P04,Approval and close,3
584,P01,Submission review,4
584,P02,Technical assessment,7
584,P03,Commercial assessment,4
584,P04,Approval and close,4
585,P01,Submission review,7
585,P02,Technical assessment,7
585,P03,Commercial assessment,7
585,P04,Approval and close,3
586,P01,Submission review,6
586,P02,Technical assessment,7
586,P03,Commercial assessment,6
586,P04,Approval and close,4
587,P01,Submission review,5
587,P02,Technical assessment,6
587,P03,Commercial assessment,5
587,P04,Approval and close,3
588,P01,Submission review,6
588,P02,Technical assessment,6
588,P03,Commercial assessment,6
588,P04,Approval and close,2
589,P01,Submission review,4
589,P02,Technical assessment,4
589,P03,Commercial assessment,6
589,P04,Approval and close,2
590,P01,Submission review,4
590,P02,Technical assessment,5
590,P03,Commercial assessment,6
590,P04,Approval and close,3
591,P01,Submission review,4
591,P02,Technical assessment,4
591,P03,Commercial assessment,3
591,P04,Approval and close,3
592,P01,Submission review,5
592,P02,Technical assessment,5
592,P03,Commercial assessment,6
592,P04,Approval and close,4
593,P01,Submission review,5
593,P02,Technical assessment,5
593,P03,Commercial assessment,9
593,P04,Approval and close,3
594,P01,Submission review,5
594,P02,Technical assessment,8
594,P03,Commercial assessment,10
594,P04,Approval and close,4
595,P01,Submission review,6
595,P02,Technical assessment,6
595,P03,Commercial assessment,4
595,P04,Approval and close,3
596,P01,Submission review,3
596,P02,Technical assessment,5
596,P03,Commercial assessment,8
596,P04,Approval and close,4
597,P01,Submission review,5
597,P02,Technical assessment,6
597,P03,Commercial assessment,6
597,P04,Approval and close,4
598,P01,Submission review,6
598,P02,Technical assessment,5
598,P03,Commercial assessment,7
598,P04,Approval and close,4
599,P01,Submission review,5
599,P02,Technical assessment,5
599,P03,Commercial assessment,5
599,P04,Approval and close,5
600,P01,Submission review,7
600,P02,Technical assessment,7
600,P03,Commercial assessment,8
600,P04,Approval and close,3
601,P01,Submission review,5
601,P02,Technical assessment,7
601,P03,Commercial assessment,6
601,P04,Approval and close,3
602,P01,Submission review,4
602,P02,Technical assessment,4
602,P03,Commercial assessment,4
602,P04,Approval and close,5
603,P01,Submission review,6
603,P02,Technical assessment,6
603,P03,Commercial assessment,5
603,P04,Approval and close,4
604,P01,Submission review,5
604,P02,Technical assessment,4
604,P03,Commercial assessment,7
604,P04,Approval and close,4
605,P01,Submission review,6
605,P02,Technical assessment,5
605,P03,Commercial assessment,9
605,P04,Approval and close,3
606,P01,Submission review,5
606,P02,Technical assessment,6
606,P03,Commercial assessment,6
606,P04,Approval and close,2
607,P01,Submission review,4
607,P02,Technical assessment,7
607,P03,Commercial assessment,7
607,P04,Approval and close,5
608,P01,Submission review,6
608,P02,Technical assessment,5
608,P03,Commercial assessment,9
608,P04,Approval and close,4
609,P01,Submission review,5
609,P02,Technical assessment,4
609,P03,Commercial assessment,8
609,P04,Approval and close,3
610,P01,Submission review,4
610,P02,Technical assessment,7
610,P03,Commercial assessment,6
610,P04,Approval and close,4
611,P01,Submission review,6
611,P02,Technical assessment,5
611,P03,Commercial assessment,7
611,P04,Approval and close,4
612,P01,Submission review,4
612,P02,Technical assessment,6
612,P03,Commercial assessment,4
612,P04,Approval and close,3
613,P01,Submission review,3
613,P02,Technical assessment,5
613,P03,Commercial assessment,9
613,P04,Approval and close,4
614,P01,Submission review,4
614,P02,Technical assessment,5
614,P03,Commercial assessment,4
614,P04,Approval and close,4
615,P01,Submission review,5
615,P02,Technical assessment,6
615,P03,Commercial assessment,9
615,P04,Approval and close,3
616,P01,Submission review,4
616,P02,Technical assessment,5
616,P03,Commercial assessment,8
616,P04,Approval and close,4
617,P01,Submission review,5
617,P02,Technical assessment,5
617,P03,Commercial assessment,6
617,P04,Approval and close,3
618,P01,Submission review,5
618,P02,Technical assessment,8
618,P03,Commercial assessment,8
618,P04,Approval and close,3
619,P01,Submission review,5
619,P02,Technical assessment,5
619,P03,Commercial assessment,5
619,P04,Approval and close,3
620,P01,Submission review,5
620,P02,Technical assessment,6
620,P03,Commercial assessment,7
620,P04,Approval and close,4
621,P01,Submission review,3
621,P02,Technical assessment,5
621,P03,Commercial assessment,7
621,P04,Approval and close,3
622,P01,Submission review,4
622,P02,Technical assessment,5
622,P03,Commercial assessment,10
622,P04,Approval and close,2
623,P01,Submission review,6
623,P02,Technical assessment,8
623,P03,Commercial assessment,9
623,P04,Approval and close,3
624,P01,Submission review,4
624,P02,Technical assessment,5
624,P03,Commercial assessment,8
624,P04,Approval and close,3
625,P01,Submission review,5
625,P02,Technical assessment,5
625,P03,Commercial assessment,6
625,P04,Approval and close,3
626,P01,Submission review,6
626,P02,Technical assessment,6
626,P03,Commercial assessment,7
626,P04,Approval and close,4
627,P01,Submission review,5
627,P02,Technical assessment,5
627,P03,Commercial assessment,6
627,P04,Approval and close,5
628,P01,Submission review,4
628,P02,Technical assessment,6
628,P03,Commercial assessment,7
628,P04,Approval and close,4
629,P01,Submission review,5
629,P02,Technical assessment,7
629,P03,Commercial assessment,9
629,P04,Approval and close,3
630,P01,Submission review,3
630,P02,Technical assessment,4
630,P03,Commercial assessment,7
630,P04,Approval and close,5
631,P01,Submission review,4
631,P02,Technical assessment,8
631,P03,Commercial assessment,8
631,P04,Approval and close,3
632,P01,Submission review,4
632,P02,Technical assessment,7
632,P03,Commercial assessment,6
632,P04,Approval and close,4
633,P01,Submission review,4
633,P02,Technical assessment,6
633,P03,Commercial assessment,6
633,P04,Approval and close,4
634,P01,Submission review,3
634,P02,Technical assessment,8
634,P03,Commercial assessment,7
634,P04,Approval and close,4
635,P01,Submission review,4
635,P02,Technical assessment,6
635,P03,Commercial assessment,8
635,P04,Approval and close,3
636,P01,Submission review,6
636,P02,Technical assessment,7
636,P03,Commercial assessment,8
636,P04,Approval and close,2
637,P01,Submission review,5
637,P02,Technical assessment,5
637,P03,Commercial assessment,10
637,P04,Approval and close,3
638,P01,Submission review,4
638,P02,Technical assessment,6
638,P03,Commercial assessment,6
638,P04,Approval and close,4
639,P01,Submission review,3
639,P02,Technical assessment,6
639,P03,Commercial assessment,5
639,P04,Approval and close,4
640,P01,Submission review,5
640,P02,Technical assessment,5
640,P03,Commercial assessment,8
640,P04,Approval and close,4
641,P01,Submission review,4
641,P02,Technical assessment,6
641,P03,Commercial assessment,5
641,P04,Approval and close,5
642,P01,Submission review,4
642,P02,Technical assessment,6
642,P03,Commercial assessment,8
642,P04,Approval and close,3
643,P01,Submission review,3
643,P02,Technical assessment,5
643,P03,Commercial assessment,4
643,P04,Approval and close,2
644,P01,Submission review,6
644,P02,Technical assessment,5
644,P03,Commercial assessment,6
644,P04,Approval and close,3
645,P01,Submission review,4
645,P02,Technical assessment,6
645,P03,Commercial assessment,8
645,P04,Approval and close,3
646,P01,Submission review,5
646,P02,Technical assessment,6
646,P03,Commercial assessment,4
646,P04,Approval and close,4
647,P01,Submission review,5
647,P02,Technical assessment,4
647,P03,Commercial assessment,9
647,P04,Approval and close,2
648,P01,Submission review,4
648,P02,Technical assessment,6
648,P03,Commercial assessment,7
648,P04,Approval and close,3
649,P01,Submission review,4
649,P02,Technical assessment,6
649,P03,Commercial assessment,6
649,P04,Approval and close,3
650,P01,Submission review,6
650,P02,Technical assessment,8
650,P03,Commercial assessment,9
650,P04,Approval and close,3
651,P01,Submission review,5
651,P02,Technical assessment,5
651,P03,Commercial assessment,6
651,P04,Approval and close,4
652,P01,Submission review,4
652,P02,Technical assessment,7
652,P03,Commercial assessment,5
652,P04,Approval and close,4
653,P01,Submission review,4
653,P02,Technical assessment,7
653,P03,Commercial assessment,6
653,P04,Approval and close,4
654,P01,Submission review,4
654,P02,Technical assessment,6
654,P03,Commercial assessment,5
654,P04,Approval and close,4
655,P01,Submission review,6
655,P02,Technical assessment,5
655,P03,Commercial assessment,12
655,P04,Approval and close,3
656,P01,Submission review,5
656,P02,Technical assessment,5
656,P03,Commercial assessment,8
656,P04,Approval and close,4
657,P01,Submission review,6
657,P02,Technical assessment,5
657,P03,Commercial assessment,4
657,P04,Approval and close,3
658,P01,Submission review,4
658,P02,Technical assessment,5
658,P03,Commercial assessment,4
658,P04,Approval and close,5
659,P01,Submission review,4
659,P02,Technical assessment,6
659,P03,Commercial assessment,5
659,P04,Approval and close,3
660,P01,Submission review,4
660,P02,Technical assessment,6
660,P03,Commercial assessment,8
660,P04,Approval and close,4
661,P01,Submission review,5
661,P02,Technical assessment,6
661,P03,Commercial assessment,10
661,P04,Approval and close,3
662,P01,Submission review,3
662,P02,Technical assessment,4
662,P03,Commercial assessment,11
662,P04,Approval and close,5
663,P01,Submission review,3
663,P02,Technical assessment,4
663,P03,Commercial assessment,5
663,P04,Approval and close,4
664,P01,Submission review,3
664,P02,Technical assessment,5
664,P03,Commercial assessment,8
664,P04,Approval and close,4
665,P01,Submission review,3
665,P02,Technical assessment,9
665,P03,Commercial assessment,4
665,P04,Approval and close,2
666,P01,Submission review,5
666,P02,Technical assessment,6
666,P03,Commercial assessment,4
666,P04,Approval and close,5
667,P01,Submission review,5
667,P02,Technical assessment,5
667,P03,Commercial assessment,6
667,P04,Approval and close,4
668,P01,Submission review,5
668,P02,Technical assessment,7
668,P03,Commercial assessment,6
668,P04,Approval and close,3
669,P01,Submission review,5
669,P02,Technical assessment,7
669,P03,Commercial assessment,6
669,P04,Approval and close,3
670,P01,Submission review,5
670,P02,Technical assessment,7
670,P03,Commercial assessment,6
670,P04,Approval and close,3
671,P01,Submission review,5
671,P02,Technical assessment,8
671,P03,Commercial assessment,9
671,P04,Approval and close,3
672,P01,Submission review,5
672,P02,Technical assessment,6
672,P03,Commercial assessment,6
672,P04,Approval and close,3
673,P01,Submission review,4
673,P02,Technical assessment,4
673,P03,Commercial assessment,9
673,P04,Approval and close,3
674,P01,Submission review,5
674,P02,Technical assessment,6
674,P03,Commercial assessment,6
674,P04,Approval and close,5
675,P01,Submission review,4
675,P02,Technical assessment,4
675,P03,Commercial assessment,5
675,P04,Approval and close,3
676,P01,Submission review,3
676,P02,Technical assessment,5
676,P03,Commercial assessment,10
676,P04,Approval and close,4
677,P01,Submission review,4
677,P02,Technical assessment,9
677,P03,Commercial assessment,6
677,P04,Approval and close,3
678,P01,Submission review,3
678,P02,Technical assessment,4
678,P03,Commercial assessment,6
678,P04,Approval and close,3
679,P01,Submission review,5
679,P02,Technical assessment,6
679,P03,Commercial assessment,4
679,P04,Approval and close,3
680,P01,Submission review,6
680,P02,Technical assessment,6
680,P03,Commercial assessment,6
680,P04,Approval and close,4
681,P01,Submission review,5
681,P02,Technical assessment,6
681,P03,Commercial assessment,4
681,P04,Approval and close,4
682,P01,Submission review,5
682,P02,Technical assessment,7
682,P03,Commercial assessment,10
682,P04,Approval and close,3
683,P01,Submission review,4
683,P02,Technical assessment,7
683,P03,Commercial assessment,11
683,P04,Approval and close,3
684,P01,Submission review,6
684,P02,Technical assessment,6
684,P03,Commercial assessment,6
684,P04,Approval and close,5
685,P01,Submission review,6
685,P02,Technical assessment,7
685,P03,Commercial assessment,7
685,P04,Approval and close,3
686,P01,Submission review,4
686,P02,Technical assessment,7
686,P03,Commercial assessment,5
686,P04,Approval and close,3
687,P01,Submission review,4
687,P02,Technical assessment,6
687,P03,Commercial assessment,6
687,P04,Approval and close,4
688,P01,Submission review,4
688,P02,Technical assessment,5
688,P03,Commercial assessment,5
688,P04,Approval and close,2
689,P01,Submission review,4
689,P02,Technical assessment,7
689,P03,Commercial assessment,5
689,P04,Approval and close,4
690,P01,Submission review,5
690,P02,Technical assessment,5
690,P03,Commercial assessment,4
690,P04,Approval and close,4
691,P01,Submission review,6
691,P02,Technical assessment,5
691,P03,Commercial assessment,9
691,P04,Approval and close,4
692,P01,Submission review,6
692,P02,Technical assessment,6
692,P03,Commercial assessment,7
692,P04,Approval and close,4
693,P01,Submission review,5
693,P02,Technical assessment,5
693,P03,Commercial assessment,11
693,P04,Approval and close,3
694,P01,Submission review,4
694,P02,Technical assessment,6
694,P03,Commercial assessment,6
694,P04,Approval and close,3
695,P01,Submission review,7
695,P02,Technical assessment,6
695,P03,Commercial assessment,9
695,P04,Approval and close,3
696,P01,Submission review,5
696,P02,Technical assessment,4
696,P03,Commercial assessment,10
696,P04,Approval and close,2
697,P01,Submission review,4
697,P02,Technical assessment,5
697,P03,Commercial assessment,7
697,P04,Approval and close,3
698,P01,Submission review,4
698,P02,Technical assessment,4
698,P03,Commercial assessment,9
698,P04,Approval and close,3
699,P01,Submission review,3
699,P02,Technical assessment,5
699,P03,Commercial assessment,7
699,P04,Approval and close,3
700,P01,Submission review,5
700,P02,Technical assessment,6
700,P03,Commercial assessment,7
700,P04,Approval and close,3
701,P01,Submission review,5
701,P02,Technical assessment,6
701,P03,Commercial assessment,6
701,P04,Approval and close,4
702,P01,Submission review,6
702,P02,Technical assessment,8
702,P03,Commercial assessment,9
702,P04,Approval and close,3
703,P01,Submission review,6
703,P02,Technical assessment,6
703,P03,Commercial assessment,6
703,P04,Approval and close,4
704,P01,Submission review,4
704,P02,Technical assessment,5
704,P03,Commercial assessment,3
704,P04,Approval and close,3
705,P01,Submission review,4
705,P02,Technical assessment,5
705,P03,Commercial assessment,5
705,P04,Approval and close,4
706,P01,Submission review,4
706,P02,Technical assessment,7
706,P03,Commercial assessment,5
706,P04,Approval and close,4
707,P01,Submission review,4
707,P02,Technical assessment,6
707,P03,Commercial assessment,9
707,P04,Approval and close,4
708,P01,Submission review,4
708,P02,Technical assessment,5
708,P03,Commercial assessment,4
708,P04,Approval and close,4
709,P01,Submission review,4
709,P02,Technical assessment,5
709,P03,Commercial assessment,5
709,P04,Approval and close,5
710,P01,Submission review,5
710,P02,Technical assessment,7
710,P03,Commercial assessment,8
710,P04,Approval and close,3
711,P01,Submission review,4
711,P02,Technical assessment,4
711,P03,Commercial assessment,5
711,P04,Approval and close,3
712,P01,Submission review,6
712,P02,Technical assessment,5
712,P03,Commercial assessment,6
712,P04,Approval and close,4
713,P01,Submission review,4
713,P02,Technical assessment,6
713,P03,Commercial assessment,8
713,P04,Approval and close,4
714,P01,Submission review,5
714,P02,Technical assessment,6
714,P03,Commercial assessment,6
714,P04,Approval and close,4
715,P01,Submission review,3
715,P02,Technical assessment,5
715,P03,Commercial assessment,7
715,P04,Approval and close,2
716,P01,Submission review,5
716,P02,Technical assessment,6
716,P03,Commercial assessment,7
716,P04,Approval and close,2
717,P01,Submission review,6
717,P02,Technical assessment,5
717,P03,Commercial assessment,3
717,P04,Approval and close,2
718,P01,Submission review,6
718,P02,Technical assessment,5
718,P03,Commercial assessment,7
718,P04,Approval and close,4
719,P01,Submission review,4
719,P02,Technical assessment,7
719,P03,Commercial assessment,6
719,P04,Approval and close,3
720,P01,Submission review,4
720,P02,Technical assessment,5
720,P03,Commercial assessment,3
720,P04,Approval and close,5
721,P01,Submission review,4
721,P02,Technical assessment,6
721,P03,Commercial assessment,6
721,P04,Approval and close,4
722,P01,Submission review,4
722,P02,Technical assessment,6
722,P03,Commercial assessment,8
722,P04,Approval and close,4
723,P01,Submission review,6
723,P02,Technical assessment,7
723,P03,Commercial assessment,4
723,P04,Approval and close,3
724,P01,Submission review,4
724,P02,Technical assessment,4
724,P03,Commercial assessment,5
724,P04,Approval and close,4
725,P01,Submission review,3
725,P02,Technical assessment,7
725,P03,Commercial assessment,6
725,P04,Approval and close,4
726,P01,Submission review,4
726,P02,Technical assessment,7
726,P03,Commercial assessment,7
726,P04,Approval and close,3
727,P01,Submission review,6
727,P02,Technical assessment,7
727,P03,Commercial assessment,6
727,P04,Approval and close,4
728,P01,Submission review,4
728,P02,Technical assessment,7
728,P03,Commercial assessment,5
728,P04,Approval and close,3
729,P01,Submission review,5
729,P02,Technical assessment,5
729,P03,Commercial assessment,5
729,P04,Approval and close,4
730,P01,Submission review,5
730,P02,Technical assessment,8
730,P03,Commercial assessment,5
730,P04,Approval and close,5
731,P01,Submission review,5
731,P02,Technical assessment,4
731,P03,Commercial assessment,4
731,P04,Approval and close,3
732,P01,Submission review,6
732,P02,Technical assessment,6
732,P03,Commercial assessment,10
732,P04,Approval and close,4
733,P01,Submission review,4
733,P02,Technical assessment,5
733,P03,Commercial assessment,5
733,P04,Approval and close,2
734,P01,Submission review,4
734,P02,Technical assessment,5
734,P03,Commercial assessment,10
734,P04,Approval and close,3
735,P01,Submission review,5
735,P02,Technical assessment,7
735,P03,Commercial assessment,9
735,P04,Approval and close,2
736,P01,Submission review,4
736,P02,Technical assessment,6
736,P03,Commercial assessment,4
736,P04,Approval and close,3
737,P01,Submission review,6
737,P02,Technical assessment,7
737,P03,Commercial assessment,5
737,P04,Approval and close,4
738,P01,Submission review,5
738,P02,Technical assessment,5
738,P03,Commercial assessment,5
738,P04,Approval and close,3
739,P01,Submission review,3
739,P02,Technical assessment,5
739,P03,Commercial assessment,9
739,P04,Approval and close,4
740,P01,Submission review,7
740,P02,Technical assessment,6
740,P03,Commercial assessment,4
740,P04,Approval and close,4
741,P01,Submission review,4
741,P02,Technical assessment,4
741,P03,Commercial assessment,8
741,P04,Approval and close,5
742,P01,Submission review,4
742,P02,Technical assessment,7
742,P03,Commercial assessment,6
742,P04,Approval and close,4
743,P01,Submission review,4
743,P02,Technical assessment,6
743,P03,Commercial assessment,7
743,P04,Approval and close,2
744,P01,Submission review,3
744,P02,Technical assessment,5
744,P03,Commercial assessment,9
744,P04,Approval and close,4
745,P01,Submission review,5
745,P02,Technical assessment,7
745,P03,Commercial assessment,7
745,P04,Approval and close,4
746,P01,Submission review,4
746,P02,Technical assessment,5
746,P03,Commercial assessment,5
746,P04,Approval and close,2
747,P01,Submission review,4
747,P02,Technical assessment,7
747,P03,Commercial assessment,9
747,P04,Approval and close,4
748,P01,Submission review,5
748,P02,Technical assessment,4
748,P03,Commercial assessment,6
748,P04,Approval and close,3
749,P01,Submission review,4
749,P02,Technical assessment,6
749,P03,Commercial assessment,5
749,P04,Approval and close,3
750,P01,Submission review,4
750,P02,Technical assessment,5
750,P03,Commercial assessment,6
750,P04,Approval and close,2
751,P01,Submission review,3
751,P02,Technical assessment,5
751,P03,Commercial assessment,6
751,P04,Approval and close,4
752,P01,Submission review,5
752,P02,Technical assessment,5
752,P03,Commercial assessment,4
752,P04,Approval and close,5
753,P01,Submission review,5
753,P02,Technical assessment,7
753,P03,Commercial assessment,6
753,P04,Approval and close,3
754,P01,Submission review,4
754,P02,Technical assessment,6
754,P03,Commercial assessment,5
754,P04,Approval and close,4
755,P01,Submission review,6
755,P02,Technical assessment,5
755,P03,Commercial assessment,9
755,P04,Approval and close,3
756,P01,Submission review,4
756,P02,Technical assessment,4
756,P03,Commercial assessment,4
756,P04,Approval and close,3
757,P01,Submission review,3
757,P02,Technical assessment,4
757,P03,Commercial assessment,5
757,P04,Approval and close,3
758,P01,Submission review,5
758,P02,Technical assessment,5
758,P03,Commercial assessment,4
758,P04,Approval and close,3
759,P01,Submission review,6
759,P02,Technical assessment,7
759,P03,Commercial assessment,7
759,P04,Approval and close,4
760,P01,Submission review,4
760,P02,Technical assessment,5
760,P03,Commercial assessment,4
760,P04,Approval and close,3
761,P01,Submission review,5
761,P02,Technical assessment,6
761,P03,Commercial assessment,5
761,P04,Approval and close,2
762,P01,Submission review,3
762,P02,Technical assessment,8
762,P03,Commercial assessment,10
762,P04,Approval and close,2
763,P01,Submission review,4
763,P02,Technical assessment,7
763,P03,Commercial assessment,8
763,P04,Approval and close,2
764,P01,Submission review,4
764,P02,Technical assessment,6
764,P03,Commercial assessment,7
764,P04,Approval and close,2
765,P01,Submission review,4
765,P02,Technical assessment,7
765,P03,Commercial assessment,7
765,P04,Approval and close,4
766,P01,Submission review,5
766,P02,Technical assessment,7
766,P03,Commercial assessment,6
766,P04,Approval and close,4
767,P01,Submission review,5
767,P02,Technical assessment,4
767,P03,Commercial assessment,8
767,P04,Approval and close,4
768,P01,Submission review,5
768,P02,Technical assessment,7
768,P03,Commercial assessment,9
768,P04,Approval and close,3
769,P01,Submission review,5
769,P02,Technical assessment,4
769,P03,Commercial assessment,6
769,P04,Approval and close,3
770,P01,Submission review,3
770,P02,Technical assessment,5
770,P03,Commercial assessment,8
770,P04,Approval and close,3
771,P01,Submission review,5
771,P02,Technical assessment,6
771,P03,Commercial assessment,5
771,P04,Approval and close,2
772,P01,Submission review,4
772,P02,Technical assessment,6
772,P03,Commercial assessment,7
772,P04,Approval and close,3
773,P01,Submission review,4
773,P02,Technical assessment,5
773,P03,Commercial assessment,6
773,P04,Approval and close,3
774,P01,Submission review,4
774,P02,Technical assessment,6
774,P03,Commercial assessment,5
774,P04,Approval and close,4
775,P01,Submission review,5
775,P02,Technical assessment,7
775,P03,Commercial assessment,11
775,P04,Approval and close,3
776,P01,Submission review,4
776,P02,Technical assessment,6
776,P03,Commercial assessment,8
776,P04,Approval and close,3
777,P01,Submission review,6
777,P02,Technical assessment,5
777,P03,Commercial assessment,7
777,P04,Approval and close,4
778,P01,Submission review,5
778,P02,Technical assessment,5
778,P03,Commercial assessment,10
778,P04,Approval and close,3
779,P01,Submission review,4
779,P02,Technical assessment,5
779,P03,Commercial assessment,6
779,P04,Approval and close,5
780,P01,Submission review,4
780,P02,Technical assessment,5
780,P03,Commercial assessment,6
780,P04,Approval and close,4
781,P01,Submission review,4
781,P02,Technical assessment,4
781,P03,Commercial assessment,9
781,P04,Approval and close,2
782,P01,Submission review,3
782,P02,Technical assessment,4
782,P03,Commercial assessment,11
782,P04,Approval and close,4
783,P01,Submission review,3
783,P02,Technical assessment,4
783,P03,Commercial assessment,7
783,P04,Approval and close,3
784,P01,Submission review,5
784,P02,Technical assessment,7
784,P03,Commercial assessment,8
784,P04,Approval and close,5
785,P01,Submission review,6
785,P02,Technical assessment,5
785,P03,Commercial assessment,6
785,P04,Approval and close,5
786,P01,Submission review,3
786,P02,Technical assessment,7
786,P03,Commercial assessment,8
786,P04,Approval and close,4
787,P01,Submission review,4
787,P02,Technical assessment,6
787,P03,Commercial assessment,6
787,P04,Approval and close,4
788,P01,Submission review,3
788,P02,Technical assessment,4
788,P03,Commercial assessment,4
788,P04,Approval and close,4
789,P01,Submission review,3
789,P02,Technical assessment,5
789,P03,Commercial assessment,6
789,P04,Approval and close,3
790,P01,Submission review,6
790,P02,Technical assessment,6
790,P03,Commercial assessment,7
790,P04,Approval and close,4
791,P01,Submission review,5
791,P02,Technical assessment,8
791,P03,Commercial assessment,6
791,P04,Approval and close,3
792,P01,Submission review,3
792,P02,Technical assessment,5
792,P03,Commercial assessment,8
792,P04,Approval and close,4
793,P01,Submission review,5
793,P02,Technical assessment,4
793,P03,Commercial assessment,7
793,P04,Approval and close,4
794,P01,Submission review,4
794,P02,Technical assessment,6
794,P03,Commercial assessment,5
794,P04,Approval and close,4
795,P01,Submission review,5
795,P02,Technical assessment,5
795,P03,Commercial assessment,4
795,P04,Approval and close,2
796,P01,Submission review,4
796,P02,Technical assessment,6
796,P03,Commercial assessment,5
796,P04,Approval and close,4
797,P01,Submission review,6
797,P02,Technical assessment,6
797,P03,Commercial assessment,5
797,P04,Approval and close,3
798,P01,Submission review,4
798,P02,Technical assessment,8
798,P03,Commercial assessment,5
798,P04,Approval and close,4
799,P01,Submission review,3
799,P02,Technical assessment,4
799,P03,Commercial assessment,3
799,P04,Approval and close,4
800,P01,Submission review,5
800,P02,Technical assessment,4
800,P03,Commercial assessment,6
800,P04,Approval and close,4
801,P01,Submission review,4
801,P02,Technical assessment,6
801,P03,Commercial assessment,10
801,P04,Approval and close,3
802,P01,Submission review,4
802,P02,Technical assessment,7
802,P03,Commercial assessment,6
802,P04,Approval and close,4
803,P01,Submission review,5
803,P02,Technical assessment,4
803,P03,Commercial assessment,7
803,P04,Approval and close,4
804,P01,Submission review,4
804,P02,Technical assessment,5
804,P03,Commercial assessment,7
804,P04,Approval and close,4
805,P01,Submission review,5
805,P02,Technical assessment,5
805,P03,Commercial assessment,4
805,P04,Approval and close,3
806,P01,Submission review,7
806,P02,Technical assessment,7
806,P03,Commercial assessment,6
806,P04,Approval and close,4
807,P01,Submission review,6
807,P02,Technical assessment,7
807,P03,Commercial assessment,9
807,P04,Approval and close,3
808,P01,Submission review,4
808,P02,Technical assessment,4
808,P03,Commercial assessment,7
808,P04,Approval and close,4
809,P01,Submission review,5
809,P02,Technical assessment,6
809,P03,Commercial assessment,5
809,P04,Approval and close,3
810,P01,Submission review,5
810,P02,Technical assessment,6
810,P03,Commercial assessment,6
810,P04,Approval and close,5
811,P01,Submission review,4
811,P02,Technical assessment,7
811,P03,Commercial assessment,7
811,P04,Approval and close,4
812,P01,Submission review,5
812,P02,Technical assessment,5
812,P03,Commercial assessment,5
812,P04,Approval and close,4
813,P01,Submission review,6
813,P02,Technical assessment,6
813,P03,Commercial assessment,9
813,P04,Approval and close,4
814,P01,Submission review,5
814,P02,Technical assessment,6
814,P03,Commercial assessment,7
814,P04,Approval and close,3
815,P01,Submission review,4
815,P02,Technical assessment,4
815,P03,Commercial assessment,9
815,P04,Approval and close,4
816,P01,Submission review,4
816,P02,Technical assessment,8
816,P03,Commercial assessment,8
816,P04,Approval and close,2
817,P01,Submission review,5
817,P02,Technical assessment,4
817,P03,Commercial assessment,10
817,P04,Approval and close,4
818,P01,Submission review,5
818,P02,Technical assessment,5
818,P03,Commercial assessment,7
818,P04,Approval and close,3
819,P01,Submission review,6
819,P02,Technical assessment,6
819,P03,Commercial assessment,6
819,P04,Approval and close,5
820,P01,Submission review,5
820,P02,Technical assessment,7
820,P03,Commercial assessment,5
820,P04,Approval and close,3
821,P01,Submission review,3
821,P02,Technical assessment,5
821,P03,Commercial assessment,9
821,P04,Approval and close,3
822,P01,Submission review,3
822,P02,Technical assessment,4
822,P03,Commercial assessment,8
822,P04,Approval and close,3
823,P01,Submission review,5
823,P02,Technical assessment,7
823,P03,Commercial assessment,9
823,P04,Approval and close,4
824,P01,Submission review,5
824,P02,Technical assessment,6
824,P03,Commercial assessment,8
824,P04,Approval and close,4
825,P01,Submission review,5
825,P02,Technical assessment,4
825,P03,Commercial assessment,6
825,P04,Approval and close,3
826,P01,Submission review,6
826,P02,Technical assessment,8
826,P03,Commercial assessment,7
826,P04,Approval and close,3
827,P01,Submission review,4
827,P02,Technical assessment,6
827,P03,Commercial assessment,6
827,P04,Approval and close,2
828,P01,Submission review,5
828,P02,Technical assessment,5
828,P03,Commercial assessment,7
828,P04,Approval and close,3
829,P01,Submission review,3
829,P02,Technical assessment,6
829,P03,Commercial assessment,4
829,P04,Approval and close,4
830,P01,Submission review,5
830,P02,Technical assessment,6
830,P03,Commercial assessment,5
830,P04,Approval and close,4
831,P01,Submission review,5
831,P02,Technical assessment,5
831,P03,Commercial assessment,6
831,P04,Approval and close,3
832,P01,Submission review,4
832,P02,Technical assessment,7
832,P03,Commercial assessment,7
832,P04,Approval and close,3
833,P01,Submission review,3
833,P02,Technical assessment,8
833,P03,Commercial assessment,8
833,P04,Approval and close,5
834,P01,Submission review,5
834,P02,Technical assessment,8
834,P03,Commercial assessment,7
834,P04,Approval and close,4
835,P01,Submission review,4
835,P02,Technical assessment,7
835,P03,Commercial assessment,6
835,P04,Approval and close,2
836,P01,Submission review,5
836,P02,Technical assessment,6
836,P03,Commercial assessment,7
836,P04,Approval and close,4
837,P01,Submission review,3
837,P02,Technical assessment,6
837,P03,Commercial assessment,8
837,P04,Approval and close,4
838,P01,Submission review,5
838,P02,Technical assessment,4
838,P03,Commercial assessment,4
838,P04,Approval and close,4
839,P01,Submission review,4
839,P02,Technical assessment,5
839,P03,Commercial assessment,9
839,P04,Approval and close,3
840,P01,Submission review,5
840,P02,Technical assessment,5
840,P03,Commercial assessment,9
840,P04,Approval and close,3
841,P01,Submission review,4
841,P02,Technical assessment,5
841,P03,Commercial assessment,8
841,P04,Approval and close,4
842,P01,Submission review,4
842,P02,Technical assessment,4
842,P03,Commercial assessment,10
842,P04,Approval and close,3
843,P01,Submission review,6
843,P02,Technical assessment,5
843,P03,Commercial assessment,7
843,P04,Approval and close,4
844,P01,Submission review,4
844,P02,Technical assessment,6
844,P03,Commercial assessment,7
844,P04,Approval and close,2
845,P01,Submission review,3
845,P02,Technical assessment,6
845,P03,Commercial assessment,4
845,P04,Approval and close,4
846,P01,Submission review,4
846,P02,Technical assessment,5
846,P03,Commercial assessment,6
846,P04,Approval and close,5
847,P01,Submission review,5
847,P02,Technical assessment,5
847,P03,Commercial assessment,7
847,P04,Approval and close,5
848,P01,Submission review,4
848,P02,Technical assessment,5
848,P03,Commercial assessment,7
848,P04,Approval and close,3
849,P01,Submission review,6
849,P02,Technical assessment,4
849,P03,Commercial assessment,5
849,P04,Approval and close,3
850,P01,Submission review,4
850,P02,Technical assessment,5
850,P03,Commercial assessment,4
850,P04,Approval and close,3
851,P01,Submission review,5
851,P02,Technical assessment,9
851,P03,Commercial assessment,6
851,P04,Approval and close,3
852,P01,Submission review,6
852,P02,Technical assessment,8
852,P03,Commercial assessment,6
852,P04,Approval and close,3
853,P01,Submission review,3
853,P02,Technical assessment,7
853,P03,Commercial assessment,7
853,P04,Approval and close,2
854,P01,Submission review,5
854,P02,Technical assessment,6
854,P03,Commercial assessment,5
854,P04,Approval and close,3
855,P01,Submission review,3
855,P02,Technical assessment,5
855,P03,Commercial assessment,5
855,P04,Approval and close,4
856,P01,Submission review,6
856,P02,Technical assessment,7
856,P03,Commercial assessment,9
856,P04,Approval and close,4
857,P01,Submission review,4
857,P02,Technical assessment,6
857,P03,Commercial assessment,7
857,P04,Approval and close,4
858,P01,Submission review,6
858,P02,Technical assessment,7
858,P03,Commercial assessment,5
858,P04,Approval and close,3
859,P01,Submission review,5
859,P02,Technical assessment,5
859,P03,Commercial assessment,9
859,P04,Approval and close,3
860,P01,Submission review,4
860,P02,Technical assessment,5
860,P03,Commercial assessment,4
860,P04,Approval and close,4
861,P01,Submission review,6
861,P02,Technical assessment,5
861,P03,Commercial assessment,8
861,P04,Approval and close,3
862,P01,Submission review,4
862,P02,Technical assessment,4
862,P03,Commercial assessment,5
862,P04,Approval and close,3
863,P01,Submission review,6
863,P02,Technical assessment,6
863,P03,Commercial assessment,5
863,P04,Approval and close,4
864,P01,Submission review,5
864,P02,Technical assessment,5
864,P03,Commercial assessment,9
864,P04,Approval and close,4
865,P01,Submission review,6
865,P02,Technical assessment,7
865,P03,Commercial assessment,4
865,P04,Approval and close,5
866,P01,Submission review,6
866,P02,Technical assessment,7
866,P03,Commercial assessment,9
866,P04,Approval and close,3
867,P01,Submission review,5
867,P02,Technical assessment,6
867,P03,Commercial assessment,7
867,P04,Approval and close,3
868,P01,Submission review,4
868,P02,Technical assessment,4
868,P03,Commercial assessment,4
868,P04,Approval and close,4
869,P01,Submission review,3
869,P02,Technical assessment,6
869,P03,Commercial assessment,6
869,P04,Approval and close,3
870,P01,Submission review,3
870,P02,Technical assessment,5
870,P03,Commercial assessment,8
870,P04,Approval and close,3
871,P01,Submission review,6
871,P02,Technical assessment,5
871,P03,Commercial assessment,5
871,P04,Approval and close,5
872,P01,Submission review,3
872,P02,Technical assessment,6
872,P03,Commercial assessment,5
872,P04,Approval and close,3
873,P01,Submission review,4
873,P02,Technical assessment,8
873,P03,Commercial assessment,4
873,P04,Approval and close,4
874,P01,Submission review,5
874,P02,Technical assessment,7
874,P03,Commercial assessment,10
874,P04,Approval and close,4
875,P01,Submission review,3
875,P02,Technical assessment,6
875,P03,Commercial assessment,8
875,P04,Approval and close,3
876,P01,Submission review,5
876,P02,Technical assessment,6
876,P03,Commercial assessment,10
876,P04,Approval and close,5
877,P01,Submission review,4
877,P02,Technical assessment,7
877,P03,Commercial assessment,5
877,P04,Approval and close,3
878,P01,Submission review,6
878,P02,Technical assessment,4
878,P03,Commercial assessment,8
878,P04,Approval and close,3
879,P01,Submission review,4
879,P02,Technical assessment,7
879,P03,Commercial assessment,8
879,P04,Approval and close,2
880,P01,Submission review,5
880,P02,Technical assessment,6
880,P03,Commercial assessment,6
880,P04,Approval and close,4
881,P01,Submission review,6
881,P02,Technical assessment,5
881,P03,Commercial assessment,6
881,P04,Approval and close,3
882,P01,Submission review,3
882,P02,Technical assessment,7
882,P03,Commercial assessment,5
882,P04,Approval and close,3
883,P01,Submission review,5
883,P02,Technical assessment,8
883,P03,Commercial assessment,6
883,P04,Approval and close,3
884,P01,Submission review,4
884,P02,Technical assessment,6
884,P03,Commercial assessment,8
884,P04,Approval and close,4
885,P01,Submission review,7
885,P02,Technical assessment,8
885,P03,Commercial assessment,6
885,P04,Approval and close,4
886,P01,Submission review,4
886,P02,Technical assessment,5
886,P03,Commercial assessment,5
886,P04,Approval and close,3
887,P01,Submission review,4
887,P02,Technical assessment,8
887,P03,Commercial assessment,5
887,P04,Approval and close,3
888,P01,Submission review,4
888,P02,Technical assessment,5
888,P03,Commercial assessment,4
888,P04,Approval and close,3
889,P01,Submission review,6
889,P02,Technical assessment,6
889,P03,Commercial assessment,5
889,P04,Approval and close,3
890,P01,Submission review,6
890,P02,Technical assessment,7
890,P03,Commercial assessment,6
890,P04,Approval and close,4
891,P01,Submission review,5
891,P02,Technical assessment,5
891,P03,Commercial assessment,7
891,P04,Approval and close,5
892,P01,Submission review,4
892,P02,Technical assessment,6
892,P03,Commercial assessment,6
892,P04,Approval and close,2
893,P01,Submission review,7
893,P02,Technical assessment,6
893,P03,Commercial assessment,7
893,P04,Approval and close,3
894,P01,Submission review,4
894,P02,Technical assessment,6
894,P03,Commercial assessment,6
894,P04,Approval and close,3
895,P01,Submission review,5
895,P02,Technical assessment,4
895,P03,Commercial assessment,9
895,P04,Approval and close,3
896,P01,Submission review,3
896,P02,Technical assessment,7
896,P03,Commercial assessment,5
896,P04,Approval and close,3
897,P01,Submission review,6
897,P02,Technical assessment,6
897,P03,Commercial assessment,7
897,P04,Approval and close,4
898,P01,Submission review,4
898,P02,Technical assessment,6
898,P03,Commercial assessment,6
898,P04,Approval and close,4
899,P01,Submission review,3
899,P02,Technical assessment,5
899,P03,Commercial assessment,6
899,P04,Approval and close,3
900,P01,Submission review,6
900,P02,Technical assessment,6
900,P03,Commercial assessment,7
900,P04,Approval and close,3
901,P01,Submission review,4
901,P02,Technical assessment,5
901,P03,Commercial assessment,8
901,P04,Approval and close,5
902,P01,Submission review,6
902,P02,Technical assessment,6
902,P03,Commercial assessment,8
902,P04,Approval and close,3
903,P01,Submission review,5
903,P02,Technical assessment,7
903,P03,Commercial assessment,6
903,P04,Approval and close,3
904,P01,Submission review,4
904,P02,Technical assessment,5
904,P03,Commercial assessment,7
904,P04,Approval and close,4
905,P01,Submission review,4
905,P02,Technical assessment,6
905,P03,Commercial assessment,5
905,P04,Approval and close,4
906,P01,Submission review,4
906,P02,Technical assessment,9
906,P03,Commercial assessment,10
906,P04,Approval and close,4
907,P01,Submission review,6
907,P02,Technical assessment,8
907,P03,Commercial assessment,7
907,P04,Approval and close,2
908,P01,Submission review,4
908,P02,Technical assessment,5
908,P03,Commercial assessment,4
908,P04,Approval and close,5
909,P01,Submission review,4
909,P02,Technical assessment,5
909,P03,Commercial assessment,10
909,P04,Approval and close,2
910,P01,Submission review,6
910,P02,Technical assessment,7
910,P03,Commercial assessment,5
910,P04,Approval and close,3
911,P01,Submission review,6
911,P02,Technical assessment,7
911,P03,Commercial assessment,8
911,P04,Approval and close,3
912,P01,Submission review,4
912,P02,Technical assessment,5
912,P03,Commercial assessment,5
912,P04,Approval and close,3
913,P01,Submission review,5
913,P02,Technical assessment,4
913,P03,Commercial assessment,8
913,P04,Approval and close,4
914,P01,Submission review,3
914,P02,Technical assessment,5
914,P03,Commercial assessment,6
914,P04,Approval and close,3
915,P01,Submission review,3
915,P02,Technical assessment,7
915,P03,Commercial assessment,6
915,P04,Approval and close,3
916,P01,Submission review,5
916,P02,Technical assessment,7
916,P03,Commercial assessment,4
916,P04,Approval and close,4
917,P01,Submission review,7
917,P02,Technical assessment,6
917,P03,Commercial assessment,8
917,P04,Approval and close,3
918,P01,Submission review,5
918,P02,Technical assessment,5
918,P03,Commercial assessment,5
918,P04,Approval and close,2
919,P01,Submission review,4
919,P02,Technical assessment,6
919,P03,Commercial assessment,7
919,P04,Approval and close,3
920,P01,Submission review,3
920,P02,Technical assessment,4
920,P03,Commercial assessment,7
920,P04,Approval and close,3
921,P01,Submission review,5
921,P02,Technical assessment,5
921,P03,Commercial assessment,8
921,P04,Approval and close,2
922,P01,Submission review,4
922,P02,Technical assessment,6
922,P03,Commercial assessment,8
922,P04,Approval and close,3
923,P01,Submission review,6
923,P02,Technical assessment,4
923,P03,Commercial assessment,6
923,P04,Approval and close,4
924,P01,Submission review,5
924,P02,Technical assessment,5
924,P03,Commercial assessment,7
924,P04,Approval and close,4
925,P01,Submission review,6
925,P02,Technical assessment,5
925,P03,Commercial assessment,4
925,P04,Approval and close,4
926,P01,Submission review,4
926,P02,Technical assessment,5
926,P03,Commercial assessment,10
926,P04,Approval and close,4
927,P01,Submission review,3
927,P02,Technical assessment,6
927,P03,Commercial assessment,8
927,P04,Approval and close,4
928,P01,Submission review,4
928,P02,Technical assessment,7
928,P03,Commercial assessment,6
928,P04,Approval and close,4
929,P01,Submission review,6
929,P02,Technical assessment,7
929,P03,Commercial assessment,5
929,P04,Approval and close,4
930,P01,Submission review,6
930,P02,Technical assessment,7
930,P03,Commercial assessment,6
930,P04,Approval and close,4
931,P01,Submission review,6
931,P02,Technical assessment,6
931,P03,Commercial assessment,7
931,P04,Approval and close,3
932,P01,Submission review,5
932,P02,Technical assessment,6
932,P03,Commercial assessment,5
932,P04,Approval and close,3
933,P01,Submission review,3
933,P02,Technical assessment,8
933,P03,Commercial assessment,4
933,P04,Approval and close,5
934,P01,Submission review,6
934,P02,Technical assessment,6
934,P03,Commercial assessment,6
934,P04,Approval and close,2
935,P01,Submission review,7
935,P02,Technical assessment,5
935,P03,Commercial assessment,9
935,P04,Approval and close,4
936,P01,Submission review,6
936,P02,Technical assessment,5
936,P03,Commercial assessment,9
936,P04,Approval and close,3
937,P01,Submission review,3
937,P02,Technical assessment,5
937,P03,Commercial assessment,4
937,P04,Approval and close,4
938,P01,Submission review,5
938,P02,Technical assessment,7
938,P03,Commercial assessment,9
938,P04,Approval and close,4
939,P01,Submission review,6
939,P02,Technical assessment,7
939,P03,Commercial assessment,9
939,P04,Approval and close,4
940,P01,Submission review,5
940,P02,Technical assessment,9
940,P03,Commercial assessment,8
940,P04,Approval and close,4
941,P01,Submission review,6
941,P02,Technical assessment,5
941,P03,Commercial assessment,4
941,P04,Approval and close,3
942,P01,Submission review,3
942,P02,Technical assessment,5
942,P03,Commercial assessment,8
942,P04,Approval and close,4
943,P01,Submission review,4
943,P02,Technical assessment,6
943,P03,Commercial assessment,5
943,P04,Approval and close,3
944,P01,Submission review,5
944,P02,Technical assessment,7
944,P03,Commercial assessment,9
944,P04,Approval and close,2
945,P01,Submission review,5
945,P02,Technical assessment,4
945,P03,Commercial assessment,10
945,P04,Approval and close,3
946,P01,Submission review,5
946,P02,Technical assessment,8
946,P03,Commercial assessment,6
946,P04,Approval and close,4
947,P01,Submission review,5
947,P02,Technical assessment,6
947,P03,Commercial assessment,5
947,P04,Approval and close,5
948,P01,Submission review,5
948,P02,Technical assessment,5
948,P03,Commercial assessment,6
948,P04,Approval and close,3
949,P01,Submission review,4
949,P02,Technical assessment,4
949,P03,Commercial assessment,6
949,P04,Approval and close,3
950,P01,Submission review,4
950,P02,Technical assessment,6
950,P03,Commercial assessment,4
950,P04,Approval and close,4
951,P01,Submission review,7
951,P02,Technical assessment,6
951,P03,Commercial assessment,7
951,P04,Approval and close,5
952,P01,Submission review,4
952,P02,Technical assessment,4
952,P03,Commercial assessment,6
952,P04,Approval and close,3
953,P01,Submission review,4
953,P02,Technical assessment,6
953,P03,Commercial assessment,6
953,P04,Approval and close,4
954,P01,Submission review,5
954,P02,Technical assessment,8
954,P03,Commercial assessment,8
954,P04,Approval and close,4
955,P01,Submission review,3
955,P02,Technical assessment,6
955,P03,Commercial assessment,7
955,P04,Approval and close,3
956,P01,Submission review,4
956,P02,Technical assessment,7
956,P03,Commercial assessment,5
956,P04,Approval and close,3
957,P01,Submission review,6
957,P02,Technical assessment,6
957,P03,Commercial assessment,8
957,P04,Approval and close,4
958,P01,Submission review,5
958,P02,Technical assessment,6
958,P03,Commercial assessment,5
958,P04,Approval and close,3
959,P01,Submission review,6
959,P02,Technical assessment,5
959,P03,Commercial assessment,6
959,P04,Approval and close,4
960,P01,Submission review,6
960,P02,Technical assessment,8
960,P03,Commercial assessment,8
960,P04,Approval and close,3
961,P01,Submission review,3
961,P02,Technical assessment,7
961,P03,Commercial assessment,9
961,P04,Approval and close,4
962,P01,Submission review,5
962,P02,Technical assessment,7
962,P03,Commercial assessment,10
962,P04,Approval and close,4
963,P01,Submission review,6
963,P02,Technical assessment,7
963,P03,Commercial assessment,5
963,P04,Approval and close,3
964,P01,Submission review,5
964,P02,Technical assessment,6
964,P03,Commercial assessment,9
964,P04,Approval and close,4
965,P01,Submission review,5
965,P02,Technical assessment,5
965,P03,Commercial assessment,5
965,P04,Approval and close,2
966,P01,Submission review,5
966,P02,Technical assessment,7
966,P03,Commercial assessment,10
966,P04,Approval and close,5
967,P01,Submission review,5
967,P02,Technical assessment,6
967,P03,Commercial assessment,5
967,P04,Approval and close,3
968,P01,Submission review,5
968,P02,Technical assessment,6
968,P03,Commercial assessment,7
968,P04,Approval and close,3
969,P01,Submission review,4
969,P02,Technical assessment,5
969,P03,Commercial assessment,5
969,P04,Approval and close,3
970,P01,Submission review,4
970,P02,Technical assessment,5
970,P03,Commercial assessment,9
970,P04,Approval and close,2
971,P01,Submission review,6
971,P02,Technical assessment,5
971,P03,Commercial assessment,5
971,P04,Approval and close,4
972,P01,Submission review,4
972,P02,Technical assessment,6
972,P03,Commercial assessment,6
972,P04,Approval and close,3
973,P01,Submission review,6
973,P02,Technical assessment,8
973,P03,Commercial assessment,5
973,P04,Approval and close,4
974,P01,Submission review,4
974,P02,Technical assessment,6
974,P03,Commercial assessment,7
974,P04,Approval and close,3
975,P01,Submission review,6
975,P02,Technical assessment,5
975,P03,Commercial assessment,7
975,P04,Approval and close,4
976,P01,Submission review,6
976,P02,Technical assessment,6
976,P03,Commercial assessment,7
976,P04,Approval and close,4
977,P01,Submission review,5
977,P02,Technical assessment,4
977,P03,Commercial assessment,10
977,P04,Approval and close,4
978,P01,Submission review,3
978,P02,Technical assessment,7
978,P03,Commercial assessment,6
978,P04,Approval and close,4
979,P01,Submission review,5
979,P02,Technical assessment,5
979,P03,Commercial assessment,5
979,P04,Approval and close,4
980,P01,Submission review,6
980,P02,Technical assessment,4
980,P03,Commercial assessment,6
980,P04,Approval and close,3
981,P01,Submission review,3
981,P02,Technical assessment,9
981,P03,Commercial assessment,10
981,P04,Approval and close,4
982,P01,Submission review,6
982,P02,Technical assessment,6
982,P03,Commercial assessment,5
982,P04,Approval and close,4
983,P01,Submission review,3
983,P02,Technical assessment,6
983,P03,Commercial assessment,8
983,P04,Approval and close,3
984,P01,Submission review,4
984,P02,Technical assessment,4
984,P03,Commercial assessment,9
984,P04,Approval and close,4
985,P01,Submission review,4
985,P02,Technical assessment,7
985,P03,Commercial assessment,9
985,P04,Approval and close,4
986,P01,Submission review,5
986,P02,Technical assessment,6
986,P03,Commercial assessment,6
986,P04,Approval and close,5
987,P01,Submission review,5
987,P02,Technical assessment,5
987,P03,Commercial assessment,8
987,P04,Approval and close,4
988,P01,Submission review,5
988,P02,Technical assessment,4
988,P03,Commercial assessment,7
988,P04,Approval and close,4
989,P01,Submission review,5
989,P02,Technical assessment,5
989,P03,Commercial assessment,6
989,P04,Approval and close,2
990,P01,Submission review,6
990,P02,Technical assessment,8
990,P03,Commercial assessment,8
990,P04,Approval and close,3
991,P01,Submission review,3
991,P02,Technical assessment,6
991,P03,Commercial assessment,6
991,P04,Approval and close,3
992,P01,Submission review,5
992,P02,Technical assessment,6
992,P03,Commercial assessment,10
992,P04,Approval and close,4
993,P01,Submission review,4
993,P02,Technical assessment,6
993,P03,Commercial assessment,7
993,P04,Approval and close,4
994,P01,Submission review,4
994,P02,Technical assessment,4
994,P03,Commercial assessment,5
994,P04,Approval and close,4
995,P01,Submission review,4
995,P02,Technical assessment,8
995,P03,Commercial assessment,9
995,P04,Approval and close,2
996,P01,Submission review,5
996,P02,Technical assessment,4
996,P03,Commercial assessment,8
996,P04,Approval and close,2
997,P01,Submission review,5
997,P02,Technical assessment,4
997,P03,Commercial assessment,7
997,P04,Approval and close,3
998,P01,Submission review,4
998,P02,Technical assessment,8
998,P03,Commercial assessment,7
998,P04,Approval and close,4
999,P01,Submission review,4
999,P02,Technical assessment,4
999,P03,Commercial assessment,8
999,P04,Approval and close,3
1000,P01,Submission review,4
1000,P02,Technical assessment,5
1000,P03,Commercial assessment,11
1000,P04,Approval and close,4
