Dataset,Workbook,Worksheet,Column_Name,Data_Type,Unit,Definition,Calculation,Source,Allowed_Values,Missing_Value_Rule,Sensitivity_Use,Notes
Input_Validation_Report::Input Validation,Input_Validation_Report.xlsx,Input Validation,Test,string,,Test,Directly exported value.,Authoritative PERT Input.docx or GERT nput.docx.,,Blank only when the field is not applicable to the record.,"Supporting identifier, audit, or reconciliation field.",
Input_Validation_Report::Input Validation,Input_Validation_Report.xlsx,Input Validation,Status,string,,Status,Directly exported value.,Authoritative PERT Input.docx or GERT nput.docx.,,Blank only when the field is not applicable to the record.,"Supporting identifier, audit, or reconciliation field.",
Input_Validation_Report::Input Validation,Input_Validation_Report.xlsx,Input Validation,Detail,string,,Detail,Directly exported value.,Authoritative PERT Input.docx or GERT nput.docx.,,Blank only when the field is not applicable to the record.,"Supporting identifier, audit, or reconciliation field.",
01_Input_and_Metadata::Run Metadata,01_Input_and_Metadata.xlsx,Run Metadata,Field,string,,Field,Directly exported value.,Fresh seeded simulation from authoritative Word inputs.,,Blank only when the field is not applicable to the record.,"Supporting identifier, audit, or reconciliation field.",
01_Input_and_Metadata::Run Metadata,01_Input_and_Metadata.xlsx,Run Metadata,Value,string,,Value,Directly exported value.,Fresh seeded simulation from authoritative Word inputs.,,Blank only when the field is not applicable to the record.,"Supporting identifier, audit, or reconciliation field.",
01_Input_and_Metadata::PERT Input,01_Input_and_Metadata.xlsx,PERT Input,Sequence,int64,,Sequence,Directly exported value.,Authoritative PERT Input.docx or GERT nput.docx.,,Blank only when the field is not applicable to the record.,"Supporting identifier, audit, or reconciliation field.",
01_Input_and_Metadata::PERT Input,01_Input_and_Metadata.xlsx,PERT Input,Activity_ID,string,identifier,Activity ID,Directly exported value.,Authoritative PERT Input.docx or GERT nput.docx.,,Blank only when the field is not applicable to the record.,"Supporting identifier, audit, or reconciliation field.",
01_Input_and_Metadata::PERT Input,01_Input_and_Metadata.xlsx,PERT Input,Activity_Name,string,,Activity Name,Directly exported value.,Authoritative PERT Input.docx or GERT nput.docx.,,Blank only when the field is not applicable to the record.,"Supporting identifier, audit, or reconciliation field.",
01_Input_and_Metadata::PERT Input,01_Input_and_Metadata.xlsx,PERT Input,Predecessor,string,,Predecessor,Directly exported value.,Authoritative PERT Input.docx or GERT nput.docx.,,Blank only when the field is not applicable to the record.,Candidate predictor or response for later analysis.,
01_Input_and_Metadata::PERT Input,01_Input_and_Metadata.xlsx,PERT Input,Successor,string,,Successor,Directly exported value.,Authoritative PERT Input.docx or GERT nput.docx.,,Blank only when the field is not applicable to the record.,Candidate predictor or response for later analysis.,
01_Input_and_Metadata::PERT Input,01_Input_and_Metadata.xlsx,PERT Input,O,double,,O,Directly exported value.,Authoritative PERT Input.docx or GERT nput.docx.,,Blank only when the field is not applicable to the record.,Candidate predictor or response for later analysis.,
01_Input_and_Metadata::PERT Input,01_Input_and_Metadata.xlsx,PERT Input,ML,double,,ML,Directly exported value.,Authoritative PERT Input.docx or GERT nput.docx.,,Blank only when the field is not applicable to the record.,Candidate predictor or response for later analysis.,
01_Input_and_Metadata::PERT Input,01_Input_and_Metadata.xlsx,PERT Input,P,double,,P,Directly exported value.,Authoritative PERT Input.docx or GERT nput.docx.,,Blank only when the field is not applicable to the record.,Candidate predictor or response for later analysis.,
01_Input_and_Metadata::PERT Input,01_Input_and_Metadata.xlsx,PERT Input,Alpha,double,,Alpha,Directly exported value.,Authoritative PERT Input.docx or GERT nput.docx.,,Blank only when the field is not applicable to the record.,Candidate predictor or response for later analysis.,
01_Input_and_Metadata::PERT Input,01_Input_and_Metadata.xlsx,PERT Input,Beta,double,,Beta,Directly exported value.,Authoritative PERT Input.docx or GERT nput.docx.,,Blank only when the field is not applicable to the record.,"Supporting identifier, audit, or reconciliation field.",
01_Input_and_Metadata::GERT Nodes,01_Input_and_Metadata.xlsx,GERT Nodes,Node_ID,string,identifier,Node ID,Directly exported value.,Authoritative PERT Input.docx or GERT nput.docx.,,Blank only when the field is not applicable to the record.,Candidate predictor or response for later analysis.,
01_Input_and_Metadata::GERT Nodes,01_Input_and_Metadata.xlsx,GERT Nodes,Node_Name,string,,Node Name,Directly exported value.,Authoritative PERT Input.docx or GERT nput.docx.,,Blank only when the field is not applicable to the record.,Candidate predictor or response for later analysis.,
01_Input_and_Metadata::GERT Nodes,01_Input_and_Metadata.xlsx,GERT Nodes,Input_Logic,string,,Input Logic,Directly exported value.,Authoritative PERT Input.docx or GERT nput.docx.,,Blank only when the field is not applicable to the record.,Candidate predictor or response for later analysis.,
01_Input_and_Metadata::GERT Nodes,01_Input_and_Metadata.xlsx,GERT Nodes,Output_Logic,string,,Output Logic,Directly exported value.,Authoritative PERT Input.docx or GERT nput.docx.,,Blank only when the field is not applicable to the record.,Candidate predictor or response for later analysis.,
01_Input_and_Metadata::GERT Nodes,01_Input_and_Metadata.xlsx,GERT Nodes,Role,string,,Role,Directly exported value.,Authoritative PERT Input.docx or GERT nput.docx.,,Blank only when the field is not applicable to the record.,Candidate predictor or response for later analysis.,
01_Input_and_Metadata::GERT Nodes,01_Input_and_Metadata.xlsx,GERT Nodes,Word_Row,int64,,Word Row,Directly exported value.,Authoritative PERT Input.docx or GERT nput.docx.,,Blank only when the field is not applicable to the record.,Candidate predictor or response for later analysis.,
01_Input_and_Metadata::GERT Arcs,01_Input_and_Metadata.xlsx,GERT Arcs,Arc_Tag,string,,Arc Tag,Directly exported value.,Authoritative PERT Input.docx or GERT nput.docx.,,Blank only when the field is not applicable to the record.,"Supporting identifier, audit, or reconciliation field.",
01_Input_and_Metadata::GERT Arcs,01_Input_and_Metadata.xlsx,GERT Arcs,From_Node,string,,From Node,Directly exported value.,Authoritative PERT Input.docx or GERT nput.docx.,,Blank only when the field is not applicable to the record.,Candidate predictor or response for later analysis.,
01_Input_and_Metadata::GERT Arcs,01_Input_and_Metadata.xlsx,GERT Arcs,To_Node,string,,To Node,Directly exported value.,Authoritative PERT Input.docx or GERT nput.docx.,,Blank only when the field is not applicable to the record.,Candidate predictor or response for later analysis.,
01_Input_and_Metadata::GERT Arcs,01_Input_and_Metadata.xlsx,GERT Arcs,Original_Probability,double,dimensionless,Original Probability,Derived from the complete unsampled exported simulation records.,Authoritative PERT Input.docx or GERT nput.docx.,,Blank only when the field is not applicable to the record.,Candidate predictor or response for later analysis.,
01_Input_and_Metadata::GERT Arcs,01_Input_and_Metadata.xlsx,GERT Arcs,Loop_Cap,int64,,Loop Cap,Directly exported value.,Authoritative PERT Input.docx or GERT nput.docx.,,Blank only when the field is not applicable to the record.,Candidate predictor or response for later analysis.,
01_Input_and_Metadata::GERT Arcs,01_Input_and_Metadata.xlsx,GERT Arcs,O,double,,O,Directly exported value.,Authoritative PERT Input.docx or GERT nput.docx.,,Blank only when the field is not applicable to the record.,Candidate predictor or response for later analysis.,
01_Input_and_Metadata::GERT Arcs,01_Input_and_Metadata.xlsx,GERT Arcs,ML,double,,ML,Directly exported value.,Authoritative PERT Input.docx or GERT nput.docx.,,Blank only when the field is not applicable to the record.,Candidate predictor or response for later analysis.,
01_Input_and_Metadata::GERT Arcs,01_Input_and_Metadata.xlsx,GERT Arcs,P,double,,P,Directly exported value.,Authoritative PERT Input.docx or GERT nput.docx.,,Blank only when the field is not applicable to the record.,Candidate predictor or response for later analysis.,
01_Input_and_Metadata::GERT Arcs,01_Input_and_Metadata.xlsx,GERT Arcs,Alpha,double,,Alpha,Directly exported value.,Authoritative PERT Input.docx or GERT nput.docx.,,Blank only when the field is not applicable to the record.,Candidate predictor or response for later analysis.,
01_Input_and_Metadata::GERT Arcs,01_Input_and_Metadata.xlsx,GERT Arcs,Beta,double,,Beta,Directly exported value.,Authoritative PERT Input.docx or GERT nput.docx.,,Blank only when the field is not applicable to the record.,"Supporting identifier, audit, or reconciliation field.",
01_Input_and_Metadata::GERT Arcs,01_Input_and_Metadata.xlsx,GERT Arcs,Structural,bool,,Structural,Directly exported value.,Authoritative PERT Input.docx or GERT nput.docx.,0; 1,Blank only when the field is not applicable to the record.,"Supporting identifier, audit, or reconciliation field.",
01_Input_and_Metadata::Probability Groups,01_Input_and_Metadata.xlsx,Probability Groups,From_Node,string,,From Node,Directly exported value.,Authoritative PERT Input.docx or GERT nput.docx.,,Blank only when the field is not applicable to the record.,Candidate predictor or response for later analysis.,
01_Input_and_Metadata::Probability Groups,01_Input_and_Metadata.xlsx,Probability Groups,Arc_Count,string,count,Arc Count,Directly exported value.,Authoritative PERT Input.docx or GERT nput.docx.,,Blank only when the field is not applicable to the record.,Candidate predictor or response for later analysis.,
01_Input_and_Metadata::Probability Groups,01_Input_and_Metadata.xlsx,Probability Groups,Original_Probability_Sum,double,dimensionless,Original Probability Sum,Derived from the complete unsampled exported simulation records.,Authoritative PERT Input.docx or GERT nput.docx.,,Blank only when the field is not applicable to the record.,Candidate predictor or response for later analysis.,
01_Input_and_Metadata::Probability Groups,01_Input_and_Metadata.xlsx,Probability Groups,Required_Sum,double,,Required Sum,Directly exported value.,Authoritative PERT Input.docx or GERT nput.docx.,,Blank only when the field is not applicable to the record.,"Supporting identifier, audit, or reconciliation field.",
01_Input_and_Metadata::Probability Groups,01_Input_and_Metadata.xlsx,Probability Groups,Difference,double,,Difference,Derived from the complete unsampled exported simulation records.,Authoritative PERT Input.docx or GERT nput.docx.,,Blank only when the field is not applicable to the record.,"Supporting identifier, audit, or reconciliation field.",
01_Input_and_Metadata::Probability Groups,01_Input_and_Metadata.xlsx,Probability Groups,Valid,bool,,Valid,Directly exported value.,Authoritative PERT Input.docx or GERT nput.docx.,0; 1,Blank only when the field is not applicable to the record.,"Supporting identifier, audit, or reconciliation field.",
01_Input_and_Metadata::Probability Groups,01_Input_and_Metadata.xlsx,Probability Groups,Arc_Tags,string,,Arc Tags,Directly exported value.,Authoritative PERT Input.docx or GERT nput.docx.,,Blank only when the field is not applicable to the record.,"Supporting identifier, audit, or reconciliation field.",
01_Input_and_Metadata::Loop Register,01_Input_and_Metadata.xlsx,Loop Register,Loop_ID,string,identifier,Loop ID,Directly exported value.,Authoritative PERT Input.docx or GERT nput.docx.,,Blank only when the field is not applicable to the record.,Candidate predictor or response for later analysis.,
01_Input_and_Metadata::Loop Register,01_Input_and_Metadata.xlsx,Loop Register,Arc_Tag,string,,Arc Tag,Directly exported value.,Authoritative PERT Input.docx or GERT nput.docx.,,Blank only when the field is not applicable to the record.,"Supporting identifier, audit, or reconciliation field.",
01_Input_and_Metadata::Loop Register,01_Input_and_Metadata.xlsx,Loop Register,From_Node,string,,From Node,Directly exported value.,Authoritative PERT Input.docx or GERT nput.docx.,,Blank only when the field is not applicable to the record.,Candidate predictor or response for later analysis.,
01_Input_and_Metadata::Loop Register,01_Input_and_Metadata.xlsx,Loop Register,To_Node,string,,To Node,Directly exported value.,Authoritative PERT Input.docx or GERT nput.docx.,,Blank only when the field is not applicable to the record.,Candidate predictor or response for later analysis.,
01_Input_and_Metadata::Loop Register,01_Input_and_Metadata.xlsx,Loop Register,Loop_Cap,int64,,Loop Cap,Directly exported value.,Authoritative PERT Input.docx or GERT nput.docx.,,Blank only when the field is not applicable to the record.,Candidate predictor or response for later analysis.,
01_Input_and_Metadata::Loop Register,01_Input_and_Metadata.xlsx,Loop Register,Rule,string,,Rule,Directly exported value.,Authoritative PERT Input.docx or GERT nput.docx.,,Blank only when the field is not applicable to the record.,"Supporting identifier, audit, or reconciliation field.",
01_Input_and_Metadata::Loop Register,01_Input_and_Metadata.xlsx,Loop Register,Valid,bool,,Valid,Directly exported value.,Authoritative PERT Input.docx or GERT nput.docx.,0; 1,Blank only when the field is not applicable to the record.,"Supporting identifier, audit, or reconciliation field.",
01_Input_and_Metadata::Parameter Register,01_Input_and_Metadata.xlsx,Parameter Register,Parameter_ID,string,identifier,Parameter ID,Directly exported value.,Authoritative PERT Input.docx or GERT nput.docx.,,Blank only when the field is not applicable to the record.,Candidate predictor or response for later analysis.,
01_Input_and_Metadata::Parameter Register,01_Input_and_Metadata.xlsx,Parameter Register,Model,string,,Model,Directly exported value.,Authoritative PERT Input.docx or GERT nput.docx.,,Blank only when the field is not applicable to the record.,Candidate predictor or response for later analysis.,
01_Input_and_Metadata::Parameter Register,01_Input_and_Metadata.xlsx,Parameter Register,Entity_Type,string,,Entity Type,Directly exported value.,Authoritative PERT Input.docx or GERT nput.docx.,,Blank only when the field is not applicable to the record.,Candidate predictor or response for later analysis.,
01_Input_and_Metadata::Parameter Register,01_Input_and_Metadata.xlsx,Parameter Register,Entity_ID,string,identifier,Entity ID,Directly exported value.,Authoritative PERT Input.docx or GERT nput.docx.,,Blank only when the field is not applicable to the record.,"Supporting identifier, audit, or reconciliation field.",
01_Input_and_Metadata::Parameter Register,01_Input_and_Metadata.xlsx,Parameter Register,Parameter_Name,string,,Parameter Name,Directly exported value.,Authoritative PERT Input.docx or GERT nput.docx.,,Blank only when the field is not applicable to the record.,Candidate predictor or response for later analysis.,
01_Input_and_Metadata::Parameter Register,01_Input_and_Metadata.xlsx,Parameter Register,Baseline_Value,double,,Baseline Value,Directly exported value.,Authoritative PERT Input.docx or GERT nput.docx.,,Blank only when the field is not applicable to the record.,"Supporting identifier, audit, or reconciliation field.",
01_Input_and_Metadata::Parameter Register,01_Input_and_Metadata.xlsx,Parameter Register,Data_Type,string,,Data Type,Directly exported value.,Authoritative PERT Input.docx or GERT nput.docx.,,Blank only when the field is not applicable to the record.,Candidate predictor or response for later analysis.,
01_Input_and_Metadata::Parameter Register,01_Input_and_Metadata.xlsx,Parameter Register,Unit,string,,Unit,Directly exported value.,Authoritative PERT Input.docx or GERT nput.docx.,,Blank only when the field is not applicable to the record.,"Supporting identifier, audit, or reconciliation field.",
01_Input_and_Metadata::Parameter Register,01_Input_and_Metadata.xlsx,Parameter Register,Allowed_Minimum,double,,Allowed Minimum,Directly exported value.,Authoritative PERT Input.docx or GERT nput.docx.,,Blank only when the field is not applicable to the record.,Candidate predictor or response for later analysis.,
01_Input_and_Metadata::Parameter Register,01_Input_and_Metadata.xlsx,Parameter Register,Allowed_Maximum,double,,Allowed Maximum,Directly exported value.,Authoritative PERT Input.docx or GERT nput.docx.,,Blank only when the field is not applicable to the record.,Candidate predictor or response for later analysis.,
01_Input_and_Metadata::Parameter Register,01_Input_and_Metadata.xlsx,Parameter Register,Constraint_Group,string,,Constraint Group,Directly exported value.,Authoritative PERT Input.docx or GERT nput.docx.,,Blank only when the field is not applicable to the record.,Candidate predictor or response for later analysis.,
01_Input_and_Metadata::Parameter Register,01_Input_and_Metadata.xlsx,Parameter Register,Constraint_Rule,string,,Constraint Rule,Directly exported value.,Authoritative PERT Input.docx or GERT nput.docx.,,Blank only when the field is not applicable to the record.,Candidate predictor or response for later analysis.,
01_Input_and_Metadata::Parameter Register,01_Input_and_Metadata.xlsx,Parameter Register,Sensitivity_Eligible,bool,,Sensitivity Eligible,Directly exported value.,Authoritative PERT Input.docx or GERT nput.docx.,0; 1,Blank only when the field is not applicable to the record.,"Supporting identifier, audit, or reconciliation field.",
01_Input_and_Metadata::Parameter Register,01_Input_and_Metadata.xlsx,Parameter Register,Sensitivity_Method,string,,Sensitivity Method,Directly exported value.,Authoritative PERT Input.docx or GERT nput.docx.,,Blank only when the field is not applicable to the record.,Candidate predictor or response for later analysis.,
01_Input_and_Metadata::Parameter Register,01_Input_and_Metadata.xlsx,Parameter Register,Notes,string,,Notes,Directly exported value.,Authoritative PERT Input.docx or GERT nput.docx.,,Blank only when the field is not applicable to the record.,Candidate predictor or response for later analysis.,
01_Input_and_Metadata::Input Audit,01_Input_and_Metadata.xlsx,Input Audit,Test,string,,Test,Directly exported value.,Authoritative PERT Input.docx or GERT nput.docx.,,Blank only when the field is not applicable to the record.,"Supporting identifier, audit, or reconciliation field.",
01_Input_and_Metadata::Input Audit,01_Input_and_Metadata.xlsx,Input Audit,Status,string,,Status,Directly exported value.,Authoritative PERT Input.docx or GERT nput.docx.,,Blank only when the field is not applicable to the record.,"Supporting identifier, audit, or reconciliation field.",
01_Input_and_Metadata::Input Audit,01_Input_and_Metadata.xlsx,Input Audit,Detail,string,,Detail,Directly exported value.,Authoritative PERT Input.docx or GERT nput.docx.,,Blank only when the field is not applicable to the record.,"Supporting identifier, audit, or reconciliation field.",
01_Input_and_Metadata::Software Versions,01_Input_and_Metadata.xlsx,Software Versions,Component,string,,Component,Directly exported value.,Fresh seeded simulation from authoritative Word inputs.,,Blank only when the field is not applicable to the record.,Candidate predictor or response for later analysis.,
01_Input_and_Metadata::Software Versions,01_Input_and_Metadata.xlsx,Software Versions,Version,string,,Version,Directly exported value.,Fresh seeded simulation from authoritative Word inputs.,,Blank only when the field is not applicable to the record.,Candidate predictor or response for later analysis.,
01_Input_and_Metadata::Random Streams,01_Input_and_Metadata.xlsx,Random Streams,Stream_Name,string,,Stream Name,Directly exported value.,Fresh seeded simulation from authoritative Word inputs.,,Blank only when the field is not applicable to the record.,"Supporting identifier, audit, or reconciliation field.",
01_Input_and_Metadata::Random Streams,01_Input_and_Metadata.xlsx,Random Streams,Entropy,int64,,Entropy,Directly exported value.,Fresh seeded simulation from authoritative Word inputs.,,Blank only when the field is not applicable to the record.,Candidate predictor or response for later analysis.,
01_Input_and_Metadata::Random Streams,01_Input_and_Metadata.xlsx,Random Streams,Spawn_Key,string,,Spawn Key,Directly exported value.,Fresh seeded simulation from authoritative Word inputs.,,Blank only when the field is not applicable to the record.,Candidate predictor or response for later analysis.,
01_Input_and_Metadata::Random Streams,01_Input_and_Metadata.xlsx,Random Streams,Pool_Size,int64,,Pool Size,Directly exported value.,Fresh seeded simulation from authoritative Word inputs.,,Blank only when the field is not applicable to the record.,Candidate predictor or response for later analysis.,
01_Input_and_Metadata::Random Streams,01_Input_and_Metadata.xlsx,Random Streams,Generator,string,,Generator,Directly exported value.,Fresh seeded simulation from authoritative Word inputs.,,Blank only when the field is not applicable to the record.,Candidate predictor or response for later analysis.,
02_PERT_Raw_Data::PERT Iterations Wide,02_PERT_Raw_Data.xlsx,PERT Iterations Wide,Iteration_ID,int64,identifier,One-based Monte Carlo iteration identifier.,Directly exported value.,Fresh seeded simulation from authoritative Word inputs.,,Blank only when the field is not applicable to the record.,Candidate predictor or response for later analysis.,
02_PERT_Raw_Data::PERT Iterations Wide,02_PERT_Raw_Data.xlsx,PERT Iterations Wide,Root_Seed,int64,,Root Seed,Directly exported value.,Fresh seeded simulation from authoritative Word inputs.,,Blank only when the field is not applicable to the record.,Candidate predictor or response for later analysis.,
02_PERT_Raw_Data::PERT Iterations Wide,02_PERT_Raw_Data.xlsx,PERT Iterations Wide,Run_ID,string,identifier,Run ID,Directly exported value.,Fresh seeded simulation from authoritative Word inputs.,,Blank only when the field is not applicable to the record.,"Supporting identifier, audit, or reconciliation field.",
02_PERT_Raw_Data::PERT Iterations Wide,02_PERT_Raw_Data.xlsx,PERT Iterations Wide,e12_Y,double,,e12 Y,Directly exported value.,Fresh seeded simulation from authoritative Word inputs.,,Blank only when the field is not applicable to the record.,"Supporting identifier, audit, or reconciliation field.",
02_PERT_Raw_Data::PERT Iterations Wide,02_PERT_Raw_Data.xlsx,PERT Iterations Wide,e12_Raw,double,days,e12 Raw,Directly exported value.,Fresh seeded simulation from authoritative Word inputs.,,Blank only when the field is not applicable to the record.,"Supporting identifier, audit, or reconciliation field.",
02_PERT_Raw_Data::PERT Iterations Wide,02_PERT_Raw_Data.xlsx,PERT Iterations Wide,e12_Rounded,int64,days,e12 Rounded,Directly exported value.,Fresh seeded simulation from authoritative Word inputs.,,Blank only when the field is not applicable to the record.,Candidate predictor or response for later analysis.,
02_PERT_Raw_Data::PERT Iterations Wide,02_PERT_Raw_Data.xlsx,PERT Iterations Wide,e23_Y,double,,e23 Y,Directly exported value.,Fresh seeded simulation from authoritative Word inputs.,,Blank only when the field is not applicable to the record.,"Supporting identifier, audit, or reconciliation field.",
02_PERT_Raw_Data::PERT Iterations Wide,02_PERT_Raw_Data.xlsx,PERT Iterations Wide,e23_Raw,double,days,e23 Raw,Directly exported value.,Fresh seeded simulation from authoritative Word inputs.,,Blank only when the field is not applicable to the record.,"Supporting identifier, audit, or reconciliation field.",
02_PERT_Raw_Data::PERT Iterations Wide,02_PERT_Raw_Data.xlsx,PERT Iterations Wide,e23_Rounded,int64,days,e23 Rounded,Directly exported value.,Fresh seeded simulation from authoritative Word inputs.,,Blank only when the field is not applicable to the record.,Candidate predictor or response for later analysis.,
02_PERT_Raw_Data::PERT Iterations Wide,02_PERT_Raw_Data.xlsx,PERT Iterations Wide,e34_Y,double,,e34 Y,Directly exported value.,Fresh seeded simulation from authoritative Word inputs.,,Blank only when the field is not applicable to the record.,"Supporting identifier, audit, or reconciliation field.",
02_PERT_Raw_Data::PERT Iterations Wide,02_PERT_Raw_Data.xlsx,PERT Iterations Wide,e34_Raw,double,days,e34 Raw,Directly exported value.,Fresh seeded simulation from authoritative Word inputs.,,Blank only when the field is not applicable to the record.,"Supporting identifier, audit, or reconciliation field.",
02_PERT_Raw_Data::PERT Iterations Wide,02_PERT_Raw_Data.xlsx,PERT Iterations Wide,e34_Rounded,int64,days,e34 Rounded,Directly exported value.,Fresh seeded simulation from authoritative Word inputs.,,Blank only when the field is not applicable to the record.,Candidate predictor or response for later analysis.,
02_PERT_Raw_Data::PERT Iterations Wide,02_PERT_Raw_Data.xlsx,PERT Iterations Wide,e45_Y,double,,e45 Y,Directly exported value.,Fresh seeded simulation from authoritative Word inputs.,,Blank only when the field is not applicable to the record.,"Supporting identifier, audit, or reconciliation field.",
02_PERT_Raw_Data::PERT Iterations Wide,02_PERT_Raw_Data.xlsx,PERT Iterations Wide,e45_Raw,double,days,e45 Raw,Directly exported value.,Fresh seeded simulation from authoritative Word inputs.,,Blank only when the field is not applicable to the record.,"Supporting identifier, audit, or reconciliation field.",
02_PERT_Raw_Data::PERT Iterations Wide,02_PERT_Raw_Data.xlsx,PERT Iterations Wide,e45_Rounded,int64,days,e45 Rounded,Directly exported value.,Fresh seeded simulation from authoritative Word inputs.,,Blank only when the field is not applicable to the record.,Candidate predictor or response for later analysis.,
02_PERT_Raw_Data::PERT Iterations Wide,02_PERT_Raw_Data.xlsx,PERT Iterations Wide,e56_Y,double,,e56 Y,Directly exported value.,Fresh seeded simulation from authoritative Word inputs.,,Blank only when the field is not applicable to the record.,"Supporting identifier, audit, or reconciliation field.",
02_PERT_Raw_Data::PERT Iterations Wide,02_PERT_Raw_Data.xlsx,PERT Iterations Wide,e56_Raw,double,days,e56 Raw,Directly exported value.,Fresh seeded simulation from authoritative Word inputs.,,Blank only when the field is not applicable to the record.,"Supporting identifier, audit, or reconciliation field.",
02_PERT_Raw_Data::PERT Iterations Wide,02_PERT_Raw_Data.xlsx,PERT Iterations Wide,e56_Rounded,int64,days,e56 Rounded,Directly exported value.,Fresh seeded simulation from authoritative Word inputs.,,Blank only when the field is not applicable to the record.,Candidate predictor or response for later analysis.,
02_PERT_Raw_Data::PERT Iterations Wide,02_PERT_Raw_Data.xlsx,PERT Iterations Wide,e67_Y,double,,e67 Y,Directly exported value.,Fresh seeded simulation from authoritative Word inputs.,,Blank only when the field is not applicable to the record.,"Supporting identifier, audit, or reconciliation field.",
02_PERT_Raw_Data::PERT Iterations Wide,02_PERT_Raw_Data.xlsx,PERT Iterations Wide,e67_Raw,double,days,e67 Raw,Directly exported value.,Fresh seeded simulation from authoritative Word inputs.,,Blank only when the field is not applicable to the record.,"Supporting identifier, audit, or reconciliation field.",
02_PERT_Raw_Data::PERT Iterations Wide,02_PERT_Raw_Data.xlsx,PERT Iterations Wide,e67_Rounded,int64,days,e67 Rounded,Directly exported value.,Fresh seeded simulation from authoritative Word inputs.,,Blank only when the field is not applicable to the record.,Candidate predictor or response for later analysis.,
02_PERT_Raw_Data::PERT Iterations Wide,02_PERT_Raw_Data.xlsx,PERT Iterations Wide,Total_Raw_Duration,double,days,Sum of unrounded stochastic durations for the iteration.,Directly exported value.,Fresh seeded simulation from authoritative Word inputs.,,Blank only when the field is not applicable to the record.,Candidate predictor or response for later analysis.,
02_PERT_Raw_Data::PERT Iterations Wide,02_PERT_Raw_Data.xlsx,PERT Iterations Wide,Total_Rounded_Duration,int64,days,Sum of individually ceiling-rounded stochastic durations for the iteration.,Directly exported value.,Fresh seeded simulation from authoritative Word inputs.,,Blank only when the field is not applicable to the record.,Candidate predictor or response for later analysis.,
02_PERT_Raw_Data::PERT Iterations Wide,02_PERT_Raw_Data.xlsx,PERT Iterations Wide,Reconciled,bool,,Reconciled,Directly exported value.,Fresh seeded simulation from authoritative Word inputs.,0; 1,Blank only when the field is not applicable to the record.,Candidate predictor or response for later analysis.,
02_PERT_Raw_Data::PERT Iterations Wide,02_PERT_Raw_Data.xlsx,PERT Iterations Wide,Reconciliation_Error,string,,Reconciliation Error,Directly exported value.,Fresh seeded simulation from authoritative Word inputs.,,Blank only when the field is not applicable to the record.,Candidate predictor or response for later analysis.,
02_PERT_Raw_Data::PERT Durations Long,02_PERT_Raw_Data.xlsx,PERT Durations Long,Iteration_ID,int64,identifier,One-based Monte Carlo iteration identifier.,Directly exported value.,Fresh seeded simulation from authoritative Word inputs.,,Blank only when the field is not applicable to the record.,Candidate predictor or response for later analysis.,
02_PERT_Raw_Data::PERT Durations Long,02_PERT_Raw_Data.xlsx,PERT Durations Long,Sequence,int64,,Sequence,Directly exported value.,Fresh seeded simulation from authoritative Word inputs.,,Blank only when the field is not applicable to the record.,"Supporting identifier, audit, or reconciliation field.",
02_PERT_Raw_Data::PERT Durations Long,02_PERT_Raw_Data.xlsx,PERT Durations Long,Activity_ID,string,identifier,Activity ID,Directly exported value.,Fresh seeded simulation from authoritative Word inputs.,,Blank only when the field is not applicable to the record.,"Supporting identifier, audit, or reconciliation field.",
02_PERT_Raw_Data::PERT Durations Long,02_PERT_Raw_Data.xlsx,PERT Durations Long,Activity_Name,string,,Activity Name,Directly exported value.,Fresh seeded simulation from authoritative Word inputs.,,Blank only when the field is not applicable to the record.,"Supporting identifier, audit, or reconciliation field.",
02_PERT_Raw_Data::PERT Durations Long,02_PERT_Raw_Data.xlsx,PERT Durations Long,O,double,,O,Directly exported value.,Fresh seeded simulation from authoritative Word inputs.,,Blank only when the field is not applicable to the record.,Candidate predictor or response for later analysis.,
02_PERT_Raw_Data::PERT Durations Long,02_PERT_Raw_Data.xlsx,PERT Durations Long,ML,double,,ML,Directly exported value.,Fresh seeded simulation from authoritative Word inputs.,,Blank only when the field is not applicable to the record.,Candidate predictor or response for later analysis.,
02_PERT_Raw_Data::PERT Durations Long,02_PERT_Raw_Data.xlsx,PERT Durations Long,P,double,,P,Directly exported value.,Fresh seeded simulation from authoritative Word inputs.,,Blank only when the field is not applicable to the record.,Candidate predictor or response for later analysis.,
02_PERT_Raw_Data::PERT Durations Long,02_PERT_Raw_Data.xlsx,PERT Durations Long,Alpha,double,,Alpha,Directly exported value.,Fresh seeded simulation from authoritative Word inputs.,,Blank only when the field is not applicable to the record.,Candidate predictor or response for later analysis.,
02_PERT_Raw_Data::PERT Durations Long,02_PERT_Raw_Data.xlsx,PERT Durations Long,Beta,double,,Beta,Directly exported value.,Fresh seeded simulation from authoritative Word inputs.,,Blank only when the field is not applicable to the record.,"Supporting identifier, audit, or reconciliation field.",
02_PERT_Raw_Data::PERT Durations Long,02_PERT_Raw_Data.xlsx,PERT Durations Long,Beta_Y,double,dimensionless,Beta Y,Directly exported value.,Fresh seeded simulation from authoritative Word inputs.,,Blank only when the field is not applicable to the record.,"Supporting identifier, audit, or reconciliation field.",
02_PERT_Raw_Data::PERT Durations Long,02_PERT_Raw_Data.xlsx,PERT Durations Long,Raw_Duration,double,days,Raw Duration,Directly exported value.,Fresh seeded simulation from authoritative Word inputs.,,Blank only when the field is not applicable to the record.,Candidate predictor or response for later analysis.,
02_PERT_Raw_Data::PERT Durations Long,02_PERT_Raw_Data.xlsx,PERT Durations Long,Rounded_Duration,int64,days,Rounded Duration,Directly exported value.,Fresh seeded simulation from authoritative Word inputs.,,Blank only when the field is not applicable to the record.,Candidate predictor or response for later analysis.,
02_PERT_Raw_Data::PERT Durations Long,02_PERT_Raw_Data.xlsx,PERT Durations Long,Total_Duration,int64,days,Sum of individually ceiling-rounded stochastic durations for the iteration.,Directly exported value.,Fresh seeded simulation from authoritative Word inputs.,,Blank only when the field is not applicable to the record.,Candidate predictor or response for later analysis.,
02_PERT_Raw_Data::PERT Durations Long,02_PERT_Raw_Data.xlsx,PERT Durations Long,Contribution_Share,double,,Contribution Share,Directly exported value.,Fresh seeded simulation from authoritative Word inputs.,,Blank only when the field is not applicable to the record.,Candidate predictor or response for later analysis.,
02_PERT_Raw_Data::PERT Raw Beta Samples,02_PERT_Raw_Data.xlsx,PERT Raw Beta Samples,Iteration_ID,int64,identifier,One-based Monte Carlo iteration identifier.,Directly exported value.,Fresh seeded simulation from authoritative Word inputs.,,Blank only when the field is not applicable to the record.,Candidate predictor or response for later analysis.,
02_PERT_Raw_Data::PERT Raw Beta Samples,02_PERT_Raw_Data.xlsx,PERT Raw Beta Samples,Sequence,int64,,Sequence,Directly exported value.,Fresh seeded simulation from authoritative Word inputs.,,Blank only when the field is not applicable to the record.,"Supporting identifier, audit, or reconciliation field.",
02_PERT_Raw_Data::PERT Raw Beta Samples,02_PERT_Raw_Data.xlsx,PERT Raw Beta Samples,Activity_ID,string,identifier,Activity ID,Directly exported value.,Fresh seeded simulation from authoritative Word inputs.,,Blank only when the field is not applicable to the record.,"Supporting identifier, audit, or reconciliation field.",
02_PERT_Raw_Data::PERT Raw Beta Samples,02_PERT_Raw_Data.xlsx,PERT Raw Beta Samples,Beta_Y,double,dimensionless,Beta Y,Directly exported value.,Fresh seeded simulation from authoritative Word inputs.,,Blank only when the field is not applicable to the record.,"Supporting identifier, audit, or reconciliation field.",
02_PERT_Raw_Data::PERT Raw Beta Samples,02_PERT_Raw_Data.xlsx,PERT Raw Beta Samples,Alpha,double,,Alpha,Directly exported value.,Fresh seeded simulation from authoritative Word inputs.,,Blank only when the field is not applicable to the record.,Candidate predictor or response for later analysis.,
02_PERT_Raw_Data::PERT Raw Beta Samples,02_PERT_Raw_Data.xlsx,PERT Raw Beta Samples,Beta,double,,Beta,Directly exported value.,Fresh seeded simulation from authoritative Word inputs.,,Blank only when the field is not applicable to the record.,"Supporting identifier, audit, or reconciliation field.",
02_PERT_Raw_Data::PERT Reconciliation,02_PERT_Raw_Data.xlsx,PERT Reconciliation,Iteration_ID,int64,identifier,One-based Monte Carlo iteration identifier.,Directly exported value.,Fresh seeded simulation from authoritative Word inputs.,,Blank only when the field is not applicable to the record.,Candidate predictor or response for later analysis.,
02_PERT_Raw_Data::PERT Reconciliation,02_PERT_Raw_Data.xlsx,PERT Reconciliation,Rounded_Component_Sum,int64,,Rounded Component Sum,Directly exported value.,Fresh seeded simulation from authoritative Word inputs.,,Blank only when the field is not applicable to the record.,Candidate predictor or response for later analysis.,
02_PERT_Raw_Data::PERT Reconciliation,02_PERT_Raw_Data.xlsx,PERT Reconciliation,Recorded_Total,int64,,Recorded Total,Directly exported value.,Fresh seeded simulation from authoritative Word inputs.,,Blank only when the field is not applicable to the record.,Candidate predictor or response for later analysis.,
02_PERT_Raw_Data::PERT Reconciliation,02_PERT_Raw_Data.xlsx,PERT Reconciliation,Difference,int64,,Difference,Derived from the complete unsampled exported simulation records.,Fresh seeded simulation from authoritative Word inputs.,,Blank only when the field is not applicable to the record.,"Supporting identifier, audit, or reconciliation field.",
02_PERT_Raw_Data::PERT Reconciliation,02_PERT_Raw_Data.xlsx,PERT Reconciliation,Reconciled,bool,,Reconciled,Directly exported value.,Fresh seeded simulation from authoritative Word inputs.,0; 1,Blank only when the field is not applicable to the record.,Candidate predictor or response for later analysis.,
02_PERT_Raw_Data::PERT Reconciliation,02_PERT_Raw_Data.xlsx,PERT Reconciliation,Reconciliation_Error,string,,Reconciliation Error,Directly exported value.,Fresh seeded simulation from authoritative Word inputs.,,Blank only when the field is not applicable to the record.,Candidate predictor or response for later analysis.,
02_PERT_Raw_Data::PERT Analytical PMFs,02_PERT_Raw_Data.xlsx,PERT Analytical PMFs,Entity_Type,string,,Entity Type,Directly exported value.,Fresh seeded simulation from authoritative Word inputs.,,Blank only when the field is not applicable to the record.,Candidate predictor or response for later analysis.,
02_PERT_Raw_Data::PERT Analytical PMFs,02_PERT_Raw_Data.xlsx,PERT Analytical PMFs,Entity_ID,string,identifier,Entity ID,Directly exported value.,Fresh seeded simulation from authoritative Word inputs.,,Blank only when the field is not applicable to the record.,"Supporting identifier, audit, or reconciliation field.",
02_PERT_Raw_Data::PERT Analytical PMFs,02_PERT_Raw_Data.xlsx,PERT Analytical PMFs,Rounded_Duration,int64,days,Rounded Duration,Directly exported value.,Fresh seeded simulation from authoritative Word inputs.,,Blank only when the field is not applicable to the record.,Candidate predictor or response for later analysis.,
02_PERT_Raw_Data::PERT Analytical PMFs,02_PERT_Raw_Data.xlsx,PERT Analytical PMFs,Probability,double,dimensionless,Probability,Derived from the complete unsampled exported simulation records.,Fresh seeded simulation from authoritative Word inputs.,,Blank only when the field is not applicable to the record.,Candidate predictor or response for later analysis.,
02_PERT_Raw_Data::PERT Exact Moments,02_PERT_Raw_Data.xlsx,PERT Exact Moments,Entity_Type,string,,Entity Type,Directly exported value.,Independent reachable finite-state sparse verifier.,,Blank only when the field is not applicable to the record.,Candidate predictor or response for later analysis.,
02_PERT_Raw_Data::PERT Exact Moments,02_PERT_Raw_Data.xlsx,PERT Exact Moments,Entity_ID,string,identifier,Entity ID,Directly exported value.,Independent reachable finite-state sparse verifier.,,Blank only when the field is not applicable to the record.,"Supporting identifier, audit, or reconciliation field.",
02_PERT_Raw_Data::PERT Exact Moments,02_PERT_Raw_Data.xlsx,PERT Exact Moments,Exact_Mean,double,,Exact Mean,Derived from the complete unsampled exported simulation records.,Independent reachable finite-state sparse verifier.,,Blank only when the field is not applicable to the record.,"Supporting identifier, audit, or reconciliation field.",
02_PERT_Raw_Data::PERT Exact Moments,02_PERT_Raw_Data.xlsx,PERT Exact Moments,Exact_Variance,double,,Exact Variance,Directly exported value.,Independent reachable finite-state sparse verifier.,,Blank only when the field is not applicable to the record.,"Supporting identifier, audit, or reconciliation field.",
02_PERT_Raw_Data::PERT Exact Moments,02_PERT_Raw_Data.xlsx,PERT Exact Moments,Exact_SD,double,,Exact SD,Directly exported value.,Independent reachable finite-state sparse verifier.,,Blank only when the field is not applicable to the record.,"Supporting identifier, audit, or reconciliation field.",
02_PERT_Raw_Data::PERT Exact Moments,02_PERT_Raw_Data.xlsx,PERT Exact Moments,Minimum,int64,,Minimum,Directly exported value.,Independent reachable finite-state sparse verifier.,,Blank only when the field is not applicable to the record.,"Supporting identifier, audit, or reconciliation field.",
02_PERT_Raw_Data::PERT Exact Moments,02_PERT_Raw_Data.xlsx,PERT Exact Moments,Maximum,int64,,Maximum,Directly exported value.,Independent reachable finite-state sparse verifier.,,Blank only when the field is not applicable to the record.,"Supporting identifier, audit, or reconciliation field.",
03_PERT_Analysis_Ready::Iteration Matrix,03_PERT_Analysis_Ready.xlsx,Iteration Matrix,Iteration_ID,int64,identifier,One-based Monte Carlo iteration identifier.,Directly exported value.,Fresh seeded simulation from authoritative Word inputs.,,Blank only when the field is not applicable to the record.,Candidate predictor or response for later analysis.,
03_PERT_Analysis_Ready::Iteration Matrix,03_PERT_Analysis_Ready.xlsx,Iteration Matrix,e12_Rounded,int64,days,e12 Rounded,Directly exported value.,Fresh seeded simulation from authoritative Word inputs.,,Blank only when the field is not applicable to the record.,Candidate predictor or response for later analysis.,
03_PERT_Analysis_Ready::Iteration Matrix,03_PERT_Analysis_Ready.xlsx,Iteration Matrix,e23_Rounded,int64,days,e23 Rounded,Directly exported value.,Fresh seeded simulation from authoritative Word inputs.,,Blank only when the field is not applicable to the record.,Candidate predictor or response for later analysis.,
03_PERT_Analysis_Ready::Iteration Matrix,03_PERT_Analysis_Ready.xlsx,Iteration Matrix,e34_Rounded,int64,days,e34 Rounded,Directly exported value.,Fresh seeded simulation from authoritative Word inputs.,,Blank only when the field is not applicable to the record.,Candidate predictor or response for later analysis.,
03_PERT_Analysis_Ready::Iteration Matrix,03_PERT_Analysis_Ready.xlsx,Iteration Matrix,e45_Rounded,int64,days,e45 Rounded,Directly exported value.,Fresh seeded simulation from authoritative Word inputs.,,Blank only when the field is not applicable to the record.,Candidate predictor or response for later analysis.,
03_PERT_Analysis_Ready::Iteration Matrix,03_PERT_Analysis_Ready.xlsx,Iteration Matrix,e56_Rounded,int64,days,e56 Rounded,Directly exported value.,Fresh seeded simulation from authoritative Word inputs.,,Blank only when the field is not applicable to the record.,Candidate predictor or response for later analysis.,
03_PERT_Analysis_Ready::Iteration Matrix,03_PERT_Analysis_Ready.xlsx,Iteration Matrix,e67_Rounded,int64,days,e67 Rounded,Directly exported value.,Fresh seeded simulation from authoritative Word inputs.,,Blank only when the field is not applicable to the record.,Candidate predictor or response for later analysis.,
03_PERT_Analysis_Ready::Iteration Matrix,03_PERT_Analysis_Ready.xlsx,Iteration Matrix,Total_Duration,int64,days,Sum of individually ceiling-rounded stochastic durations for the iteration.,Directly exported value.,Fresh seeded simulation from authoritative Word inputs.,,Blank only when the field is not applicable to the record.,Candidate predictor or response for later analysis.,
03_PERT_Analysis_Ready::Summary Statistics,03_PERT_Analysis_Ready.xlsx,Summary Statistics,Entity_ID,string,identifier,Entity ID,Directly exported value.,Fresh seeded simulation from authoritative Word inputs.,,Blank only when the field is not applicable to the record.,"Supporting identifier, audit, or reconciliation field.",
03_PERT_Analysis_Ready::Summary Statistics,03_PERT_Analysis_Ready.xlsx,Summary Statistics,N,int64,,N,Directly exported value.,Fresh seeded simulation from authoritative Word inputs.,,Blank only when the field is not applicable to the record.,"Supporting identifier, audit, or reconciliation field.",
03_PERT_Analysis_Ready::Summary Statistics,03_PERT_Analysis_Ready.xlsx,Summary Statistics,Mean,double,,Mean,Derived from the complete unsampled exported simulation records.,Fresh seeded simulation from authoritative Word inputs.,,Blank only when the field is not applicable to the record.,"Supporting identifier, audit, or reconciliation field.",
03_PERT_Analysis_Ready::Summary Statistics,03_PERT_Analysis_Ready.xlsx,Summary Statistics,Variance,double,,Variance,Directly exported value.,Fresh seeded simulation from authoritative Word inputs.,,Blank only when the field is not applicable to the record.,"Supporting identifier, audit, or reconciliation field.",
03_PERT_Analysis_Ready::Summary Statistics,03_PERT_Analysis_Ready.xlsx,Summary Statistics,SD,double,,SD,Directly exported value.,Fresh seeded simulation from authoritative Word inputs.,,Blank only when the field is not applicable to the record.,"Supporting identifier, audit, or reconciliation field.",
03_PERT_Analysis_Ready::Summary Statistics,03_PERT_Analysis_Ready.xlsx,Summary Statistics,CV,double,dimensionless,CV,Directly exported value.,Fresh seeded simulation from authoritative Word inputs.,,Blank only when the field is not applicable to the record.,"Supporting identifier, audit, or reconciliation field.",
03_PERT_Analysis_Ready::Summary Statistics,03_PERT_Analysis_Ready.xlsx,Summary Statistics,Minimum,int64,,Minimum,Directly exported value.,Fresh seeded simulation from authoritative Word inputs.,,Blank only when the field is not applicable to the record.,"Supporting identifier, audit, or reconciliation field.",
03_PERT_Analysis_Ready::Summary Statistics,03_PERT_Analysis_Ready.xlsx,Summary Statistics,Maximum,int64,,Maximum,Directly exported value.,Fresh seeded simulation from authoritative Word inputs.,,Blank only when the field is not applicable to the record.,"Supporting identifier, audit, or reconciliation field.",
03_PERT_Analysis_Ready::Summary Statistics,03_PERT_Analysis_Ready.xlsx,Summary Statistics,P25,int64,,P25,Directly exported value.,Fresh seeded simulation from authoritative Word inputs.,,Blank only when the field is not applicable to the record.,Candidate predictor or response for later analysis.,
03_PERT_Analysis_Ready::Summary Statistics,03_PERT_Analysis_Ready.xlsx,Summary Statistics,P50,int64,,P50,Derived from the complete unsampled exported simulation records.,Fresh seeded simulation from authoritative Word inputs.,,Blank only when the field is not applicable to the record.,Candidate predictor or response for later analysis.,
03_PERT_Analysis_Ready::Summary Statistics,03_PERT_Analysis_Ready.xlsx,Summary Statistics,P75,int64,,P75,Directly exported value.,Fresh seeded simulation from authoritative Word inputs.,,Blank only when the field is not applicable to the record.,Candidate predictor or response for later analysis.,
03_PERT_Analysis_Ready::Summary Statistics,03_PERT_Analysis_Ready.xlsx,Summary Statistics,IQR,int64,,IQR,Directly exported value.,Fresh seeded simulation from authoritative Word inputs.,,Blank only when the field is not applicable to the record.,"Supporting identifier, audit, or reconciliation field.",
03_PERT_Analysis_Ready::Summary Statistics,03_PERT_Analysis_Ready.xlsx,Summary Statistics,P80,int64,,P80,Derived from the complete unsampled exported simulation records.,Fresh seeded simulation from authoritative Word inputs.,,Blank only when the field is not applicable to the record.,Candidate predictor or response for later analysis.,
03_PERT_Analysis_Ready::Summary Statistics,03_PERT_Analysis_Ready.xlsx,Summary Statistics,P90,int64,,P90,Derived from the complete unsampled exported simulation records.,Fresh seeded simulation from authoritative Word inputs.,,Blank only when the field is not applicable to the record.,Candidate predictor or response for later analysis.,
03_PERT_Analysis_Ready::Summary Statistics,03_PERT_Analysis_Ready.xlsx,Summary Statistics,P95,int64,,P95,Derived from the complete unsampled exported simulation records.,Fresh seeded simulation from authoritative Word inputs.,,Blank only when the field is not applicable to the record.,Candidate predictor or response for later analysis.,
03_PERT_Analysis_Ready::Summary Statistics,03_PERT_Analysis_Ready.xlsx,Summary Statistics,P99,int64,,P99,Derived from the complete unsampled exported simulation records.,Fresh seeded simulation from authoritative Word inputs.,,Blank only when the field is not applicable to the record.,Candidate predictor or response for later analysis.,
03_PERT_Analysis_Ready::P1-P99,03_PERT_Analysis_Ready.xlsx,P1-P99,Percentile,int64,,Percentile,Derived from the complete unsampled exported simulation records.,Fresh seeded simulation from authoritative Word inputs.,,Blank only when the field is not applicable to the record.,Candidate predictor or response for later analysis.,
03_PERT_Analysis_Ready::P1-P99,03_PERT_Analysis_Ready.xlsx,P1-P99,Nearest_Rank_Value,int64,,Nearest Rank Value,Derived from the complete unsampled exported simulation records.,Fresh seeded simulation from authoritative Word inputs.,,Blank only when the field is not applicable to the record.,"Supporting identifier, audit, or reconciliation field.",
03_PERT_Analysis_Ready::ECDF,03_PERT_Analysis_Ready.xlsx,ECDF,Duration,int64,days,Duration,Directly exported value.,Fresh seeded simulation from authoritative Word inputs.,,Blank only when the field is not applicable to the record.,Candidate predictor or response for later analysis.,
03_PERT_Analysis_Ready::ECDF,03_PERT_Analysis_Ready.xlsx,ECDF,Frequency,int64,count,Frequency,Derived from the complete unsampled exported simulation records.,Fresh seeded simulation from authoritative Word inputs.,,Blank only when the field is not applicable to the record.,"Supporting identifier, audit, or reconciliation field.",
03_PERT_Analysis_Ready::ECDF,03_PERT_Analysis_Ready.xlsx,ECDF,Cumulative_Frequency,int64,,Cumulative Frequency,Derived from the complete unsampled exported simulation records.,Fresh seeded simulation from authoritative Word inputs.,,Blank only when the field is not applicable to the record.,"Supporting identifier, audit, or reconciliation field.",
03_PERT_Analysis_Ready::ECDF,03_PERT_Analysis_Ready.xlsx,ECDF,ECDF,double,,ECDF,Directly exported value.,Fresh seeded simulation from authoritative Word inputs.,,Blank only when the field is not applicable to the record.,"Supporting identifier, audit, or reconciliation field.",
03_PERT_Analysis_Ready::Histogram Data,03_PERT_Analysis_Ready.xlsx,Histogram Data,Duration,int64,days,Duration,Directly exported value.,Fresh seeded simulation from authoritative Word inputs.,,Blank only when the field is not applicable to the record.,Candidate predictor or response for later analysis.,
03_PERT_Analysis_Ready::Histogram Data,03_PERT_Analysis_Ready.xlsx,Histogram Data,Frequency,int64,count,Frequency,Derived from the complete unsampled exported simulation records.,Fresh seeded simulation from authoritative Word inputs.,,Blank only when the field is not applicable to the record.,"Supporting identifier, audit, or reconciliation field.",
03_PERT_Analysis_Ready::Histogram Data,03_PERT_Analysis_Ready.xlsx,Histogram Data,Relative_Frequency,double,,Relative Frequency,Derived from the complete unsampled exported simulation records.,Fresh seeded simulation from authoritative Word inputs.,,Blank only when the field is not applicable to the record.,"Supporting identifier, audit, or reconciliation field.",
03_PERT_Analysis_Ready::Activity Statistics,03_PERT_Analysis_Ready.xlsx,Activity Statistics,Activity_ID,string,identifier,Activity ID,Directly exported value.,Fresh seeded simulation from authoritative Word inputs.,,Blank only when the field is not applicable to the record.,"Supporting identifier, audit, or reconciliation field.",
03_PERT_Analysis_Ready::Activity Statistics,03_PERT_Analysis_Ready.xlsx,Activity Statistics,Activity_Name,string,,Activity Name,Directly exported value.,Fresh seeded simulation from authoritative Word inputs.,,Blank only when the field is not applicable to the record.,"Supporting identifier, audit, or reconciliation field.",
03_PERT_Analysis_Ready::Activity Statistics,03_PERT_Analysis_Ready.xlsx,Activity Statistics,O,double,,O,Directly exported value.,Fresh seeded simulation from authoritative Word inputs.,,Blank only when the field is not applicable to the record.,Candidate predictor or response for later analysis.,
03_PERT_Analysis_Ready::Activity Statistics,03_PERT_Analysis_Ready.xlsx,Activity Statistics,ML,double,,ML,Directly exported value.,Fresh seeded simulation from authoritative Word inputs.,,Blank only when the field is not applicable to the record.,Candidate predictor or response for later analysis.,
03_PERT_Analysis_Ready::Activity Statistics,03_PERT_Analysis_Ready.xlsx,Activity Statistics,P,double,,P,Directly exported value.,Fresh seeded simulation from authoritative Word inputs.,,Blank only when the field is not applicable to the record.,Candidate predictor or response for later analysis.,
03_PERT_Analysis_Ready::Activity Statistics,03_PERT_Analysis_Ready.xlsx,Activity Statistics,Alpha,double,,Alpha,Directly exported value.,Fresh seeded simulation from authoritative Word inputs.,,Blank only when the field is not applicable to the record.,Candidate predictor or response for later analysis.,
03_PERT_Analysis_Ready::Activity Statistics,03_PERT_Analysis_Ready.xlsx,Activity Statistics,Beta,double,,Beta,Directly exported value.,Fresh seeded simulation from authoritative Word inputs.,,Blank only when the field is not applicable to the record.,"Supporting identifier, audit, or reconciliation field.",
03_PERT_Analysis_Ready::Activity Statistics,03_PERT_Analysis_Ready.xlsx,Activity Statistics,Exact_Rounded_Mean,double,days,Exact Rounded Mean,Derived from the complete unsampled exported simulation records.,Fresh seeded simulation from authoritative Word inputs.,,Blank only when the field is not applicable to the record.,Candidate predictor or response for later analysis.,
03_PERT_Analysis_Ready::Activity Statistics,03_PERT_Analysis_Ready.xlsx,Activity Statistics,Simulated_Mean,double,,Simulated Mean,Derived from the complete unsampled exported simulation records.,Fresh seeded simulation from authoritative Word inputs.,,Blank only when the field is not applicable to the record.,"Supporting identifier, audit, or reconciliation field.",
03_PERT_Analysis_Ready::Activity Statistics,03_PERT_Analysis_Ready.xlsx,Activity Statistics,Simulated_SD,double,,Simulated SD,Directly exported value.,Fresh seeded simulation from authoritative Word inputs.,,Blank only when the field is not applicable to the record.,"Supporting identifier, audit, or reconciliation field.",
03_PERT_Analysis_Ready::Activity Statistics,03_PERT_Analysis_Ready.xlsx,Activity Statistics,Minimum,int64,,Minimum,Directly exported value.,Fresh seeded simulation from authoritative Word inputs.,,Blank only when the field is not applicable to the record.,"Supporting identifier, audit, or reconciliation field.",
03_PERT_Analysis_Ready::Activity Statistics,03_PERT_Analysis_Ready.xlsx,Activity Statistics,Maximum,int64,,Maximum,Directly exported value.,Fresh seeded simulation from authoritative Word inputs.,,Blank only when the field is not applicable to the record.,"Supporting identifier, audit, or reconciliation field.",
03_PERT_Analysis_Ready::Correlation Matrix,03_PERT_Analysis_Ready.xlsx,Correlation Matrix,Variable,string,,Variable,Directly exported value.,Fresh seeded simulation from authoritative Word inputs.,,Blank only when the field is not applicable to the record.,"Supporting identifier, audit, or reconciliation field.",
03_PERT_Analysis_Ready::Correlation Matrix,03_PERT_Analysis_Ready.xlsx,Correlation Matrix,e12,double,,e12,Directly exported value.,Fresh seeded simulation from authoritative Word inputs.,,Blank only when the field is not applicable to the record.,"Supporting identifier, audit, or reconciliation field.",
03_PERT_Analysis_Ready::Correlation Matrix,03_PERT_Analysis_Ready.xlsx,Correlation Matrix,e23,double,,e23,Directly exported value.,Fresh seeded simulation from authoritative Word inputs.,,Blank only when the field is not applicable to the record.,"Supporting identifier, audit, or reconciliation field.",
03_PERT_Analysis_Ready::Correlation Matrix,03_PERT_Analysis_Ready.xlsx,Correlation Matrix,e34,double,,e34,Directly exported value.,Fresh seeded simulation from authoritative Word inputs.,,Blank only when the field is not applicable to the record.,"Supporting identifier, audit, or reconciliation field.",
03_PERT_Analysis_Ready::Correlation Matrix,03_PERT_Analysis_Ready.xlsx,Correlation Matrix,e45,double,,e45,Directly exported value.,Fresh seeded simulation from authoritative Word inputs.,,Blank only when the field is not applicable to the record.,"Supporting identifier, audit, or reconciliation field.",
03_PERT_Analysis_Ready::Correlation Matrix,03_PERT_Analysis_Ready.xlsx,Correlation Matrix,e56,double,,e56,Directly exported value.,Fresh seeded simulation from authoritative Word inputs.,,Blank only when the field is not applicable to the record.,"Supporting identifier, audit, or reconciliation field.",
03_PERT_Analysis_Ready::Correlation Matrix,03_PERT_Analysis_Ready.xlsx,Correlation Matrix,e67,double,,e67,Directly exported value.,Fresh seeded simulation from authoritative Word inputs.,,Blank only when the field is not applicable to the record.,"Supporting identifier, audit, or reconciliation field.",
03_PERT_Analysis_Ready::Correlation Matrix,03_PERT_Analysis_Ready.xlsx,Correlation Matrix,Total_Duration,double,days,Sum of individually ceiling-rounded stochastic durations for the iteration.,Directly exported value.,Fresh seeded simulation from authoritative Word inputs.,,Blank only when the field is not applicable to the record.,Candidate predictor or response for later analysis.,
03_PERT_Analysis_Ready::Spearman Sensitivity,03_PERT_Analysis_Ready.xlsx,Spearman Sensitivity,Activity_ID,string,identifier,Activity ID,Directly exported value.,Fresh seeded simulation from authoritative Word inputs.,,Blank only when the field is not applicable to the record.,"Supporting identifier, audit, or reconciliation field.",
03_PERT_Analysis_Ready::Spearman Sensitivity,03_PERT_Analysis_Ready.xlsx,Spearman Sensitivity,Spearman_Rho,double,,Spearman Rho,Derived from the complete unsampled exported simulation records.,Fresh seeded simulation from authoritative Word inputs.,,Blank only when the field is not applicable to the record.,Candidate predictor or response for later analysis.,
03_PERT_Analysis_Ready::Spearman Sensitivity,03_PERT_Analysis_Ready.xlsx,Spearman Sensitivity,P_Value,double,,P Value,Directly exported value.,Fresh seeded simulation from authoritative Word inputs.,,Blank only when the field is not applicable to the record.,Candidate predictor or response for later analysis.,
03_PERT_Analysis_Ready::Spearman Sensitivity,03_PERT_Analysis_Ready.xlsx,Spearman Sensitivity,Rank,int64,count,Rank,Derived from the complete unsampled exported simulation records.,Fresh seeded simulation from authoritative Word inputs.,,Blank only when the field is not applicable to the record.,"Supporting identifier, audit, or reconciliation field.",
03_PERT_Analysis_Ready::Spearman Sensitivity,03_PERT_Analysis_Ready.xlsx,Spearman Sensitivity,Sample_Size,int64,count,Sample Size,Directly exported value.,Fresh seeded simulation from authoritative Word inputs.,,Blank only when the field is not applicable to the record.,Candidate predictor or response for later analysis.,
03_PERT_Analysis_Ready::Spearman Sensitivity,03_PERT_Analysis_Ready.xlsx,Spearman Sensitivity,Interpretation,string,,Interpretation,Directly exported value.,Fresh seeded simulation from authoritative Word inputs.,,Blank only when the field is not applicable to the record.,Candidate predictor or response for later analysis.,
03_PERT_Analysis_Ready::Regression Matrix,03_PERT_Analysis_Ready.xlsx,Regression Matrix,Iteration_ID,int64,identifier,One-based Monte Carlo iteration identifier.,Directly exported value.,Fresh seeded simulation from authoritative Word inputs.,,Blank only when the field is not applicable to the record.,Candidate predictor or response for later analysis.,
03_PERT_Analysis_Ready::Regression Matrix,03_PERT_Analysis_Ready.xlsx,Regression Matrix,e12_Raw,double,days,e12 Raw,Directly exported value.,Fresh seeded simulation from authoritative Word inputs.,,Blank only when the field is not applicable to the record.,"Supporting identifier, audit, or reconciliation field.",
03_PERT_Analysis_Ready::Regression Matrix,03_PERT_Analysis_Ready.xlsx,Regression Matrix,e23_Raw,double,days,e23 Raw,Directly exported value.,Fresh seeded simulation from authoritative Word inputs.,,Blank only when the field is not applicable to the record.,"Supporting identifier, audit, or reconciliation field.",
03_PERT_Analysis_Ready::Regression Matrix,03_PERT_Analysis_Ready.xlsx,Regression Matrix,e34_Raw,double,days,e34 Raw,Directly exported value.,Fresh seeded simulation from authoritative Word inputs.,,Blank only when the field is not applicable to the record.,"Supporting identifier, audit, or reconciliation field.",
03_PERT_Analysis_Ready::Regression Matrix,03_PERT_Analysis_Ready.xlsx,Regression Matrix,e45_Raw,double,days,e45 Raw,Directly exported value.,Fresh seeded simulation from authoritative Word inputs.,,Blank only when the field is not applicable to the record.,"Supporting identifier, audit, or reconciliation field.",
03_PERT_Analysis_Ready::Regression Matrix,03_PERT_Analysis_Ready.xlsx,Regression Matrix,e56_Raw,double,days,e56 Raw,Directly exported value.,Fresh seeded simulation from authoritative Word inputs.,,Blank only when the field is not applicable to the record.,"Supporting identifier, audit, or reconciliation field.",
03_PERT_Analysis_Ready::Regression Matrix,03_PERT_Analysis_Ready.xlsx,Regression Matrix,e67_Raw,double,days,e67 Raw,Directly exported value.,Fresh seeded simulation from authoritative Word inputs.,,Blank only when the field is not applicable to the record.,"Supporting identifier, audit, or reconciliation field.",
03_PERT_Analysis_Ready::Regression Matrix,03_PERT_Analysis_Ready.xlsx,Regression Matrix,e12_Rounded,int64,days,e12 Rounded,Directly exported value.,Fresh seeded simulation from authoritative Word inputs.,,Blank only when the field is not applicable to the record.,Candidate predictor or response for later analysis.,
03_PERT_Analysis_Ready::Regression Matrix,03_PERT_Analysis_Ready.xlsx,Regression Matrix,e23_Rounded,int64,days,e23 Rounded,Directly exported value.,Fresh seeded simulation from authoritative Word inputs.,,Blank only when the field is not applicable to the record.,Candidate predictor or response for later analysis.,
03_PERT_Analysis_Ready::Regression Matrix,03_PERT_Analysis_Ready.xlsx,Regression Matrix,e34_Rounded,int64,days,e34 Rounded,Directly exported value.,Fresh seeded simulation from authoritative Word inputs.,,Blank only when the field is not applicable to the record.,Candidate predictor or response for later analysis.,
03_PERT_Analysis_Ready::Regression Matrix,03_PERT_Analysis_Ready.xlsx,Regression Matrix,e45_Rounded,int64,days,e45 Rounded,Directly exported value.,Fresh seeded simulation from authoritative Word inputs.,,Blank only when the field is not applicable to the record.,Candidate predictor or response for later analysis.,
03_PERT_Analysis_Ready::Regression Matrix,03_PERT_Analysis_Ready.xlsx,Regression Matrix,e56_Rounded,int64,days,e56 Rounded,Directly exported value.,Fresh seeded simulation from authoritative Word inputs.,,Blank only when the field is not applicable to the record.,Candidate predictor or response for later analysis.,
03_PERT_Analysis_Ready::Regression Matrix,03_PERT_Analysis_Ready.xlsx,Regression Matrix,e67_Rounded,int64,days,e67 Rounded,Directly exported value.,Fresh seeded simulation from authoritative Word inputs.,,Blank only when the field is not applicable to the record.,Candidate predictor or response for later analysis.,
03_PERT_Analysis_Ready::Regression Matrix,03_PERT_Analysis_Ready.xlsx,Regression Matrix,Total_Raw_Duration,double,days,Sum of unrounded stochastic durations for the iteration.,Directly exported value.,Fresh seeded simulation from authoritative Word inputs.,,Blank only when the field is not applicable to the record.,Candidate predictor or response for later analysis.,
03_PERT_Analysis_Ready::Regression Matrix,03_PERT_Analysis_Ready.xlsx,Regression Matrix,Total_Rounded_Duration,int64,days,Sum of individually ceiling-rounded stochastic durations for the iteration.,Directly exported value.,Fresh seeded simulation from authoritative Word inputs.,,Blank only when the field is not applicable to the record.,Candidate predictor or response for later analysis.,
03_PERT_Analysis_Ready::Convergence,03_PERT_Analysis_Ready.xlsx,Convergence,Checkpoint_N,int64,,Checkpoint N,Directly exported value.,Fresh seeded simulation from authoritative Word inputs.,,Blank only when the field is not applicable to the record.,Candidate predictor or response for later analysis.,
03_PERT_Analysis_Ready::Convergence,03_PERT_Analysis_Ready.xlsx,Convergence,Mean,double,,Mean,Derived from the complete unsampled exported simulation records.,Fresh seeded simulation from authoritative Word inputs.,,Blank only when the field is not applicable to the record.,"Supporting identifier, audit, or reconciliation field.",
03_PERT_Analysis_Ready::Convergence,03_PERT_Analysis_Ready.xlsx,Convergence,SD,double,,SD,Directly exported value.,Fresh seeded simulation from authoritative Word inputs.,,Blank only when the field is not applicable to the record.,"Supporting identifier, audit, or reconciliation field.",
03_PERT_Analysis_Ready::Convergence,03_PERT_Analysis_Ready.xlsx,Convergence,P50,int64,,P50,Derived from the complete unsampled exported simulation records.,Fresh seeded simulation from authoritative Word inputs.,,Blank only when the field is not applicable to the record.,Candidate predictor or response for later analysis.,
03_PERT_Analysis_Ready::Convergence,03_PERT_Analysis_Ready.xlsx,Convergence,P80,int64,,P80,Derived from the complete unsampled exported simulation records.,Fresh seeded simulation from authoritative Word inputs.,,Blank only when the field is not applicable to the record.,Candidate predictor or response for later analysis.,
03_PERT_Analysis_Ready::Convergence,03_PERT_Analysis_Ready.xlsx,Convergence,P90,int64,,P90,Derived from the complete unsampled exported simulation records.,Fresh seeded simulation from authoritative Word inputs.,,Blank only when the field is not applicable to the record.,Candidate predictor or response for later analysis.,
03_PERT_Analysis_Ready::Convergence,03_PERT_Analysis_Ready.xlsx,Convergence,P95,int64,,P95,Derived from the complete unsampled exported simulation records.,Fresh seeded simulation from authoritative Word inputs.,,Blank only when the field is not applicable to the record.,Candidate predictor or response for later analysis.,
03_PERT_Analysis_Ready::Convergence,03_PERT_Analysis_Ready.xlsx,Convergence,P99,int64,,P99,Derived from the complete unsampled exported simulation records.,Fresh seeded simulation from authoritative Word inputs.,,Blank only when the field is not applicable to the record.,Candidate predictor or response for later analysis.,
03_PERT_Analysis_Ready::Analytical Comparison,03_PERT_Analysis_Ready.xlsx,Analytical Comparison,Metric,string,,Metric,Directly exported value.,Fresh seeded simulation from authoritative Word inputs.,,Blank only when the field is not applicable to the record.,"Supporting identifier, audit, or reconciliation field.",
03_PERT_Analysis_Ready::Analytical Comparison,03_PERT_Analysis_Ready.xlsx,Analytical Comparison,Exact_Value,double,,Exact Value,Directly exported value.,Fresh seeded simulation from authoritative Word inputs.,,Blank only when the field is not applicable to the record.,"Supporting identifier, audit, or reconciliation field.",
03_PERT_Analysis_Ready::Analytical Comparison,03_PERT_Analysis_Ready.xlsx,Analytical Comparison,Simulated_Value,double,,Simulated Value,Directly exported value.,Fresh seeded simulation from authoritative Word inputs.,,Blank only when the field is not applicable to the record.,"Supporting identifier, audit, or reconciliation field.",
03_PERT_Analysis_Ready::Analytical Comparison,03_PERT_Analysis_Ready.xlsx,Analytical Comparison,Difference,double,,Difference,Derived from the complete unsampled exported simulation records.,Fresh seeded simulation from authoritative Word inputs.,,Blank only when the field is not applicable to the record.,"Supporting identifier, audit, or reconciliation field.",
03_PERT_Analysis_Ready::Analytical Comparison,03_PERT_Analysis_Ready.xlsx,Analytical Comparison,MCSE,double,,MCSE,Directly exported value.,Fresh seeded simulation from authoritative Word inputs.,,Blank only when the field is not applicable to the record.,"Supporting identifier, audit, or reconciliation field.",
03_PERT_Analysis_Ready::Analytical Comparison,03_PERT_Analysis_Ready.xlsx,Analytical Comparison,Acceptance_Limit,double,,Acceptance Limit,Directly exported value.,Fresh seeded simulation from authoritative Word inputs.,,Blank only when the field is not applicable to the record.,Candidate predictor or response for later analysis.,
03_PERT_Analysis_Ready::Analytical Comparison,03_PERT_Analysis_Ready.xlsx,Analytical Comparison,Pass_Fail,string,,Pass Fail,Directly exported value.,Fresh seeded simulation from authoritative Word inputs.,,Blank only when the field is not applicable to the record.,Candidate predictor or response for later analysis.,
04_GERT_Iteration_Data::Iteration Summary,04_GERT_Iteration_Data.xlsx,Iteration Summary,Iteration_ID,int64,identifier,One-based Monte Carlo iteration identifier.,Directly exported value.,Fresh seeded simulation from authoritative Word inputs.,,Blank only when the field is not applicable to the record.,Candidate predictor or response for later analysis.,
04_GERT_Iteration_Data::Iteration Summary,04_GERT_Iteration_Data.xlsx,Iteration Summary,Run_ID,string,identifier,Run ID,Directly exported value.,Fresh seeded simulation from authoritative Word inputs.,,Blank only when the field is not applicable to the record.,"Supporting identifier, audit, or reconciliation field.",
04_GERT_Iteration_Data::Iteration Summary,04_GERT_Iteration_Data.xlsx,Iteration Summary,Root_Seed,int64,,Root Seed,Directly exported value.,Fresh seeded simulation from authoritative Word inputs.,,Blank only when the field is not applicable to the record.,Candidate predictor or response for later analysis.,
04_GERT_Iteration_Data::Iteration Summary,04_GERT_Iteration_Data.xlsx,Iteration Summary,Outcome,string,,Final absorbing GERT outcome.,Directly exported value.,Fresh seeded simulation from authoritative Word inputs.,Successful; Terminated,Blank only when the field is not applicable to the record.,Candidate predictor or response for later analysis.,
04_GERT_Iteration_Data::Iteration Summary,04_GERT_Iteration_Data.xlsx,Iteration Summary,Final_Node,string,,Final Node,Directly exported value.,Fresh seeded simulation from authoritative Word inputs.,S7; ST,Blank only when the field is not applicable to the record.,Candidate predictor or response for later analysis.,
04_GERT_Iteration_Data::Iteration Summary,04_GERT_Iteration_Data.xlsx,Iteration Summary,Valid,bool,,Valid,Directly exported value.,Fresh seeded simulation from authoritative Word inputs.,0; 1,Blank only when the field is not applicable to the record.,"Supporting identifier, audit, or reconciliation field.",
04_GERT_Iteration_Data::Iteration Summary,04_GERT_Iteration_Data.xlsx,Iteration Summary,Internal_Error,bool,,Internal Error,Directly exported value.,Fresh seeded simulation from authoritative Word inputs.,0; 1,Blank only when the field is not applicable to the record.,Candidate predictor or response for later analysis.,
04_GERT_Iteration_Data::Iteration Summary,04_GERT_Iteration_Data.xlsx,Iteration Summary,Reconciled,bool,,Reconciled,Directly exported value.,Fresh seeded simulation from authoritative Word inputs.,0; 1,Blank only when the field is not applicable to the record.,Candidate predictor or response for later analysis.,
04_GERT_Iteration_Data::Iteration Summary,04_GERT_Iteration_Data.xlsx,Iteration Summary,Reconciliation_Error,string,,Reconciliation Error,Directly exported value.,Fresh seeded simulation from authoritative Word inputs.,,Blank only when the field is not applicable to the record.,Candidate predictor or response for later analysis.,
04_GERT_Iteration_Data::Iteration Summary,04_GERT_Iteration_Data.xlsx,Iteration Summary,Total_Raw_Duration,double,days,Sum of unrounded stochastic durations for the iteration.,Directly exported value.,Fresh seeded simulation from authoritative Word inputs.,,Blank only when the field is not applicable to the record.,Candidate predictor or response for later analysis.,
04_GERT_Iteration_Data::Iteration Summary,04_GERT_Iteration_Data.xlsx,Iteration Summary,Total_Rounded_Duration,int64,days,Sum of individually ceiling-rounded stochastic durations for the iteration.,Directly exported value.,Fresh seeded simulation from authoritative Word inputs.,,Blank only when the field is not applicable to the record.,Candidate predictor or response for later analysis.,
04_GERT_Iteration_Data::Iteration Summary,04_GERT_Iteration_Data.xlsx,Iteration Summary,Transition_Count,int64,count,Transition Count,Directly exported value.,Fresh seeded simulation from authoritative Word inputs.,,Blank only when the field is not applicable to the record.,Candidate predictor or response for later analysis.,
04_GERT_Iteration_Data::Iteration Summary,04_GERT_Iteration_Data.xlsx,Iteration Summary,Node_Visit_Count,int64,count,Node Visit Count,Directly exported value.,Fresh seeded simulation from authoritative Word inputs.,,Blank only when the field is not applicable to the record.,Candidate predictor or response for later analysis.,
04_GERT_Iteration_Data::Iteration Summary,04_GERT_Iteration_Data.xlsx,Iteration Summary,Unique_Node_Count,int64,count,Unique Node Count,Directly exported value.,Fresh seeded simulation from authoritative Word inputs.,,Blank only when the field is not applicable to the record.,Candidate predictor or response for later analysis.,
04_GERT_Iteration_Data::Iteration Summary,04_GERT_Iteration_Data.xlsx,Iteration Summary,Unique_Arc_Count,int64,count,Unique Arc Count,Directly exported value.,Fresh seeded simulation from authoritative Word inputs.,,Blank only when the field is not applicable to the record.,Candidate predictor or response for later analysis.,
04_GERT_Iteration_Data::Iteration Summary,04_GERT_Iteration_Data.xlsx,Iteration Summary,Path_ID,int64,identifier,Path ID,Directly exported value.,Fresh seeded simulation from authoritative Word inputs.,,Blank only when the field is not applicable to the record.,Candidate predictor or response for later analysis.,
04_GERT_Iteration_Data::Iteration Summary,04_GERT_Iteration_Data.xlsx,Iteration Summary,Path_Hash,string,,Path Hash,Directly exported value.,Fresh seeded simulation from authoritative Word inputs.,,Blank only when the field is not applicable to the record.,Candidate predictor or response for later analysis.,
04_GERT_Iteration_Data::Iteration Summary,04_GERT_Iteration_Data.xlsx,Iteration Summary,Node_Sequence,string,,Node Sequence,Directly exported value.,Fresh seeded simulation from authoritative Word inputs.,,Blank only when the field is not applicable to the record.,Candidate predictor or response for later analysis.,
04_GERT_Iteration_Data::Iteration Summary,04_GERT_Iteration_Data.xlsx,Iteration Summary,Arc_Sequence,string,,Arc Sequence,Directly exported value.,Fresh seeded simulation from authoritative Word inputs.,,Blank only when the field is not applicable to the record.,"Supporting identifier, audit, or reconciliation field.",
04_GERT_Iteration_Data::Iteration Summary,04_GERT_Iteration_Data.xlsx,Iteration Summary,Dispute_Visited,bool,,Dispute Visited,Directly exported value.,Fresh seeded simulation from authoritative Word inputs.,0; 1,Blank only when the field is not applicable to the record.,Candidate predictor or response for later analysis.,
04_GERT_Iteration_Data::Iteration Summary,04_GERT_Iteration_Data.xlsx,Iteration Summary,Dispute_Visit_Count,int64,count,Dispute Visit Count,Directly exported value.,Fresh seeded simulation from authoritative Word inputs.,,Blank only when the field is not applicable to the record.,Candidate predictor or response for later analysis.,
04_GERT_Iteration_Data::Iteration Summary,04_GERT_Iteration_Data.xlsx,Iteration Summary,Any_Capped_Arc_Activated,bool,,Any Capped Arc Activated,Directly exported value.,Fresh seeded simulation from authoritative Word inputs.,0; 1,Blank only when the field is not applicable to the record.,Candidate predictor or response for later analysis.,
04_GERT_Iteration_Data::Iteration Summary,04_GERT_Iteration_Data.xlsx,Iteration Summary,Total_Capped_Arc_Traversals,int64,,Total Capped Arc Traversals,Directly exported value.,Fresh seeded simulation from authoritative Word inputs.,,Blank only when the field is not applicable to the record.,Candidate predictor or response for later analysis.,
04_GERT_Iteration_Data::Iteration Summary,04_GERT_Iteration_Data.xlsx,Iteration Summary,Any_Cap_Reached,bool,,Any Cap Reached,Directly exported value.,Fresh seeded simulation from authoritative Word inputs.,0; 1,Blank only when the field is not applicable to the record.,Candidate predictor or response for later analysis.,
04_GERT_Iteration_Data::Iteration Summary,04_GERT_Iteration_Data.xlsx,Iteration Summary,Cap_Event_Count,int64,count,Cap Event Count,Directly exported value.,Fresh seeded simulation from authoritative Word inputs.,,Blank only when the field is not applicable to the record.,Candidate predictor or response for later analysis.,
04_GERT_Iteration_Data::Iteration Summary,04_GERT_Iteration_Data.xlsx,Iteration Summary,Renormalisation_Event_Count,int64,count,Renormalisation Event Count,Directly exported value.,Fresh seeded simulation from authoritative Word inputs.,,Blank only when the field is not applicable to the record.,Candidate predictor or response for later analysis.,
04_GERT_Iteration_Data::Iteration Summary,04_GERT_Iteration_Data.xlsx,Iteration Summary,Maximum_Loop_Count,int64,count,Maximum Loop Count,Directly exported value.,Fresh seeded simulation from authoritative Word inputs.,,Blank only when the field is not applicable to the record.,Candidate predictor or response for later analysis.,
04_GERT_Iteration_Data::Iteration Summary,04_GERT_Iteration_Data.xlsx,Iteration Summary,e22_Count,int64,count,e22 Count,Directly exported value.,Fresh seeded simulation from authoritative Word inputs.,,Blank only when the field is not applicable to the record.,Candidate predictor or response for later analysis.,
04_GERT_Iteration_Data::Iteration Summary,04_GERT_Iteration_Data.xlsx,Iteration Summary,e21_Count,int64,count,e21 Count,Directly exported value.,Fresh seeded simulation from authoritative Word inputs.,,Blank only when the field is not applicable to the record.,Candidate predictor or response for later analysis.,
04_GERT_Iteration_Data::Iteration Summary,04_GERT_Iteration_Data.xlsx,Iteration Summary,e33_Count,int64,count,e33 Count,Directly exported value.,Fresh seeded simulation from authoritative Word inputs.,,Blank only when the field is not applicable to the record.,Candidate predictor or response for later analysis.,
04_GERT_Iteration_Data::Iteration Summary,04_GERT_Iteration_Data.xlsx,Iteration Summary,e32_Count,int64,count,e32 Count,Directly exported value.,Fresh seeded simulation from authoritative Word inputs.,,Blank only when the field is not applicable to the record.,Candidate predictor or response for later analysis.,
04_GERT_Iteration_Data::Iteration Summary,04_GERT_Iteration_Data.xlsx,Iteration Summary,e43_Count,int64,count,e43 Count,Directly exported value.,Fresh seeded simulation from authoritative Word inputs.,,Blank only when the field is not applicable to the record.,Candidate predictor or response for later analysis.,
04_GERT_Iteration_Data::Iteration Summary,04_GERT_Iteration_Data.xlsx,Iteration Summary,e42_Count,int64,count,e42 Count,Directly exported value.,Fresh seeded simulation from authoritative Word inputs.,,Blank only when the field is not applicable to the record.,Candidate predictor or response for later analysis.,
04_GERT_Iteration_Data::Iteration Summary,04_GERT_Iteration_Data.xlsx,Iteration Summary,e55_Count,int64,count,e55 Count,Directly exported value.,Fresh seeded simulation from authoritative Word inputs.,,Blank only when the field is not applicable to the record.,Candidate predictor or response for later analysis.,
04_GERT_Iteration_Data::Iteration Summary,04_GERT_Iteration_Data.xlsx,Iteration Summary,e54_Count,int64,count,e54 Count,Directly exported value.,Fresh seeded simulation from authoritative Word inputs.,,Blank only when the field is not applicable to the record.,Candidate predictor or response for later analysis.,
04_GERT_Iteration_Data::Iteration Summary,04_GERT_Iteration_Data.xlsx,Iteration Summary,e52_Count,int64,count,e52 Count,Directly exported value.,Fresh seeded simulation from authoritative Word inputs.,,Blank only when the field is not applicable to the record.,Candidate predictor or response for later analysis.,
04_GERT_Iteration_Data::Iteration Summary,04_GERT_Iteration_Data.xlsx,Iteration Summary,e66_Count,int64,count,e66 Count,Directly exported value.,Fresh seeded simulation from authoritative Word inputs.,,Blank only when the field is not applicable to the record.,Candidate predictor or response for later analysis.,
04_GERT_Iteration_Data::Path Register,04_GERT_Iteration_Data.xlsx,Path Register,Path_ID,int64,identifier,Path ID,Directly exported value.,Fresh seeded simulation from authoritative Word inputs.,,Blank only when the field is not applicable to the record.,Candidate predictor or response for later analysis.,
04_GERT_Iteration_Data::Path Register,04_GERT_Iteration_Data.xlsx,Path Register,Path_Hash,string,,Path Hash,Directly exported value.,Fresh seeded simulation from authoritative Word inputs.,,Blank only when the field is not applicable to the record.,Candidate predictor or response for later analysis.,
04_GERT_Iteration_Data::Path Register,04_GERT_Iteration_Data.xlsx,Path Register,Arc_Sequence,string,,Arc Sequence,Directly exported value.,Fresh seeded simulation from authoritative Word inputs.,,Blank only when the field is not applicable to the record.,"Supporting identifier, audit, or reconciliation field.",
04_GERT_Iteration_Data::Path Register,04_GERT_Iteration_Data.xlsx,Path Register,Node_Sequence,string,,Node Sequence,Directly exported value.,Fresh seeded simulation from authoritative Word inputs.,,Blank only when the field is not applicable to the record.,Candidate predictor or response for later analysis.,
04_GERT_Iteration_Data::Path Register,04_GERT_Iteration_Data.xlsx,Path Register,Outcome,string,,Final absorbing GERT outcome.,Directly exported value.,Fresh seeded simulation from authoritative Word inputs.,Successful; Terminated,Blank only when the field is not applicable to the record.,Candidate predictor or response for later analysis.,
04_GERT_Iteration_Data::Path Register,04_GERT_Iteration_Data.xlsx,Path Register,Frequency,int64,count,Frequency,Derived from the complete unsampled exported simulation records.,Fresh seeded simulation from authoritative Word inputs.,,Blank only when the field is not applicable to the record.,"Supporting identifier, audit, or reconciliation field.",
04_GERT_Iteration_Data::Path Register,04_GERT_Iteration_Data.xlsx,Path Register,Probability,double,dimensionless,Probability,Derived from the complete unsampled exported simulation records.,Fresh seeded simulation from authoritative Word inputs.,,Blank only when the field is not applicable to the record.,Candidate predictor or response for later analysis.,
04_GERT_Iteration_Data::Path Register,04_GERT_Iteration_Data.xlsx,Path Register,Mean_Duration,double,days,Mean Duration,Derived from the complete unsampled exported simulation records.,Fresh seeded simulation from authoritative Word inputs.,,Blank only when the field is not applicable to the record.,Candidate predictor or response for later analysis.,
04_GERT_Iteration_Data::Path Register,04_GERT_Iteration_Data.xlsx,Path Register,SD_Duration,double,days,SD Duration,Directly exported value.,Fresh seeded simulation from authoritative Word inputs.,,Blank only when the field is not applicable to the record.,Candidate predictor or response for later analysis.,
04_GERT_Iteration_Data::Path Register,04_GERT_Iteration_Data.xlsx,Path Register,Minimum,int64,,Minimum,Directly exported value.,Fresh seeded simulation from authoritative Word inputs.,,Blank only when the field is not applicable to the record.,"Supporting identifier, audit, or reconciliation field.",
04_GERT_Iteration_Data::Path Register,04_GERT_Iteration_Data.xlsx,Path Register,Maximum,int64,,Maximum,Directly exported value.,Fresh seeded simulation from authoritative Word inputs.,,Blank only when the field is not applicable to the record.,"Supporting identifier, audit, or reconciliation field.",
04_GERT_Iteration_Data::Path Register,04_GERT_Iteration_Data.xlsx,Path Register,P50,int64,,P50,Derived from the complete unsampled exported simulation records.,Fresh seeded simulation from authoritative Word inputs.,,Blank only when the field is not applicable to the record.,Candidate predictor or response for later analysis.,
04_GERT_Iteration_Data::Path Register,04_GERT_Iteration_Data.xlsx,Path Register,P80,int64,,P80,Derived from the complete unsampled exported simulation records.,Fresh seeded simulation from authoritative Word inputs.,,Blank only when the field is not applicable to the record.,Candidate predictor or response for later analysis.,
04_GERT_Iteration_Data::Path Register,04_GERT_Iteration_Data.xlsx,Path Register,P90,int64,,P90,Derived from the complete unsampled exported simulation records.,Fresh seeded simulation from authoritative Word inputs.,,Blank only when the field is not applicable to the record.,Candidate predictor or response for later analysis.,
04_GERT_Iteration_Data::Path Register,04_GERT_Iteration_Data.xlsx,Path Register,P95,int64,,P95,Derived from the complete unsampled exported simulation records.,Fresh seeded simulation from authoritative Word inputs.,,Blank only when the field is not applicable to the record.,Candidate predictor or response for later analysis.,
04_GERT_Iteration_Data::Path Register,04_GERT_Iteration_Data.xlsx,Path Register,Transition_Count,int64,count,Transition Count,Directly exported value.,Fresh seeded simulation from authoritative Word inputs.,,Blank only when the field is not applicable to the record.,Candidate predictor or response for later analysis.,
04_GERT_Iteration_Data::Path Register,04_GERT_Iteration_Data.xlsx,Path Register,Activated_Capped_Arcs,string,,Indicator that arc Capped_Arcs was traversed at least once.,Directly exported value.,Fresh seeded simulation from authoritative Word inputs.,,Blank only when the field is not applicable to the record.,Candidate predictor or response for later analysis.,
04_GERT_Iteration_Data::Path Register,04_GERT_Iteration_Data.xlsx,Path Register,Dispute_Visited,bool,,Dispute Visited,Directly exported value.,Fresh seeded simulation from authoritative Word inputs.,0; 1,Blank only when the field is not applicable to the record.,Candidate predictor or response for later analysis.,
04_GERT_Iteration_Data::Outcome Summary,04_GERT_Iteration_Data.xlsx,Outcome Summary,Outcome,string,,Final absorbing GERT outcome.,Directly exported value.,Fresh seeded simulation from authoritative Word inputs.,Successful; Terminated,Blank only when the field is not applicable to the record.,Candidate predictor or response for later analysis.,
04_GERT_Iteration_Data::Outcome Summary,04_GERT_Iteration_Data.xlsx,Outcome Summary,Count,int64,count,Count,Directly exported value.,Fresh seeded simulation from authoritative Word inputs.,,Blank only when the field is not applicable to the record.,Candidate predictor or response for later analysis.,
04_GERT_Iteration_Data::Outcome Summary,04_GERT_Iteration_Data.xlsx,Outcome Summary,Probability,double,dimensionless,Probability,Derived from the complete unsampled exported simulation records.,Fresh seeded simulation from authoritative Word inputs.,,Blank only when the field is not applicable to the record.,Candidate predictor or response for later analysis.,
04_GERT_Iteration_Data::Outcome Summary,04_GERT_Iteration_Data.xlsx,Outcome Summary,Mean_Duration,double,days,Mean Duration,Derived from the complete unsampled exported simulation records.,Fresh seeded simulation from authoritative Word inputs.,,Blank only when the field is not applicable to the record.,Candidate predictor or response for later analysis.,
04_GERT_Iteration_Data::Outcome Summary,04_GERT_Iteration_Data.xlsx,Outcome Summary,SD_Duration,double,days,SD Duration,Directly exported value.,Fresh seeded simulation from authoritative Word inputs.,,Blank only when the field is not applicable to the record.,Candidate predictor or response for later analysis.,
04_GERT_Iteration_Data::Successful Iterations,04_GERT_Iteration_Data.xlsx,Successful Iterations,Iteration_ID,int64,identifier,One-based Monte Carlo iteration identifier.,Directly exported value.,Fresh seeded simulation from authoritative Word inputs.,,Blank only when the field is not applicable to the record.,Candidate predictor or response for later analysis.,
04_GERT_Iteration_Data::Successful Iterations,04_GERT_Iteration_Data.xlsx,Successful Iterations,Run_ID,string,identifier,Run ID,Directly exported value.,Fresh seeded simulation from authoritative Word inputs.,,Blank only when the field is not applicable to the record.,"Supporting identifier, audit, or reconciliation field.",
04_GERT_Iteration_Data::Successful Iterations,04_GERT_Iteration_Data.xlsx,Successful Iterations,Root_Seed,int64,,Root Seed,Directly exported value.,Fresh seeded simulation from authoritative Word inputs.,,Blank only when the field is not applicable to the record.,Candidate predictor or response for later analysis.,
04_GERT_Iteration_Data::Successful Iterations,04_GERT_Iteration_Data.xlsx,Successful Iterations,Outcome,string,,Final absorbing GERT outcome.,Directly exported value.,Fresh seeded simulation from authoritative Word inputs.,Successful; Terminated,Blank only when the field is not applicable to the record.,Candidate predictor or response for later analysis.,
04_GERT_Iteration_Data::Successful Iterations,04_GERT_Iteration_Data.xlsx,Successful Iterations,Final_Node,string,,Final Node,Directly exported value.,Fresh seeded simulation from authoritative Word inputs.,S7; ST,Blank only when the field is not applicable to the record.,Candidate predictor or response for later analysis.,
04_GERT_Iteration_Data::Successful Iterations,04_GERT_Iteration_Data.xlsx,Successful Iterations,Valid,bool,,Valid,Directly exported value.,Fresh seeded simulation from authoritative Word inputs.,0; 1,Blank only when the field is not applicable to the record.,"Supporting identifier, audit, or reconciliation field.",
04_GERT_Iteration_Data::Successful Iterations,04_GERT_Iteration_Data.xlsx,Successful Iterations,Internal_Error,bool,,Internal Error,Directly exported value.,Fresh seeded simulation from authoritative Word inputs.,0; 1,Blank only when the field is not applicable to the record.,Candidate predictor or response for later analysis.,
04_GERT_Iteration_Data::Successful Iterations,04_GERT_Iteration_Data.xlsx,Successful Iterations,Reconciled,bool,,Reconciled,Directly exported value.,Fresh seeded simulation from authoritative Word inputs.,0; 1,Blank only when the field is not applicable to the record.,Candidate predictor or response for later analysis.,
04_GERT_Iteration_Data::Successful Iterations,04_GERT_Iteration_Data.xlsx,Successful Iterations,Reconciliation_Error,string,,Reconciliation Error,Directly exported value.,Fresh seeded simulation from authoritative Word inputs.,,Blank only when the field is not applicable to the record.,Candidate predictor or response for later analysis.,
04_GERT_Iteration_Data::Successful Iterations,04_GERT_Iteration_Data.xlsx,Successful Iterations,Total_Raw_Duration,double,days,Sum of unrounded stochastic durations for the iteration.,Directly exported value.,Fresh seeded simulation from authoritative Word inputs.,,Blank only when the field is not applicable to the record.,Candidate predictor or response for later analysis.,
04_GERT_Iteration_Data::Successful Iterations,04_GERT_Iteration_Data.xlsx,Successful Iterations,Total_Rounded_Duration,int64,days,Sum of individually ceiling-rounded stochastic durations for the iteration.,Directly exported value.,Fresh seeded simulation from authoritative Word inputs.,,Blank only when the field is not applicable to the record.,Candidate predictor or response for later analysis.,
04_GERT_Iteration_Data::Successful Iterations,04_GERT_Iteration_Data.xlsx,Successful Iterations,Transition_Count,int64,count,Transition Count,Directly exported value.,Fresh seeded simulation from authoritative Word inputs.,,Blank only when the field is not applicable to the record.,Candidate predictor or response for later analysis.,
04_GERT_Iteration_Data::Successful Iterations,04_GERT_Iteration_Data.xlsx,Successful Iterations,Node_Visit_Count,int64,count,Node Visit Count,Directly exported value.,Fresh seeded simulation from authoritative Word inputs.,,Blank only when the field is not applicable to the record.,Candidate predictor or response for later analysis.,
04_GERT_Iteration_Data::Successful Iterations,04_GERT_Iteration_Data.xlsx,Successful Iterations,Unique_Node_Count,int64,count,Unique Node Count,Directly exported value.,Fresh seeded simulation from authoritative Word inputs.,,Blank only when the field is not applicable to the record.,Candidate predictor or response for later analysis.,
04_GERT_Iteration_Data::Successful Iterations,04_GERT_Iteration_Data.xlsx,Successful Iterations,Unique_Arc_Count,int64,count,Unique Arc Count,Directly exported value.,Fresh seeded simulation from authoritative Word inputs.,,Blank only when the field is not applicable to the record.,Candidate predictor or response for later analysis.,
04_GERT_Iteration_Data::Successful Iterations,04_GERT_Iteration_Data.xlsx,Successful Iterations,Path_ID,int64,identifier,Path ID,Directly exported value.,Fresh seeded simulation from authoritative Word inputs.,,Blank only when the field is not applicable to the record.,Candidate predictor or response for later analysis.,
04_GERT_Iteration_Data::Successful Iterations,04_GERT_Iteration_Data.xlsx,Successful Iterations,Path_Hash,string,,Path Hash,Directly exported value.,Fresh seeded simulation from authoritative Word inputs.,,Blank only when the field is not applicable to the record.,Candidate predictor or response for later analysis.,
04_GERT_Iteration_Data::Successful Iterations,04_GERT_Iteration_Data.xlsx,Successful Iterations,Node_Sequence,string,,Node Sequence,Directly exported value.,Fresh seeded simulation from authoritative Word inputs.,,Blank only when the field is not applicable to the record.,Candidate predictor or response for later analysis.,
04_GERT_Iteration_Data::Successful Iterations,04_GERT_Iteration_Data.xlsx,Successful Iterations,Arc_Sequence,string,,Arc Sequence,Directly exported value.,Fresh seeded simulation from authoritative Word inputs.,,Blank only when the field is not applicable to the record.,"Supporting identifier, audit, or reconciliation field.",
04_GERT_Iteration_Data::Successful Iterations,04_GERT_Iteration_Data.xlsx,Successful Iterations,Dispute_Visited,bool,,Dispute Visited,Directly exported value.,Fresh seeded simulation from authoritative Word inputs.,0; 1,Blank only when the field is not applicable to the record.,Candidate predictor or response for later analysis.,
04_GERT_Iteration_Data::Successful Iterations,04_GERT_Iteration_Data.xlsx,Successful Iterations,Dispute_Visit_Count,int64,count,Dispute Visit Count,Directly exported value.,Fresh seeded simulation from authoritative Word inputs.,,Blank only when the field is not applicable to the record.,Candidate predictor or response for later analysis.,
04_GERT_Iteration_Data::Successful Iterations,04_GERT_Iteration_Data.xlsx,Successful Iterations,Any_Capped_Arc_Activated,bool,,Any Capped Arc Activated,Directly exported value.,Fresh seeded simulation from authoritative Word inputs.,0; 1,Blank only when the field is not applicable to the record.,Candidate predictor or response for later analysis.,
04_GERT_Iteration_Data::Successful Iterations,04_GERT_Iteration_Data.xlsx,Successful Iterations,Total_Capped_Arc_Traversals,int64,,Total Capped Arc Traversals,Directly exported value.,Fresh seeded simulation from authoritative Word inputs.,,Blank only when the field is not applicable to the record.,Candidate predictor or response for later analysis.,
04_GERT_Iteration_Data::Successful Iterations,04_GERT_Iteration_Data.xlsx,Successful Iterations,Any_Cap_Reached,bool,,Any Cap Reached,Directly exported value.,Fresh seeded simulation from authoritative Word inputs.,0; 1,Blank only when the field is not applicable to the record.,Candidate predictor or response for later analysis.,
04_GERT_Iteration_Data::Successful Iterations,04_GERT_Iteration_Data.xlsx,Successful Iterations,Cap_Event_Count,int64,count,Cap Event Count,Directly exported value.,Fresh seeded simulation from authoritative Word inputs.,,Blank only when the field is not applicable to the record.,Candidate predictor or response for later analysis.,
04_GERT_Iteration_Data::Successful Iterations,04_GERT_Iteration_Data.xlsx,Successful Iterations,Renormalisation_Event_Count,int64,count,Renormalisation Event Count,Directly exported value.,Fresh seeded simulation from authoritative Word inputs.,,Blank only when the field is not applicable to the record.,Candidate predictor or response for later analysis.,
04_GERT_Iteration_Data::Successful Iterations,04_GERT_Iteration_Data.xlsx,Successful Iterations,Maximum_Loop_Count,int64,count,Maximum Loop Count,Directly exported value.,Fresh seeded simulation from authoritative Word inputs.,,Blank only when the field is not applicable to the record.,Candidate predictor or response for later analysis.,
04_GERT_Iteration_Data::Successful Iterations,04_GERT_Iteration_Data.xlsx,Successful Iterations,e22_Count,int64,count,e22 Count,Directly exported value.,Fresh seeded simulation from authoritative Word inputs.,,Blank only when the field is not applicable to the record.,Candidate predictor or response for later analysis.,
04_GERT_Iteration_Data::Successful Iterations,04_GERT_Iteration_Data.xlsx,Successful Iterations,e21_Count,int64,count,e21 Count,Directly exported value.,Fresh seeded simulation from authoritative Word inputs.,,Blank only when the field is not applicable to the record.,Candidate predictor or response for later analysis.,
04_GERT_Iteration_Data::Successful Iterations,04_GERT_Iteration_Data.xlsx,Successful Iterations,e33_Count,int64,count,e33 Count,Directly exported value.,Fresh seeded simulation from authoritative Word inputs.,,Blank only when the field is not applicable to the record.,Candidate predictor or response for later analysis.,
04_GERT_Iteration_Data::Successful Iterations,04_GERT_Iteration_Data.xlsx,Successful Iterations,e32_Count,int64,count,e32 Count,Directly exported value.,Fresh seeded simulation from authoritative Word inputs.,,Blank only when the field is not applicable to the record.,Candidate predictor or response for later analysis.,
04_GERT_Iteration_Data::Successful Iterations,04_GERT_Iteration_Data.xlsx,Successful Iterations,e43_Count,int64,count,e43 Count,Directly exported value.,Fresh seeded simulation from authoritative Word inputs.,,Blank only when the field is not applicable to the record.,Candidate predictor or response for later analysis.,
04_GERT_Iteration_Data::Successful Iterations,04_GERT_Iteration_Data.xlsx,Successful Iterations,e42_Count,int64,count,e42 Count,Directly exported value.,Fresh seeded simulation from authoritative Word inputs.,,Blank only when the field is not applicable to the record.,Candidate predictor or response for later analysis.,
04_GERT_Iteration_Data::Successful Iterations,04_GERT_Iteration_Data.xlsx,Successful Iterations,e55_Count,int64,count,e55 Count,Directly exported value.,Fresh seeded simulation from authoritative Word inputs.,,Blank only when the field is not applicable to the record.,Candidate predictor or response for later analysis.,
04_GERT_Iteration_Data::Successful Iterations,04_GERT_Iteration_Data.xlsx,Successful Iterations,e54_Count,int64,count,e54 Count,Directly exported value.,Fresh seeded simulation from authoritative Word inputs.,,Blank only when the field is not applicable to the record.,Candidate predictor or response for later analysis.,
04_GERT_Iteration_Data::Successful Iterations,04_GERT_Iteration_Data.xlsx,Successful Iterations,e52_Count,int64,count,e52 Count,Directly exported value.,Fresh seeded simulation from authoritative Word inputs.,,Blank only when the field is not applicable to the record.,Candidate predictor or response for later analysis.,
04_GERT_Iteration_Data::Successful Iterations,04_GERT_Iteration_Data.xlsx,Successful Iterations,e66_Count,int64,count,e66 Count,Directly exported value.,Fresh seeded simulation from authoritative Word inputs.,,Blank only when the field is not applicable to the record.,Candidate predictor or response for later analysis.,
04_GERT_Iteration_Data::Terminated Iterations,04_GERT_Iteration_Data.xlsx,Terminated Iterations,Iteration_ID,int64,identifier,One-based Monte Carlo iteration identifier.,Directly exported value.,Fresh seeded simulation from authoritative Word inputs.,,Blank only when the field is not applicable to the record.,Candidate predictor or response for later analysis.,
04_GERT_Iteration_Data::Terminated Iterations,04_GERT_Iteration_Data.xlsx,Terminated Iterations,Run_ID,string,identifier,Run ID,Directly exported value.,Fresh seeded simulation from authoritative Word inputs.,,Blank only when the field is not applicable to the record.,"Supporting identifier, audit, or reconciliation field.",
04_GERT_Iteration_Data::Terminated Iterations,04_GERT_Iteration_Data.xlsx,Terminated Iterations,Root_Seed,int64,,Root Seed,Directly exported value.,Fresh seeded simulation from authoritative Word inputs.,,Blank only when the field is not applicable to the record.,Candidate predictor or response for later analysis.,
04_GERT_Iteration_Data::Terminated Iterations,04_GERT_Iteration_Data.xlsx,Terminated Iterations,Outcome,string,,Final absorbing GERT outcome.,Directly exported value.,Fresh seeded simulation from authoritative Word inputs.,Successful; Terminated,Blank only when the field is not applicable to the record.,Candidate predictor or response for later analysis.,
04_GERT_Iteration_Data::Terminated Iterations,04_GERT_Iteration_Data.xlsx,Terminated Iterations,Final_Node,string,,Final Node,Directly exported value.,Fresh seeded simulation from authoritative Word inputs.,S7; ST,Blank only when the field is not applicable to the record.,Candidate predictor or response for later analysis.,
04_GERT_Iteration_Data::Terminated Iterations,04_GERT_Iteration_Data.xlsx,Terminated Iterations,Valid,bool,,Valid,Directly exported value.,Fresh seeded simulation from authoritative Word inputs.,0; 1,Blank only when the field is not applicable to the record.,"Supporting identifier, audit, or reconciliation field.",
04_GERT_Iteration_Data::Terminated Iterations,04_GERT_Iteration_Data.xlsx,Terminated Iterations,Internal_Error,bool,,Internal Error,Directly exported value.,Fresh seeded simulation from authoritative Word inputs.,0; 1,Blank only when the field is not applicable to the record.,Candidate predictor or response for later analysis.,
04_GERT_Iteration_Data::Terminated Iterations,04_GERT_Iteration_Data.xlsx,Terminated Iterations,Reconciled,bool,,Reconciled,Directly exported value.,Fresh seeded simulation from authoritative Word inputs.,0; 1,Blank only when the field is not applicable to the record.,Candidate predictor or response for later analysis.,
04_GERT_Iteration_Data::Terminated Iterations,04_GERT_Iteration_Data.xlsx,Terminated Iterations,Reconciliation_Error,string,,Reconciliation Error,Directly exported value.,Fresh seeded simulation from authoritative Word inputs.,,Blank only when the field is not applicable to the record.,Candidate predictor or response for later analysis.,
04_GERT_Iteration_Data::Terminated Iterations,04_GERT_Iteration_Data.xlsx,Terminated Iterations,Total_Raw_Duration,double,days,Sum of unrounded stochastic durations for the iteration.,Directly exported value.,Fresh seeded simulation from authoritative Word inputs.,,Blank only when the field is not applicable to the record.,Candidate predictor or response for later analysis.,
04_GERT_Iteration_Data::Terminated Iterations,04_GERT_Iteration_Data.xlsx,Terminated Iterations,Total_Rounded_Duration,int64,days,Sum of individually ceiling-rounded stochastic durations for the iteration.,Directly exported value.,Fresh seeded simulation from authoritative Word inputs.,,Blank only when the field is not applicable to the record.,Candidate predictor or response for later analysis.,
04_GERT_Iteration_Data::Terminated Iterations,04_GERT_Iteration_Data.xlsx,Terminated Iterations,Transition_Count,int64,count,Transition Count,Directly exported value.,Fresh seeded simulation from authoritative Word inputs.,,Blank only when the field is not applicable to the record.,Candidate predictor or response for later analysis.,
04_GERT_Iteration_Data::Terminated Iterations,04_GERT_Iteration_Data.xlsx,Terminated Iterations,Node_Visit_Count,int64,count,Node Visit Count,Directly exported value.,Fresh seeded simulation from authoritative Word inputs.,,Blank only when the field is not applicable to the record.,Candidate predictor or response for later analysis.,
04_GERT_Iteration_Data::Terminated Iterations,04_GERT_Iteration_Data.xlsx,Terminated Iterations,Unique_Node_Count,int64,count,Unique Node Count,Directly exported value.,Fresh seeded simulation from authoritative Word inputs.,,Blank only when the field is not applicable to the record.,Candidate predictor or response for later analysis.,
04_GERT_Iteration_Data::Terminated Iterations,04_GERT_Iteration_Data.xlsx,Terminated Iterations,Unique_Arc_Count,int64,count,Unique Arc Count,Directly exported value.,Fresh seeded simulation from authoritative Word inputs.,,Blank only when the field is not applicable to the record.,Candidate predictor or response for later analysis.,
04_GERT_Iteration_Data::Terminated Iterations,04_GERT_Iteration_Data.xlsx,Terminated Iterations,Path_ID,int64,identifier,Path ID,Directly exported value.,Fresh seeded simulation from authoritative Word inputs.,,Blank only when the field is not applicable to the record.,Candidate predictor or response for later analysis.,
04_GERT_Iteration_Data::Terminated Iterations,04_GERT_Iteration_Data.xlsx,Terminated Iterations,Path_Hash,string,,Path Hash,Directly exported value.,Fresh seeded simulation from authoritative Word inputs.,,Blank only when the field is not applicable to the record.,Candidate predictor or response for later analysis.,
04_GERT_Iteration_Data::Terminated Iterations,04_GERT_Iteration_Data.xlsx,Terminated Iterations,Node_Sequence,string,,Node Sequence,Directly exported value.,Fresh seeded simulation from authoritative Word inputs.,,Blank only when the field is not applicable to the record.,Candidate predictor or response for later analysis.,
04_GERT_Iteration_Data::Terminated Iterations,04_GERT_Iteration_Data.xlsx,Terminated Iterations,Arc_Sequence,string,,Arc Sequence,Directly exported value.,Fresh seeded simulation from authoritative Word inputs.,,Blank only when the field is not applicable to the record.,"Supporting identifier, audit, or reconciliation field.",
04_GERT_Iteration_Data::Terminated Iterations,04_GERT_Iteration_Data.xlsx,Terminated Iterations,Dispute_Visited,bool,,Dispute Visited,Directly exported value.,Fresh seeded simulation from authoritative Word inputs.,0; 1,Blank only when the field is not applicable to the record.,Candidate predictor or response for later analysis.,
04_GERT_Iteration_Data::Terminated Iterations,04_GERT_Iteration_Data.xlsx,Terminated Iterations,Dispute_Visit_Count,int64,count,Dispute Visit Count,Directly exported value.,Fresh seeded simulation from authoritative Word inputs.,,Blank only when the field is not applicable to the record.,Candidate predictor or response for later analysis.,
04_GERT_Iteration_Data::Terminated Iterations,04_GERT_Iteration_Data.xlsx,Terminated Iterations,Any_Capped_Arc_Activated,bool,,Any Capped Arc Activated,Directly exported value.,Fresh seeded simulation from authoritative Word inputs.,0; 1,Blank only when the field is not applicable to the record.,Candidate predictor or response for later analysis.,
04_GERT_Iteration_Data::Terminated Iterations,04_GERT_Iteration_Data.xlsx,Terminated Iterations,Total_Capped_Arc_Traversals,int64,,Total Capped Arc Traversals,Directly exported value.,Fresh seeded simulation from authoritative Word inputs.,,Blank only when the field is not applicable to the record.,Candidate predictor or response for later analysis.,
04_GERT_Iteration_Data::Terminated Iterations,04_GERT_Iteration_Data.xlsx,Terminated Iterations,Any_Cap_Reached,bool,,Any Cap Reached,Directly exported value.,Fresh seeded simulation from authoritative Word inputs.,0; 1,Blank only when the field is not applicable to the record.,Candidate predictor or response for later analysis.,
04_GERT_Iteration_Data::Terminated Iterations,04_GERT_Iteration_Data.xlsx,Terminated Iterations,Cap_Event_Count,int64,count,Cap Event Count,Directly exported value.,Fresh seeded simulation from authoritative Word inputs.,,Blank only when the field is not applicable to the record.,Candidate predictor or response for later analysis.,
04_GERT_Iteration_Data::Terminated Iterations,04_GERT_Iteration_Data.xlsx,Terminated Iterations,Renormalisation_Event_Count,int64,count,Renormalisation Event Count,Directly exported value.,Fresh seeded simulation from authoritative Word inputs.,,Blank only when the field is not applicable to the record.,Candidate predictor or response for later analysis.,
04_GERT_Iteration_Data::Terminated Iterations,04_GERT_Iteration_Data.xlsx,Terminated Iterations,Maximum_Loop_Count,int64,count,Maximum Loop Count,Directly exported value.,Fresh seeded simulation from authoritative Word inputs.,,Blank only when the field is not applicable to the record.,Candidate predictor or response for later analysis.,
04_GERT_Iteration_Data::Terminated Iterations,04_GERT_Iteration_Data.xlsx,Terminated Iterations,e22_Count,int64,count,e22 Count,Directly exported value.,Fresh seeded simulation from authoritative Word inputs.,,Blank only when the field is not applicable to the record.,Candidate predictor or response for later analysis.,
04_GERT_Iteration_Data::Terminated Iterations,04_GERT_Iteration_Data.xlsx,Terminated Iterations,e21_Count,int64,count,e21 Count,Directly exported value.,Fresh seeded simulation from authoritative Word inputs.,,Blank only when the field is not applicable to the record.,Candidate predictor or response for later analysis.,
04_GERT_Iteration_Data::Terminated Iterations,04_GERT_Iteration_Data.xlsx,Terminated Iterations,e33_Count,int64,count,e33 Count,Directly exported value.,Fresh seeded simulation from authoritative Word inputs.,,Blank only when the field is not applicable to the record.,Candidate predictor or response for later analysis.,
04_GERT_Iteration_Data::Terminated Iterations,04_GERT_Iteration_Data.xlsx,Terminated Iterations,e32_Count,int64,count,e32 Count,Directly exported value.,Fresh seeded simulation from authoritative Word inputs.,,Blank only when the field is not applicable to the record.,Candidate predictor or response for later analysis.,
04_GERT_Iteration_Data::Terminated Iterations,04_GERT_Iteration_Data.xlsx,Terminated Iterations,e43_Count,int64,count,e43 Count,Directly exported value.,Fresh seeded simulation from authoritative Word inputs.,,Blank only when the field is not applicable to the record.,Candidate predictor or response for later analysis.,
04_GERT_Iteration_Data::Terminated Iterations,04_GERT_Iteration_Data.xlsx,Terminated Iterations,e42_Count,int64,count,e42 Count,Directly exported value.,Fresh seeded simulation from authoritative Word inputs.,,Blank only when the field is not applicable to the record.,Candidate predictor or response for later analysis.,
04_GERT_Iteration_Data::Terminated Iterations,04_GERT_Iteration_Data.xlsx,Terminated Iterations,e55_Count,int64,count,e55 Count,Directly exported value.,Fresh seeded simulation from authoritative Word inputs.,,Blank only when the field is not applicable to the record.,Candidate predictor or response for later analysis.,
04_GERT_Iteration_Data::Terminated Iterations,04_GERT_Iteration_Data.xlsx,Terminated Iterations,e54_Count,int64,count,e54 Count,Directly exported value.,Fresh seeded simulation from authoritative Word inputs.,,Blank only when the field is not applicable to the record.,Candidate predictor or response for later analysis.,
04_GERT_Iteration_Data::Terminated Iterations,04_GERT_Iteration_Data.xlsx,Terminated Iterations,e52_Count,int64,count,e52 Count,Directly exported value.,Fresh seeded simulation from authoritative Word inputs.,,Blank only when the field is not applicable to the record.,Candidate predictor or response for later analysis.,
04_GERT_Iteration_Data::Terminated Iterations,04_GERT_Iteration_Data.xlsx,Terminated Iterations,e66_Count,int64,count,e66 Count,Directly exported value.,Fresh seeded simulation from authoritative Word inputs.,,Blank only when the field is not applicable to the record.,Candidate predictor or response for later analysis.,
04_GERT_Iteration_Data::Invalid Iterations,04_GERT_Iteration_Data.xlsx,Invalid Iterations,Status,string,,Status,Directly exported value.,Fresh seeded simulation from authoritative Word inputs.,,Blank only when the field is not applicable to the record.,"Supporting identifier, audit, or reconciliation field.",
04_GERT_Iteration_Data::Invalid Iterations,04_GERT_Iteration_Data.xlsx,Invalid Iterations,Count,int64,count,Count,Directly exported value.,Fresh seeded simulation from authoritative Word inputs.,,Blank only when the field is not applicable to the record.,Candidate predictor or response for later analysis.,
04_GERT_Iteration_Data::Invalid Iterations,04_GERT_Iteration_Data.xlsx,Invalid Iterations,Denominator,int64,,Denominator,Directly exported value.,Fresh seeded simulation from authoritative Word inputs.,,Blank only when the field is not applicable to the record.,Candidate predictor or response for later analysis.,
04_GERT_Iteration_Data::Invalid Iterations,04_GERT_Iteration_Data.xlsx,Invalid Iterations,Explanation,string,,Explanation,Directly exported value.,Fresh seeded simulation from authoritative Word inputs.,,Blank only when the field is not applicable to the record.,Candidate predictor or response for later analysis.,
05_GERT_Traversal_Data::Traversals Part 01,05_GERT_Traversal_Data.xlsx,Traversals Part 01,Iteration_ID,int64,identifier,One-based Monte Carlo iteration identifier.,Directly exported value.,Fresh seeded simulation from authoritative Word inputs.,,Blank only when the field is not applicable to the record.,Candidate predictor or response for later analysis.,
05_GERT_Traversal_Data::Traversals Part 01,05_GERT_Traversal_Data.xlsx,Traversals Part 01,Step_Number,int64,,Step Number,Directly exported value.,Fresh seeded simulation from authoritative Word inputs.,,Blank only when the field is not applicable to the record.,Candidate predictor or response for later analysis.,
05_GERT_Traversal_Data::Traversals Part 01,05_GERT_Traversal_Data.xlsx,Traversals Part 01,Current_Node,string,,Current Node,Directly exported value.,Fresh seeded simulation from authoritative Word inputs.,,Blank only when the field is not applicable to the record.,Candidate predictor or response for later analysis.,
05_GERT_Traversal_Data::Traversals Part 01,05_GERT_Traversal_Data.xlsx,Traversals Part 01,From_Node,string,,From Node,Directly exported value.,Fresh seeded simulation from authoritative Word inputs.,,Blank only when the field is not applicable to the record.,Candidate predictor or response for later analysis.,
05_GERT_Traversal_Data::Traversals Part 01,05_GERT_Traversal_Data.xlsx,Traversals Part 01,To_Node,string,,To Node,Directly exported value.,Fresh seeded simulation from authoritative Word inputs.,,Blank only when the field is not applicable to the record.,Candidate predictor or response for later analysis.,
05_GERT_Traversal_Data::Traversals Part 01,05_GERT_Traversal_Data.xlsx,Traversals Part 01,Arc_Tag,string,,Arc Tag,Directly exported value.,Fresh seeded simulation from authoritative Word inputs.,,Blank only when the field is not applicable to the record.,"Supporting identifier, audit, or reconciliation field.",
05_GERT_Traversal_Data::Traversals Part 01,05_GERT_Traversal_Data.xlsx,Traversals Part 01,Arc_Name,string,,Arc Name,Directly exported value.,Fresh seeded simulation from authoritative Word inputs.,,Blank only when the field is not applicable to the record.,"Supporting identifier, audit, or reconciliation field.",
05_GERT_Traversal_Data::Traversals Part 01,05_GERT_Traversal_Data.xlsx,Traversals Part 01,Original_Probability,double,dimensionless,Original Probability,Derived from the complete unsampled exported simulation records.,Fresh seeded simulation from authoritative Word inputs.,,Blank only when the field is not applicable to the record.,Candidate predictor or response for later analysis.,
05_GERT_Traversal_Data::Traversals Part 01,05_GERT_Traversal_Data.xlsx,Traversals Part 01,Eligible_Probability_Sum,double,dimensionless,Eligible Probability Sum,Derived from the complete unsampled exported simulation records.,Fresh seeded simulation from authoritative Word inputs.,,Blank only when the field is not applicable to the record.,Candidate predictor or response for later analysis.,
05_GERT_Traversal_Data::Traversals Part 01,05_GERT_Traversal_Data.xlsx,Traversals Part 01,Effective_Probability,double,dimensionless,Effective Probability,Derived from the complete unsampled exported simulation records.,Fresh seeded simulation from authoritative Word inputs.,,Blank only when the field is not applicable to the record.,Candidate predictor or response for later analysis.,
05_GERT_Traversal_Data::Traversals Part 01,05_GERT_Traversal_Data.xlsx,Traversals Part 01,Routing_Random_U,double,,Routing Random U,Directly exported value.,Fresh seeded simulation from authoritative Word inputs.,,Blank only when the field is not applicable to the record.,Candidate predictor or response for later analysis.,
05_GERT_Traversal_Data::Traversals Part 01,05_GERT_Traversal_Data.xlsx,Traversals Part 01,Cumulative_Lower_Bound,double,,Cumulative Lower Bound,Directly exported value.,Fresh seeded simulation from authoritative Word inputs.,,Blank only when the field is not applicable to the record.,Candidate predictor or response for later analysis.,
05_GERT_Traversal_Data::Traversals Part 01,05_GERT_Traversal_Data.xlsx,Traversals Part 01,Cumulative_Upper_Bound,double,,Cumulative Upper Bound,Directly exported value.,Fresh seeded simulation from authoritative Word inputs.,,Blank only when the field is not applicable to the record.,Candidate predictor or response for later analysis.,
05_GERT_Traversal_Data::Traversals Part 01,05_GERT_Traversal_Data.xlsx,Traversals Part 01,Selected,bool,,Selected,Directly exported value.,Fresh seeded simulation from authoritative Word inputs.,0; 1,Blank only when the field is not applicable to the record.,"Supporting identifier, audit, or reconciliation field.",
05_GERT_Traversal_Data::Traversals Part 01,05_GERT_Traversal_Data.xlsx,Traversals Part 01,O,double,,O,Directly exported value.,Fresh seeded simulation from authoritative Word inputs.,,Blank only when the field is not applicable to the record.,Candidate predictor or response for later analysis.,
05_GERT_Traversal_Data::Traversals Part 01,05_GERT_Traversal_Data.xlsx,Traversals Part 01,ML,double,,ML,Directly exported value.,Fresh seeded simulation from authoritative Word inputs.,,Blank only when the field is not applicable to the record.,Candidate predictor or response for later analysis.,
05_GERT_Traversal_Data::Traversals Part 01,05_GERT_Traversal_Data.xlsx,Traversals Part 01,P,double,,P,Directly exported value.,Fresh seeded simulation from authoritative Word inputs.,,Blank only when the field is not applicable to the record.,Candidate predictor or response for later analysis.,
05_GERT_Traversal_Data::Traversals Part 01,05_GERT_Traversal_Data.xlsx,Traversals Part 01,Alpha,double,,Alpha,Directly exported value.,Fresh seeded simulation from authoritative Word inputs.,,Blank only when the field is not applicable to the record.,Candidate predictor or response for later analysis.,
05_GERT_Traversal_Data::Traversals Part 01,05_GERT_Traversal_Data.xlsx,Traversals Part 01,Beta,double,,Beta,Directly exported value.,Fresh seeded simulation from authoritative Word inputs.,,Blank only when the field is not applicable to the record.,"Supporting identifier, audit, or reconciliation field.",
05_GERT_Traversal_Data::Traversals Part 01,05_GERT_Traversal_Data.xlsx,Traversals Part 01,Beta_Y,double,dimensionless,Beta Y,Directly exported value.,Fresh seeded simulation from authoritative Word inputs.,,Blank only when the field is not applicable to the record.,"Supporting identifier, audit, or reconciliation field.",
05_GERT_Traversal_Data::Traversals Part 01,05_GERT_Traversal_Data.xlsx,Traversals Part 01,Raw_Duration,double,days,Raw Duration,Directly exported value.,Fresh seeded simulation from authoritative Word inputs.,,Blank only when the field is not applicable to the record.,Candidate predictor or response for later analysis.,
05_GERT_Traversal_Data::Traversals Part 01,05_GERT_Traversal_Data.xlsx,Traversals Part 01,Rounded_Duration,int64,days,Rounded Duration,Directly exported value.,Fresh seeded simulation from authoritative Word inputs.,,Blank only when the field is not applicable to the record.,Candidate predictor or response for later analysis.,
05_GERT_Traversal_Data::Traversals Part 01,05_GERT_Traversal_Data.xlsx,Traversals Part 01,Cumulative_Raw_Duration,double,days,Cumulative Raw Duration,Directly exported value.,Fresh seeded simulation from authoritative Word inputs.,,Blank only when the field is not applicable to the record.,Candidate predictor or response for later analysis.,
05_GERT_Traversal_Data::Traversals Part 01,05_GERT_Traversal_Data.xlsx,Traversals Part 01,Cumulative_Rounded_Duration,int64,days,Cumulative Rounded Duration,Directly exported value.,Fresh seeded simulation from authoritative Word inputs.,,Blank only when the field is not applicable to the record.,Candidate predictor or response for later analysis.,
05_GERT_Traversal_Data::Traversals Part 01,05_GERT_Traversal_Data.xlsx,Traversals Part 01,Is_Return_Arc,bool,,Is Return Arc,Directly exported value.,Fresh seeded simulation from authoritative Word inputs.,0; 1,Blank only when the field is not applicable to the record.,"Supporting identifier, audit, or reconciliation field.",
05_GERT_Traversal_Data::Traversals Part 01,05_GERT_Traversal_Data.xlsx,Traversals Part 01,Loop_ID,string,identifier,Loop ID,Directly exported value.,Fresh seeded simulation from authoritative Word inputs.,,Blank only when the field is not applicable to the record.,Candidate predictor or response for later analysis.,
05_GERT_Traversal_Data::Traversals Part 01,05_GERT_Traversal_Data.xlsx,Traversals Part 01,Loop_Cap,int64,,Loop Cap,Directly exported value.,Fresh seeded simulation from authoritative Word inputs.,,Blank only when the field is not applicable to the record.,Candidate predictor or response for later analysis.,
05_GERT_Traversal_Data::Traversals Part 01,05_GERT_Traversal_Data.xlsx,Traversals Part 01,Loop_Count_Before,int64,count,Loop Count Before,Directly exported value.,Fresh seeded simulation from authoritative Word inputs.,,Blank only when the field is not applicable to the record.,Candidate predictor or response for later analysis.,
05_GERT_Traversal_Data::Traversals Part 01,05_GERT_Traversal_Data.xlsx,Traversals Part 01,Loop_Count_After,int64,count,Loop Count After,Directly exported value.,Fresh seeded simulation from authoritative Word inputs.,,Blank only when the field is not applicable to the record.,Candidate predictor or response for later analysis.,
05_GERT_Traversal_Data::Traversals Part 01,05_GERT_Traversal_Data.xlsx,Traversals Part 01,Cap_Reached_On_This_Step,bool,,Cap Reached On This Step,Directly exported value.,Fresh seeded simulation from authoritative Word inputs.,0; 1,Blank only when the field is not applicable to the record.,Candidate predictor or response for later analysis.,
05_GERT_Traversal_Data::Traversals Part 01,05_GERT_Traversal_Data.xlsx,Traversals Part 01,Arc_Excluded_After_Step,bool,,Arc Excluded After Step,Directly exported value.,Fresh seeded simulation from authoritative Word inputs.,0; 1,Blank only when the field is not applicable to the record.,Candidate predictor or response for later analysis.,
05_GERT_Traversal_Data::Traversals Part 01,05_GERT_Traversal_Data.xlsx,Traversals Part 01,Renormalisation_Applied,bool,,Renormalisation Applied,Directly exported value.,Fresh seeded simulation from authoritative Word inputs.,0; 1,Blank only when the field is not applicable to the record.,Candidate predictor or response for later analysis.,
05_GERT_Traversal_Data::Traversals Part 01,05_GERT_Traversal_Data.xlsx,Traversals Part 01,Dispute_Node_Visited,bool,,Dispute Node Visited,Directly exported value.,Fresh seeded simulation from authoritative Word inputs.,0; 1,Blank only when the field is not applicable to the record.,Candidate predictor or response for later analysis.,
05_GERT_Traversal_Data::Traversals Part 01,05_GERT_Traversal_Data.xlsx,Traversals Part 01,Terminal_Reached,bool,,Terminal Reached,Directly exported value.,Fresh seeded simulation from authoritative Word inputs.,0; 1,Blank only when the field is not applicable to the record.,"Supporting identifier, audit, or reconciliation field.",
05_GERT_Traversal_Data::Traversals Part 01,05_GERT_Traversal_Data.xlsx,Traversals Part 01,Outcome_After_Step,string,,Outcome After Step,Directly exported value.,Fresh seeded simulation from authoritative Word inputs.,,Blank only when the field is not applicable to the record.,Candidate predictor or response for later analysis.,
05_GERT_Traversal_Data::Traversals Part 02,05_GERT_Traversal_Data.xlsx,Traversals Part 02,Iteration_ID,int64,identifier,One-based Monte Carlo iteration identifier.,Directly exported value.,Fresh seeded simulation from authoritative Word inputs.,,Blank only when the field is not applicable to the record.,Candidate predictor or response for later analysis.,
05_GERT_Traversal_Data::Traversals Part 02,05_GERT_Traversal_Data.xlsx,Traversals Part 02,Step_Number,int64,,Step Number,Directly exported value.,Fresh seeded simulation from authoritative Word inputs.,,Blank only when the field is not applicable to the record.,Candidate predictor or response for later analysis.,
05_GERT_Traversal_Data::Traversals Part 02,05_GERT_Traversal_Data.xlsx,Traversals Part 02,Current_Node,string,,Current Node,Directly exported value.,Fresh seeded simulation from authoritative Word inputs.,,Blank only when the field is not applicable to the record.,Candidate predictor or response for later analysis.,
05_GERT_Traversal_Data::Traversals Part 02,05_GERT_Traversal_Data.xlsx,Traversals Part 02,From_Node,string,,From Node,Directly exported value.,Fresh seeded simulation from authoritative Word inputs.,,Blank only when the field is not applicable to the record.,Candidate predictor or response for later analysis.,
05_GERT_Traversal_Data::Traversals Part 02,05_GERT_Traversal_Data.xlsx,Traversals Part 02,To_Node,string,,To Node,Directly exported value.,Fresh seeded simulation from authoritative Word inputs.,,Blank only when the field is not applicable to the record.,Candidate predictor or response for later analysis.,
05_GERT_Traversal_Data::Traversals Part 02,05_GERT_Traversal_Data.xlsx,Traversals Part 02,Arc_Tag,string,,Arc Tag,Directly exported value.,Fresh seeded simulation from authoritative Word inputs.,,Blank only when the field is not applicable to the record.,"Supporting identifier, audit, or reconciliation field.",
05_GERT_Traversal_Data::Traversals Part 02,05_GERT_Traversal_Data.xlsx,Traversals Part 02,Arc_Name,string,,Arc Name,Directly exported value.,Fresh seeded simulation from authoritative Word inputs.,,Blank only when the field is not applicable to the record.,"Supporting identifier, audit, or reconciliation field.",
05_GERT_Traversal_Data::Traversals Part 02,05_GERT_Traversal_Data.xlsx,Traversals Part 02,Original_Probability,double,dimensionless,Original Probability,Derived from the complete unsampled exported simulation records.,Fresh seeded simulation from authoritative Word inputs.,,Blank only when the field is not applicable to the record.,Candidate predictor or response for later analysis.,
05_GERT_Traversal_Data::Traversals Part 02,05_GERT_Traversal_Data.xlsx,Traversals Part 02,Eligible_Probability_Sum,double,dimensionless,Eligible Probability Sum,Derived from the complete unsampled exported simulation records.,Fresh seeded simulation from authoritative Word inputs.,,Blank only when the field is not applicable to the record.,Candidate predictor or response for later analysis.,
05_GERT_Traversal_Data::Traversals Part 02,05_GERT_Traversal_Data.xlsx,Traversals Part 02,Effective_Probability,double,dimensionless,Effective Probability,Derived from the complete unsampled exported simulation records.,Fresh seeded simulation from authoritative Word inputs.,,Blank only when the field is not applicable to the record.,Candidate predictor or response for later analysis.,
05_GERT_Traversal_Data::Traversals Part 02,05_GERT_Traversal_Data.xlsx,Traversals Part 02,Routing_Random_U,double,,Routing Random U,Directly exported value.,Fresh seeded simulation from authoritative Word inputs.,,Blank only when the field is not applicable to the record.,Candidate predictor or response for later analysis.,
05_GERT_Traversal_Data::Traversals Part 02,05_GERT_Traversal_Data.xlsx,Traversals Part 02,Cumulative_Lower_Bound,double,,Cumulative Lower Bound,Directly exported value.,Fresh seeded simulation from authoritative Word inputs.,,Blank only when the field is not applicable to the record.,Candidate predictor or response for later analysis.,
05_GERT_Traversal_Data::Traversals Part 02,05_GERT_Traversal_Data.xlsx,Traversals Part 02,Cumulative_Upper_Bound,double,,Cumulative Upper Bound,Directly exported value.,Fresh seeded simulation from authoritative Word inputs.,,Blank only when the field is not applicable to the record.,Candidate predictor or response for later analysis.,
05_GERT_Traversal_Data::Traversals Part 02,05_GERT_Traversal_Data.xlsx,Traversals Part 02,Selected,bool,,Selected,Directly exported value.,Fresh seeded simulation from authoritative Word inputs.,0; 1,Blank only when the field is not applicable to the record.,"Supporting identifier, audit, or reconciliation field.",
05_GERT_Traversal_Data::Traversals Part 02,05_GERT_Traversal_Data.xlsx,Traversals Part 02,O,double,,O,Directly exported value.,Fresh seeded simulation from authoritative Word inputs.,,Blank only when the field is not applicable to the record.,Candidate predictor or response for later analysis.,
05_GERT_Traversal_Data::Traversals Part 02,05_GERT_Traversal_Data.xlsx,Traversals Part 02,ML,double,,ML,Directly exported value.,Fresh seeded simulation from authoritative Word inputs.,,Blank only when the field is not applicable to the record.,Candidate predictor or response for later analysis.,
05_GERT_Traversal_Data::Traversals Part 02,05_GERT_Traversal_Data.xlsx,Traversals Part 02,P,double,,P,Directly exported value.,Fresh seeded simulation from authoritative Word inputs.,,Blank only when the field is not applicable to the record.,Candidate predictor or response for later analysis.,
05_GERT_Traversal_Data::Traversals Part 02,05_GERT_Traversal_Data.xlsx,Traversals Part 02,Alpha,double,,Alpha,Directly exported value.,Fresh seeded simulation from authoritative Word inputs.,,Blank only when the field is not applicable to the record.,Candidate predictor or response for later analysis.,
05_GERT_Traversal_Data::Traversals Part 02,05_GERT_Traversal_Data.xlsx,Traversals Part 02,Beta,double,,Beta,Directly exported value.,Fresh seeded simulation from authoritative Word inputs.,,Blank only when the field is not applicable to the record.,"Supporting identifier, audit, or reconciliation field.",
05_GERT_Traversal_Data::Traversals Part 02,05_GERT_Traversal_Data.xlsx,Traversals Part 02,Beta_Y,double,dimensionless,Beta Y,Directly exported value.,Fresh seeded simulation from authoritative Word inputs.,,Blank only when the field is not applicable to the record.,"Supporting identifier, audit, or reconciliation field.",
05_GERT_Traversal_Data::Traversals Part 02,05_GERT_Traversal_Data.xlsx,Traversals Part 02,Raw_Duration,double,days,Raw Duration,Directly exported value.,Fresh seeded simulation from authoritative Word inputs.,,Blank only when the field is not applicable to the record.,Candidate predictor or response for later analysis.,
05_GERT_Traversal_Data::Traversals Part 02,05_GERT_Traversal_Data.xlsx,Traversals Part 02,Rounded_Duration,int64,days,Rounded Duration,Directly exported value.,Fresh seeded simulation from authoritative Word inputs.,,Blank only when the field is not applicable to the record.,Candidate predictor or response for later analysis.,
05_GERT_Traversal_Data::Traversals Part 02,05_GERT_Traversal_Data.xlsx,Traversals Part 02,Cumulative_Raw_Duration,double,days,Cumulative Raw Duration,Directly exported value.,Fresh seeded simulation from authoritative Word inputs.,,Blank only when the field is not applicable to the record.,Candidate predictor or response for later analysis.,
05_GERT_Traversal_Data::Traversals Part 02,05_GERT_Traversal_Data.xlsx,Traversals Part 02,Cumulative_Rounded_Duration,int64,days,Cumulative Rounded Duration,Directly exported value.,Fresh seeded simulation from authoritative Word inputs.,,Blank only when the field is not applicable to the record.,Candidate predictor or response for later analysis.,
05_GERT_Traversal_Data::Traversals Part 02,05_GERT_Traversal_Data.xlsx,Traversals Part 02,Is_Return_Arc,bool,,Is Return Arc,Directly exported value.,Fresh seeded simulation from authoritative Word inputs.,0; 1,Blank only when the field is not applicable to the record.,"Supporting identifier, audit, or reconciliation field.",
05_GERT_Traversal_Data::Traversals Part 02,05_GERT_Traversal_Data.xlsx,Traversals Part 02,Loop_ID,string,identifier,Loop ID,Directly exported value.,Fresh seeded simulation from authoritative Word inputs.,,Blank only when the field is not applicable to the record.,Candidate predictor or response for later analysis.,
05_GERT_Traversal_Data::Traversals Part 02,05_GERT_Traversal_Data.xlsx,Traversals Part 02,Loop_Cap,int64,,Loop Cap,Directly exported value.,Fresh seeded simulation from authoritative Word inputs.,,Blank only when the field is not applicable to the record.,Candidate predictor or response for later analysis.,
05_GERT_Traversal_Data::Traversals Part 02,05_GERT_Traversal_Data.xlsx,Traversals Part 02,Loop_Count_Before,int64,count,Loop Count Before,Directly exported value.,Fresh seeded simulation from authoritative Word inputs.,,Blank only when the field is not applicable to the record.,Candidate predictor or response for later analysis.,
05_GERT_Traversal_Data::Traversals Part 02,05_GERT_Traversal_Data.xlsx,Traversals Part 02,Loop_Count_After,int64,count,Loop Count After,Directly exported value.,Fresh seeded simulation from authoritative Word inputs.,,Blank only when the field is not applicable to the record.,Candidate predictor or response for later analysis.,
05_GERT_Traversal_Data::Traversals Part 02,05_GERT_Traversal_Data.xlsx,Traversals Part 02,Cap_Reached_On_This_Step,bool,,Cap Reached On This Step,Directly exported value.,Fresh seeded simulation from authoritative Word inputs.,0; 1,Blank only when the field is not applicable to the record.,Candidate predictor or response for later analysis.,
05_GERT_Traversal_Data::Traversals Part 02,05_GERT_Traversal_Data.xlsx,Traversals Part 02,Arc_Excluded_After_Step,bool,,Arc Excluded After Step,Directly exported value.,Fresh seeded simulation from authoritative Word inputs.,0; 1,Blank only when the field is not applicable to the record.,Candidate predictor or response for later analysis.,
05_GERT_Traversal_Data::Traversals Part 02,05_GERT_Traversal_Data.xlsx,Traversals Part 02,Renormalisation_Applied,bool,,Renormalisation Applied,Directly exported value.,Fresh seeded simulation from authoritative Word inputs.,0; 1,Blank only when the field is not applicable to the record.,Candidate predictor or response for later analysis.,
05_GERT_Traversal_Data::Traversals Part 02,05_GERT_Traversal_Data.xlsx,Traversals Part 02,Dispute_Node_Visited,bool,,Dispute Node Visited,Directly exported value.,Fresh seeded simulation from authoritative Word inputs.,0; 1,Blank only when the field is not applicable to the record.,Candidate predictor or response for later analysis.,
05_GERT_Traversal_Data::Traversals Part 02,05_GERT_Traversal_Data.xlsx,Traversals Part 02,Terminal_Reached,bool,,Terminal Reached,Directly exported value.,Fresh seeded simulation from authoritative Word inputs.,0; 1,Blank only when the field is not applicable to the record.,"Supporting identifier, audit, or reconciliation field.",
05_GERT_Traversal_Data::Traversals Part 02,05_GERT_Traversal_Data.xlsx,Traversals Part 02,Outcome_After_Step,string,,Outcome After Step,Directly exported value.,Fresh seeded simulation from authoritative Word inputs.,,Blank only when the field is not applicable to the record.,Candidate predictor or response for later analysis.,
06_GERT_Structure_Events::Node Visits,06_GERT_Structure_Events.xlsx,Node Visits,Iteration_ID,int64,identifier,One-based Monte Carlo iteration identifier.,Directly exported value.,Fresh seeded simulation from authoritative Word inputs.,,Blank only when the field is not applicable to the record.,Candidate predictor or response for later analysis.,
06_GERT_Structure_Events::Node Visits,06_GERT_Structure_Events.xlsx,Node Visits,Visit_Number,int64,,Visit Number,Directly exported value.,Fresh seeded simulation from authoritative Word inputs.,,Blank only when the field is not applicable to the record.,"Supporting identifier, audit, or reconciliation field.",
06_GERT_Structure_Events::Node Visits,06_GERT_Structure_Events.xlsx,Node Visits,Node_ID,string,identifier,Node ID,Directly exported value.,Fresh seeded simulation from authoritative Word inputs.,,Blank only when the field is not applicable to the record.,Candidate predictor or response for later analysis.,
06_GERT_Structure_Events::Node Visits,06_GERT_Structure_Events.xlsx,Node Visits,Node_Name,string,,Node Name,Directly exported value.,Fresh seeded simulation from authoritative Word inputs.,,Blank only when the field is not applicable to the record.,Candidate predictor or response for later analysis.,
06_GERT_Structure_Events::Node Visits,06_GERT_Structure_Events.xlsx,Node Visits,Arrival_Step,int64,,Arrival Step,Directly exported value.,Fresh seeded simulation from authoritative Word inputs.,,Blank only when the field is not applicable to the record.,Candidate predictor or response for later analysis.,
06_GERT_Structure_Events::Node Visits,06_GERT_Structure_Events.xlsx,Node Visits,Departure_Step,int64,,Departure Step,Directly exported value.,Fresh seeded simulation from authoritative Word inputs.,,Blank only when the field is not applicable to the record.,Candidate predictor or response for later analysis.,
06_GERT_Structure_Events::Node Visits,06_GERT_Structure_Events.xlsx,Node Visits,Is_Start,bool,,Is Start,Directly exported value.,Fresh seeded simulation from authoritative Word inputs.,0; 1,Blank only when the field is not applicable to the record.,"Supporting identifier, audit, or reconciliation field.",
06_GERT_Structure_Events::Node Visits,06_GERT_Structure_Events.xlsx,Node Visits,Is_Dispute,bool,,Is Dispute,Directly exported value.,Fresh seeded simulation from authoritative Word inputs.,0; 1,Blank only when the field is not applicable to the record.,Candidate predictor or response for later analysis.,
06_GERT_Structure_Events::Node Visits,06_GERT_Structure_Events.xlsx,Node Visits,Is_Terminal,bool,,Is Terminal,Directly exported value.,Fresh seeded simulation from authoritative Word inputs.,0; 1,Blank only when the field is not applicable to the record.,"Supporting identifier, audit, or reconciliation field.",
06_GERT_Structure_Events::Node Visits,06_GERT_Structure_Events.xlsx,Node Visits,Outcome,string,,Final absorbing GERT outcome.,Directly exported value.,Fresh seeded simulation from authoritative Word inputs.,Successful; Terminated,Blank only when the field is not applicable to the record.,Candidate predictor or response for later analysis.,
06_GERT_Structure_Events::Arc Activations,06_GERT_Structure_Events.xlsx,Arc Activations,Iteration_ID,int64,identifier,One-based Monte Carlo iteration identifier.,Directly exported value.,Fresh seeded simulation from authoritative Word inputs.,,Blank only when the field is not applicable to the record.,Candidate predictor or response for later analysis.,
06_GERT_Structure_Events::Arc Activations,06_GERT_Structure_Events.xlsx,Arc Activations,Arc_Tag,string,,Arc Tag,Directly exported value.,Fresh seeded simulation from authoritative Word inputs.,,Blank only when the field is not applicable to the record.,"Supporting identifier, audit, or reconciliation field.",
06_GERT_Structure_Events::Arc Activations,06_GERT_Structure_Events.xlsx,Arc Activations,Activated,bool,,Activated,Directly exported value.,Fresh seeded simulation from authoritative Word inputs.,0; 1,Blank only when the field is not applicable to the record.,"Supporting identifier, audit, or reconciliation field.",
06_GERT_Structure_Events::Arc Activations,06_GERT_Structure_Events.xlsx,Arc Activations,First_Step,int64,,First Step,Directly exported value.,Fresh seeded simulation from authoritative Word inputs.,,Blank only when the field is not applicable to the record.,Candidate predictor or response for later analysis.,
06_GERT_Structure_Events::Arc Activations,06_GERT_Structure_Events.xlsx,Arc Activations,Traversal_Count,int64,count,Traversal Count,Directly exported value.,Fresh seeded simulation from authoritative Word inputs.,,Blank only when the field is not applicable to the record.,Candidate predictor or response for later analysis.,
06_GERT_Structure_Events::Arc Activations,06_GERT_Structure_Events.xlsx,Arc Activations,Accumulated_Raw_Duration,double,days,Accumulated Raw Duration,Directly exported value.,Fresh seeded simulation from authoritative Word inputs.,,Blank only when the field is not applicable to the record.,Candidate predictor or response for later analysis.,
06_GERT_Structure_Events::Arc Activations,06_GERT_Structure_Events.xlsx,Arc Activations,Accumulated_Rounded_Duration,int64,days,Accumulated Rounded Duration,Directly exported value.,Fresh seeded simulation from authoritative Word inputs.,,Blank only when the field is not applicable to the record.,Candidate predictor or response for later analysis.,
06_GERT_Structure_Events::Arc Activations,06_GERT_Structure_Events.xlsx,Arc Activations,Outcome,string,,Final absorbing GERT outcome.,Directly exported value.,Fresh seeded simulation from authoritative Word inputs.,Successful; Terminated,Blank only when the field is not applicable to the record.,Candidate predictor or response for later analysis.,
06_GERT_Structure_Events::Arc Traversal Counts,06_GERT_Structure_Events.xlsx,Arc Traversal Counts,Arc_Tag,string,,Arc Tag,Directly exported value.,Fresh seeded simulation from authoritative Word inputs.,,Blank only when the field is not applicable to the record.,"Supporting identifier, audit, or reconciliation field.",
06_GERT_Structure_Events::Arc Traversal Counts,06_GERT_Structure_Events.xlsx,Arc Traversal Counts,Total_Traversals,int64,,Total Traversals,Directly exported value.,Fresh seeded simulation from authoritative Word inputs.,,Blank only when the field is not applicable to the record.,Candidate predictor or response for later analysis.,
06_GERT_Structure_Events::Arc Traversal Counts,06_GERT_Structure_Events.xlsx,Arc Traversal Counts,Activation_Probability,double,dimensionless,Activation Probability,Derived from the complete unsampled exported simulation records.,Fresh seeded simulation from authoritative Word inputs.,,Blank only when the field is not applicable to the record.,Candidate predictor or response for later analysis.,
06_GERT_Structure_Events::Arc Traversal Counts,06_GERT_Structure_Events.xlsx,Arc Traversal Counts,Mean_Traversals,double,,Mean Traversals,Derived from the complete unsampled exported simulation records.,Fresh seeded simulation from authoritative Word inputs.,,Blank only when the field is not applicable to the record.,"Supporting identifier, audit, or reconciliation field.",
06_GERT_Structure_Events::Arc Traversal Counts,06_GERT_Structure_Events.xlsx,Arc Traversal Counts,Maximum_Traversals,int64,,Maximum Traversals,Directly exported value.,Fresh seeded simulation from authoritative Word inputs.,,Blank only when the field is not applicable to the record.,"Supporting identifier, audit, or reconciliation field.",
06_GERT_Structure_Events::Arc Duration Records,06_GERT_Structure_Events.xlsx,Arc Duration Records,Iteration_ID,int64,identifier,One-based Monte Carlo iteration identifier.,Directly exported value.,Fresh seeded simulation from authoritative Word inputs.,,Blank only when the field is not applicable to the record.,Candidate predictor or response for later analysis.,
06_GERT_Structure_Events::Arc Duration Records,06_GERT_Structure_Events.xlsx,Arc Duration Records,Step_Number,int64,,Step Number,Directly exported value.,Fresh seeded simulation from authoritative Word inputs.,,Blank only when the field is not applicable to the record.,Candidate predictor or response for later analysis.,
06_GERT_Structure_Events::Arc Duration Records,06_GERT_Structure_Events.xlsx,Arc Duration Records,Arc_Tag,string,,Arc Tag,Directly exported value.,Fresh seeded simulation from authoritative Word inputs.,,Blank only when the field is not applicable to the record.,"Supporting identifier, audit, or reconciliation field.",
06_GERT_Structure_Events::Arc Duration Records,06_GERT_Structure_Events.xlsx,Arc Duration Records,From_Node,string,,From Node,Directly exported value.,Fresh seeded simulation from authoritative Word inputs.,,Blank only when the field is not applicable to the record.,Candidate predictor or response for later analysis.,
06_GERT_Structure_Events::Arc Duration Records,06_GERT_Structure_Events.xlsx,Arc Duration Records,To_Node,string,,To Node,Directly exported value.,Fresh seeded simulation from authoritative Word inputs.,,Blank only when the field is not applicable to the record.,Candidate predictor or response for later analysis.,
06_GERT_Structure_Events::Arc Duration Records,06_GERT_Structure_Events.xlsx,Arc Duration Records,O,double,,O,Directly exported value.,Fresh seeded simulation from authoritative Word inputs.,,Blank only when the field is not applicable to the record.,Candidate predictor or response for later analysis.,
06_GERT_Structure_Events::Arc Duration Records,06_GERT_Structure_Events.xlsx,Arc Duration Records,ML,double,,ML,Directly exported value.,Fresh seeded simulation from authoritative Word inputs.,,Blank only when the field is not applicable to the record.,Candidate predictor or response for later analysis.,
06_GERT_Structure_Events::Arc Duration Records,06_GERT_Structure_Events.xlsx,Arc Duration Records,P,double,,P,Directly exported value.,Fresh seeded simulation from authoritative Word inputs.,,Blank only when the field is not applicable to the record.,Candidate predictor or response for later analysis.,
06_GERT_Structure_Events::Arc Duration Records,06_GERT_Structure_Events.xlsx,Arc Duration Records,Beta_Y,double,dimensionless,Beta Y,Directly exported value.,Fresh seeded simulation from authoritative Word inputs.,,Blank only when the field is not applicable to the record.,"Supporting identifier, audit, or reconciliation field.",
06_GERT_Structure_Events::Arc Duration Records,06_GERT_Structure_Events.xlsx,Arc Duration Records,Raw_Duration,double,days,Raw Duration,Directly exported value.,Fresh seeded simulation from authoritative Word inputs.,,Blank only when the field is not applicable to the record.,Candidate predictor or response for later analysis.,
06_GERT_Structure_Events::Arc Duration Records,06_GERT_Structure_Events.xlsx,Arc Duration Records,Rounded_Duration,int64,days,Rounded Duration,Directly exported value.,Fresh seeded simulation from authoritative Word inputs.,,Blank only when the field is not applicable to the record.,Candidate predictor or response for later analysis.,
06_GERT_Structure_Events::Arc Duration Records,06_GERT_Structure_Events.xlsx,Arc Duration Records,Outcome_After_Step,string,,Outcome After Step,Directly exported value.,Fresh seeded simulation from authoritative Word inputs.,,Blank only when the field is not applicable to the record.,Candidate predictor or response for later analysis.,
06_GERT_Structure_Events::Loop Events,06_GERT_Structure_Events.xlsx,Loop Events,Iteration_ID,int64,identifier,One-based Monte Carlo iteration identifier.,Directly exported value.,Fresh seeded simulation from authoritative Word inputs.,,Blank only when the field is not applicable to the record.,Candidate predictor or response for later analysis.,
06_GERT_Structure_Events::Loop Events,06_GERT_Structure_Events.xlsx,Loop Events,Step_Number,int64,,Step Number,Directly exported value.,Fresh seeded simulation from authoritative Word inputs.,,Blank only when the field is not applicable to the record.,Candidate predictor or response for later analysis.,
06_GERT_Structure_Events::Loop Events,06_GERT_Structure_Events.xlsx,Loop Events,Loop_ID,string,identifier,Loop ID,Directly exported value.,Fresh seeded simulation from authoritative Word inputs.,,Blank only when the field is not applicable to the record.,Candidate predictor or response for later analysis.,
06_GERT_Structure_Events::Loop Events,06_GERT_Structure_Events.xlsx,Loop Events,Arc_Tag,string,,Arc Tag,Directly exported value.,Fresh seeded simulation from authoritative Word inputs.,,Blank only when the field is not applicable to the record.,"Supporting identifier, audit, or reconciliation field.",
06_GERT_Structure_Events::Loop Events,06_GERT_Structure_Events.xlsx,Loop Events,From_Node,string,,From Node,Directly exported value.,Fresh seeded simulation from authoritative Word inputs.,,Blank only when the field is not applicable to the record.,Candidate predictor or response for later analysis.,
06_GERT_Structure_Events::Loop Events,06_GERT_Structure_Events.xlsx,Loop Events,To_Node,string,,To Node,Directly exported value.,Fresh seeded simulation from authoritative Word inputs.,,Blank only when the field is not applicable to the record.,Candidate predictor or response for later analysis.,
06_GERT_Structure_Events::Loop Events,06_GERT_Structure_Events.xlsx,Loop Events,Count_Before,int64,count,Count Before,Directly exported value.,Fresh seeded simulation from authoritative Word inputs.,,Blank only when the field is not applicable to the record.,Candidate predictor or response for later analysis.,
06_GERT_Structure_Events::Loop Events,06_GERT_Structure_Events.xlsx,Loop Events,Count_After,int64,count,Count After,Directly exported value.,Fresh seeded simulation from authoritative Word inputs.,,Blank only when the field is not applicable to the record.,Candidate predictor or response for later analysis.,
06_GERT_Structure_Events::Loop Events,06_GERT_Structure_Events.xlsx,Loop Events,Loop_Cap,int64,,Loop Cap,Directly exported value.,Fresh seeded simulation from authoritative Word inputs.,,Blank only when the field is not applicable to the record.,Candidate predictor or response for later analysis.,
06_GERT_Structure_Events::Loop Events,06_GERT_Structure_Events.xlsx,Loop Events,Raw_Duration,double,days,Raw Duration,Directly exported value.,Fresh seeded simulation from authoritative Word inputs.,,Blank only when the field is not applicable to the record.,Candidate predictor or response for later analysis.,
06_GERT_Structure_Events::Loop Events,06_GERT_Structure_Events.xlsx,Loop Events,Rounded_Duration,int64,days,Rounded Duration,Directly exported value.,Fresh seeded simulation from authoritative Word inputs.,,Blank only when the field is not applicable to the record.,Candidate predictor or response for later analysis.,
06_GERT_Structure_Events::Loop Events,06_GERT_Structure_Events.xlsx,Loop Events,Cap_Reached,bool,,Cap Reached,Directly exported value.,Fresh seeded simulation from authoritative Word inputs.,0; 1,Blank only when the field is not applicable to the record.,Candidate predictor or response for later analysis.,
06_GERT_Structure_Events::Loop Events,06_GERT_Structure_Events.xlsx,Loop Events,Outcome,string,,Final absorbing GERT outcome.,Directly exported value.,Fresh seeded simulation from authoritative Word inputs.,Successful; Terminated,Blank only when the field is not applicable to the record.,Candidate predictor or response for later analysis.,
06_GERT_Structure_Events::Loop Counts by Iteration,06_GERT_Structure_Events.xlsx,Loop Counts by Iteration,Iteration_ID,int64,identifier,One-based Monte Carlo iteration identifier.,Directly exported value.,Fresh seeded simulation from authoritative Word inputs.,,Blank only when the field is not applicable to the record.,Candidate predictor or response for later analysis.,
06_GERT_Structure_Events::Loop Counts by Iteration,06_GERT_Structure_Events.xlsx,Loop Counts by Iteration,e22_Count,int64,count,e22 Count,Directly exported value.,Fresh seeded simulation from authoritative Word inputs.,,Blank only when the field is not applicable to the record.,Candidate predictor or response for later analysis.,
06_GERT_Structure_Events::Loop Counts by Iteration,06_GERT_Structure_Events.xlsx,Loop Counts by Iteration,e21_Count,int64,count,e21 Count,Directly exported value.,Fresh seeded simulation from authoritative Word inputs.,,Blank only when the field is not applicable to the record.,Candidate predictor or response for later analysis.,
06_GERT_Structure_Events::Loop Counts by Iteration,06_GERT_Structure_Events.xlsx,Loop Counts by Iteration,e33_Count,int64,count,e33 Count,Directly exported value.,Fresh seeded simulation from authoritative Word inputs.,,Blank only when the field is not applicable to the record.,Candidate predictor or response for later analysis.,
06_GERT_Structure_Events::Loop Counts by Iteration,06_GERT_Structure_Events.xlsx,Loop Counts by Iteration,e32_Count,int64,count,e32 Count,Directly exported value.,Fresh seeded simulation from authoritative Word inputs.,,Blank only when the field is not applicable to the record.,Candidate predictor or response for later analysis.,
06_GERT_Structure_Events::Loop Counts by Iteration,06_GERT_Structure_Events.xlsx,Loop Counts by Iteration,e43_Count,int64,count,e43 Count,Directly exported value.,Fresh seeded simulation from authoritative Word inputs.,,Blank only when the field is not applicable to the record.,Candidate predictor or response for later analysis.,
06_GERT_Structure_Events::Loop Counts by Iteration,06_GERT_Structure_Events.xlsx,Loop Counts by Iteration,e42_Count,int64,count,e42 Count,Directly exported value.,Fresh seeded simulation from authoritative Word inputs.,,Blank only when the field is not applicable to the record.,Candidate predictor or response for later analysis.,
06_GERT_Structure_Events::Loop Counts by Iteration,06_GERT_Structure_Events.xlsx,Loop Counts by Iteration,e55_Count,int64,count,e55 Count,Directly exported value.,Fresh seeded simulation from authoritative Word inputs.,,Blank only when the field is not applicable to the record.,Candidate predictor or response for later analysis.,
06_GERT_Structure_Events::Loop Counts by Iteration,06_GERT_Structure_Events.xlsx,Loop Counts by Iteration,e54_Count,int64,count,e54 Count,Directly exported value.,Fresh seeded simulation from authoritative Word inputs.,,Blank only when the field is not applicable to the record.,Candidate predictor or response for later analysis.,
06_GERT_Structure_Events::Loop Counts by Iteration,06_GERT_Structure_Events.xlsx,Loop Counts by Iteration,e52_Count,int64,count,e52 Count,Directly exported value.,Fresh seeded simulation from authoritative Word inputs.,,Blank only when the field is not applicable to the record.,Candidate predictor or response for later analysis.,
06_GERT_Structure_Events::Loop Counts by Iteration,06_GERT_Structure_Events.xlsx,Loop Counts by Iteration,e66_Count,int64,count,e66 Count,Directly exported value.,Fresh seeded simulation from authoritative Word inputs.,,Blank only when the field is not applicable to the record.,Candidate predictor or response for later analysis.,
06_GERT_Structure_Events::Loop Counts by Iteration,06_GERT_Structure_Events.xlsx,Loop Counts by Iteration,Any_Loop,bool,,Any Loop,Directly exported value.,Fresh seeded simulation from authoritative Word inputs.,0; 1,Blank only when the field is not applicable to the record.,Candidate predictor or response for later analysis.,
06_GERT_Structure_Events::Loop Counts by Iteration,06_GERT_Structure_Events.xlsx,Loop Counts by Iteration,Any_Cap_Reached,bool,,Any Cap Reached,Directly exported value.,Fresh seeded simulation from authoritative Word inputs.,0; 1,Blank only when the field is not applicable to the record.,Candidate predictor or response for later analysis.,
06_GERT_Structure_Events::Cap Events,06_GERT_Structure_Events.xlsx,Cap Events,Iteration_ID,int64,identifier,One-based Monte Carlo iteration identifier.,Directly exported value.,Fresh seeded simulation from authoritative Word inputs.,,Blank only when the field is not applicable to the record.,Candidate predictor or response for later analysis.,
06_GERT_Structure_Events::Cap Events,06_GERT_Structure_Events.xlsx,Cap Events,Step_Number,int64,,Step Number,Directly exported value.,Fresh seeded simulation from authoritative Word inputs.,,Blank only when the field is not applicable to the record.,Candidate predictor or response for later analysis.,
06_GERT_Structure_Events::Cap Events,06_GERT_Structure_Events.xlsx,Cap Events,Loop_ID,string,identifier,Loop ID,Directly exported value.,Fresh seeded simulation from authoritative Word inputs.,,Blank only when the field is not applicable to the record.,Candidate predictor or response for later analysis.,
06_GERT_Structure_Events::Cap Events,06_GERT_Structure_Events.xlsx,Cap Events,Arc_Tag,string,,Arc Tag,Directly exported value.,Fresh seeded simulation from authoritative Word inputs.,,Blank only when the field is not applicable to the record.,"Supporting identifier, audit, or reconciliation field.",
06_GERT_Structure_Events::Cap Events,06_GERT_Structure_Events.xlsx,Cap Events,Loop_Cap,int64,,Loop Cap,Directly exported value.,Fresh seeded simulation from authoritative Word inputs.,,Blank only when the field is not applicable to the record.,Candidate predictor or response for later analysis.,
06_GERT_Structure_Events::Cap Events,06_GERT_Structure_Events.xlsx,Cap Events,Count_When_Reached,int64,count,Count When Reached,Directly exported value.,Fresh seeded simulation from authoritative Word inputs.,,Blank only when the field is not applicable to the record.,Candidate predictor or response for later analysis.,
06_GERT_Structure_Events::Cap Events,06_GERT_Structure_Events.xlsx,Cap Events,Outcome,string,,Final absorbing GERT outcome.,Directly exported value.,Fresh seeded simulation from authoritative Word inputs.,Successful; Terminated,Blank only when the field is not applicable to the record.,Candidate predictor or response for later analysis.,
06_GERT_Structure_Events::Renormalisation Events,06_GERT_Structure_Events.xlsx,Renormalisation Events,Iteration_ID,int64,identifier,One-based Monte Carlo iteration identifier.,Directly exported value.,Fresh seeded simulation from authoritative Word inputs.,,Blank only when the field is not applicable to the record.,Candidate predictor or response for later analysis.,
06_GERT_Structure_Events::Renormalisation Events,06_GERT_Structure_Events.xlsx,Renormalisation Events,Event_Number,int64,,Event Number,Directly exported value.,Fresh seeded simulation from authoritative Word inputs.,,Blank only when the field is not applicable to the record.,"Supporting identifier, audit, or reconciliation field.",
06_GERT_Structure_Events::Renormalisation Events,06_GERT_Structure_Events.xlsx,Renormalisation Events,Step_Number,int64,,Step Number,Directly exported value.,Fresh seeded simulation from authoritative Word inputs.,,Blank only when the field is not applicable to the record.,Candidate predictor or response for later analysis.,
06_GERT_Structure_Events::Renormalisation Events,06_GERT_Structure_Events.xlsx,Renormalisation Events,Current_Node,string,,Current Node,Directly exported value.,Fresh seeded simulation from authoritative Word inputs.,,Blank only when the field is not applicable to the record.,Candidate predictor or response for later analysis.,
06_GERT_Structure_Events::Renormalisation Events,06_GERT_Structure_Events.xlsx,Renormalisation Events,Capped_Arcs,string,,Capped Arcs,Directly exported value.,Fresh seeded simulation from authoritative Word inputs.,,Blank only when the field is not applicable to the record.,Candidate predictor or response for later analysis.,
06_GERT_Structure_Events::Renormalisation Events,06_GERT_Structure_Events.xlsx,Renormalisation Events,Loop_Counters,string,count,Loop Counters,Directly exported value.,Fresh seeded simulation from authoritative Word inputs.,,Blank only when the field is not applicable to the record.,Candidate predictor or response for later analysis.,
06_GERT_Structure_Events::Renormalisation Events,06_GERT_Structure_Events.xlsx,Renormalisation Events,Original_Probabilities,string,,Original Probabilities,Directly exported value.,Fresh seeded simulation from authoritative Word inputs.,,Blank only when the field is not applicable to the record.,Candidate predictor or response for later analysis.,
06_GERT_Structure_Events::Renormalisation Events,06_GERT_Structure_Events.xlsx,Renormalisation Events,Eligibility,string,,Eligibility,Directly exported value.,Fresh seeded simulation from authoritative Word inputs.,,Blank only when the field is not applicable to the record.,"Supporting identifier, audit, or reconciliation field.",
06_GERT_Structure_Events::Renormalisation Events,06_GERT_Structure_Events.xlsx,Renormalisation Events,Effective_Probabilities,string,,Effective Probabilities,Directly exported value.,Fresh seeded simulation from authoritative Word inputs.,,Blank only when the field is not applicable to the record.,Candidate predictor or response for later analysis.,
06_GERT_Structure_Events::Renormalisation Events,06_GERT_Structure_Events.xlsx,Renormalisation Events,Remaining_Original_Probability_Sum,double,dimensionless,Remaining Original Probability Sum,Derived from the complete unsampled exported simulation records.,Fresh seeded simulation from authoritative Word inputs.,,Blank only when the field is not applicable to the record.,Candidate predictor or response for later analysis.,
06_GERT_Structure_Events::Renormalisation Events,06_GERT_Structure_Events.xlsx,Renormalisation Events,Effective_Probability_Sum,double,dimensionless,Effective Probability Sum,Derived from the complete unsampled exported simulation records.,Fresh seeded simulation from authoritative Word inputs.,,Blank only when the field is not applicable to the record.,Candidate predictor or response for later analysis.,
06_GERT_Structure_Events::Renormalisation Events,06_GERT_Structure_Events.xlsx,Renormalisation Events,Selected_Arc,string,,Selected Arc,Directly exported value.,Fresh seeded simulation from authoritative Word inputs.,,Blank only when the field is not applicable to the record.,"Supporting identifier, audit, or reconciliation field.",
06_GERT_Structure_Events::Renormalisation Events,06_GERT_Structure_Events.xlsx,Renormalisation Events,Outcome,string,,Final absorbing GERT outcome.,Directly exported value.,Fresh seeded simulation from authoritative Word inputs.,Successful; Terminated,Blank only when the field is not applicable to the record.,Candidate predictor or response for later analysis.,
06_GERT_Structure_Events::Dispute Visits,06_GERT_Structure_Events.xlsx,Dispute Visits,Iteration_ID,int64,identifier,One-based Monte Carlo iteration identifier.,Directly exported value.,Fresh seeded simulation from authoritative Word inputs.,,Blank only when the field is not applicable to the record.,Candidate predictor or response for later analysis.,
06_GERT_Structure_Events::Dispute Visits,06_GERT_Structure_Events.xlsx,Dispute Visits,Dispute_Visit_Number,int64,,Dispute Visit Number,Directly exported value.,Fresh seeded simulation from authoritative Word inputs.,,Blank only when the field is not applicable to the record.,Candidate predictor or response for later analysis.,
06_GERT_Structure_Events::Dispute Visits,06_GERT_Structure_Events.xlsx,Dispute Visits,Arrival_Step,int64,,Arrival Step,Directly exported value.,Fresh seeded simulation from authoritative Word inputs.,,Blank only when the field is not applicable to the record.,Candidate predictor or response for later analysis.,
06_GERT_Structure_Events::Dispute Visits,06_GERT_Structure_Events.xlsx,Dispute Visits,Departure_Step,int64,,Departure Step,Directly exported value.,Fresh seeded simulation from authoritative Word inputs.,,Blank only when the field is not applicable to the record.,Candidate predictor or response for later analysis.,
06_GERT_Structure_Events::Dispute Visits,06_GERT_Structure_Events.xlsx,Dispute Visits,Previous_Node,string,,Previous Node,Directly exported value.,Fresh seeded simulation from authoritative Word inputs.,,Blank only when the field is not applicable to the record.,Candidate predictor or response for later analysis.,
06_GERT_Structure_Events::Dispute Visits,06_GERT_Structure_Events.xlsx,Dispute Visits,Next_Node,string,,Next Node,Directly exported value.,Fresh seeded simulation from authoritative Word inputs.,,Blank only when the field is not applicable to the record.,Candidate predictor or response for later analysis.,
06_GERT_Structure_Events::Dispute Visits,06_GERT_Structure_Events.xlsx,Dispute Visits,Outcome,string,,Final absorbing GERT outcome.,Directly exported value.,Fresh seeded simulation from authoritative Word inputs.,Successful; Terminated,Blank only when the field is not applicable to the record.,Candidate predictor or response for later analysis.,
06_GERT_Structure_Events::Dispute Visits,06_GERT_Structure_Events.xlsx,Dispute Visits,Total_Rounded_Duration,int64,days,Sum of individually ceiling-rounded stochastic durations for the iteration.,Directly exported value.,Fresh seeded simulation from authoritative Word inputs.,,Blank only when the field is not applicable to the record.,Candidate predictor or response for later analysis.,
06_GERT_Structure_Events::Transition Counts,06_GERT_Structure_Events.xlsx,Transition Counts,Transition_Count,int64,count,Transition Count,Directly exported value.,Fresh seeded simulation from authoritative Word inputs.,,Blank only when the field is not applicable to the record.,Candidate predictor or response for later analysis.,
06_GERT_Structure_Events::Transition Counts,06_GERT_Structure_Events.xlsx,Transition Counts,Frequency,int64,count,Frequency,Derived from the complete unsampled exported simulation records.,Fresh seeded simulation from authoritative Word inputs.,,Blank only when the field is not applicable to the record.,"Supporting identifier, audit, or reconciliation field.",
06_GERT_Structure_Events::Transition Counts,06_GERT_Structure_Events.xlsx,Transition Counts,Probability,double,dimensionless,Probability,Derived from the complete unsampled exported simulation records.,Fresh seeded simulation from authoritative Word inputs.,,Blank only when the field is not applicable to the record.,Candidate predictor or response for later analysis.,
07_GERT_Analysis_Ready::Iteration Feature Matrix,07_GERT_Analysis_Ready.xlsx,Iteration Feature Matrix,Iteration_ID,int64,identifier,One-based Monte Carlo iteration identifier.,Directly exported value.,Fresh seeded simulation from authoritative Word inputs.,,Blank only when the field is not applicable to the record.,Candidate predictor or response for later analysis.,
07_GERT_Analysis_Ready::Iteration Feature Matrix,07_GERT_Analysis_Ready.xlsx,Iteration Feature Matrix,Outcome,string,,Final absorbing GERT outcome.,Directly exported value.,Fresh seeded simulation from authoritative Word inputs.,Successful; Terminated,Blank only when the field is not applicable to the record.,Candidate predictor or response for later analysis.,
07_GERT_Analysis_Ready::Iteration Feature Matrix,07_GERT_Analysis_Ready.xlsx,Iteration Feature Matrix,Outcome_Successful_Binary,bool,,Outcome Successful Binary,Directly exported value.,Fresh seeded simulation from authoritative Word inputs.,0; 1,Blank only when the field is not applicable to the record.,Candidate predictor or response for later analysis.,
07_GERT_Analysis_Ready::Iteration Feature Matrix,07_GERT_Analysis_Ready.xlsx,Iteration Feature Matrix,Total_Duration,int64,days,Sum of individually ceiling-rounded stochastic durations for the iteration.,Directly exported value.,Fresh seeded simulation from authoritative Word inputs.,,Blank only when the field is not applicable to the record.,Candidate predictor or response for later analysis.,
07_GERT_Analysis_Ready::Iteration Feature Matrix,07_GERT_Analysis_Ready.xlsx,Iteration Feature Matrix,Transition_Count,int64,count,Transition Count,Directly exported value.,Fresh seeded simulation from authoritative Word inputs.,,Blank only when the field is not applicable to the record.,Candidate predictor or response for later analysis.,
07_GERT_Analysis_Ready::Iteration Feature Matrix,07_GERT_Analysis_Ready.xlsx,Iteration Feature Matrix,Dispute_Visited,bool,,Dispute Visited,Directly exported value.,Fresh seeded simulation from authoritative Word inputs.,0; 1,Blank only when the field is not applicable to the record.,Candidate predictor or response for later analysis.,
07_GERT_Analysis_Ready::Iteration Feature Matrix,07_GERT_Analysis_Ready.xlsx,Iteration Feature Matrix,Dispute_Visit_Count,int64,count,Dispute Visit Count,Directly exported value.,Fresh seeded simulation from authoritative Word inputs.,,Blank only when the field is not applicable to the record.,Candidate predictor or response for later analysis.,
07_GERT_Analysis_Ready::Iteration Feature Matrix,07_GERT_Analysis_Ready.xlsx,Iteration Feature Matrix,Path_ID,int64,identifier,Path ID,Directly exported value.,Fresh seeded simulation from authoritative Word inputs.,,Blank only when the field is not applicable to the record.,Candidate predictor or response for later analysis.,
07_GERT_Analysis_Ready::Iteration Feature Matrix,07_GERT_Analysis_Ready.xlsx,Iteration Feature Matrix,Any_Loop,bool,,Any Loop,Directly exported value.,Fresh seeded simulation from authoritative Word inputs.,0; 1,Blank only when the field is not applicable to the record.,Candidate predictor or response for later analysis.,
07_GERT_Analysis_Ready::Iteration Feature Matrix,07_GERT_Analysis_Ready.xlsx,Iteration Feature Matrix,Any_Cap_Reached,bool,,Any Cap Reached,Directly exported value.,Fresh seeded simulation from authoritative Word inputs.,0; 1,Blank only when the field is not applicable to the record.,Candidate predictor or response for later analysis.,
07_GERT_Analysis_Ready::Iteration Feature Matrix,07_GERT_Analysis_Ready.xlsx,Iteration Feature Matrix,Renormalisation_Count,int64,count,Renormalisation Count,Directly exported value.,Fresh seeded simulation from authoritative Word inputs.,,Blank only when the field is not applicable to the record.,Candidate predictor or response for later analysis.,
07_GERT_Analysis_Ready::Iteration Feature Matrix,07_GERT_Analysis_Ready.xlsx,Iteration Feature Matrix,Activated_e12,bool,,Indicator that arc e12 was traversed at least once.,Directly exported value.,Fresh seeded simulation from authoritative Word inputs.,0; 1,Blank only when the field is not applicable to the record.,Candidate predictor or response for later analysis.,
07_GERT_Analysis_Ready::Iteration Feature Matrix,07_GERT_Analysis_Ready.xlsx,Iteration Feature Matrix,Activated_e1T,bool,,Indicator that arc e1T was traversed at least once.,Directly exported value.,Fresh seeded simulation from authoritative Word inputs.,0; 1,Blank only when the field is not applicable to the record.,Candidate predictor or response for later analysis.,
07_GERT_Analysis_Ready::Iteration Feature Matrix,07_GERT_Analysis_Ready.xlsx,Iteration Feature Matrix,Activated_e23,bool,,Indicator that arc e23 was traversed at least once.,Directly exported value.,Fresh seeded simulation from authoritative Word inputs.,0; 1,Blank only when the field is not applicable to the record.,Candidate predictor or response for later analysis.,
07_GERT_Analysis_Ready::Iteration Feature Matrix,07_GERT_Analysis_Ready.xlsx,Iteration Feature Matrix,Activated_e24,bool,,Indicator that arc e24 was traversed at least once.,Directly exported value.,Fresh seeded simulation from authoritative Word inputs.,0; 1,Blank only when the field is not applicable to the record.,Candidate predictor or response for later analysis.,
07_GERT_Analysis_Ready::Iteration Feature Matrix,07_GERT_Analysis_Ready.xlsx,Iteration Feature Matrix,Activated_e22,bool,,Indicator that arc e22 was traversed at least once.,Directly exported value.,Fresh seeded simulation from authoritative Word inputs.,0; 1,Blank only when the field is not applicable to the record.,Candidate predictor or response for later analysis.,
07_GERT_Analysis_Ready::Iteration Feature Matrix,07_GERT_Analysis_Ready.xlsx,Iteration Feature Matrix,Activated_e21,bool,,Indicator that arc e21 was traversed at least once.,Directly exported value.,Fresh seeded simulation from authoritative Word inputs.,0; 1,Blank only when the field is not applicable to the record.,Candidate predictor or response for later analysis.,
07_GERT_Analysis_Ready::Iteration Feature Matrix,07_GERT_Analysis_Ready.xlsx,Iteration Feature Matrix,Activated_e2T,bool,,Indicator that arc e2T was traversed at least once.,Directly exported value.,Fresh seeded simulation from authoritative Word inputs.,0; 1,Blank only when the field is not applicable to the record.,Candidate predictor or response for later analysis.,
07_GERT_Analysis_Ready::Iteration Feature Matrix,07_GERT_Analysis_Ready.xlsx,Iteration Feature Matrix,Activated_e34,bool,,Indicator that arc e34 was traversed at least once.,Directly exported value.,Fresh seeded simulation from authoritative Word inputs.,0; 1,Blank only when the field is not applicable to the record.,Candidate predictor or response for later analysis.,
07_GERT_Analysis_Ready::Iteration Feature Matrix,07_GERT_Analysis_Ready.xlsx,Iteration Feature Matrix,Activated_e33,bool,,Indicator that arc e33 was traversed at least once.,Directly exported value.,Fresh seeded simulation from authoritative Word inputs.,0; 1,Blank only when the field is not applicable to the record.,Candidate predictor or response for later analysis.,
07_GERT_Analysis_Ready::Iteration Feature Matrix,07_GERT_Analysis_Ready.xlsx,Iteration Feature Matrix,Activated_e32,bool,,Indicator that arc e32 was traversed at least once.,Directly exported value.,Fresh seeded simulation from authoritative Word inputs.,0; 1,Blank only when the field is not applicable to the record.,Candidate predictor or response for later analysis.,
07_GERT_Analysis_Ready::Iteration Feature Matrix,07_GERT_Analysis_Ready.xlsx,Iteration Feature Matrix,Activated_e3T,bool,,Indicator that arc e3T was traversed at least once.,Directly exported value.,Fresh seeded simulation from authoritative Word inputs.,0; 1,Blank only when the field is not applicable to the record.,Candidate predictor or response for later analysis.,
07_GERT_Analysis_Ready::Iteration Feature Matrix,07_GERT_Analysis_Ready.xlsx,Iteration Feature Matrix,Activated_e3D,bool,,Indicator that arc e3D was traversed at least once.,Directly exported value.,Fresh seeded simulation from authoritative Word inputs.,0; 1,Blank only when the field is not applicable to the record.,Candidate predictor or response for later analysis.,
07_GERT_Analysis_Ready::Iteration Feature Matrix,07_GERT_Analysis_Ready.xlsx,Iteration Feature Matrix,Activated_e45,bool,,Indicator that arc e45 was traversed at least once.,Directly exported value.,Fresh seeded simulation from authoritative Word inputs.,0; 1,Blank only when the field is not applicable to the record.,Candidate predictor or response for later analysis.,
07_GERT_Analysis_Ready::Iteration Feature Matrix,07_GERT_Analysis_Ready.xlsx,Iteration Feature Matrix,Activated_e46,bool,,Indicator that arc e46 was traversed at least once.,Directly exported value.,Fresh seeded simulation from authoritative Word inputs.,0; 1,Blank only when the field is not applicable to the record.,Candidate predictor or response for later analysis.,
07_GERT_Analysis_Ready::Iteration Feature Matrix,07_GERT_Analysis_Ready.xlsx,Iteration Feature Matrix,Activated_e43,bool,,Indicator that arc e43 was traversed at least once.,Directly exported value.,Fresh seeded simulation from authoritative Word inputs.,0; 1,Blank only when the field is not applicable to the record.,Candidate predictor or response for later analysis.,
07_GERT_Analysis_Ready::Iteration Feature Matrix,07_GERT_Analysis_Ready.xlsx,Iteration Feature Matrix,Activated_e42,bool,,Indicator that arc e42 was traversed at least once.,Directly exported value.,Fresh seeded simulation from authoritative Word inputs.,0; 1,Blank only when the field is not applicable to the record.,Candidate predictor or response for later analysis.,
07_GERT_Analysis_Ready::Iteration Feature Matrix,07_GERT_Analysis_Ready.xlsx,Iteration Feature Matrix,Activated_e4D,bool,,Indicator that arc e4D was traversed at least once.,Directly exported value.,Fresh seeded simulation from authoritative Word inputs.,0; 1,Blank only when the field is not applicable to the record.,Candidate predictor or response for later analysis.,
07_GERT_Analysis_Ready::Iteration Feature Matrix,07_GERT_Analysis_Ready.xlsx,Iteration Feature Matrix,Activated_e56,bool,,Indicator that arc e56 was traversed at least once.,Directly exported value.,Fresh seeded simulation from authoritative Word inputs.,0; 1,Blank only when the field is not applicable to the record.,Candidate predictor or response for later analysis.,
07_GERT_Analysis_Ready::Iteration Feature Matrix,07_GERT_Analysis_Ready.xlsx,Iteration Feature Matrix,Activated_e57,bool,,Indicator that arc e57 was traversed at least once.,Directly exported value.,Fresh seeded simulation from authoritative Word inputs.,0; 1,Blank only when the field is not applicable to the record.,Candidate predictor or response for later analysis.,
07_GERT_Analysis_Ready::Iteration Feature Matrix,07_GERT_Analysis_Ready.xlsx,Iteration Feature Matrix,Activated_e55,bool,,Indicator that arc e55 was traversed at least once.,Directly exported value.,Fresh seeded simulation from authoritative Word inputs.,0; 1,Blank only when the field is not applicable to the record.,Candidate predictor or response for later analysis.,
07_GERT_Analysis_Ready::Iteration Feature Matrix,07_GERT_Analysis_Ready.xlsx,Iteration Feature Matrix,Activated_e54,bool,,Indicator that arc e54 was traversed at least once.,Directly exported value.,Fresh seeded simulation from authoritative Word inputs.,0; 1,Blank only when the field is not applicable to the record.,Candidate predictor or response for later analysis.,
07_GERT_Analysis_Ready::Iteration Feature Matrix,07_GERT_Analysis_Ready.xlsx,Iteration Feature Matrix,Activated_e52,bool,,Indicator that arc e52 was traversed at least once.,Directly exported value.,Fresh seeded simulation from authoritative Word inputs.,0; 1,Blank only when the field is not applicable to the record.,Candidate predictor or response for later analysis.,
07_GERT_Analysis_Ready::Iteration Feature Matrix,07_GERT_Analysis_Ready.xlsx,Iteration Feature Matrix,Activated_e5D,bool,,Indicator that arc e5D was traversed at least once.,Directly exported value.,Fresh seeded simulation from authoritative Word inputs.,0; 1,Blank only when the field is not applicable to the record.,Candidate predictor or response for later analysis.,
07_GERT_Analysis_Ready::Iteration Feature Matrix,07_GERT_Analysis_Ready.xlsx,Iteration Feature Matrix,Activated_e67,bool,,Indicator that arc e67 was traversed at least once.,Directly exported value.,Fresh seeded simulation from authoritative Word inputs.,0; 1,Blank only when the field is not applicable to the record.,Candidate predictor or response for later analysis.,
07_GERT_Analysis_Ready::Iteration Feature Matrix,07_GERT_Analysis_Ready.xlsx,Iteration Feature Matrix,Activated_e66,bool,,Indicator that arc e66 was traversed at least once.,Directly exported value.,Fresh seeded simulation from authoritative Word inputs.,0; 1,Blank only when the field is not applicable to the record.,Candidate predictor or response for later analysis.,
07_GERT_Analysis_Ready::Iteration Feature Matrix,07_GERT_Analysis_Ready.xlsx,Iteration Feature Matrix,Activated_e6D,bool,,Indicator that arc e6D was traversed at least once.,Directly exported value.,Fresh seeded simulation from authoritative Word inputs.,0; 1,Blank only when the field is not applicable to the record.,Candidate predictor or response for later analysis.,
07_GERT_Analysis_Ready::Iteration Feature Matrix,07_GERT_Analysis_Ready.xlsx,Iteration Feature Matrix,Activated_eD3,bool,,Indicator that arc eD3 was traversed at least once.,Directly exported value.,Fresh seeded simulation from authoritative Word inputs.,0; 1,Blank only when the field is not applicable to the record.,Candidate predictor or response for later analysis.,
07_GERT_Analysis_Ready::Iteration Feature Matrix,07_GERT_Analysis_Ready.xlsx,Iteration Feature Matrix,Activated_eD7,bool,,Indicator that arc eD7 was traversed at least once.,Directly exported value.,Fresh seeded simulation from authoritative Word inputs.,0; 1,Blank only when the field is not applicable to the record.,Candidate predictor or response for later analysis.,
07_GERT_Analysis_Ready::Iteration Feature Matrix,07_GERT_Analysis_Ready.xlsx,Iteration Feature Matrix,Activated_eDT,bool,,Indicator that arc eDT was traversed at least once.,Directly exported value.,Fresh seeded simulation from authoritative Word inputs.,0; 1,Blank only when the field is not applicable to the record.,Candidate predictor or response for later analysis.,
07_GERT_Analysis_Ready::Iteration Feature Matrix,07_GERT_Analysis_Ready.xlsx,Iteration Feature Matrix,Traversals_e12,int64,,Number of traversals of arc e12 in the iteration.,Directly exported value.,Fresh seeded simulation from authoritative Word inputs.,,Blank only when the field is not applicable to the record.,Candidate predictor or response for later analysis.,
07_GERT_Analysis_Ready::Iteration Feature Matrix,07_GERT_Analysis_Ready.xlsx,Iteration Feature Matrix,Traversals_e1T,int64,,Number of traversals of arc e1T in the iteration.,Directly exported value.,Fresh seeded simulation from authoritative Word inputs.,,Blank only when the field is not applicable to the record.,Candidate predictor or response for later analysis.,
07_GERT_Analysis_Ready::Iteration Feature Matrix,07_GERT_Analysis_Ready.xlsx,Iteration Feature Matrix,Traversals_e23,int64,,Number of traversals of arc e23 in the iteration.,Directly exported value.,Fresh seeded simulation from authoritative Word inputs.,,Blank only when the field is not applicable to the record.,Candidate predictor or response for later analysis.,
07_GERT_Analysis_Ready::Iteration Feature Matrix,07_GERT_Analysis_Ready.xlsx,Iteration Feature Matrix,Traversals_e24,int64,,Number of traversals of arc e24 in the iteration.,Directly exported value.,Fresh seeded simulation from authoritative Word inputs.,,Blank only when the field is not applicable to the record.,Candidate predictor or response for later analysis.,
07_GERT_Analysis_Ready::Iteration Feature Matrix,07_GERT_Analysis_Ready.xlsx,Iteration Feature Matrix,Traversals_e22,int64,,Number of traversals of arc e22 in the iteration.,Directly exported value.,Fresh seeded simulation from authoritative Word inputs.,,Blank only when the field is not applicable to the record.,Candidate predictor or response for later analysis.,
07_GERT_Analysis_Ready::Iteration Feature Matrix,07_GERT_Analysis_Ready.xlsx,Iteration Feature Matrix,Traversals_e21,int64,,Number of traversals of arc e21 in the iteration.,Directly exported value.,Fresh seeded simulation from authoritative Word inputs.,,Blank only when the field is not applicable to the record.,Candidate predictor or response for later analysis.,
07_GERT_Analysis_Ready::Iteration Feature Matrix,07_GERT_Analysis_Ready.xlsx,Iteration Feature Matrix,Traversals_e2T,int64,,Number of traversals of arc e2T in the iteration.,Directly exported value.,Fresh seeded simulation from authoritative Word inputs.,,Blank only when the field is not applicable to the record.,Candidate predictor or response for later analysis.,
07_GERT_Analysis_Ready::Iteration Feature Matrix,07_GERT_Analysis_Ready.xlsx,Iteration Feature Matrix,Traversals_e34,int64,,Number of traversals of arc e34 in the iteration.,Directly exported value.,Fresh seeded simulation from authoritative Word inputs.,,Blank only when the field is not applicable to the record.,Candidate predictor or response for later analysis.,
07_GERT_Analysis_Ready::Iteration Feature Matrix,07_GERT_Analysis_Ready.xlsx,Iteration Feature Matrix,Traversals_e33,int64,,Number of traversals of arc e33 in the iteration.,Directly exported value.,Fresh seeded simulation from authoritative Word inputs.,,Blank only when the field is not applicable to the record.,Candidate predictor or response for later analysis.,
07_GERT_Analysis_Ready::Iteration Feature Matrix,07_GERT_Analysis_Ready.xlsx,Iteration Feature Matrix,Traversals_e32,int64,,Number of traversals of arc e32 in the iteration.,Directly exported value.,Fresh seeded simulation from authoritative Word inputs.,,Blank only when the field is not applicable to the record.,Candidate predictor or response for later analysis.,
07_GERT_Analysis_Ready::Iteration Feature Matrix,07_GERT_Analysis_Ready.xlsx,Iteration Feature Matrix,Traversals_e3T,int64,,Number of traversals of arc e3T in the iteration.,Directly exported value.,Fresh seeded simulation from authoritative Word inputs.,,Blank only when the field is not applicable to the record.,Candidate predictor or response for later analysis.,
07_GERT_Analysis_Ready::Iteration Feature Matrix,07_GERT_Analysis_Ready.xlsx,Iteration Feature Matrix,Traversals_e3D,int64,,Number of traversals of arc e3D in the iteration.,Directly exported value.,Fresh seeded simulation from authoritative Word inputs.,,Blank only when the field is not applicable to the record.,Candidate predictor or response for later analysis.,
07_GERT_Analysis_Ready::Iteration Feature Matrix,07_GERT_Analysis_Ready.xlsx,Iteration Feature Matrix,Traversals_e45,int64,,Number of traversals of arc e45 in the iteration.,Directly exported value.,Fresh seeded simulation from authoritative Word inputs.,,Blank only when the field is not applicable to the record.,Candidate predictor or response for later analysis.,
07_GERT_Analysis_Ready::Iteration Feature Matrix,07_GERT_Analysis_Ready.xlsx,Iteration Feature Matrix,Traversals_e46,int64,,Number of traversals of arc e46 in the iteration.,Directly exported value.,Fresh seeded simulation from authoritative Word inputs.,,Blank only when the field is not applicable to the record.,Candidate predictor or response for later analysis.,
07_GERT_Analysis_Ready::Iteration Feature Matrix,07_GERT_Analysis_Ready.xlsx,Iteration Feature Matrix,Traversals_e43,int64,,Number of traversals of arc e43 in the iteration.,Directly exported value.,Fresh seeded simulation from authoritative Word inputs.,,Blank only when the field is not applicable to the record.,Candidate predictor or response for later analysis.,
07_GERT_Analysis_Ready::Iteration Feature Matrix,07_GERT_Analysis_Ready.xlsx,Iteration Feature Matrix,Traversals_e42,int64,,Number of traversals of arc e42 in the iteration.,Directly exported value.,Fresh seeded simulation from authoritative Word inputs.,,Blank only when the field is not applicable to the record.,Candidate predictor or response for later analysis.,
07_GERT_Analysis_Ready::Iteration Feature Matrix,07_GERT_Analysis_Ready.xlsx,Iteration Feature Matrix,Traversals_e4D,int64,,Number of traversals of arc e4D in the iteration.,Directly exported value.,Fresh seeded simulation from authoritative Word inputs.,,Blank only when the field is not applicable to the record.,Candidate predictor or response for later analysis.,
07_GERT_Analysis_Ready::Iteration Feature Matrix,07_GERT_Analysis_Ready.xlsx,Iteration Feature Matrix,Traversals_e56,int64,,Number of traversals of arc e56 in the iteration.,Directly exported value.,Fresh seeded simulation from authoritative Word inputs.,,Blank only when the field is not applicable to the record.,Candidate predictor or response for later analysis.,
07_GERT_Analysis_Ready::Iteration Feature Matrix,07_GERT_Analysis_Ready.xlsx,Iteration Feature Matrix,Traversals_e57,int64,,Number of traversals of arc e57 in the iteration.,Directly exported value.,Fresh seeded simulation from authoritative Word inputs.,,Blank only when the field is not applicable to the record.,Candidate predictor or response for later analysis.,
07_GERT_Analysis_Ready::Iteration Feature Matrix,07_GERT_Analysis_Ready.xlsx,Iteration Feature Matrix,Traversals_e55,int64,,Number of traversals of arc e55 in the iteration.,Directly exported value.,Fresh seeded simulation from authoritative Word inputs.,,Blank only when the field is not applicable to the record.,Candidate predictor or response for later analysis.,
07_GERT_Analysis_Ready::Iteration Feature Matrix,07_GERT_Analysis_Ready.xlsx,Iteration Feature Matrix,Traversals_e54,int64,,Number of traversals of arc e54 in the iteration.,Directly exported value.,Fresh seeded simulation from authoritative Word inputs.,,Blank only when the field is not applicable to the record.,Candidate predictor or response for later analysis.,
07_GERT_Analysis_Ready::Iteration Feature Matrix,07_GERT_Analysis_Ready.xlsx,Iteration Feature Matrix,Traversals_e52,int64,,Number of traversals of arc e52 in the iteration.,Directly exported value.,Fresh seeded simulation from authoritative Word inputs.,,Blank only when the field is not applicable to the record.,Candidate predictor or response for later analysis.,
07_GERT_Analysis_Ready::Iteration Feature Matrix,07_GERT_Analysis_Ready.xlsx,Iteration Feature Matrix,Traversals_e5D,int64,,Number of traversals of arc e5D in the iteration.,Directly exported value.,Fresh seeded simulation from authoritative Word inputs.,,Blank only when the field is not applicable to the record.,Candidate predictor or response for later analysis.,
07_GERT_Analysis_Ready::Iteration Feature Matrix,07_GERT_Analysis_Ready.xlsx,Iteration Feature Matrix,Traversals_e67,int64,,Number of traversals of arc e67 in the iteration.,Directly exported value.,Fresh seeded simulation from authoritative Word inputs.,,Blank only when the field is not applicable to the record.,Candidate predictor or response for later analysis.,
07_GERT_Analysis_Ready::Iteration Feature Matrix,07_GERT_Analysis_Ready.xlsx,Iteration Feature Matrix,Traversals_e66,int64,,Number of traversals of arc e66 in the iteration.,Directly exported value.,Fresh seeded simulation from authoritative Word inputs.,,Blank only when the field is not applicable to the record.,Candidate predictor or response for later analysis.,
07_GERT_Analysis_Ready::Iteration Feature Matrix,07_GERT_Analysis_Ready.xlsx,Iteration Feature Matrix,Traversals_e6D,int64,,Number of traversals of arc e6D in the iteration.,Directly exported value.,Fresh seeded simulation from authoritative Word inputs.,,Blank only when the field is not applicable to the record.,Candidate predictor or response for later analysis.,
07_GERT_Analysis_Ready::Iteration Feature Matrix,07_GERT_Analysis_Ready.xlsx,Iteration Feature Matrix,Traversals_eD3,int64,,Number of traversals of arc eD3 in the iteration.,Directly exported value.,Fresh seeded simulation from authoritative Word inputs.,,Blank only when the field is not applicable to the record.,Candidate predictor or response for later analysis.,
07_GERT_Analysis_Ready::Iteration Feature Matrix,07_GERT_Analysis_Ready.xlsx,Iteration Feature Matrix,Traversals_eD7,int64,,Number of traversals of arc eD7 in the iteration.,Directly exported value.,Fresh seeded simulation from authoritative Word inputs.,,Blank only when the field is not applicable to the record.,Candidate predictor or response for later analysis.,
07_GERT_Analysis_Ready::Iteration Feature Matrix,07_GERT_Analysis_Ready.xlsx,Iteration Feature Matrix,Traversals_eDT,int64,,Number of traversals of arc eDT in the iteration.,Directly exported value.,Fresh seeded simulation from authoritative Word inputs.,,Blank only when the field is not applicable to the record.,Candidate predictor or response for later analysis.,
07_GERT_Analysis_Ready::Iteration Feature Matrix,07_GERT_Analysis_Ready.xlsx,Iteration Feature Matrix,Duration_e12,int64,days,Accumulated rounded duration contributed by arc e12.,Directly exported value.,Fresh seeded simulation from authoritative Word inputs.,,Blank only when the field is not applicable to the record.,Candidate predictor or response for later analysis.,
07_GERT_Analysis_Ready::Iteration Feature Matrix,07_GERT_Analysis_Ready.xlsx,Iteration Feature Matrix,Duration_e1T,int64,days,Accumulated rounded duration contributed by arc e1T.,Directly exported value.,Fresh seeded simulation from authoritative Word inputs.,,Blank only when the field is not applicable to the record.,Candidate predictor or response for later analysis.,
07_GERT_Analysis_Ready::Iteration Feature Matrix,07_GERT_Analysis_Ready.xlsx,Iteration Feature Matrix,Duration_e23,int64,days,Accumulated rounded duration contributed by arc e23.,Directly exported value.,Fresh seeded simulation from authoritative Word inputs.,,Blank only when the field is not applicable to the record.,Candidate predictor or response for later analysis.,
07_GERT_Analysis_Ready::Iteration Feature Matrix,07_GERT_Analysis_Ready.xlsx,Iteration Feature Matrix,Duration_e24,int64,days,Accumulated rounded duration contributed by arc e24.,Directly exported value.,Fresh seeded simulation from authoritative Word inputs.,,Blank only when the field is not applicable to the record.,Candidate predictor or response for later analysis.,
07_GERT_Analysis_Ready::Iteration Feature Matrix,07_GERT_Analysis_Ready.xlsx,Iteration Feature Matrix,Duration_e22,int64,days,Accumulated rounded duration contributed by arc e22.,Directly exported value.,Fresh seeded simulation from authoritative Word inputs.,,Blank only when the field is not applicable to the record.,Candidate predictor or response for later analysis.,
07_GERT_Analysis_Ready::Iteration Feature Matrix,07_GERT_Analysis_Ready.xlsx,Iteration Feature Matrix,Duration_e21,int64,days,Accumulated rounded duration contributed by arc e21.,Directly exported value.,Fresh seeded simulation from authoritative Word inputs.,,Blank only when the field is not applicable to the record.,Candidate predictor or response for later analysis.,
07_GERT_Analysis_Ready::Iteration Feature Matrix,07_GERT_Analysis_Ready.xlsx,Iteration Feature Matrix,Duration_e2T,int64,days,Accumulated rounded duration contributed by arc e2T.,Directly exported value.,Fresh seeded simulation from authoritative Word inputs.,,Blank only when the field is not applicable to the record.,Candidate predictor or response for later analysis.,
07_GERT_Analysis_Ready::Iteration Feature Matrix,07_GERT_Analysis_Ready.xlsx,Iteration Feature Matrix,Duration_e34,int64,days,Accumulated rounded duration contributed by arc e34.,Directly exported value.,Fresh seeded simulation from authoritative Word inputs.,,Blank only when the field is not applicable to the record.,Candidate predictor or response for later analysis.,
07_GERT_Analysis_Ready::Iteration Feature Matrix,07_GERT_Analysis_Ready.xlsx,Iteration Feature Matrix,Duration_e33,int64,days,Accumulated rounded duration contributed by arc e33.,Directly exported value.,Fresh seeded simulation from authoritative Word inputs.,,Blank only when the field is not applicable to the record.,Candidate predictor or response for later analysis.,
07_GERT_Analysis_Ready::Iteration Feature Matrix,07_GERT_Analysis_Ready.xlsx,Iteration Feature Matrix,Duration_e32,int64,days,Accumulated rounded duration contributed by arc e32.,Directly exported value.,Fresh seeded simulation from authoritative Word inputs.,,Blank only when the field is not applicable to the record.,Candidate predictor or response for later analysis.,
07_GERT_Analysis_Ready::Iteration Feature Matrix,07_GERT_Analysis_Ready.xlsx,Iteration Feature Matrix,Duration_e3T,int64,days,Accumulated rounded duration contributed by arc e3T.,Directly exported value.,Fresh seeded simulation from authoritative Word inputs.,,Blank only when the field is not applicable to the record.,Candidate predictor or response for later analysis.,
07_GERT_Analysis_Ready::Iteration Feature Matrix,07_GERT_Analysis_Ready.xlsx,Iteration Feature Matrix,Duration_e3D,int64,days,Accumulated rounded duration contributed by arc e3D.,Directly exported value.,Fresh seeded simulation from authoritative Word inputs.,,Blank only when the field is not applicable to the record.,Candidate predictor or response for later analysis.,
07_GERT_Analysis_Ready::Iteration Feature Matrix,07_GERT_Analysis_Ready.xlsx,Iteration Feature Matrix,Duration_e45,int64,days,Accumulated rounded duration contributed by arc e45.,Directly exported value.,Fresh seeded simulation from authoritative Word inputs.,,Blank only when the field is not applicable to the record.,Candidate predictor or response for later analysis.,
07_GERT_Analysis_Ready::Iteration Feature Matrix,07_GERT_Analysis_Ready.xlsx,Iteration Feature Matrix,Duration_e46,int64,days,Accumulated rounded duration contributed by arc e46.,Directly exported value.,Fresh seeded simulation from authoritative Word inputs.,,Blank only when the field is not applicable to the record.,Candidate predictor or response for later analysis.,
07_GERT_Analysis_Ready::Iteration Feature Matrix,07_GERT_Analysis_Ready.xlsx,Iteration Feature Matrix,Duration_e43,int64,days,Accumulated rounded duration contributed by arc e43.,Directly exported value.,Fresh seeded simulation from authoritative Word inputs.,,Blank only when the field is not applicable to the record.,Candidate predictor or response for later analysis.,
07_GERT_Analysis_Ready::Iteration Feature Matrix,07_GERT_Analysis_Ready.xlsx,Iteration Feature Matrix,Duration_e42,int64,days,Accumulated rounded duration contributed by arc e42.,Directly exported value.,Fresh seeded simulation from authoritative Word inputs.,,Blank only when the field is not applicable to the record.,Candidate predictor or response for later analysis.,
07_GERT_Analysis_Ready::Iteration Feature Matrix,07_GERT_Analysis_Ready.xlsx,Iteration Feature Matrix,Duration_e4D,int64,days,Accumulated rounded duration contributed by arc e4D.,Directly exported value.,Fresh seeded simulation from authoritative Word inputs.,,Blank only when the field is not applicable to the record.,Candidate predictor or response for later analysis.,
07_GERT_Analysis_Ready::Iteration Feature Matrix,07_GERT_Analysis_Ready.xlsx,Iteration Feature Matrix,Duration_e56,int64,days,Accumulated rounded duration contributed by arc e56.,Directly exported value.,Fresh seeded simulation from authoritative Word inputs.,,Blank only when the field is not applicable to the record.,Candidate predictor or response for later analysis.,
07_GERT_Analysis_Ready::Iteration Feature Matrix,07_GERT_Analysis_Ready.xlsx,Iteration Feature Matrix,Duration_e57,int64,days,Accumulated rounded duration contributed by arc e57.,Directly exported value.,Fresh seeded simulation from authoritative Word inputs.,,Blank only when the field is not applicable to the record.,Candidate predictor or response for later analysis.,
07_GERT_Analysis_Ready::Iteration Feature Matrix,07_GERT_Analysis_Ready.xlsx,Iteration Feature Matrix,Duration_e55,int64,days,Accumulated rounded duration contributed by arc e55.,Directly exported value.,Fresh seeded simulation from authoritative Word inputs.,,Blank only when the field is not applicable to the record.,Candidate predictor or response for later analysis.,
07_GERT_Analysis_Ready::Iteration Feature Matrix,07_GERT_Analysis_Ready.xlsx,Iteration Feature Matrix,Duration_e54,int64,days,Accumulated rounded duration contributed by arc e54.,Directly exported value.,Fresh seeded simulation from authoritative Word inputs.,,Blank only when the field is not applicable to the record.,Candidate predictor or response for later analysis.,
07_GERT_Analysis_Ready::Iteration Feature Matrix,07_GERT_Analysis_Ready.xlsx,Iteration Feature Matrix,Duration_e52,int64,days,Accumulated rounded duration contributed by arc e52.,Directly exported value.,Fresh seeded simulation from authoritative Word inputs.,,Blank only when the field is not applicable to the record.,Candidate predictor or response for later analysis.,
07_GERT_Analysis_Ready::Iteration Feature Matrix,07_GERT_Analysis_Ready.xlsx,Iteration Feature Matrix,Duration_e5D,int64,days,Accumulated rounded duration contributed by arc e5D.,Directly exported value.,Fresh seeded simulation from authoritative Word inputs.,,Blank only when the field is not applicable to the record.,Candidate predictor or response for later analysis.,
07_GERT_Analysis_Ready::Iteration Feature Matrix,07_GERT_Analysis_Ready.xlsx,Iteration Feature Matrix,Duration_e67,int64,days,Accumulated rounded duration contributed by arc e67.,Directly exported value.,Fresh seeded simulation from authoritative Word inputs.,,Blank only when the field is not applicable to the record.,Candidate predictor or response for later analysis.,
07_GERT_Analysis_Ready::Iteration Feature Matrix,07_GERT_Analysis_Ready.xlsx,Iteration Feature Matrix,Duration_e66,int64,days,Accumulated rounded duration contributed by arc e66.,Directly exported value.,Fresh seeded simulation from authoritative Word inputs.,,Blank only when the field is not applicable to the record.,Candidate predictor or response for later analysis.,
07_GERT_Analysis_Ready::Iteration Feature Matrix,07_GERT_Analysis_Ready.xlsx,Iteration Feature Matrix,Duration_e6D,int64,days,Accumulated rounded duration contributed by arc e6D.,Directly exported value.,Fresh seeded simulation from authoritative Word inputs.,,Blank only when the field is not applicable to the record.,Candidate predictor or response for later analysis.,
07_GERT_Analysis_Ready::Iteration Feature Matrix,07_GERT_Analysis_Ready.xlsx,Iteration Feature Matrix,Duration_eD3,int64,days,Accumulated rounded duration contributed by arc eD3.,Directly exported value.,Fresh seeded simulation from authoritative Word inputs.,,Blank only when the field is not applicable to the record.,Candidate predictor or response for later analysis.,
07_GERT_Analysis_Ready::Iteration Feature Matrix,07_GERT_Analysis_Ready.xlsx,Iteration Feature Matrix,Duration_eD7,int64,days,Accumulated rounded duration contributed by arc eD7.,Directly exported value.,Fresh seeded simulation from authoritative Word inputs.,,Blank only when the field is not applicable to the record.,Candidate predictor or response for later analysis.,
07_GERT_Analysis_Ready::Iteration Feature Matrix,07_GERT_Analysis_Ready.xlsx,Iteration Feature Matrix,Duration_eDT,int64,days,Accumulated rounded duration contributed by arc eDT.,Directly exported value.,Fresh seeded simulation from authoritative Word inputs.,,Blank only when the field is not applicable to the record.,Candidate predictor or response for later analysis.,
07_GERT_Analysis_Ready::Iteration Feature Matrix,07_GERT_Analysis_Ready.xlsx,Iteration Feature Matrix,Visited_S0,bool,,Indicator that node S0 was visited.,Directly exported value.,Fresh seeded simulation from authoritative Word inputs.,0; 1,Blank only when the field is not applicable to the record.,Candidate predictor or response for later analysis.,
07_GERT_Analysis_Ready::Iteration Feature Matrix,07_GERT_Analysis_Ready.xlsx,Iteration Feature Matrix,Visited_S1,bool,,Indicator that node S1 was visited.,Directly exported value.,Fresh seeded simulation from authoritative Word inputs.,0; 1,Blank only when the field is not applicable to the record.,Candidate predictor or response for later analysis.,
07_GERT_Analysis_Ready::Iteration Feature Matrix,07_GERT_Analysis_Ready.xlsx,Iteration Feature Matrix,Visited_S2,bool,,Indicator that node S2 was visited.,Directly exported value.,Fresh seeded simulation from authoritative Word inputs.,0; 1,Blank only when the field is not applicable to the record.,Candidate predictor or response for later analysis.,
07_GERT_Analysis_Ready::Iteration Feature Matrix,07_GERT_Analysis_Ready.xlsx,Iteration Feature Matrix,Visited_S3,bool,,Indicator that node S3 was visited.,Directly exported value.,Fresh seeded simulation from authoritative Word inputs.,0; 1,Blank only when the field is not applicable to the record.,Candidate predictor or response for later analysis.,
07_GERT_Analysis_Ready::Iteration Feature Matrix,07_GERT_Analysis_Ready.xlsx,Iteration Feature Matrix,Visited_S4,bool,,Indicator that node S4 was visited.,Directly exported value.,Fresh seeded simulation from authoritative Word inputs.,0; 1,Blank only when the field is not applicable to the record.,Candidate predictor or response for later analysis.,
07_GERT_Analysis_Ready::Iteration Feature Matrix,07_GERT_Analysis_Ready.xlsx,Iteration Feature Matrix,Visited_S5,bool,,Indicator that node S5 was visited.,Directly exported value.,Fresh seeded simulation from authoritative Word inputs.,0; 1,Blank only when the field is not applicable to the record.,Candidate predictor or response for later analysis.,
07_GERT_Analysis_Ready::Iteration Feature Matrix,07_GERT_Analysis_Ready.xlsx,Iteration Feature Matrix,Visited_S6,bool,,Indicator that node S6 was visited.,Directly exported value.,Fresh seeded simulation from authoritative Word inputs.,0; 1,Blank only when the field is not applicable to the record.,Candidate predictor or response for later analysis.,
07_GERT_Analysis_Ready::Iteration Feature Matrix,07_GERT_Analysis_Ready.xlsx,Iteration Feature Matrix,Visited_SD,bool,,Indicator that node SD was visited.,Directly exported value.,Fresh seeded simulation from authoritative Word inputs.,0; 1,Blank only when the field is not applicable to the record.,Candidate predictor or response for later analysis.,
07_GERT_Analysis_Ready::Iteration Feature Matrix,07_GERT_Analysis_Ready.xlsx,Iteration Feature Matrix,Visited_S7,bool,,Indicator that node S7 was visited.,Directly exported value.,Fresh seeded simulation from authoritative Word inputs.,0; 1,Blank only when the field is not applicable to the record.,Candidate predictor or response for later analysis.,
07_GERT_Analysis_Ready::Iteration Feature Matrix,07_GERT_Analysis_Ready.xlsx,Iteration Feature Matrix,Visited_ST,bool,,Indicator that node ST was visited.,Directly exported value.,Fresh seeded simulation from authoritative Word inputs.,0; 1,Blank only when the field is not applicable to the record.,Candidate predictor or response for later analysis.,
07_GERT_Analysis_Ready::Iteration Feature Matrix,07_GERT_Analysis_Ready.xlsx,Iteration Feature Matrix,Visits_S0,int64,,Number of visits to node S0.,Directly exported value.,Fresh seeded simulation from authoritative Word inputs.,,Blank only when the field is not applicable to the record.,Candidate predictor or response for later analysis.,
07_GERT_Analysis_Ready::Iteration Feature Matrix,07_GERT_Analysis_Ready.xlsx,Iteration Feature Matrix,Visits_S1,int64,,Number of visits to node S1.,Directly exported value.,Fresh seeded simulation from authoritative Word inputs.,,Blank only when the field is not applicable to the record.,Candidate predictor or response for later analysis.,
07_GERT_Analysis_Ready::Iteration Feature Matrix,07_GERT_Analysis_Ready.xlsx,Iteration Feature Matrix,Visits_S2,int64,,Number of visits to node S2.,Directly exported value.,Fresh seeded simulation from authoritative Word inputs.,,Blank only when the field is not applicable to the record.,Candidate predictor or response for later analysis.,
07_GERT_Analysis_Ready::Iteration Feature Matrix,07_GERT_Analysis_Ready.xlsx,Iteration Feature Matrix,Visits_S3,int64,,Number of visits to node S3.,Directly exported value.,Fresh seeded simulation from authoritative Word inputs.,,Blank only when the field is not applicable to the record.,Candidate predictor or response for later analysis.,
07_GERT_Analysis_Ready::Iteration Feature Matrix,07_GERT_Analysis_Ready.xlsx,Iteration Feature Matrix,Visits_S4,int64,,Number of visits to node S4.,Directly exported value.,Fresh seeded simulation from authoritative Word inputs.,,Blank only when the field is not applicable to the record.,Candidate predictor or response for later analysis.,
07_GERT_Analysis_Ready::Iteration Feature Matrix,07_GERT_Analysis_Ready.xlsx,Iteration Feature Matrix,Visits_S5,int64,,Number of visits to node S5.,Directly exported value.,Fresh seeded simulation from authoritative Word inputs.,,Blank only when the field is not applicable to the record.,Candidate predictor or response for later analysis.,
07_GERT_Analysis_Ready::Iteration Feature Matrix,07_GERT_Analysis_Ready.xlsx,Iteration Feature Matrix,Visits_S6,int64,,Number of visits to node S6.,Directly exported value.,Fresh seeded simulation from authoritative Word inputs.,,Blank only when the field is not applicable to the record.,Candidate predictor or response for later analysis.,
07_GERT_Analysis_Ready::Iteration Feature Matrix,07_GERT_Analysis_Ready.xlsx,Iteration Feature Matrix,Visits_SD,int64,,Number of visits to node SD.,Directly exported value.,Fresh seeded simulation from authoritative Word inputs.,,Blank only when the field is not applicable to the record.,Candidate predictor or response for later analysis.,
07_GERT_Analysis_Ready::Iteration Feature Matrix,07_GERT_Analysis_Ready.xlsx,Iteration Feature Matrix,Visits_S7,int64,,Number of visits to node S7.,Directly exported value.,Fresh seeded simulation from authoritative Word inputs.,,Blank only when the field is not applicable to the record.,Candidate predictor or response for later analysis.,
07_GERT_Analysis_Ready::Iteration Feature Matrix,07_GERT_Analysis_Ready.xlsx,Iteration Feature Matrix,Visits_ST,int64,,Number of visits to node ST.,Directly exported value.,Fresh seeded simulation from authoritative Word inputs.,,Blank only when the field is not applicable to the record.,Candidate predictor or response for later analysis.,
07_GERT_Analysis_Ready::Iteration Feature Matrix,07_GERT_Analysis_Ready.xlsx,Iteration Feature Matrix,LoopCount_e22,int64,count,Traversal count for capped return arc e22.,Directly exported value.,Fresh seeded simulation from authoritative Word inputs.,,Blank only when the field is not applicable to the record.,Candidate predictor or response for later analysis.,
07_GERT_Analysis_Ready::Iteration Feature Matrix,07_GERT_Analysis_Ready.xlsx,Iteration Feature Matrix,LoopCount_e21,int64,count,Traversal count for capped return arc e21.,Directly exported value.,Fresh seeded simulation from authoritative Word inputs.,,Blank only when the field is not applicable to the record.,Candidate predictor or response for later analysis.,
07_GERT_Analysis_Ready::Iteration Feature Matrix,07_GERT_Analysis_Ready.xlsx,Iteration Feature Matrix,LoopCount_e33,int64,count,Traversal count for capped return arc e33.,Directly exported value.,Fresh seeded simulation from authoritative Word inputs.,,Blank only when the field is not applicable to the record.,Candidate predictor or response for later analysis.,
07_GERT_Analysis_Ready::Iteration Feature Matrix,07_GERT_Analysis_Ready.xlsx,Iteration Feature Matrix,LoopCount_e32,int64,count,Traversal count for capped return arc e32.,Directly exported value.,Fresh seeded simulation from authoritative Word inputs.,,Blank only when the field is not applicable to the record.,Candidate predictor or response for later analysis.,
07_GERT_Analysis_Ready::Iteration Feature Matrix,07_GERT_Analysis_Ready.xlsx,Iteration Feature Matrix,LoopCount_e43,int64,count,Traversal count for capped return arc e43.,Directly exported value.,Fresh seeded simulation from authoritative Word inputs.,,Blank only when the field is not applicable to the record.,Candidate predictor or response for later analysis.,
07_GERT_Analysis_Ready::Iteration Feature Matrix,07_GERT_Analysis_Ready.xlsx,Iteration Feature Matrix,LoopCount_e42,int64,count,Traversal count for capped return arc e42.,Directly exported value.,Fresh seeded simulation from authoritative Word inputs.,,Blank only when the field is not applicable to the record.,Candidate predictor or response for later analysis.,
07_GERT_Analysis_Ready::Iteration Feature Matrix,07_GERT_Analysis_Ready.xlsx,Iteration Feature Matrix,LoopCount_e55,int64,count,Traversal count for capped return arc e55.,Directly exported value.,Fresh seeded simulation from authoritative Word inputs.,,Blank only when the field is not applicable to the record.,Candidate predictor or response for later analysis.,
07_GERT_Analysis_Ready::Iteration Feature Matrix,07_GERT_Analysis_Ready.xlsx,Iteration Feature Matrix,LoopCount_e54,int64,count,Traversal count for capped return arc e54.,Directly exported value.,Fresh seeded simulation from authoritative Word inputs.,,Blank only when the field is not applicable to the record.,Candidate predictor or response for later analysis.,
07_GERT_Analysis_Ready::Iteration Feature Matrix,07_GERT_Analysis_Ready.xlsx,Iteration Feature Matrix,LoopCount_e52,int64,count,Traversal count for capped return arc e52.,Directly exported value.,Fresh seeded simulation from authoritative Word inputs.,,Blank only when the field is not applicable to the record.,Candidate predictor or response for later analysis.,
07_GERT_Analysis_Ready::Iteration Feature Matrix,07_GERT_Analysis_Ready.xlsx,Iteration Feature Matrix,LoopCount_e66,int64,count,Traversal count for capped return arc e66.,Directly exported value.,Fresh seeded simulation from authoritative Word inputs.,,Blank only when the field is not applicable to the record.,Candidate predictor or response for later analysis.,
07_GERT_Analysis_Ready::Iteration Feature Matrix,07_GERT_Analysis_Ready.xlsx,Iteration Feature Matrix,CapReached_e22,bool,,Indicator that capped return arc e22 reached count 2.,Directly exported value.,Fresh seeded simulation from authoritative Word inputs.,0; 1,Blank only when the field is not applicable to the record.,Candidate predictor or response for later analysis.,
07_GERT_Analysis_Ready::Iteration Feature Matrix,07_GERT_Analysis_Ready.xlsx,Iteration Feature Matrix,CapReached_e21,bool,,Indicator that capped return arc e21 reached count 2.,Directly exported value.,Fresh seeded simulation from authoritative Word inputs.,0; 1,Blank only when the field is not applicable to the record.,Candidate predictor or response for later analysis.,
07_GERT_Analysis_Ready::Iteration Feature Matrix,07_GERT_Analysis_Ready.xlsx,Iteration Feature Matrix,CapReached_e33,bool,,Indicator that capped return arc e33 reached count 2.,Directly exported value.,Fresh seeded simulation from authoritative Word inputs.,0; 1,Blank only when the field is not applicable to the record.,Candidate predictor or response for later analysis.,
07_GERT_Analysis_Ready::Iteration Feature Matrix,07_GERT_Analysis_Ready.xlsx,Iteration Feature Matrix,CapReached_e32,bool,,Indicator that capped return arc e32 reached count 2.,Directly exported value.,Fresh seeded simulation from authoritative Word inputs.,0; 1,Blank only when the field is not applicable to the record.,Candidate predictor or response for later analysis.,
07_GERT_Analysis_Ready::Iteration Feature Matrix,07_GERT_Analysis_Ready.xlsx,Iteration Feature Matrix,CapReached_e43,bool,,Indicator that capped return arc e43 reached count 2.,Directly exported value.,Fresh seeded simulation from authoritative Word inputs.,0; 1,Blank only when the field is not applicable to the record.,Candidate predictor or response for later analysis.,
07_GERT_Analysis_Ready::Iteration Feature Matrix,07_GERT_Analysis_Ready.xlsx,Iteration Feature Matrix,CapReached_e42,bool,,Indicator that capped return arc e42 reached count 2.,Directly exported value.,Fresh seeded simulation from authoritative Word inputs.,0; 1,Blank only when the field is not applicable to the record.,Candidate predictor or response for later analysis.,
07_GERT_Analysis_Ready::Iteration Feature Matrix,07_GERT_Analysis_Ready.xlsx,Iteration Feature Matrix,CapReached_e55,bool,,Indicator that capped return arc e55 reached count 2.,Directly exported value.,Fresh seeded simulation from authoritative Word inputs.,0; 1,Blank only when the field is not applicable to the record.,Candidate predictor or response for later analysis.,
07_GERT_Analysis_Ready::Iteration Feature Matrix,07_GERT_Analysis_Ready.xlsx,Iteration Feature Matrix,CapReached_e54,bool,,Indicator that capped return arc e54 reached count 2.,Directly exported value.,Fresh seeded simulation from authoritative Word inputs.,0; 1,Blank only when the field is not applicable to the record.,Candidate predictor or response for later analysis.,
07_GERT_Analysis_Ready::Iteration Feature Matrix,07_GERT_Analysis_Ready.xlsx,Iteration Feature Matrix,CapReached_e52,bool,,Indicator that capped return arc e52 reached count 2.,Directly exported value.,Fresh seeded simulation from authoritative Word inputs.,0; 1,Blank only when the field is not applicable to the record.,Candidate predictor or response for later analysis.,
07_GERT_Analysis_Ready::Iteration Feature Matrix,07_GERT_Analysis_Ready.xlsx,Iteration Feature Matrix,CapReached_e66,bool,,Indicator that capped return arc e66 reached count 2.,Directly exported value.,Fresh seeded simulation from authoritative Word inputs.,0; 1,Blank only when the field is not applicable to the record.,Candidate predictor or response for later analysis.,
07_GERT_Analysis_Ready::Arc Activation Matrix,07_GERT_Analysis_Ready.xlsx,Arc Activation Matrix,Iteration_ID,int64,identifier,One-based Monte Carlo iteration identifier.,Directly exported value.,Fresh seeded simulation from authoritative Word inputs.,,Blank only when the field is not applicable to the record.,Candidate predictor or response for later analysis.,
07_GERT_Analysis_Ready::Arc Activation Matrix,07_GERT_Analysis_Ready.xlsx,Arc Activation Matrix,Activated_e12,bool,,Indicator that arc e12 was traversed at least once.,Directly exported value.,Fresh seeded simulation from authoritative Word inputs.,0; 1,Blank only when the field is not applicable to the record.,Candidate predictor or response for later analysis.,
07_GERT_Analysis_Ready::Arc Activation Matrix,07_GERT_Analysis_Ready.xlsx,Arc Activation Matrix,Activated_e1T,bool,,Indicator that arc e1T was traversed at least once.,Directly exported value.,Fresh seeded simulation from authoritative Word inputs.,0; 1,Blank only when the field is not applicable to the record.,Candidate predictor or response for later analysis.,
07_GERT_Analysis_Ready::Arc Activation Matrix,07_GERT_Analysis_Ready.xlsx,Arc Activation Matrix,Activated_e23,bool,,Indicator that arc e23 was traversed at least once.,Directly exported value.,Fresh seeded simulation from authoritative Word inputs.,0; 1,Blank only when the field is not applicable to the record.,Candidate predictor or response for later analysis.,
07_GERT_Analysis_Ready::Arc Activation Matrix,07_GERT_Analysis_Ready.xlsx,Arc Activation Matrix,Activated_e24,bool,,Indicator that arc e24 was traversed at least once.,Directly exported value.,Fresh seeded simulation from authoritative Word inputs.,0; 1,Blank only when the field is not applicable to the record.,Candidate predictor or response for later analysis.,
07_GERT_Analysis_Ready::Arc Activation Matrix,07_GERT_Analysis_Ready.xlsx,Arc Activation Matrix,Activated_e22,bool,,Indicator that arc e22 was traversed at least once.,Directly exported value.,Fresh seeded simulation from authoritative Word inputs.,0; 1,Blank only when the field is not applicable to the record.,Candidate predictor or response for later analysis.,
07_GERT_Analysis_Ready::Arc Activation Matrix,07_GERT_Analysis_Ready.xlsx,Arc Activation Matrix,Activated_e21,bool,,Indicator that arc e21 was traversed at least once.,Directly exported value.,Fresh seeded simulation from authoritative Word inputs.,0; 1,Blank only when the field is not applicable to the record.,Candidate predictor or response for later analysis.,
07_GERT_Analysis_Ready::Arc Activation Matrix,07_GERT_Analysis_Ready.xlsx,Arc Activation Matrix,Activated_e2T,bool,,Indicator that arc e2T was traversed at least once.,Directly exported value.,Fresh seeded simulation from authoritative Word inputs.,0; 1,Blank only when the field is not applicable to the record.,Candidate predictor or response for later analysis.,
07_GERT_Analysis_Ready::Arc Activation Matrix,07_GERT_Analysis_Ready.xlsx,Arc Activation Matrix,Activated_e34,bool,,Indicator that arc e34 was traversed at least once.,Directly exported value.,Fresh seeded simulation from authoritative Word inputs.,0; 1,Blank only when the field is not applicable to the record.,Candidate predictor or response for later analysis.,
07_GERT_Analysis_Ready::Arc Activation Matrix,07_GERT_Analysis_Ready.xlsx,Arc Activation Matrix,Activated_e33,bool,,Indicator that arc e33 was traversed at least once.,Directly exported value.,Fresh seeded simulation from authoritative Word inputs.,0; 1,Blank only when the field is not applicable to the record.,Candidate predictor or response for later analysis.,
07_GERT_Analysis_Ready::Arc Activation Matrix,07_GERT_Analysis_Ready.xlsx,Arc Activation Matrix,Activated_e32,bool,,Indicator that arc e32 was traversed at least once.,Directly exported value.,Fresh seeded simulation from authoritative Word inputs.,0; 1,Blank only when the field is not applicable to the record.,Candidate predictor or response for later analysis.,
07_GERT_Analysis_Ready::Arc Activation Matrix,07_GERT_Analysis_Ready.xlsx,Arc Activation Matrix,Activated_e3T,bool,,Indicator that arc e3T was traversed at least once.,Directly exported value.,Fresh seeded simulation from authoritative Word inputs.,0; 1,Blank only when the field is not applicable to the record.,Candidate predictor or response for later analysis.,
07_GERT_Analysis_Ready::Arc Activation Matrix,07_GERT_Analysis_Ready.xlsx,Arc Activation Matrix,Activated_e3D,bool,,Indicator that arc e3D was traversed at least once.,Directly exported value.,Fresh seeded simulation from authoritative Word inputs.,0; 1,Blank only when the field is not applicable to the record.,Candidate predictor or response for later analysis.,
07_GERT_Analysis_Ready::Arc Activation Matrix,07_GERT_Analysis_Ready.xlsx,Arc Activation Matrix,Activated_e45,bool,,Indicator that arc e45 was traversed at least once.,Directly exported value.,Fresh seeded simulation from authoritative Word inputs.,0; 1,Blank only when the field is not applicable to the record.,Candidate predictor or response for later analysis.,
07_GERT_Analysis_Ready::Arc Activation Matrix,07_GERT_Analysis_Ready.xlsx,Arc Activation Matrix,Activated_e46,bool,,Indicator that arc e46 was traversed at least once.,Directly exported value.,Fresh seeded simulation from authoritative Word inputs.,0; 1,Blank only when the field is not applicable to the record.,Candidate predictor or response for later analysis.,
07_GERT_Analysis_Ready::Arc Activation Matrix,07_GERT_Analysis_Ready.xlsx,Arc Activation Matrix,Activated_e43,bool,,Indicator that arc e43 was traversed at least once.,Directly exported value.,Fresh seeded simulation from authoritative Word inputs.,0; 1,Blank only when the field is not applicable to the record.,Candidate predictor or response for later analysis.,
07_GERT_Analysis_Ready::Arc Activation Matrix,07_GERT_Analysis_Ready.xlsx,Arc Activation Matrix,Activated_e42,bool,,Indicator that arc e42 was traversed at least once.,Directly exported value.,Fresh seeded simulation from authoritative Word inputs.,0; 1,Blank only when the field is not applicable to the record.,Candidate predictor or response for later analysis.,
07_GERT_Analysis_Ready::Arc Activation Matrix,07_GERT_Analysis_Ready.xlsx,Arc Activation Matrix,Activated_e4D,bool,,Indicator that arc e4D was traversed at least once.,Directly exported value.,Fresh seeded simulation from authoritative Word inputs.,0; 1,Blank only when the field is not applicable to the record.,Candidate predictor or response for later analysis.,
07_GERT_Analysis_Ready::Arc Activation Matrix,07_GERT_Analysis_Ready.xlsx,Arc Activation Matrix,Activated_e56,bool,,Indicator that arc e56 was traversed at least once.,Directly exported value.,Fresh seeded simulation from authoritative Word inputs.,0; 1,Blank only when the field is not applicable to the record.,Candidate predictor or response for later analysis.,
07_GERT_Analysis_Ready::Arc Activation Matrix,07_GERT_Analysis_Ready.xlsx,Arc Activation Matrix,Activated_e57,bool,,Indicator that arc e57 was traversed at least once.,Directly exported value.,Fresh seeded simulation from authoritative Word inputs.,0; 1,Blank only when the field is not applicable to the record.,Candidate predictor or response for later analysis.,
07_GERT_Analysis_Ready::Arc Activation Matrix,07_GERT_Analysis_Ready.xlsx,Arc Activation Matrix,Activated_e55,bool,,Indicator that arc e55 was traversed at least once.,Directly exported value.,Fresh seeded simulation from authoritative Word inputs.,0; 1,Blank only when the field is not applicable to the record.,Candidate predictor or response for later analysis.,
07_GERT_Analysis_Ready::Arc Activation Matrix,07_GERT_Analysis_Ready.xlsx,Arc Activation Matrix,Activated_e54,bool,,Indicator that arc e54 was traversed at least once.,Directly exported value.,Fresh seeded simulation from authoritative Word inputs.,0; 1,Blank only when the field is not applicable to the record.,Candidate predictor or response for later analysis.,
07_GERT_Analysis_Ready::Arc Activation Matrix,07_GERT_Analysis_Ready.xlsx,Arc Activation Matrix,Activated_e52,bool,,Indicator that arc e52 was traversed at least once.,Directly exported value.,Fresh seeded simulation from authoritative Word inputs.,0; 1,Blank only when the field is not applicable to the record.,Candidate predictor or response for later analysis.,
07_GERT_Analysis_Ready::Arc Activation Matrix,07_GERT_Analysis_Ready.xlsx,Arc Activation Matrix,Activated_e5D,bool,,Indicator that arc e5D was traversed at least once.,Directly exported value.,Fresh seeded simulation from authoritative Word inputs.,0; 1,Blank only when the field is not applicable to the record.,Candidate predictor or response for later analysis.,
07_GERT_Analysis_Ready::Arc Activation Matrix,07_GERT_Analysis_Ready.xlsx,Arc Activation Matrix,Activated_e67,bool,,Indicator that arc e67 was traversed at least once.,Directly exported value.,Fresh seeded simulation from authoritative Word inputs.,0; 1,Blank only when the field is not applicable to the record.,Candidate predictor or response for later analysis.,
07_GERT_Analysis_Ready::Arc Activation Matrix,07_GERT_Analysis_Ready.xlsx,Arc Activation Matrix,Activated_e66,bool,,Indicator that arc e66 was traversed at least once.,Directly exported value.,Fresh seeded simulation from authoritative Word inputs.,0; 1,Blank only when the field is not applicable to the record.,Candidate predictor or response for later analysis.,
07_GERT_Analysis_Ready::Arc Activation Matrix,07_GERT_Analysis_Ready.xlsx,Arc Activation Matrix,Activated_e6D,bool,,Indicator that arc e6D was traversed at least once.,Directly exported value.,Fresh seeded simulation from authoritative Word inputs.,0; 1,Blank only when the field is not applicable to the record.,Candidate predictor or response for later analysis.,
07_GERT_Analysis_Ready::Arc Activation Matrix,07_GERT_Analysis_Ready.xlsx,Arc Activation Matrix,Activated_eD3,bool,,Indicator that arc eD3 was traversed at least once.,Directly exported value.,Fresh seeded simulation from authoritative Word inputs.,0; 1,Blank only when the field is not applicable to the record.,Candidate predictor or response for later analysis.,
07_GERT_Analysis_Ready::Arc Activation Matrix,07_GERT_Analysis_Ready.xlsx,Arc Activation Matrix,Activated_eD7,bool,,Indicator that arc eD7 was traversed at least once.,Directly exported value.,Fresh seeded simulation from authoritative Word inputs.,0; 1,Blank only when the field is not applicable to the record.,Candidate predictor or response for later analysis.,
07_GERT_Analysis_Ready::Arc Activation Matrix,07_GERT_Analysis_Ready.xlsx,Arc Activation Matrix,Activated_eDT,bool,,Indicator that arc eDT was traversed at least once.,Directly exported value.,Fresh seeded simulation from authoritative Word inputs.,0; 1,Blank only when the field is not applicable to the record.,Candidate predictor or response for later analysis.,
07_GERT_Analysis_Ready::Arc Traversal Matrix,07_GERT_Analysis_Ready.xlsx,Arc Traversal Matrix,Iteration_ID,int64,identifier,One-based Monte Carlo iteration identifier.,Directly exported value.,Fresh seeded simulation from authoritative Word inputs.,,Blank only when the field is not applicable to the record.,Candidate predictor or response for later analysis.,
07_GERT_Analysis_Ready::Arc Traversal Matrix,07_GERT_Analysis_Ready.xlsx,Arc Traversal Matrix,Traversals_e12,int64,,Number of traversals of arc e12 in the iteration.,Directly exported value.,Fresh seeded simulation from authoritative Word inputs.,,Blank only when the field is not applicable to the record.,Candidate predictor or response for later analysis.,
07_GERT_Analysis_Ready::Arc Traversal Matrix,07_GERT_Analysis_Ready.xlsx,Arc Traversal Matrix,Traversals_e1T,int64,,Number of traversals of arc e1T in the iteration.,Directly exported value.,Fresh seeded simulation from authoritative Word inputs.,,Blank only when the field is not applicable to the record.,Candidate predictor or response for later analysis.,
07_GERT_Analysis_Ready::Arc Traversal Matrix,07_GERT_Analysis_Ready.xlsx,Arc Traversal Matrix,Traversals_e23,int64,,Number of traversals of arc e23 in the iteration.,Directly exported value.,Fresh seeded simulation from authoritative Word inputs.,,Blank only when the field is not applicable to the record.,Candidate predictor or response for later analysis.,
07_GERT_Analysis_Ready::Arc Traversal Matrix,07_GERT_Analysis_Ready.xlsx,Arc Traversal Matrix,Traversals_e24,int64,,Number of traversals of arc e24 in the iteration.,Directly exported value.,Fresh seeded simulation from authoritative Word inputs.,,Blank only when the field is not applicable to the record.,Candidate predictor or response for later analysis.,
07_GERT_Analysis_Ready::Arc Traversal Matrix,07_GERT_Analysis_Ready.xlsx,Arc Traversal Matrix,Traversals_e22,int64,,Number of traversals of arc e22 in the iteration.,Directly exported value.,Fresh seeded simulation from authoritative Word inputs.,,Blank only when the field is not applicable to the record.,Candidate predictor or response for later analysis.,
07_GERT_Analysis_Ready::Arc Traversal Matrix,07_GERT_Analysis_Ready.xlsx,Arc Traversal Matrix,Traversals_e21,int64,,Number of traversals of arc e21 in the iteration.,Directly exported value.,Fresh seeded simulation from authoritative Word inputs.,,Blank only when the field is not applicable to the record.,Candidate predictor or response for later analysis.,
07_GERT_Analysis_Ready::Arc Traversal Matrix,07_GERT_Analysis_Ready.xlsx,Arc Traversal Matrix,Traversals_e2T,int64,,Number of traversals of arc e2T in the iteration.,Directly exported value.,Fresh seeded simulation from authoritative Word inputs.,,Blank only when the field is not applicable to the record.,Candidate predictor or response for later analysis.,
07_GERT_Analysis_Ready::Arc Traversal Matrix,07_GERT_Analysis_Ready.xlsx,Arc Traversal Matrix,Traversals_e34,int64,,Number of traversals of arc e34 in the iteration.,Directly exported value.,Fresh seeded simulation from authoritative Word inputs.,,Blank only when the field is not applicable to the record.,Candidate predictor or response for later analysis.,
07_GERT_Analysis_Ready::Arc Traversal Matrix,07_GERT_Analysis_Ready.xlsx,Arc Traversal Matrix,Traversals_e33,int64,,Number of traversals of arc e33 in the iteration.,Directly exported value.,Fresh seeded simulation from authoritative Word inputs.,,Blank only when the field is not applicable to the record.,Candidate predictor or response for later analysis.,
07_GERT_Analysis_Ready::Arc Traversal Matrix,07_GERT_Analysis_Ready.xlsx,Arc Traversal Matrix,Traversals_e32,int64,,Number of traversals of arc e32 in the iteration.,Directly exported value.,Fresh seeded simulation from authoritative Word inputs.,,Blank only when the field is not applicable to the record.,Candidate predictor or response for later analysis.,
07_GERT_Analysis_Ready::Arc Traversal Matrix,07_GERT_Analysis_Ready.xlsx,Arc Traversal Matrix,Traversals_e3T,int64,,Number of traversals of arc e3T in the iteration.,Directly exported value.,Fresh seeded simulation from authoritative Word inputs.,,Blank only when the field is not applicable to the record.,Candidate predictor or response for later analysis.,
07_GERT_Analysis_Ready::Arc Traversal Matrix,07_GERT_Analysis_Ready.xlsx,Arc Traversal Matrix,Traversals_e3D,int64,,Number of traversals of arc e3D in the iteration.,Directly exported value.,Fresh seeded simulation from authoritative Word inputs.,,Blank only when the field is not applicable to the record.,Candidate predictor or response for later analysis.,
07_GERT_Analysis_Ready::Arc Traversal Matrix,07_GERT_Analysis_Ready.xlsx,Arc Traversal Matrix,Traversals_e45,int64,,Number of traversals of arc e45 in the iteration.,Directly exported value.,Fresh seeded simulation from authoritative Word inputs.,,Blank only when the field is not applicable to the record.,Candidate predictor or response for later analysis.,
07_GERT_Analysis_Ready::Arc Traversal Matrix,07_GERT_Analysis_Ready.xlsx,Arc Traversal Matrix,Traversals_e46,int64,,Number of traversals of arc e46 in the iteration.,Directly exported value.,Fresh seeded simulation from authoritative Word inputs.,,Blank only when the field is not applicable to the record.,Candidate predictor or response for later analysis.,
07_GERT_Analysis_Ready::Arc Traversal Matrix,07_GERT_Analysis_Ready.xlsx,Arc Traversal Matrix,Traversals_e43,int64,,Number of traversals of arc e43 in the iteration.,Directly exported value.,Fresh seeded simulation from authoritative Word inputs.,,Blank only when the field is not applicable to the record.,Candidate predictor or response for later analysis.,
07_GERT_Analysis_Ready::Arc Traversal Matrix,07_GERT_Analysis_Ready.xlsx,Arc Traversal Matrix,Traversals_e42,int64,,Number of traversals of arc e42 in the iteration.,Directly exported value.,Fresh seeded simulation from authoritative Word inputs.,,Blank only when the field is not applicable to the record.,Candidate predictor or response for later analysis.,
07_GERT_Analysis_Ready::Arc Traversal Matrix,07_GERT_Analysis_Ready.xlsx,Arc Traversal Matrix,Traversals_e4D,int64,,Number of traversals of arc e4D in the iteration.,Directly exported value.,Fresh seeded simulation from authoritative Word inputs.,,Blank only when the field is not applicable to the record.,Candidate predictor or response for later analysis.,
07_GERT_Analysis_Ready::Arc Traversal Matrix,07_GERT_Analysis_Ready.xlsx,Arc Traversal Matrix,Traversals_e56,int64,,Number of traversals of arc e56 in the iteration.,Directly exported value.,Fresh seeded simulation from authoritative Word inputs.,,Blank only when the field is not applicable to the record.,Candidate predictor or response for later analysis.,
07_GERT_Analysis_Ready::Arc Traversal Matrix,07_GERT_Analysis_Ready.xlsx,Arc Traversal Matrix,Traversals_e57,int64,,Number of traversals of arc e57 in the iteration.,Directly exported value.,Fresh seeded simulation from authoritative Word inputs.,,Blank only when the field is not applicable to the record.,Candidate predictor or response for later analysis.,
07_GERT_Analysis_Ready::Arc Traversal Matrix,07_GERT_Analysis_Ready.xlsx,Arc Traversal Matrix,Traversals_e55,int64,,Number of traversals of arc e55 in the iteration.,Directly exported value.,Fresh seeded simulation from authoritative Word inputs.,,Blank only when the field is not applicable to the record.,Candidate predictor or response for later analysis.,
07_GERT_Analysis_Ready::Arc Traversal Matrix,07_GERT_Analysis_Ready.xlsx,Arc Traversal Matrix,Traversals_e54,int64,,Number of traversals of arc e54 in the iteration.,Directly exported value.,Fresh seeded simulation from authoritative Word inputs.,,Blank only when the field is not applicable to the record.,Candidate predictor or response for later analysis.,
07_GERT_Analysis_Ready::Arc Traversal Matrix,07_GERT_Analysis_Ready.xlsx,Arc Traversal Matrix,Traversals_e52,int64,,Number of traversals of arc e52 in the iteration.,Directly exported value.,Fresh seeded simulation from authoritative Word inputs.,,Blank only when the field is not applicable to the record.,Candidate predictor or response for later analysis.,
07_GERT_Analysis_Ready::Arc Traversal Matrix,07_GERT_Analysis_Ready.xlsx,Arc Traversal Matrix,Traversals_e5D,int64,,Number of traversals of arc e5D in the iteration.,Directly exported value.,Fresh seeded simulation from authoritative Word inputs.,,Blank only when the field is not applicable to the record.,Candidate predictor or response for later analysis.,
07_GERT_Analysis_Ready::Arc Traversal Matrix,07_GERT_Analysis_Ready.xlsx,Arc Traversal Matrix,Traversals_e67,int64,,Number of traversals of arc e67 in the iteration.,Directly exported value.,Fresh seeded simulation from authoritative Word inputs.,,Blank only when the field is not applicable to the record.,Candidate predictor or response for later analysis.,
07_GERT_Analysis_Ready::Arc Traversal Matrix,07_GERT_Analysis_Ready.xlsx,Arc Traversal Matrix,Traversals_e66,int64,,Number of traversals of arc e66 in the iteration.,Directly exported value.,Fresh seeded simulation from authoritative Word inputs.,,Blank only when the field is not applicable to the record.,Candidate predictor or response for later analysis.,
07_GERT_Analysis_Ready::Arc Traversal Matrix,07_GERT_Analysis_Ready.xlsx,Arc Traversal Matrix,Traversals_e6D,int64,,Number of traversals of arc e6D in the iteration.,Directly exported value.,Fresh seeded simulation from authoritative Word inputs.,,Blank only when the field is not applicable to the record.,Candidate predictor or response for later analysis.,
07_GERT_Analysis_Ready::Arc Traversal Matrix,07_GERT_Analysis_Ready.xlsx,Arc Traversal Matrix,Traversals_eD3,int64,,Number of traversals of arc eD3 in the iteration.,Directly exported value.,Fresh seeded simulation from authoritative Word inputs.,,Blank only when the field is not applicable to the record.,Candidate predictor or response for later analysis.,
07_GERT_Analysis_Ready::Arc Traversal Matrix,07_GERT_Analysis_Ready.xlsx,Arc Traversal Matrix,Traversals_eD7,int64,,Number of traversals of arc eD7 in the iteration.,Directly exported value.,Fresh seeded simulation from authoritative Word inputs.,,Blank only when the field is not applicable to the record.,Candidate predictor or response for later analysis.,
07_GERT_Analysis_Ready::Arc Traversal Matrix,07_GERT_Analysis_Ready.xlsx,Arc Traversal Matrix,Traversals_eDT,int64,,Number of traversals of arc eDT in the iteration.,Directly exported value.,Fresh seeded simulation from authoritative Word inputs.,,Blank only when the field is not applicable to the record.,Candidate predictor or response for later analysis.,
07_GERT_Analysis_Ready::Arc Duration Matrix,07_GERT_Analysis_Ready.xlsx,Arc Duration Matrix,Iteration_ID,int64,identifier,One-based Monte Carlo iteration identifier.,Directly exported value.,Fresh seeded simulation from authoritative Word inputs.,,Blank only when the field is not applicable to the record.,Candidate predictor or response for later analysis.,
07_GERT_Analysis_Ready::Arc Duration Matrix,07_GERT_Analysis_Ready.xlsx,Arc Duration Matrix,Duration_e12,int64,days,Accumulated rounded duration contributed by arc e12.,Directly exported value.,Fresh seeded simulation from authoritative Word inputs.,,Blank only when the field is not applicable to the record.,Candidate predictor or response for later analysis.,
07_GERT_Analysis_Ready::Arc Duration Matrix,07_GERT_Analysis_Ready.xlsx,Arc Duration Matrix,Duration_e1T,int64,days,Accumulated rounded duration contributed by arc e1T.,Directly exported value.,Fresh seeded simulation from authoritative Word inputs.,,Blank only when the field is not applicable to the record.,Candidate predictor or response for later analysis.,
07_GERT_Analysis_Ready::Arc Duration Matrix,07_GERT_Analysis_Ready.xlsx,Arc Duration Matrix,Duration_e23,int64,days,Accumulated rounded duration contributed by arc e23.,Directly exported value.,Fresh seeded simulation from authoritative Word inputs.,,Blank only when the field is not applicable to the record.,Candidate predictor or response for later analysis.,
07_GERT_Analysis_Ready::Arc Duration Matrix,07_GERT_Analysis_Ready.xlsx,Arc Duration Matrix,Duration_e24,int64,days,Accumulated rounded duration contributed by arc e24.,Directly exported value.,Fresh seeded simulation from authoritative Word inputs.,,Blank only when the field is not applicable to the record.,Candidate predictor or response for later analysis.,
07_GERT_Analysis_Ready::Arc Duration Matrix,07_GERT_Analysis_Ready.xlsx,Arc Duration Matrix,Duration_e22,int64,days,Accumulated rounded duration contributed by arc e22.,Directly exported value.,Fresh seeded simulation from authoritative Word inputs.,,Blank only when the field is not applicable to the record.,Candidate predictor or response for later analysis.,
07_GERT_Analysis_Ready::Arc Duration Matrix,07_GERT_Analysis_Ready.xlsx,Arc Duration Matrix,Duration_e21,int64,days,Accumulated rounded duration contributed by arc e21.,Directly exported value.,Fresh seeded simulation from authoritative Word inputs.,,Blank only when the field is not applicable to the record.,Candidate predictor or response for later analysis.,
07_GERT_Analysis_Ready::Arc Duration Matrix,07_GERT_Analysis_Ready.xlsx,Arc Duration Matrix,Duration_e2T,int64,days,Accumulated rounded duration contributed by arc e2T.,Directly exported value.,Fresh seeded simulation from authoritative Word inputs.,,Blank only when the field is not applicable to the record.,Candidate predictor or response for later analysis.,
07_GERT_Analysis_Ready::Arc Duration Matrix,07_GERT_Analysis_Ready.xlsx,Arc Duration Matrix,Duration_e34,int64,days,Accumulated rounded duration contributed by arc e34.,Directly exported value.,Fresh seeded simulation from authoritative Word inputs.,,Blank only when the field is not applicable to the record.,Candidate predictor or response for later analysis.,
07_GERT_Analysis_Ready::Arc Duration Matrix,07_GERT_Analysis_Ready.xlsx,Arc Duration Matrix,Duration_e33,int64,days,Accumulated rounded duration contributed by arc e33.,Directly exported value.,Fresh seeded simulation from authoritative Word inputs.,,Blank only when the field is not applicable to the record.,Candidate predictor or response for later analysis.,
07_GERT_Analysis_Ready::Arc Duration Matrix,07_GERT_Analysis_Ready.xlsx,Arc Duration Matrix,Duration_e32,int64,days,Accumulated rounded duration contributed by arc e32.,Directly exported value.,Fresh seeded simulation from authoritative Word inputs.,,Blank only when the field is not applicable to the record.,Candidate predictor or response for later analysis.,
07_GERT_Analysis_Ready::Arc Duration Matrix,07_GERT_Analysis_Ready.xlsx,Arc Duration Matrix,Duration_e3T,int64,days,Accumulated rounded duration contributed by arc e3T.,Directly exported value.,Fresh seeded simulation from authoritative Word inputs.,,Blank only when the field is not applicable to the record.,Candidate predictor or response for later analysis.,
07_GERT_Analysis_Ready::Arc Duration Matrix,07_GERT_Analysis_Ready.xlsx,Arc Duration Matrix,Duration_e3D,int64,days,Accumulated rounded duration contributed by arc e3D.,Directly exported value.,Fresh seeded simulation from authoritative Word inputs.,,Blank only when the field is not applicable to the record.,Candidate predictor or response for later analysis.,
07_GERT_Analysis_Ready::Arc Duration Matrix,07_GERT_Analysis_Ready.xlsx,Arc Duration Matrix,Duration_e45,int64,days,Accumulated rounded duration contributed by arc e45.,Directly exported value.,Fresh seeded simulation from authoritative Word inputs.,,Blank only when the field is not applicable to the record.,Candidate predictor or response for later analysis.,
07_GERT_Analysis_Ready::Arc Duration Matrix,07_GERT_Analysis_Ready.xlsx,Arc Duration Matrix,Duration_e46,int64,days,Accumulated rounded duration contributed by arc e46.,Directly exported value.,Fresh seeded simulation from authoritative Word inputs.,,Blank only when the field is not applicable to the record.,Candidate predictor or response for later analysis.,
07_GERT_Analysis_Ready::Arc Duration Matrix,07_GERT_Analysis_Ready.xlsx,Arc Duration Matrix,Duration_e43,int64,days,Accumulated rounded duration contributed by arc e43.,Directly exported value.,Fresh seeded simulation from authoritative Word inputs.,,Blank only when the field is not applicable to the record.,Candidate predictor or response for later analysis.,
07_GERT_Analysis_Ready::Arc Duration Matrix,07_GERT_Analysis_Ready.xlsx,Arc Duration Matrix,Duration_e42,int64,days,Accumulated rounded duration contributed by arc e42.,Directly exported value.,Fresh seeded simulation from authoritative Word inputs.,,Blank only when the field is not applicable to the record.,Candidate predictor or response for later analysis.,
07_GERT_Analysis_Ready::Arc Duration Matrix,07_GERT_Analysis_Ready.xlsx,Arc Duration Matrix,Duration_e4D,int64,days,Accumulated rounded duration contributed by arc e4D.,Directly exported value.,Fresh seeded simulation from authoritative Word inputs.,,Blank only when the field is not applicable to the record.,Candidate predictor or response for later analysis.,
07_GERT_Analysis_Ready::Arc Duration Matrix,07_GERT_Analysis_Ready.xlsx,Arc Duration Matrix,Duration_e56,int64,days,Accumulated rounded duration contributed by arc e56.,Directly exported value.,Fresh seeded simulation from authoritative Word inputs.,,Blank only when the field is not applicable to the record.,Candidate predictor or response for later analysis.,
07_GERT_Analysis_Ready::Arc Duration Matrix,07_GERT_Analysis_Ready.xlsx,Arc Duration Matrix,Duration_e57,int64,days,Accumulated rounded duration contributed by arc e57.,Directly exported value.,Fresh seeded simulation from authoritative Word inputs.,,Blank only when the field is not applicable to the record.,Candidate predictor or response for later analysis.,
07_GERT_Analysis_Ready::Arc Duration Matrix,07_GERT_Analysis_Ready.xlsx,Arc Duration Matrix,Duration_e55,int64,days,Accumulated rounded duration contributed by arc e55.,Directly exported value.,Fresh seeded simulation from authoritative Word inputs.,,Blank only when the field is not applicable to the record.,Candidate predictor or response for later analysis.,
07_GERT_Analysis_Ready::Arc Duration Matrix,07_GERT_Analysis_Ready.xlsx,Arc Duration Matrix,Duration_e54,int64,days,Accumulated rounded duration contributed by arc e54.,Directly exported value.,Fresh seeded simulation from authoritative Word inputs.,,Blank only when the field is not applicable to the record.,Candidate predictor or response for later analysis.,
07_GERT_Analysis_Ready::Arc Duration Matrix,07_GERT_Analysis_Ready.xlsx,Arc Duration Matrix,Duration_e52,int64,days,Accumulated rounded duration contributed by arc e52.,Directly exported value.,Fresh seeded simulation from authoritative Word inputs.,,Blank only when the field is not applicable to the record.,Candidate predictor or response for later analysis.,
07_GERT_Analysis_Ready::Arc Duration Matrix,07_GERT_Analysis_Ready.xlsx,Arc Duration Matrix,Duration_e5D,int64,days,Accumulated rounded duration contributed by arc e5D.,Directly exported value.,Fresh seeded simulation from authoritative Word inputs.,,Blank only when the field is not applicable to the record.,Candidate predictor or response for later analysis.,
07_GERT_Analysis_Ready::Arc Duration Matrix,07_GERT_Analysis_Ready.xlsx,Arc Duration Matrix,Duration_e67,int64,days,Accumulated rounded duration contributed by arc e67.,Directly exported value.,Fresh seeded simulation from authoritative Word inputs.,,Blank only when the field is not applicable to the record.,Candidate predictor or response for later analysis.,
07_GERT_Analysis_Ready::Arc Duration Matrix,07_GERT_Analysis_Ready.xlsx,Arc Duration Matrix,Duration_e66,int64,days,Accumulated rounded duration contributed by arc e66.,Directly exported value.,Fresh seeded simulation from authoritative Word inputs.,,Blank only when the field is not applicable to the record.,Candidate predictor or response for later analysis.,
07_GERT_Analysis_Ready::Arc Duration Matrix,07_GERT_Analysis_Ready.xlsx,Arc Duration Matrix,Duration_e6D,int64,days,Accumulated rounded duration contributed by arc e6D.,Directly exported value.,Fresh seeded simulation from authoritative Word inputs.,,Blank only when the field is not applicable to the record.,Candidate predictor or response for later analysis.,
07_GERT_Analysis_Ready::Arc Duration Matrix,07_GERT_Analysis_Ready.xlsx,Arc Duration Matrix,Duration_eD3,int64,days,Accumulated rounded duration contributed by arc eD3.,Directly exported value.,Fresh seeded simulation from authoritative Word inputs.,,Blank only when the field is not applicable to the record.,Candidate predictor or response for later analysis.,
07_GERT_Analysis_Ready::Arc Duration Matrix,07_GERT_Analysis_Ready.xlsx,Arc Duration Matrix,Duration_eD7,int64,days,Accumulated rounded duration contributed by arc eD7.,Directly exported value.,Fresh seeded simulation from authoritative Word inputs.,,Blank only when the field is not applicable to the record.,Candidate predictor or response for later analysis.,
07_GERT_Analysis_Ready::Arc Duration Matrix,07_GERT_Analysis_Ready.xlsx,Arc Duration Matrix,Duration_eDT,int64,days,Accumulated rounded duration contributed by arc eDT.,Directly exported value.,Fresh seeded simulation from authoritative Word inputs.,,Blank only when the field is not applicable to the record.,Candidate predictor or response for later analysis.,
07_GERT_Analysis_Ready::Node Visit Matrix,07_GERT_Analysis_Ready.xlsx,Node Visit Matrix,Iteration_ID,int64,identifier,One-based Monte Carlo iteration identifier.,Directly exported value.,Fresh seeded simulation from authoritative Word inputs.,,Blank only when the field is not applicable to the record.,Candidate predictor or response for later analysis.,
07_GERT_Analysis_Ready::Node Visit Matrix,07_GERT_Analysis_Ready.xlsx,Node Visit Matrix,Visited_S0,bool,,Indicator that node S0 was visited.,Directly exported value.,Fresh seeded simulation from authoritative Word inputs.,0; 1,Blank only when the field is not applicable to the record.,Candidate predictor or response for later analysis.,
07_GERT_Analysis_Ready::Node Visit Matrix,07_GERT_Analysis_Ready.xlsx,Node Visit Matrix,Visited_S1,bool,,Indicator that node S1 was visited.,Directly exported value.,Fresh seeded simulation from authoritative Word inputs.,0; 1,Blank only when the field is not applicable to the record.,Candidate predictor or response for later analysis.,
07_GERT_Analysis_Ready::Node Visit Matrix,07_GERT_Analysis_Ready.xlsx,Node Visit Matrix,Visited_S2,bool,,Indicator that node S2 was visited.,Directly exported value.,Fresh seeded simulation from authoritative Word inputs.,0; 1,Blank only when the field is not applicable to the record.,Candidate predictor or response for later analysis.,
07_GERT_Analysis_Ready::Node Visit Matrix,07_GERT_Analysis_Ready.xlsx,Node Visit Matrix,Visited_S3,bool,,Indicator that node S3 was visited.,Directly exported value.,Fresh seeded simulation from authoritative Word inputs.,0; 1,Blank only when the field is not applicable to the record.,Candidate predictor or response for later analysis.,
07_GERT_Analysis_Ready::Node Visit Matrix,07_GERT_Analysis_Ready.xlsx,Node Visit Matrix,Visited_S4,bool,,Indicator that node S4 was visited.,Directly exported value.,Fresh seeded simulation from authoritative Word inputs.,0; 1,Blank only when the field is not applicable to the record.,Candidate predictor or response for later analysis.,
07_GERT_Analysis_Ready::Node Visit Matrix,07_GERT_Analysis_Ready.xlsx,Node Visit Matrix,Visited_S5,bool,,Indicator that node S5 was visited.,Directly exported value.,Fresh seeded simulation from authoritative Word inputs.,0; 1,Blank only when the field is not applicable to the record.,Candidate predictor or response for later analysis.,
07_GERT_Analysis_Ready::Node Visit Matrix,07_GERT_Analysis_Ready.xlsx,Node Visit Matrix,Visited_S6,bool,,Indicator that node S6 was visited.,Directly exported value.,Fresh seeded simulation from authoritative Word inputs.,0; 1,Blank only when the field is not applicable to the record.,Candidate predictor or response for later analysis.,
07_GERT_Analysis_Ready::Node Visit Matrix,07_GERT_Analysis_Ready.xlsx,Node Visit Matrix,Visited_SD,bool,,Indicator that node SD was visited.,Directly exported value.,Fresh seeded simulation from authoritative Word inputs.,0; 1,Blank only when the field is not applicable to the record.,Candidate predictor or response for later analysis.,
07_GERT_Analysis_Ready::Node Visit Matrix,07_GERT_Analysis_Ready.xlsx,Node Visit Matrix,Visited_S7,bool,,Indicator that node S7 was visited.,Directly exported value.,Fresh seeded simulation from authoritative Word inputs.,0; 1,Blank only when the field is not applicable to the record.,Candidate predictor or response for later analysis.,
07_GERT_Analysis_Ready::Node Visit Matrix,07_GERT_Analysis_Ready.xlsx,Node Visit Matrix,Visited_ST,bool,,Indicator that node ST was visited.,Directly exported value.,Fresh seeded simulation from authoritative Word inputs.,0; 1,Blank only when the field is not applicable to the record.,Candidate predictor or response for later analysis.,
07_GERT_Analysis_Ready::Node Visit Matrix,07_GERT_Analysis_Ready.xlsx,Node Visit Matrix,Visits_S0,int64,,Number of visits to node S0.,Directly exported value.,Fresh seeded simulation from authoritative Word inputs.,,Blank only when the field is not applicable to the record.,Candidate predictor or response for later analysis.,
07_GERT_Analysis_Ready::Node Visit Matrix,07_GERT_Analysis_Ready.xlsx,Node Visit Matrix,Visits_S1,int64,,Number of visits to node S1.,Directly exported value.,Fresh seeded simulation from authoritative Word inputs.,,Blank only when the field is not applicable to the record.,Candidate predictor or response for later analysis.,
07_GERT_Analysis_Ready::Node Visit Matrix,07_GERT_Analysis_Ready.xlsx,Node Visit Matrix,Visits_S2,int64,,Number of visits to node S2.,Directly exported value.,Fresh seeded simulation from authoritative Word inputs.,,Blank only when the field is not applicable to the record.,Candidate predictor or response for later analysis.,
07_GERT_Analysis_Ready::Node Visit Matrix,07_GERT_Analysis_Ready.xlsx,Node Visit Matrix,Visits_S3,int64,,Number of visits to node S3.,Directly exported value.,Fresh seeded simulation from authoritative Word inputs.,,Blank only when the field is not applicable to the record.,Candidate predictor or response for later analysis.,
07_GERT_Analysis_Ready::Node Visit Matrix,07_GERT_Analysis_Ready.xlsx,Node Visit Matrix,Visits_S4,int64,,Number of visits to node S4.,Directly exported value.,Fresh seeded simulation from authoritative Word inputs.,,Blank only when the field is not applicable to the record.,Candidate predictor or response for later analysis.,
07_GERT_Analysis_Ready::Node Visit Matrix,07_GERT_Analysis_Ready.xlsx,Node Visit Matrix,Visits_S5,int64,,Number of visits to node S5.,Directly exported value.,Fresh seeded simulation from authoritative Word inputs.,,Blank only when the field is not applicable to the record.,Candidate predictor or response for later analysis.,
07_GERT_Analysis_Ready::Node Visit Matrix,07_GERT_Analysis_Ready.xlsx,Node Visit Matrix,Visits_S6,int64,,Number of visits to node S6.,Directly exported value.,Fresh seeded simulation from authoritative Word inputs.,,Blank only when the field is not applicable to the record.,Candidate predictor or response for later analysis.,
07_GERT_Analysis_Ready::Node Visit Matrix,07_GERT_Analysis_Ready.xlsx,Node Visit Matrix,Visits_SD,int64,,Number of visits to node SD.,Directly exported value.,Fresh seeded simulation from authoritative Word inputs.,,Blank only when the field is not applicable to the record.,Candidate predictor or response for later analysis.,
07_GERT_Analysis_Ready::Node Visit Matrix,07_GERT_Analysis_Ready.xlsx,Node Visit Matrix,Visits_S7,int64,,Number of visits to node S7.,Directly exported value.,Fresh seeded simulation from authoritative Word inputs.,,Blank only when the field is not applicable to the record.,Candidate predictor or response for later analysis.,
07_GERT_Analysis_Ready::Node Visit Matrix,07_GERT_Analysis_Ready.xlsx,Node Visit Matrix,Visits_ST,int64,,Number of visits to node ST.,Directly exported value.,Fresh seeded simulation from authoritative Word inputs.,,Blank only when the field is not applicable to the record.,Candidate predictor or response for later analysis.,
07_GERT_Analysis_Ready::Loop Count Matrix,07_GERT_Analysis_Ready.xlsx,Loop Count Matrix,Iteration_ID,int64,identifier,One-based Monte Carlo iteration identifier.,Directly exported value.,Fresh seeded simulation from authoritative Word inputs.,,Blank only when the field is not applicable to the record.,Candidate predictor or response for later analysis.,
07_GERT_Analysis_Ready::Loop Count Matrix,07_GERT_Analysis_Ready.xlsx,Loop Count Matrix,LoopCount_e22,int64,count,Traversal count for capped return arc e22.,Directly exported value.,Fresh seeded simulation from authoritative Word inputs.,,Blank only when the field is not applicable to the record.,Candidate predictor or response for later analysis.,
07_GERT_Analysis_Ready::Loop Count Matrix,07_GERT_Analysis_Ready.xlsx,Loop Count Matrix,LoopCount_e21,int64,count,Traversal count for capped return arc e21.,Directly exported value.,Fresh seeded simulation from authoritative Word inputs.,,Blank only when the field is not applicable to the record.,Candidate predictor or response for later analysis.,
07_GERT_Analysis_Ready::Loop Count Matrix,07_GERT_Analysis_Ready.xlsx,Loop Count Matrix,LoopCount_e33,int64,count,Traversal count for capped return arc e33.,Directly exported value.,Fresh seeded simulation from authoritative Word inputs.,,Blank only when the field is not applicable to the record.,Candidate predictor or response for later analysis.,
07_GERT_Analysis_Ready::Loop Count Matrix,07_GERT_Analysis_Ready.xlsx,Loop Count Matrix,LoopCount_e32,int64,count,Traversal count for capped return arc e32.,Directly exported value.,Fresh seeded simulation from authoritative Word inputs.,,Blank only when the field is not applicable to the record.,Candidate predictor or response for later analysis.,
07_GERT_Analysis_Ready::Loop Count Matrix,07_GERT_Analysis_Ready.xlsx,Loop Count Matrix,LoopCount_e43,int64,count,Traversal count for capped return arc e43.,Directly exported value.,Fresh seeded simulation from authoritative Word inputs.,,Blank only when the field is not applicable to the record.,Candidate predictor or response for later analysis.,
07_GERT_Analysis_Ready::Loop Count Matrix,07_GERT_Analysis_Ready.xlsx,Loop Count Matrix,LoopCount_e42,int64,count,Traversal count for capped return arc e42.,Directly exported value.,Fresh seeded simulation from authoritative Word inputs.,,Blank only when the field is not applicable to the record.,Candidate predictor or response for later analysis.,
07_GERT_Analysis_Ready::Loop Count Matrix,07_GERT_Analysis_Ready.xlsx,Loop Count Matrix,LoopCount_e55,int64,count,Traversal count for capped return arc e55.,Directly exported value.,Fresh seeded simulation from authoritative Word inputs.,,Blank only when the field is not applicable to the record.,Candidate predictor or response for later analysis.,
07_GERT_Analysis_Ready::Loop Count Matrix,07_GERT_Analysis_Ready.xlsx,Loop Count Matrix,LoopCount_e54,int64,count,Traversal count for capped return arc e54.,Directly exported value.,Fresh seeded simulation from authoritative Word inputs.,,Blank only when the field is not applicable to the record.,Candidate predictor or response for later analysis.,
07_GERT_Analysis_Ready::Loop Count Matrix,07_GERT_Analysis_Ready.xlsx,Loop Count Matrix,LoopCount_e52,int64,count,Traversal count for capped return arc e52.,Directly exported value.,Fresh seeded simulation from authoritative Word inputs.,,Blank only when the field is not applicable to the record.,Candidate predictor or response for later analysis.,
07_GERT_Analysis_Ready::Loop Count Matrix,07_GERT_Analysis_Ready.xlsx,Loop Count Matrix,LoopCount_e66,int64,count,Traversal count for capped return arc e66.,Directly exported value.,Fresh seeded simulation from authoritative Word inputs.,,Blank only when the field is not applicable to the record.,Candidate predictor or response for later analysis.,
07_GERT_Analysis_Ready::Loop Count Matrix,07_GERT_Analysis_Ready.xlsx,Loop Count Matrix,CapReached_e22,bool,,Indicator that capped return arc e22 reached count 2.,Directly exported value.,Fresh seeded simulation from authoritative Word inputs.,0; 1,Blank only when the field is not applicable to the record.,Candidate predictor or response for later analysis.,
07_GERT_Analysis_Ready::Loop Count Matrix,07_GERT_Analysis_Ready.xlsx,Loop Count Matrix,CapReached_e21,bool,,Indicator that capped return arc e21 reached count 2.,Directly exported value.,Fresh seeded simulation from authoritative Word inputs.,0; 1,Blank only when the field is not applicable to the record.,Candidate predictor or response for later analysis.,
07_GERT_Analysis_Ready::Loop Count Matrix,07_GERT_Analysis_Ready.xlsx,Loop Count Matrix,CapReached_e33,bool,,Indicator that capped return arc e33 reached count 2.,Directly exported value.,Fresh seeded simulation from authoritative Word inputs.,0; 1,Blank only when the field is not applicable to the record.,Candidate predictor or response for later analysis.,
07_GERT_Analysis_Ready::Loop Count Matrix,07_GERT_Analysis_Ready.xlsx,Loop Count Matrix,CapReached_e32,bool,,Indicator that capped return arc e32 reached count 2.,Directly exported value.,Fresh seeded simulation from authoritative Word inputs.,0; 1,Blank only when the field is not applicable to the record.,Candidate predictor or response for later analysis.,
07_GERT_Analysis_Ready::Loop Count Matrix,07_GERT_Analysis_Ready.xlsx,Loop Count Matrix,CapReached_e43,bool,,Indicator that capped return arc e43 reached count 2.,Directly exported value.,Fresh seeded simulation from authoritative Word inputs.,0; 1,Blank only when the field is not applicable to the record.,Candidate predictor or response for later analysis.,
07_GERT_Analysis_Ready::Loop Count Matrix,07_GERT_Analysis_Ready.xlsx,Loop Count Matrix,CapReached_e42,bool,,Indicator that capped return arc e42 reached count 2.,Directly exported value.,Fresh seeded simulation from authoritative Word inputs.,0; 1,Blank only when the field is not applicable to the record.,Candidate predictor or response for later analysis.,
07_GERT_Analysis_Ready::Loop Count Matrix,07_GERT_Analysis_Ready.xlsx,Loop Count Matrix,CapReached_e55,bool,,Indicator that capped return arc e55 reached count 2.,Directly exported value.,Fresh seeded simulation from authoritative Word inputs.,0; 1,Blank only when the field is not applicable to the record.,Candidate predictor or response for later analysis.,
07_GERT_Analysis_Ready::Loop Count Matrix,07_GERT_Analysis_Ready.xlsx,Loop Count Matrix,CapReached_e54,bool,,Indicator that capped return arc e54 reached count 2.,Directly exported value.,Fresh seeded simulation from authoritative Word inputs.,0; 1,Blank only when the field is not applicable to the record.,Candidate predictor or response for later analysis.,
07_GERT_Analysis_Ready::Loop Count Matrix,07_GERT_Analysis_Ready.xlsx,Loop Count Matrix,CapReached_e52,bool,,Indicator that capped return arc e52 reached count 2.,Directly exported value.,Fresh seeded simulation from authoritative Word inputs.,0; 1,Blank only when the field is not applicable to the record.,Candidate predictor or response for later analysis.,
07_GERT_Analysis_Ready::Loop Count Matrix,07_GERT_Analysis_Ready.xlsx,Loop Count Matrix,CapReached_e66,bool,,Indicator that capped return arc e66 reached count 2.,Directly exported value.,Fresh seeded simulation from authoritative Word inputs.,0; 1,Blank only when the field is not applicable to the record.,Candidate predictor or response for later analysis.,
07_GERT_Analysis_Ready::Outcome Matrix,07_GERT_Analysis_Ready.xlsx,Outcome Matrix,Iteration_ID,int64,identifier,One-based Monte Carlo iteration identifier.,Directly exported value.,Fresh seeded simulation from authoritative Word inputs.,,Blank only when the field is not applicable to the record.,Candidate predictor or response for later analysis.,
07_GERT_Analysis_Ready::Outcome Matrix,07_GERT_Analysis_Ready.xlsx,Outcome Matrix,Outcome,string,,Final absorbing GERT outcome.,Directly exported value.,Fresh seeded simulation from authoritative Word inputs.,Successful; Terminated,Blank only when the field is not applicable to the record.,Candidate predictor or response for later analysis.,
07_GERT_Analysis_Ready::Outcome Matrix,07_GERT_Analysis_Ready.xlsx,Outcome Matrix,Successful_Binary,bool,,Successful Binary,Directly exported value.,Fresh seeded simulation from authoritative Word inputs.,0; 1,Blank only when the field is not applicable to the record.,"Supporting identifier, audit, or reconciliation field.",
07_GERT_Analysis_Ready::Outcome Matrix,07_GERT_Analysis_Ready.xlsx,Outcome Matrix,Terminated_Binary,bool,,Terminated Binary,Directly exported value.,Fresh seeded simulation from authoritative Word inputs.,0; 1,Blank only when the field is not applicable to the record.,"Supporting identifier, audit, or reconciliation field.",
07_GERT_Analysis_Ready::Outcome Matrix,07_GERT_Analysis_Ready.xlsx,Outcome Matrix,Final_Node,string,,Final Node,Directly exported value.,Fresh seeded simulation from authoritative Word inputs.,S7; ST,Blank only when the field is not applicable to the record.,Candidate predictor or response for later analysis.,
07_GERT_Analysis_Ready::Outcome Matrix,07_GERT_Analysis_Ready.xlsx,Outcome Matrix,Total_Duration,int64,days,Sum of individually ceiling-rounded stochastic durations for the iteration.,Directly exported value.,Fresh seeded simulation from authoritative Word inputs.,,Blank only when the field is not applicable to the record.,Candidate predictor or response for later analysis.,
07_GERT_Analysis_Ready::Outcome Matrix,07_GERT_Analysis_Ready.xlsx,Outcome Matrix,Transition_Count,int64,count,Transition Count,Directly exported value.,Fresh seeded simulation from authoritative Word inputs.,,Blank only when the field is not applicable to the record.,Candidate predictor or response for later analysis.,
07_GERT_Analysis_Ready::Outcome Matrix,07_GERT_Analysis_Ready.xlsx,Outcome Matrix,Dispute_Visited,bool,,Dispute Visited,Directly exported value.,Fresh seeded simulation from authoritative Word inputs.,0; 1,Blank only when the field is not applicable to the record.,Candidate predictor or response for later analysis.,
07_GERT_Analysis_Ready::Path Metrics,07_GERT_Analysis_Ready.xlsx,Path Metrics,Path_ID,int64,identifier,Path ID,Directly exported value.,Fresh seeded simulation from authoritative Word inputs.,,Blank only when the field is not applicable to the record.,Candidate predictor or response for later analysis.,
07_GERT_Analysis_Ready::Path Metrics,07_GERT_Analysis_Ready.xlsx,Path Metrics,Path_Hash,string,,Path Hash,Directly exported value.,Fresh seeded simulation from authoritative Word inputs.,,Blank only when the field is not applicable to the record.,Candidate predictor or response for later analysis.,
07_GERT_Analysis_Ready::Path Metrics,07_GERT_Analysis_Ready.xlsx,Path Metrics,Arc_Sequence,string,,Arc Sequence,Directly exported value.,Fresh seeded simulation from authoritative Word inputs.,,Blank only when the field is not applicable to the record.,"Supporting identifier, audit, or reconciliation field.",
07_GERT_Analysis_Ready::Path Metrics,07_GERT_Analysis_Ready.xlsx,Path Metrics,Node_Sequence,string,,Node Sequence,Directly exported value.,Fresh seeded simulation from authoritative Word inputs.,,Blank only when the field is not applicable to the record.,Candidate predictor or response for later analysis.,
07_GERT_Analysis_Ready::Path Metrics,07_GERT_Analysis_Ready.xlsx,Path Metrics,Outcome,string,,Final absorbing GERT outcome.,Directly exported value.,Fresh seeded simulation from authoritative Word inputs.,Successful; Terminated,Blank only when the field is not applicable to the record.,Candidate predictor or response for later analysis.,
07_GERT_Analysis_Ready::Path Metrics,07_GERT_Analysis_Ready.xlsx,Path Metrics,Frequency,int64,count,Frequency,Derived from the complete unsampled exported simulation records.,Fresh seeded simulation from authoritative Word inputs.,,Blank only when the field is not applicable to the record.,"Supporting identifier, audit, or reconciliation field.",
07_GERT_Analysis_Ready::Path Metrics,07_GERT_Analysis_Ready.xlsx,Path Metrics,Probability,double,dimensionless,Probability,Derived from the complete unsampled exported simulation records.,Fresh seeded simulation from authoritative Word inputs.,,Blank only when the field is not applicable to the record.,Candidate predictor or response for later analysis.,
07_GERT_Analysis_Ready::Path Metrics,07_GERT_Analysis_Ready.xlsx,Path Metrics,Mean_Duration,double,days,Mean Duration,Derived from the complete unsampled exported simulation records.,Fresh seeded simulation from authoritative Word inputs.,,Blank only when the field is not applicable to the record.,Candidate predictor or response for later analysis.,
07_GERT_Analysis_Ready::Path Metrics,07_GERT_Analysis_Ready.xlsx,Path Metrics,SD_Duration,double,days,SD Duration,Directly exported value.,Fresh seeded simulation from authoritative Word inputs.,,Blank only when the field is not applicable to the record.,Candidate predictor or response for later analysis.,
07_GERT_Analysis_Ready::Path Metrics,07_GERT_Analysis_Ready.xlsx,Path Metrics,Minimum,int64,,Minimum,Directly exported value.,Fresh seeded simulation from authoritative Word inputs.,,Blank only when the field is not applicable to the record.,"Supporting identifier, audit, or reconciliation field.",
07_GERT_Analysis_Ready::Path Metrics,07_GERT_Analysis_Ready.xlsx,Path Metrics,Maximum,int64,,Maximum,Directly exported value.,Fresh seeded simulation from authoritative Word inputs.,,Blank only when the field is not applicable to the record.,"Supporting identifier, audit, or reconciliation field.",
07_GERT_Analysis_Ready::Path Metrics,07_GERT_Analysis_Ready.xlsx,Path Metrics,P50,int64,,P50,Derived from the complete unsampled exported simulation records.,Fresh seeded simulation from authoritative Word inputs.,,Blank only when the field is not applicable to the record.,Candidate predictor or response for later analysis.,
07_GERT_Analysis_Ready::Path Metrics,07_GERT_Analysis_Ready.xlsx,Path Metrics,P80,int64,,P80,Derived from the complete unsampled exported simulation records.,Fresh seeded simulation from authoritative Word inputs.,,Blank only when the field is not applicable to the record.,Candidate predictor or response for later analysis.,
07_GERT_Analysis_Ready::Path Metrics,07_GERT_Analysis_Ready.xlsx,Path Metrics,P90,int64,,P90,Derived from the complete unsampled exported simulation records.,Fresh seeded simulation from authoritative Word inputs.,,Blank only when the field is not applicable to the record.,Candidate predictor or response for later analysis.,
07_GERT_Analysis_Ready::Path Metrics,07_GERT_Analysis_Ready.xlsx,Path Metrics,P95,int64,,P95,Derived from the complete unsampled exported simulation records.,Fresh seeded simulation from authoritative Word inputs.,,Blank only when the field is not applicable to the record.,Candidate predictor or response for later analysis.,
07_GERT_Analysis_Ready::Path Metrics,07_GERT_Analysis_Ready.xlsx,Path Metrics,Transition_Count,int64,count,Transition Count,Directly exported value.,Fresh seeded simulation from authoritative Word inputs.,,Blank only when the field is not applicable to the record.,Candidate predictor or response for later analysis.,
07_GERT_Analysis_Ready::Path Metrics,07_GERT_Analysis_Ready.xlsx,Path Metrics,Activated_Capped_Arcs,string,,Indicator that arc Capped_Arcs was traversed at least once.,Directly exported value.,Fresh seeded simulation from authoritative Word inputs.,,Blank only when the field is not applicable to the record.,Candidate predictor or response for later analysis.,
07_GERT_Analysis_Ready::Path Metrics,07_GERT_Analysis_Ready.xlsx,Path Metrics,Dispute_Visited,bool,,Dispute Visited,Directly exported value.,Fresh seeded simulation from authoritative Word inputs.,0; 1,Blank only when the field is not applicable to the record.,Candidate predictor or response for later analysis.,
07_GERT_Analysis_Ready::Summary Statistics,07_GERT_Analysis_Ready.xlsx,Summary Statistics,Entity_ID,string,identifier,Entity ID,Directly exported value.,Fresh seeded simulation from authoritative Word inputs.,,Blank only when the field is not applicable to the record.,"Supporting identifier, audit, or reconciliation field.",
07_GERT_Analysis_Ready::Summary Statistics,07_GERT_Analysis_Ready.xlsx,Summary Statistics,N,int64,,N,Directly exported value.,Fresh seeded simulation from authoritative Word inputs.,,Blank only when the field is not applicable to the record.,"Supporting identifier, audit, or reconciliation field.",
07_GERT_Analysis_Ready::Summary Statistics,07_GERT_Analysis_Ready.xlsx,Summary Statistics,Mean,double,,Mean,Derived from the complete unsampled exported simulation records.,Fresh seeded simulation from authoritative Word inputs.,,Blank only when the field is not applicable to the record.,"Supporting identifier, audit, or reconciliation field.",
07_GERT_Analysis_Ready::Summary Statistics,07_GERT_Analysis_Ready.xlsx,Summary Statistics,Variance,double,,Variance,Directly exported value.,Fresh seeded simulation from authoritative Word inputs.,,Blank only when the field is not applicable to the record.,"Supporting identifier, audit, or reconciliation field.",
07_GERT_Analysis_Ready::Summary Statistics,07_GERT_Analysis_Ready.xlsx,Summary Statistics,SD,double,,SD,Directly exported value.,Fresh seeded simulation from authoritative Word inputs.,,Blank only when the field is not applicable to the record.,"Supporting identifier, audit, or reconciliation field.",
07_GERT_Analysis_Ready::Summary Statistics,07_GERT_Analysis_Ready.xlsx,Summary Statistics,CV,double,dimensionless,CV,Directly exported value.,Fresh seeded simulation from authoritative Word inputs.,,Blank only when the field is not applicable to the record.,"Supporting identifier, audit, or reconciliation field.",
07_GERT_Analysis_Ready::Summary Statistics,07_GERT_Analysis_Ready.xlsx,Summary Statistics,Minimum,int64,,Minimum,Directly exported value.,Fresh seeded simulation from authoritative Word inputs.,,Blank only when the field is not applicable to the record.,"Supporting identifier, audit, or reconciliation field.",
07_GERT_Analysis_Ready::Summary Statistics,07_GERT_Analysis_Ready.xlsx,Summary Statistics,Maximum,int64,,Maximum,Directly exported value.,Fresh seeded simulation from authoritative Word inputs.,,Blank only when the field is not applicable to the record.,"Supporting identifier, audit, or reconciliation field.",
07_GERT_Analysis_Ready::Summary Statistics,07_GERT_Analysis_Ready.xlsx,Summary Statistics,P25,int64,,P25,Directly exported value.,Fresh seeded simulation from authoritative Word inputs.,,Blank only when the field is not applicable to the record.,Candidate predictor or response for later analysis.,
07_GERT_Analysis_Ready::Summary Statistics,07_GERT_Analysis_Ready.xlsx,Summary Statistics,P50,int64,,P50,Derived from the complete unsampled exported simulation records.,Fresh seeded simulation from authoritative Word inputs.,,Blank only when the field is not applicable to the record.,Candidate predictor or response for later analysis.,
07_GERT_Analysis_Ready::Summary Statistics,07_GERT_Analysis_Ready.xlsx,Summary Statistics,P75,int64,,P75,Directly exported value.,Fresh seeded simulation from authoritative Word inputs.,,Blank only when the field is not applicable to the record.,Candidate predictor or response for later analysis.,
07_GERT_Analysis_Ready::Summary Statistics,07_GERT_Analysis_Ready.xlsx,Summary Statistics,IQR,int64,,IQR,Directly exported value.,Fresh seeded simulation from authoritative Word inputs.,,Blank only when the field is not applicable to the record.,"Supporting identifier, audit, or reconciliation field.",
07_GERT_Analysis_Ready::Summary Statistics,07_GERT_Analysis_Ready.xlsx,Summary Statistics,P80,int64,,P80,Derived from the complete unsampled exported simulation records.,Fresh seeded simulation from authoritative Word inputs.,,Blank only when the field is not applicable to the record.,Candidate predictor or response for later analysis.,
07_GERT_Analysis_Ready::Summary Statistics,07_GERT_Analysis_Ready.xlsx,Summary Statistics,P90,int64,,P90,Derived from the complete unsampled exported simulation records.,Fresh seeded simulation from authoritative Word inputs.,,Blank only when the field is not applicable to the record.,Candidate predictor or response for later analysis.,
07_GERT_Analysis_Ready::Summary Statistics,07_GERT_Analysis_Ready.xlsx,Summary Statistics,P95,int64,,P95,Derived from the complete unsampled exported simulation records.,Fresh seeded simulation from authoritative Word inputs.,,Blank only when the field is not applicable to the record.,Candidate predictor or response for later analysis.,
07_GERT_Analysis_Ready::Summary Statistics,07_GERT_Analysis_Ready.xlsx,Summary Statistics,P99,int64,,P99,Derived from the complete unsampled exported simulation records.,Fresh seeded simulation from authoritative Word inputs.,,Blank only when the field is not applicable to the record.,Candidate predictor or response for later analysis.,
07_GERT_Analysis_Ready::P1-P99 by Outcome,07_GERT_Analysis_Ready.xlsx,P1-P99 by Outcome,Outcome,string,,Final absorbing GERT outcome.,Directly exported value.,Fresh seeded simulation from authoritative Word inputs.,Successful; Terminated,Blank only when the field is not applicable to the record.,Candidate predictor or response for later analysis.,
07_GERT_Analysis_Ready::P1-P99 by Outcome,07_GERT_Analysis_Ready.xlsx,P1-P99 by Outcome,Percentile,int64,,Percentile,Derived from the complete unsampled exported simulation records.,Fresh seeded simulation from authoritative Word inputs.,,Blank only when the field is not applicable to the record.,Candidate predictor or response for later analysis.,
07_GERT_Analysis_Ready::P1-P99 by Outcome,07_GERT_Analysis_Ready.xlsx,P1-P99 by Outcome,Nearest_Rank_Value,int64,,Nearest Rank Value,Derived from the complete unsampled exported simulation records.,Fresh seeded simulation from authoritative Word inputs.,,Blank only when the field is not applicable to the record.,"Supporting identifier, audit, or reconciliation field.",
07_GERT_Analysis_Ready::ECDF Data,07_GERT_Analysis_Ready.xlsx,ECDF Data,Outcome,string,,Final absorbing GERT outcome.,Directly exported value.,Fresh seeded simulation from authoritative Word inputs.,Successful; Terminated,Blank only when the field is not applicable to the record.,Candidate predictor or response for later analysis.,
07_GERT_Analysis_Ready::ECDF Data,07_GERT_Analysis_Ready.xlsx,ECDF Data,Duration,int64,days,Duration,Directly exported value.,Fresh seeded simulation from authoritative Word inputs.,,Blank only when the field is not applicable to the record.,Candidate predictor or response for later analysis.,
07_GERT_Analysis_Ready::ECDF Data,07_GERT_Analysis_Ready.xlsx,ECDF Data,Frequency,int64,count,Frequency,Derived from the complete unsampled exported simulation records.,Fresh seeded simulation from authoritative Word inputs.,,Blank only when the field is not applicable to the record.,"Supporting identifier, audit, or reconciliation field.",
07_GERT_Analysis_Ready::ECDF Data,07_GERT_Analysis_Ready.xlsx,ECDF Data,Cumulative_Frequency,int64,,Cumulative Frequency,Derived from the complete unsampled exported simulation records.,Fresh seeded simulation from authoritative Word inputs.,,Blank only when the field is not applicable to the record.,"Supporting identifier, audit, or reconciliation field.",
07_GERT_Analysis_Ready::ECDF Data,07_GERT_Analysis_Ready.xlsx,ECDF Data,ECDF,double,,ECDF,Directly exported value.,Fresh seeded simulation from authoritative Word inputs.,,Blank only when the field is not applicable to the record.,"Supporting identifier, audit, or reconciliation field.",
07_GERT_Analysis_Ready::Histogram Data,07_GERT_Analysis_Ready.xlsx,Histogram Data,Outcome,string,,Final absorbing GERT outcome.,Directly exported value.,Fresh seeded simulation from authoritative Word inputs.,Successful; Terminated,Blank only when the field is not applicable to the record.,Candidate predictor or response for later analysis.,
07_GERT_Analysis_Ready::Histogram Data,07_GERT_Analysis_Ready.xlsx,Histogram Data,Duration,int64,days,Duration,Directly exported value.,Fresh seeded simulation from authoritative Word inputs.,,Blank only when the field is not applicable to the record.,Candidate predictor or response for later analysis.,
07_GERT_Analysis_Ready::Histogram Data,07_GERT_Analysis_Ready.xlsx,Histogram Data,Frequency,int64,count,Frequency,Derived from the complete unsampled exported simulation records.,Fresh seeded simulation from authoritative Word inputs.,,Blank only when the field is not applicable to the record.,"Supporting identifier, audit, or reconciliation field.",
07_GERT_Analysis_Ready::Histogram Data,07_GERT_Analysis_Ready.xlsx,Histogram Data,Relative_Frequency,double,,Relative Frequency,Derived from the complete unsampled exported simulation records.,Fresh seeded simulation from authoritative Word inputs.,,Blank only when the field is not applicable to the record.,"Supporting identifier, audit, or reconciliation field.",
07_GERT_Analysis_Ready::Correlation Register,07_GERT_Analysis_Ready.xlsx,Correlation Register,Feature,string,,Feature,Directly exported value.,Fresh seeded simulation from authoritative Word inputs.,,Blank only when the field is not applicable to the record.,"Supporting identifier, audit, or reconciliation field.",
07_GERT_Analysis_Ready::Correlation Register,07_GERT_Analysis_Ready.xlsx,Correlation Register,Target,string,,Target,Directly exported value.,Fresh seeded simulation from authoritative Word inputs.,,Blank only when the field is not applicable to the record.,"Supporting identifier, audit, or reconciliation field.",
07_GERT_Analysis_Ready::Correlation Register,07_GERT_Analysis_Ready.xlsx,Correlation Register,Method,string,,Method,Directly exported value.,Fresh seeded simulation from authoritative Word inputs.,,Blank only when the field is not applicable to the record.,Candidate predictor or response for later analysis.,
07_GERT_Analysis_Ready::Correlation Register,07_GERT_Analysis_Ready.xlsx,Correlation Register,Coefficient,double,,Coefficient,Directly exported value.,Fresh seeded simulation from authoritative Word inputs.,,Blank only when the field is not applicable to the record.,Candidate predictor or response for later analysis.,
07_GERT_Analysis_Ready::Correlation Register,07_GERT_Analysis_Ready.xlsx,Correlation Register,P_Value,double,,P Value,Directly exported value.,Fresh seeded simulation from authoritative Word inputs.,,Blank only when the field is not applicable to the record.,Candidate predictor or response for later analysis.,
07_GERT_Analysis_Ready::Correlation Register,07_GERT_Analysis_Ready.xlsx,Correlation Register,Sample_Size,int64,count,Sample Size,Directly exported value.,Fresh seeded simulation from authoritative Word inputs.,,Blank only when the field is not applicable to the record.,Candidate predictor or response for later analysis.,
07_GERT_Analysis_Ready::Correlation Register,07_GERT_Analysis_Ready.xlsx,Correlation Register,Notes,string,,Notes,Directly exported value.,Fresh seeded simulation from authoritative Word inputs.,,Blank only when the field is not applicable to the record.,Candidate predictor or response for later analysis.,
08_Exact_Verification::State Space Summary,08_Exact_Verification.xlsx,State Space Summary,Metric,string,,Metric,Directly exported value.,Independent reachable finite-state sparse verifier.,,Blank only when the field is not applicable to the record.,"Supporting identifier, audit, or reconciliation field.",
08_Exact_Verification::State Space Summary,08_Exact_Verification.xlsx,State Space Summary,Value,string,,Value,Directly exported value.,Independent reachable finite-state sparse verifier.,,Blank only when the field is not applicable to the record.,"Supporting identifier, audit, or reconciliation field.",
08_Exact_Verification::State Space Summary,08_Exact_Verification.xlsx,State Space Summary,Interpretation,string,,Interpretation,Directly exported value.,Independent reachable finite-state sparse verifier.,,Blank only when the field is not applicable to the record.,Candidate predictor or response for later analysis.,
08_Exact_Verification::Solver Diagnostics,08_Exact_Verification.xlsx,Solver Diagnostics,System,string,,System,Directly exported value.,Independent reachable finite-state sparse verifier.,,Blank only when the field is not applicable to the record.,"Supporting identifier, audit, or reconciliation field.",
08_Exact_Verification::Solver Diagnostics,08_Exact_Verification.xlsx,Solver Diagnostics,Method,string,,Method,Directly exported value.,Independent reachable finite-state sparse verifier.,,Blank only when the field is not applicable to the record.,Candidate predictor or response for later analysis.,
08_Exact_Verification::Solver Diagnostics,08_Exact_Verification.xlsx,Solver Diagnostics,Iterations,int64,,Iterations,Directly exported value.,Independent reachable finite-state sparse verifier.,,Blank only when the field is not applicable to the record.,Candidate predictor or response for later analysis.,
08_Exact_Verification::Solver Diagnostics,08_Exact_Verification.xlsx,Solver Diagnostics,Residual_Norm,double,,Residual Norm,Directly exported value.,Independent reachable finite-state sparse verifier.,,Blank only when the field is not applicable to the record.,Candidate predictor or response for later analysis.,
08_Exact_Verification::Solver Diagnostics,08_Exact_Verification.xlsx,Solver Diagnostics,Status,string,,Status,Directly exported value.,Independent reachable finite-state sparse verifier.,,Blank only when the field is not applicable to the record.,"Supporting identifier, audit, or reconciliation field.",
08_Exact_Verification::Exact Outcomes,08_Exact_Verification.xlsx,Exact Outcomes,Outcome,string,,Final absorbing GERT outcome.,Directly exported value.,Independent reachable finite-state sparse verifier.,Successful; Terminated,Blank only when the field is not applicable to the record.,Candidate predictor or response for later analysis.,
08_Exact_Verification::Exact Outcomes,08_Exact_Verification.xlsx,Exact Outcomes,Exact_Probability,double,dimensionless,Exact Probability,Derived from the complete unsampled exported simulation records.,Independent reachable finite-state sparse verifier.,,Blank only when the field is not applicable to the record.,Candidate predictor or response for later analysis.,
08_Exact_Verification::Exact Duration Metrics,08_Exact_Verification.xlsx,Exact Duration Metrics,Metric,string,,Metric,Directly exported value.,Independent reachable finite-state sparse verifier.,,Blank only when the field is not applicable to the record.,"Supporting identifier, audit, or reconciliation field.",
08_Exact_Verification::Exact Duration Metrics,08_Exact_Verification.xlsx,Exact Duration Metrics,Exact_Rounded_Duration,double,days,Exact Rounded Duration,Directly exported value.,Independent reachable finite-state sparse verifier.,,Blank only when the field is not applicable to the record.,Candidate predictor or response for later analysis.,
08_Exact_Verification::Exact Transition Metrics,08_Exact_Verification.xlsx,Exact Transition Metrics,Metric,string,,Metric,Directly exported value.,Independent reachable finite-state sparse verifier.,,Blank only when the field is not applicable to the record.,"Supporting identifier, audit, or reconciliation field.",
08_Exact_Verification::Exact Transition Metrics,08_Exact_Verification.xlsx,Exact Transition Metrics,Exact_Value,double,,Exact Value,Directly exported value.,Independent reachable finite-state sparse verifier.,,Blank only when the field is not applicable to the record.,"Supporting identifier, audit, or reconciliation field.",
08_Exact_Verification::Exact Dispute Metrics,08_Exact_Verification.xlsx,Exact Dispute Metrics,Metric,string,,Metric,Directly exported value.,Independent reachable finite-state sparse verifier.,,Blank only when the field is not applicable to the record.,"Supporting identifier, audit, or reconciliation field.",
08_Exact_Verification::Exact Dispute Metrics,08_Exact_Verification.xlsx,Exact Dispute Metrics,Exact_Value,double,,Exact Value,Directly exported value.,Independent reachable finite-state sparse verifier.,,Blank only when the field is not applicable to the record.,"Supporting identifier, audit, or reconciliation field.",
08_Exact_Verification::Exact Loop Activation,08_Exact_Verification.xlsx,Exact Loop Activation,Loop_ID,string,identifier,Loop ID,Directly exported value.,Independent reachable finite-state sparse verifier.,,Blank only when the field is not applicable to the record.,Candidate predictor or response for later analysis.,
08_Exact_Verification::Exact Loop Activation,08_Exact_Verification.xlsx,Exact Loop Activation,Exact_Activation_Probability,double,dimensionless,Exact Activation Probability,Derived from the complete unsampled exported simulation records.,Independent reachable finite-state sparse verifier.,,Blank only when the field is not applicable to the record.,Candidate predictor or response for later analysis.,
08_Exact_Verification::Exact Loop Activation,08_Exact_Verification.xlsx,Exact Loop Activation,Simulated_Activation_Probability,double,dimensionless,Simulated Activation Probability,Derived from the complete unsampled exported simulation records.,Independent reachable finite-state sparse verifier.,,Blank only when the field is not applicable to the record.,Candidate predictor or response for later analysis.,
08_Exact_Verification::Exact Cap Probabilities,08_Exact_Verification.xlsx,Exact Cap Probabilities,Loop_ID,string,identifier,Loop ID,Directly exported value.,Independent reachable finite-state sparse verifier.,,Blank only when the field is not applicable to the record.,Candidate predictor or response for later analysis.,
08_Exact_Verification::Exact Cap Probabilities,08_Exact_Verification.xlsx,Exact Cap Probabilities,Exact_Cap_Probability,double,dimensionless,Exact Cap Probability,Derived from the complete unsampled exported simulation records.,Independent reachable finite-state sparse verifier.,,Blank only when the field is not applicable to the record.,Candidate predictor or response for later analysis.,
08_Exact_Verification::Exact Cap Probabilities,08_Exact_Verification.xlsx,Exact Cap Probabilities,Simulated_Cap_Probability,double,dimensionless,Simulated Cap Probability,Derived from the complete unsampled exported simulation records.,Independent reachable finite-state sparse verifier.,,Blank only when the field is not applicable to the record.,Candidate predictor or response for later analysis.,
08_Exact_Verification::Monte Carlo Comparison,08_Exact_Verification.xlsx,Monte Carlo Comparison,Metric,string,,Metric,Directly exported value.,Independent reachable finite-state sparse verifier.,,Blank only when the field is not applicable to the record.,"Supporting identifier, audit, or reconciliation field.",
08_Exact_Verification::Monte Carlo Comparison,08_Exact_Verification.xlsx,Monte Carlo Comparison,Exact_Value,double,,Exact Value,Directly exported value.,Independent reachable finite-state sparse verifier.,,Blank only when the field is not applicable to the record.,"Supporting identifier, audit, or reconciliation field.",
08_Exact_Verification::Monte Carlo Comparison,08_Exact_Verification.xlsx,Monte Carlo Comparison,Simulated_Value,double,,Simulated Value,Directly exported value.,Independent reachable finite-state sparse verifier.,,Blank only when the field is not applicable to the record.,"Supporting identifier, audit, or reconciliation field.",
08_Exact_Verification::Monte Carlo Comparison,08_Exact_Verification.xlsx,Monte Carlo Comparison,Difference,double,,Difference,Derived from the complete unsampled exported simulation records.,Independent reachable finite-state sparse verifier.,,Blank only when the field is not applicable to the record.,"Supporting identifier, audit, or reconciliation field.",
08_Exact_Verification::Monte Carlo Comparison,08_Exact_Verification.xlsx,Monte Carlo Comparison,Sample_Size,int64,count,Sample Size,Directly exported value.,Independent reachable finite-state sparse verifier.,,Blank only when the field is not applicable to the record.,Candidate predictor or response for later analysis.,
08_Exact_Verification::Monte Carlo Comparison,08_Exact_Verification.xlsx,Monte Carlo Comparison,Standard_Error,double,,Standard Error,Derived from the complete unsampled exported simulation records.,Independent reachable finite-state sparse verifier.,,Blank only when the field is not applicable to the record.,Candidate predictor or response for later analysis.,
08_Exact_Verification::Monte Carlo Comparison,08_Exact_Verification.xlsx,Monte Carlo Comparison,Acceptance_Lower,double,,Acceptance Lower,Directly exported value.,Independent reachable finite-state sparse verifier.,,Blank only when the field is not applicable to the record.,Candidate predictor or response for later analysis.,
08_Exact_Verification::Monte Carlo Comparison,08_Exact_Verification.xlsx,Monte Carlo Comparison,Acceptance_Upper,double,,Acceptance Upper,Directly exported value.,Independent reachable finite-state sparse verifier.,,Blank only when the field is not applicable to the record.,Candidate predictor or response for later analysis.,
08_Exact_Verification::Monte Carlo Comparison,08_Exact_Verification.xlsx,Monte Carlo Comparison,Acceptance_Method,string,,Acceptance Method,Directly exported value.,Independent reachable finite-state sparse verifier.,,Blank only when the field is not applicable to the record.,Candidate predictor or response for later analysis.,
08_Exact_Verification::Monte Carlo Comparison,08_Exact_Verification.xlsx,Monte Carlo Comparison,Pass_Fail,string,,Pass Fail,Directly exported value.,Independent reachable finite-state sparse verifier.,,Blank only when the field is not applicable to the record.,Candidate predictor or response for later analysis.,
08_Exact_Verification::Acceptance Limits,08_Exact_Verification.xlsx,Acceptance Limits,Metric,string,,Metric,Directly exported value.,Independent reachable finite-state sparse verifier.,,Blank only when the field is not applicable to the record.,"Supporting identifier, audit, or reconciliation field.",
08_Exact_Verification::Acceptance Limits,08_Exact_Verification.xlsx,Acceptance Limits,Exact_Value,double,,Exact Value,Directly exported value.,Independent reachable finite-state sparse verifier.,,Blank only when the field is not applicable to the record.,"Supporting identifier, audit, or reconciliation field.",
08_Exact_Verification::Acceptance Limits,08_Exact_Verification.xlsx,Acceptance Limits,Simulated_Value,double,,Simulated Value,Directly exported value.,Independent reachable finite-state sparse verifier.,,Blank only when the field is not applicable to the record.,"Supporting identifier, audit, or reconciliation field.",
08_Exact_Verification::Acceptance Limits,08_Exact_Verification.xlsx,Acceptance Limits,Difference,double,,Difference,Derived from the complete unsampled exported simulation records.,Independent reachable finite-state sparse verifier.,,Blank only when the field is not applicable to the record.,"Supporting identifier, audit, or reconciliation field.",
08_Exact_Verification::Acceptance Limits,08_Exact_Verification.xlsx,Acceptance Limits,Sample_Size,int64,count,Sample Size,Directly exported value.,Independent reachable finite-state sparse verifier.,,Blank only when the field is not applicable to the record.,Candidate predictor or response for later analysis.,
08_Exact_Verification::Acceptance Limits,08_Exact_Verification.xlsx,Acceptance Limits,Standard_Error,double,,Standard Error,Derived from the complete unsampled exported simulation records.,Independent reachable finite-state sparse verifier.,,Blank only when the field is not applicable to the record.,Candidate predictor or response for later analysis.,
08_Exact_Verification::Acceptance Limits,08_Exact_Verification.xlsx,Acceptance Limits,Acceptance_Lower,double,,Acceptance Lower,Directly exported value.,Independent reachable finite-state sparse verifier.,,Blank only when the field is not applicable to the record.,Candidate predictor or response for later analysis.,
08_Exact_Verification::Acceptance Limits,08_Exact_Verification.xlsx,Acceptance Limits,Acceptance_Upper,double,,Acceptance Upper,Directly exported value.,Independent reachable finite-state sparse verifier.,,Blank only when the field is not applicable to the record.,Candidate predictor or response for later analysis.,
08_Exact_Verification::Acceptance Limits,08_Exact_Verification.xlsx,Acceptance Limits,Acceptance_Method,string,,Acceptance Method,Directly exported value.,Independent reachable finite-state sparse verifier.,,Blank only when the field is not applicable to the record.,Candidate predictor or response for later analysis.,
08_Exact_Verification::Acceptance Limits,08_Exact_Verification.xlsx,Acceptance Limits,Pass_Fail,string,,Pass Fail,Directly exported value.,Independent reachable finite-state sparse verifier.,,Blank only when the field is not applicable to the record.,Candidate predictor or response for later analysis.,
08_Exact_Verification::Residual Diagnostics,08_Exact_Verification.xlsx,Residual Diagnostics,System,string,,System,Directly exported value.,Independent reachable finite-state sparse verifier.,,Blank only when the field is not applicable to the record.,"Supporting identifier, audit, or reconciliation field.",
08_Exact_Verification::Residual Diagnostics,08_Exact_Verification.xlsx,Residual Diagnostics,Residual_Norm,double,,Residual Norm,Directly exported value.,Independent reachable finite-state sparse verifier.,,Blank only when the field is not applicable to the record.,Candidate predictor or response for later analysis.,
08_Exact_Verification::Residual Diagnostics,08_Exact_Verification.xlsx,Residual Diagnostics,Tolerance_Interpretation,string,,Tolerance Interpretation,Directly exported value.,Independent reachable finite-state sparse verifier.,,Blank only when the field is not applicable to the record.,Candidate predictor or response for later analysis.,
08_Exact_Verification::Residual Diagnostics,08_Exact_Verification.xlsx,Residual Diagnostics,Pass_Fail,string,,Pass Fail,Directly exported value.,Independent reachable finite-state sparse verifier.,,Blank only when the field is not applicable to the record.,Candidate predictor or response for later analysis.,
09_Convergence_Data::PERT Checkpoints,09_Convergence_Data.xlsx,PERT Checkpoints,Checkpoint_N,int64,,Checkpoint N,Directly exported value.,Fresh seeded simulation from authoritative Word inputs.,,Blank only when the field is not applicable to the record.,Candidate predictor or response for later analysis.,
09_Convergence_Data::PERT Checkpoints,09_Convergence_Data.xlsx,PERT Checkpoints,Mean,double,,Mean,Derived from the complete unsampled exported simulation records.,Fresh seeded simulation from authoritative Word inputs.,,Blank only when the field is not applicable to the record.,"Supporting identifier, audit, or reconciliation field.",
09_Convergence_Data::PERT Checkpoints,09_Convergence_Data.xlsx,PERT Checkpoints,SD,double,,SD,Directly exported value.,Fresh seeded simulation from authoritative Word inputs.,,Blank only when the field is not applicable to the record.,"Supporting identifier, audit, or reconciliation field.",
09_Convergence_Data::PERT Checkpoints,09_Convergence_Data.xlsx,PERT Checkpoints,P50,int64,,P50,Derived from the complete unsampled exported simulation records.,Fresh seeded simulation from authoritative Word inputs.,,Blank only when the field is not applicable to the record.,Candidate predictor or response for later analysis.,
09_Convergence_Data::PERT Checkpoints,09_Convergence_Data.xlsx,PERT Checkpoints,P80,int64,,P80,Derived from the complete unsampled exported simulation records.,Fresh seeded simulation from authoritative Word inputs.,,Blank only when the field is not applicable to the record.,Candidate predictor or response for later analysis.,
09_Convergence_Data::PERT Checkpoints,09_Convergence_Data.xlsx,PERT Checkpoints,P90,int64,,P90,Derived from the complete unsampled exported simulation records.,Fresh seeded simulation from authoritative Word inputs.,,Blank only when the field is not applicable to the record.,Candidate predictor or response for later analysis.,
09_Convergence_Data::PERT Checkpoints,09_Convergence_Data.xlsx,PERT Checkpoints,P95,int64,,P95,Derived from the complete unsampled exported simulation records.,Fresh seeded simulation from authoritative Word inputs.,,Blank only when the field is not applicable to the record.,Candidate predictor or response for later analysis.,
09_Convergence_Data::PERT Checkpoints,09_Convergence_Data.xlsx,PERT Checkpoints,P99,int64,,P99,Derived from the complete unsampled exported simulation records.,Fresh seeded simulation from authoritative Word inputs.,,Blank only when the field is not applicable to the record.,Candidate predictor or response for later analysis.,
09_Convergence_Data::GERT Outcome Checkpoints,09_Convergence_Data.xlsx,GERT Outcome Checkpoints,Checkpoint_N,int64,,Checkpoint N,Directly exported value.,Fresh seeded simulation from authoritative Word inputs.,,Blank only when the field is not applicable to the record.,Candidate predictor or response for later analysis.,
09_Convergence_Data::GERT Outcome Checkpoints,09_Convergence_Data.xlsx,GERT Outcome Checkpoints,Successful_Probability,double,dimensionless,Successful Probability,Derived from the complete unsampled exported simulation records.,Fresh seeded simulation from authoritative Word inputs.,,Blank only when the field is not applicable to the record.,Candidate predictor or response for later analysis.,
09_Convergence_Data::GERT Outcome Checkpoints,09_Convergence_Data.xlsx,GERT Outcome Checkpoints,Terminated_Probability,double,dimensionless,Terminated Probability,Derived from the complete unsampled exported simulation records.,Fresh seeded simulation from authoritative Word inputs.,,Blank only when the field is not applicable to the record.,Candidate predictor or response for later analysis.,
09_Convergence_Data::GERT Duration Checkpoints,09_Convergence_Data.xlsx,GERT Duration Checkpoints,Checkpoint_N,int64,,Checkpoint N,Directly exported value.,Fresh seeded simulation from authoritative Word inputs.,,Blank only when the field is not applicable to the record.,Candidate predictor or response for later analysis.,
09_Convergence_Data::GERT Duration Checkpoints,09_Convergence_Data.xlsx,GERT Duration Checkpoints,Overall_Mean,double,,Overall Mean,Derived from the complete unsampled exported simulation records.,Fresh seeded simulation from authoritative Word inputs.,,Blank only when the field is not applicable to the record.,Candidate predictor or response for later analysis.,
09_Convergence_Data::GERT Duration Checkpoints,09_Convergence_Data.xlsx,GERT Duration Checkpoints,Successful_Mean,double,,Successful Mean,Derived from the complete unsampled exported simulation records.,Fresh seeded simulation from authoritative Word inputs.,,Blank only when the field is not applicable to the record.,"Supporting identifier, audit, or reconciliation field.",
09_Convergence_Data::GERT Duration Checkpoints,09_Convergence_Data.xlsx,GERT Duration Checkpoints,Terminated_Mean,double,,Terminated Mean,Derived from the complete unsampled exported simulation records.,Fresh seeded simulation from authoritative Word inputs.,,Blank only when the field is not applicable to the record.,"Supporting identifier, audit, or reconciliation field.",
09_Convergence_Data::GERT Duration Checkpoints,09_Convergence_Data.xlsx,GERT Duration Checkpoints,Successful_P50,int64,,Successful P50,Derived from the complete unsampled exported simulation records.,Fresh seeded simulation from authoritative Word inputs.,,Blank only when the field is not applicable to the record.,Candidate predictor or response for later analysis.,
09_Convergence_Data::GERT Duration Checkpoints,09_Convergence_Data.xlsx,GERT Duration Checkpoints,Successful_P80,int64,,Successful P80,Derived from the complete unsampled exported simulation records.,Fresh seeded simulation from authoritative Word inputs.,,Blank only when the field is not applicable to the record.,Candidate predictor or response for later analysis.,
09_Convergence_Data::GERT Duration Checkpoints,09_Convergence_Data.xlsx,GERT Duration Checkpoints,Successful_P90,int64,,Successful P90,Derived from the complete unsampled exported simulation records.,Fresh seeded simulation from authoritative Word inputs.,,Blank only when the field is not applicable to the record.,Candidate predictor or response for later analysis.,
09_Convergence_Data::GERT Duration Checkpoints,09_Convergence_Data.xlsx,GERT Duration Checkpoints,Successful_P95,int64,,Successful P95,Derived from the complete unsampled exported simulation records.,Fresh seeded simulation from authoritative Word inputs.,,Blank only when the field is not applicable to the record.,Candidate predictor or response for later analysis.,
09_Convergence_Data::GERT Duration Checkpoints,09_Convergence_Data.xlsx,GERT Duration Checkpoints,Successful_P99,int64,,Successful P99,Derived from the complete unsampled exported simulation records.,Fresh seeded simulation from authoritative Word inputs.,,Blank only when the field is not applicable to the record.,Candidate predictor or response for later analysis.,
09_Convergence_Data::GERT Duration Checkpoints,09_Convergence_Data.xlsx,GERT Duration Checkpoints,Terminated_P50,int64,,Terminated P50,Derived from the complete unsampled exported simulation records.,Fresh seeded simulation from authoritative Word inputs.,,Blank only when the field is not applicable to the record.,Candidate predictor or response for later analysis.,
09_Convergence_Data::GERT Duration Checkpoints,09_Convergence_Data.xlsx,GERT Duration Checkpoints,Terminated_P80,int64,,Terminated P80,Derived from the complete unsampled exported simulation records.,Fresh seeded simulation from authoritative Word inputs.,,Blank only when the field is not applicable to the record.,Candidate predictor or response for later analysis.,
09_Convergence_Data::GERT Duration Checkpoints,09_Convergence_Data.xlsx,GERT Duration Checkpoints,Terminated_P90,int64,,Terminated P90,Derived from the complete unsampled exported simulation records.,Fresh seeded simulation from authoritative Word inputs.,,Blank only when the field is not applicable to the record.,Candidate predictor or response for later analysis.,
09_Convergence_Data::GERT Duration Checkpoints,09_Convergence_Data.xlsx,GERT Duration Checkpoints,Terminated_P95,int64,,Terminated P95,Derived from the complete unsampled exported simulation records.,Fresh seeded simulation from authoritative Word inputs.,,Blank only when the field is not applicable to the record.,Candidate predictor or response for later analysis.,
09_Convergence_Data::GERT Duration Checkpoints,09_Convergence_Data.xlsx,GERT Duration Checkpoints,Terminated_P99,int64,,Terminated P99,Derived from the complete unsampled exported simulation records.,Fresh seeded simulation from authoritative Word inputs.,,Blank only when the field is not applicable to the record.,Candidate predictor or response for later analysis.,
09_Convergence_Data::Loop Checkpoints,09_Convergence_Data.xlsx,Loop Checkpoints,Checkpoint_N,int64,,Checkpoint N,Directly exported value.,Fresh seeded simulation from authoritative Word inputs.,,Blank only when the field is not applicable to the record.,Candidate predictor or response for later analysis.,
09_Convergence_Data::Loop Checkpoints,09_Convergence_Data.xlsx,Loop Checkpoints,Loop_ID,string,identifier,Loop ID,Directly exported value.,Fresh seeded simulation from authoritative Word inputs.,,Blank only when the field is not applicable to the record.,Candidate predictor or response for later analysis.,
09_Convergence_Data::Loop Checkpoints,09_Convergence_Data.xlsx,Loop Checkpoints,Activation_Probability,double,dimensionless,Activation Probability,Derived from the complete unsampled exported simulation records.,Fresh seeded simulation from authoritative Word inputs.,,Blank only when the field is not applicable to the record.,Candidate predictor or response for later analysis.,
09_Convergence_Data::Cap Checkpoints,09_Convergence_Data.xlsx,Cap Checkpoints,Checkpoint_N,int64,,Checkpoint N,Directly exported value.,Fresh seeded simulation from authoritative Word inputs.,,Blank only when the field is not applicable to the record.,Candidate predictor or response for later analysis.,
09_Convergence_Data::Cap Checkpoints,09_Convergence_Data.xlsx,Cap Checkpoints,Loop_ID,string,identifier,Loop ID,Directly exported value.,Fresh seeded simulation from authoritative Word inputs.,,Blank only when the field is not applicable to the record.,Candidate predictor or response for later analysis.,
09_Convergence_Data::Cap Checkpoints,09_Convergence_Data.xlsx,Cap Checkpoints,Cap_Reached_Probability,double,dimensionless,Cap Reached Probability,Derived from the complete unsampled exported simulation records.,Fresh seeded simulation from authoritative Word inputs.,,Blank only when the field is not applicable to the record.,Candidate predictor or response for later analysis.,
09_Convergence_Data::Dispute Checkpoints,09_Convergence_Data.xlsx,Dispute Checkpoints,Checkpoint_N,int64,,Checkpoint N,Directly exported value.,Fresh seeded simulation from authoritative Word inputs.,,Blank only when the field is not applicable to the record.,Candidate predictor or response for later analysis.,
09_Convergence_Data::Dispute Checkpoints,09_Convergence_Data.xlsx,Dispute Checkpoints,Dispute_Probability,double,dimensionless,Dispute Probability,Derived from the complete unsampled exported simulation records.,Fresh seeded simulation from authoritative Word inputs.,,Blank only when the field is not applicable to the record.,Candidate predictor or response for later analysis.,
09_Convergence_Data::Stability Tests,09_Convergence_Data.xlsx,Stability Tests,Model,string,,Model,Directly exported value.,Fresh seeded simulation from authoritative Word inputs.,,Blank only when the field is not applicable to the record.,Candidate predictor or response for later analysis.,
09_Convergence_Data::Stability Tests,09_Convergence_Data.xlsx,Stability Tests,Checkpoint_N,int64,,Checkpoint N,Directly exported value.,Fresh seeded simulation from authoritative Word inputs.,,Blank only when the field is not applicable to the record.,Candidate predictor or response for later analysis.,
09_Convergence_Data::Stability Tests,09_Convergence_Data.xlsx,Stability Tests,Maximum_Duration_Relative_Change,double,days,Maximum Duration Relative Change,Directly exported value.,Fresh seeded simulation from authoritative Word inputs.,,Blank only when the field is not applicable to the record.,Candidate predictor or response for later analysis.,
09_Convergence_Data::Stability Tests,09_Convergence_Data.xlsx,Stability Tests,Maximum_Probability_Absolute_Change,double,dimensionless,Maximum Probability Absolute Change,Derived from the complete unsampled exported simulation records.,Fresh seeded simulation from authoritative Word inputs.,,Blank only when the field is not applicable to the record.,Candidate predictor or response for later analysis.,
09_Convergence_Data::Stability Tests,09_Convergence_Data.xlsx,Stability Tests,Pass,bool,,Pass,Directly exported value.,Fresh seeded simulation from authoritative Word inputs.,0; 1,Blank only when the field is not applicable to the record.,Candidate predictor or response for later analysis.,
09_Convergence_Data::Final Status,09_Convergence_Data.xlsx,Final Status,Model,string,,Model,Directly exported value.,Fresh seeded simulation from authoritative Word inputs.,,Blank only when the field is not applicable to the record.,Candidate predictor or response for later analysis.,
09_Convergence_Data::Final Status,09_Convergence_Data.xlsx,Final Status,Checkpoint_Interval,int64,,Checkpoint Interval,Directly exported value.,Fresh seeded simulation from authoritative Word inputs.,,Blank only when the field is not applicable to the record.,Candidate predictor or response for later analysis.,
09_Convergence_Data::Final Status,09_Convergence_Data.xlsx,Final Status,Final_Five_Pass,bool,,Final Five Pass,Directly exported value.,Fresh seeded simulation from authoritative Word inputs.,0; 1,Blank only when the field is not applicable to the record.,Candidate predictor or response for later analysis.,
09_Convergence_Data::Final Status,09_Convergence_Data.xlsx,Final Status,Convergence_Status,string,,Convergence Status,Directly exported value.,Fresh seeded simulation from authoritative Word inputs.,,Blank only when the field is not applicable to the record.,Candidate predictor or response for later analysis.,
10_Sensitivity_Ready_Data::Sensitivity Overview,10_Sensitivity_Ready_Data.xlsx,Sensitivity Overview,Topic,string,,Topic,Directly exported value.,Fresh seeded simulation from authoritative Word inputs.,,Blank only when the field is not applicable to the record.,Candidate predictor or response for later analysis.,
10_Sensitivity_Ready_Data::Sensitivity Overview,10_Sensitivity_Ready_Data.xlsx,Sensitivity Overview,Statement,string,,Statement,Directly exported value.,Fresh seeded simulation from authoritative Word inputs.,,Blank only when the field is not applicable to the record.,"Supporting identifier, audit, or reconciliation field.",
10_Sensitivity_Ready_Data::Parameter Register,10_Sensitivity_Ready_Data.xlsx,Parameter Register,Parameter_ID,string,identifier,Parameter ID,Directly exported value.,Authoritative PERT Input.docx or GERT nput.docx.,,Blank only when the field is not applicable to the record.,Candidate predictor or response for later analysis.,
10_Sensitivity_Ready_Data::Parameter Register,10_Sensitivity_Ready_Data.xlsx,Parameter Register,Model,string,,Model,Directly exported value.,Authoritative PERT Input.docx or GERT nput.docx.,,Blank only when the field is not applicable to the record.,Candidate predictor or response for later analysis.,
10_Sensitivity_Ready_Data::Parameter Register,10_Sensitivity_Ready_Data.xlsx,Parameter Register,Entity_Type,string,,Entity Type,Directly exported value.,Authoritative PERT Input.docx or GERT nput.docx.,,Blank only when the field is not applicable to the record.,Candidate predictor or response for later analysis.,
10_Sensitivity_Ready_Data::Parameter Register,10_Sensitivity_Ready_Data.xlsx,Parameter Register,Entity_ID,string,identifier,Entity ID,Directly exported value.,Authoritative PERT Input.docx or GERT nput.docx.,,Blank only when the field is not applicable to the record.,"Supporting identifier, audit, or reconciliation field.",
10_Sensitivity_Ready_Data::Parameter Register,10_Sensitivity_Ready_Data.xlsx,Parameter Register,Parameter_Name,string,,Parameter Name,Directly exported value.,Authoritative PERT Input.docx or GERT nput.docx.,,Blank only when the field is not applicable to the record.,Candidate predictor or response for later analysis.,
10_Sensitivity_Ready_Data::Parameter Register,10_Sensitivity_Ready_Data.xlsx,Parameter Register,Baseline_Value,double,,Baseline Value,Directly exported value.,Authoritative PERT Input.docx or GERT nput.docx.,,Blank only when the field is not applicable to the record.,"Supporting identifier, audit, or reconciliation field.",
10_Sensitivity_Ready_Data::Parameter Register,10_Sensitivity_Ready_Data.xlsx,Parameter Register,Data_Type,string,,Data Type,Directly exported value.,Authoritative PERT Input.docx or GERT nput.docx.,,Blank only when the field is not applicable to the record.,Candidate predictor or response for later analysis.,
10_Sensitivity_Ready_Data::Parameter Register,10_Sensitivity_Ready_Data.xlsx,Parameter Register,Unit,string,,Unit,Directly exported value.,Authoritative PERT Input.docx or GERT nput.docx.,,Blank only when the field is not applicable to the record.,"Supporting identifier, audit, or reconciliation field.",
10_Sensitivity_Ready_Data::Parameter Register,10_Sensitivity_Ready_Data.xlsx,Parameter Register,Allowed_Minimum,double,,Allowed Minimum,Directly exported value.,Authoritative PERT Input.docx or GERT nput.docx.,,Blank only when the field is not applicable to the record.,Candidate predictor or response for later analysis.,
10_Sensitivity_Ready_Data::Parameter Register,10_Sensitivity_Ready_Data.xlsx,Parameter Register,Allowed_Maximum,double,,Allowed Maximum,Directly exported value.,Authoritative PERT Input.docx or GERT nput.docx.,,Blank only when the field is not applicable to the record.,Candidate predictor or response for later analysis.,
10_Sensitivity_Ready_Data::Parameter Register,10_Sensitivity_Ready_Data.xlsx,Parameter Register,Constraint_Group,string,,Constraint Group,Directly exported value.,Authoritative PERT Input.docx or GERT nput.docx.,,Blank only when the field is not applicable to the record.,Candidate predictor or response for later analysis.,
10_Sensitivity_Ready_Data::Parameter Register,10_Sensitivity_Ready_Data.xlsx,Parameter Register,Constraint_Rule,string,,Constraint Rule,Directly exported value.,Authoritative PERT Input.docx or GERT nput.docx.,,Blank only when the field is not applicable to the record.,Candidate predictor or response for later analysis.,
10_Sensitivity_Ready_Data::Parameter Register,10_Sensitivity_Ready_Data.xlsx,Parameter Register,Sensitivity_Eligible,bool,,Sensitivity Eligible,Directly exported value.,Authoritative PERT Input.docx or GERT nput.docx.,0; 1,Blank only when the field is not applicable to the record.,"Supporting identifier, audit, or reconciliation field.",
10_Sensitivity_Ready_Data::Parameter Register,10_Sensitivity_Ready_Data.xlsx,Parameter Register,Sensitivity_Method,string,,Sensitivity Method,Directly exported value.,Authoritative PERT Input.docx or GERT nput.docx.,,Blank only when the field is not applicable to the record.,Candidate predictor or response for later analysis.,
10_Sensitivity_Ready_Data::Parameter Register,10_Sensitivity_Ready_Data.xlsx,Parameter Register,Notes,string,,Notes,Directly exported value.,Authoritative PERT Input.docx or GERT nput.docx.,,Blank only when the field is not applicable to the record.,Candidate predictor or response for later analysis.,
10_Sensitivity_Ready_Data::Baseline Metrics,10_Sensitivity_Ready_Data.xlsx,Baseline Metrics,Metric,string,,Metric,Directly exported value.,Fresh seeded simulation from authoritative Word inputs.,,Blank only when the field is not applicable to the record.,"Supporting identifier, audit, or reconciliation field.",
10_Sensitivity_Ready_Data::Baseline Metrics,10_Sensitivity_Ready_Data.xlsx,Baseline Metrics,Value,double,,Value,Directly exported value.,Fresh seeded simulation from authoritative Word inputs.,,Blank only when the field is not applicable to the record.,"Supporting identifier, audit, or reconciliation field.",
10_Sensitivity_Ready_Data::Baseline Metrics,10_Sensitivity_Ready_Data.xlsx,Baseline Metrics,Unit,string,,Unit,Directly exported value.,Fresh seeded simulation from authoritative Word inputs.,,Blank only when the field is not applicable to the record.,"Supporting identifier, audit, or reconciliation field.",
10_Sensitivity_Ready_Data::PERT Sensitivity Matrix,10_Sensitivity_Ready_Data.xlsx,PERT Sensitivity Matrix,Iteration_ID,int64,identifier,One-based Monte Carlo iteration identifier.,Directly exported value.,Fresh seeded simulation from authoritative Word inputs.,,Blank only when the field is not applicable to the record.,Candidate predictor or response for later analysis.,
10_Sensitivity_Ready_Data::PERT Sensitivity Matrix,10_Sensitivity_Ready_Data.xlsx,PERT Sensitivity Matrix,e12_Rounded,int64,days,e12 Rounded,Directly exported value.,Fresh seeded simulation from authoritative Word inputs.,,Blank only when the field is not applicable to the record.,Candidate predictor or response for later analysis.,
10_Sensitivity_Ready_Data::PERT Sensitivity Matrix,10_Sensitivity_Ready_Data.xlsx,PERT Sensitivity Matrix,e23_Rounded,int64,days,e23 Rounded,Directly exported value.,Fresh seeded simulation from authoritative Word inputs.,,Blank only when the field is not applicable to the record.,Candidate predictor or response for later analysis.,
10_Sensitivity_Ready_Data::PERT Sensitivity Matrix,10_Sensitivity_Ready_Data.xlsx,PERT Sensitivity Matrix,e34_Rounded,int64,days,e34 Rounded,Directly exported value.,Fresh seeded simulation from authoritative Word inputs.,,Blank only when the field is not applicable to the record.,Candidate predictor or response for later analysis.,
10_Sensitivity_Ready_Data::PERT Sensitivity Matrix,10_Sensitivity_Ready_Data.xlsx,PERT Sensitivity Matrix,e45_Rounded,int64,days,e45 Rounded,Directly exported value.,Fresh seeded simulation from authoritative Word inputs.,,Blank only when the field is not applicable to the record.,Candidate predictor or response for later analysis.,
10_Sensitivity_Ready_Data::PERT Sensitivity Matrix,10_Sensitivity_Ready_Data.xlsx,PERT Sensitivity Matrix,e56_Rounded,int64,days,e56 Rounded,Directly exported value.,Fresh seeded simulation from authoritative Word inputs.,,Blank only when the field is not applicable to the record.,Candidate predictor or response for later analysis.,
10_Sensitivity_Ready_Data::PERT Sensitivity Matrix,10_Sensitivity_Ready_Data.xlsx,PERT Sensitivity Matrix,e67_Rounded,int64,days,e67 Rounded,Directly exported value.,Fresh seeded simulation from authoritative Word inputs.,,Blank only when the field is not applicable to the record.,Candidate predictor or response for later analysis.,
10_Sensitivity_Ready_Data::PERT Sensitivity Matrix,10_Sensitivity_Ready_Data.xlsx,PERT Sensitivity Matrix,e12_Raw,double,days,e12 Raw,Directly exported value.,Fresh seeded simulation from authoritative Word inputs.,,Blank only when the field is not applicable to the record.,"Supporting identifier, audit, or reconciliation field.",
10_Sensitivity_Ready_Data::PERT Sensitivity Matrix,10_Sensitivity_Ready_Data.xlsx,PERT Sensitivity Matrix,e23_Raw,double,days,e23 Raw,Directly exported value.,Fresh seeded simulation from authoritative Word inputs.,,Blank only when the field is not applicable to the record.,"Supporting identifier, audit, or reconciliation field.",
10_Sensitivity_Ready_Data::PERT Sensitivity Matrix,10_Sensitivity_Ready_Data.xlsx,PERT Sensitivity Matrix,e34_Raw,double,days,e34 Raw,Directly exported value.,Fresh seeded simulation from authoritative Word inputs.,,Blank only when the field is not applicable to the record.,"Supporting identifier, audit, or reconciliation field.",
10_Sensitivity_Ready_Data::PERT Sensitivity Matrix,10_Sensitivity_Ready_Data.xlsx,PERT Sensitivity Matrix,e45_Raw,double,days,e45 Raw,Directly exported value.,Fresh seeded simulation from authoritative Word inputs.,,Blank only when the field is not applicable to the record.,"Supporting identifier, audit, or reconciliation field.",
10_Sensitivity_Ready_Data::PERT Sensitivity Matrix,10_Sensitivity_Ready_Data.xlsx,PERT Sensitivity Matrix,e56_Raw,double,days,e56 Raw,Directly exported value.,Fresh seeded simulation from authoritative Word inputs.,,Blank only when the field is not applicable to the record.,"Supporting identifier, audit, or reconciliation field.",
10_Sensitivity_Ready_Data::PERT Sensitivity Matrix,10_Sensitivity_Ready_Data.xlsx,PERT Sensitivity Matrix,e67_Raw,double,days,e67 Raw,Directly exported value.,Fresh seeded simulation from authoritative Word inputs.,,Blank only when the field is not applicable to the record.,"Supporting identifier, audit, or reconciliation field.",
10_Sensitivity_Ready_Data::PERT Sensitivity Matrix,10_Sensitivity_Ready_Data.xlsx,PERT Sensitivity Matrix,Total_Duration,int64,days,Sum of individually ceiling-rounded stochastic durations for the iteration.,Directly exported value.,Fresh seeded simulation from authoritative Word inputs.,,Blank only when the field is not applicable to the record.,Candidate predictor or response for later analysis.,
10_Sensitivity_Ready_Data::PERT Sensitivity Matrix,10_Sensitivity_Ready_Data.xlsx,PERT Sensitivity Matrix,Above_P80,bool,,Above P80,Derived from the complete unsampled exported simulation records.,Fresh seeded simulation from authoritative Word inputs.,0; 1,Blank only when the field is not applicable to the record.,Candidate predictor or response for later analysis.,
10_Sensitivity_Ready_Data::PERT Sensitivity Matrix,10_Sensitivity_Ready_Data.xlsx,PERT Sensitivity Matrix,Above_P90,bool,,Above P90,Derived from the complete unsampled exported simulation records.,Fresh seeded simulation from authoritative Word inputs.,0; 1,Blank only when the field is not applicable to the record.,Candidate predictor or response for later analysis.,
10_Sensitivity_Ready_Data::PERT Sensitivity Matrix,10_Sensitivity_Ready_Data.xlsx,PERT Sensitivity Matrix,Above_P95,bool,,Above P95,Derived from the complete unsampled exported simulation records.,Fresh seeded simulation from authoritative Word inputs.,0; 1,Blank only when the field is not applicable to the record.,Candidate predictor or response for later analysis.,
10_Sensitivity_Ready_Data::PERT Sensitivity Matrix,10_Sensitivity_Ready_Data.xlsx,PERT Sensitivity Matrix,Above_P99,bool,,Above P99,Derived from the complete unsampled exported simulation records.,Fresh seeded simulation from authoritative Word inputs.,0; 1,Blank only when the field is not applicable to the record.,Candidate predictor or response for later analysis.,
10_Sensitivity_Ready_Data::GERT Sensitivity Matrix,10_Sensitivity_Ready_Data.xlsx,GERT Sensitivity Matrix,Iteration_ID,int64,identifier,One-based Monte Carlo iteration identifier.,Directly exported value.,Fresh seeded simulation from authoritative Word inputs.,,Blank only when the field is not applicable to the record.,Candidate predictor or response for later analysis.,
10_Sensitivity_Ready_Data::GERT Sensitivity Matrix,10_Sensitivity_Ready_Data.xlsx,GERT Sensitivity Matrix,Outcome,string,,Final absorbing GERT outcome.,Directly exported value.,Fresh seeded simulation from authoritative Word inputs.,Successful; Terminated,Blank only when the field is not applicable to the record.,Candidate predictor or response for later analysis.,
10_Sensitivity_Ready_Data::GERT Sensitivity Matrix,10_Sensitivity_Ready_Data.xlsx,GERT Sensitivity Matrix,Outcome_Successful_Binary,bool,,Outcome Successful Binary,Directly exported value.,Fresh seeded simulation from authoritative Word inputs.,0; 1,Blank only when the field is not applicable to the record.,Candidate predictor or response for later analysis.,
10_Sensitivity_Ready_Data::GERT Sensitivity Matrix,10_Sensitivity_Ready_Data.xlsx,GERT Sensitivity Matrix,Total_Duration,int64,days,Sum of individually ceiling-rounded stochastic durations for the iteration.,Directly exported value.,Fresh seeded simulation from authoritative Word inputs.,,Blank only when the field is not applicable to the record.,Candidate predictor or response for later analysis.,
10_Sensitivity_Ready_Data::GERT Sensitivity Matrix,10_Sensitivity_Ready_Data.xlsx,GERT Sensitivity Matrix,Transition_Count,int64,count,Transition Count,Directly exported value.,Fresh seeded simulation from authoritative Word inputs.,,Blank only when the field is not applicable to the record.,Candidate predictor or response for later analysis.,
10_Sensitivity_Ready_Data::GERT Sensitivity Matrix,10_Sensitivity_Ready_Data.xlsx,GERT Sensitivity Matrix,Dispute_Visited,bool,,Dispute Visited,Directly exported value.,Fresh seeded simulation from authoritative Word inputs.,0; 1,Blank only when the field is not applicable to the record.,Candidate predictor or response for later analysis.,
10_Sensitivity_Ready_Data::GERT Sensitivity Matrix,10_Sensitivity_Ready_Data.xlsx,GERT Sensitivity Matrix,Dispute_Visit_Count,int64,count,Dispute Visit Count,Directly exported value.,Fresh seeded simulation from authoritative Word inputs.,,Blank only when the field is not applicable to the record.,Candidate predictor or response for later analysis.,
10_Sensitivity_Ready_Data::GERT Sensitivity Matrix,10_Sensitivity_Ready_Data.xlsx,GERT Sensitivity Matrix,Path_ID,int64,identifier,Path ID,Directly exported value.,Fresh seeded simulation from authoritative Word inputs.,,Blank only when the field is not applicable to the record.,Candidate predictor or response for later analysis.,
10_Sensitivity_Ready_Data::GERT Sensitivity Matrix,10_Sensitivity_Ready_Data.xlsx,GERT Sensitivity Matrix,Any_Loop,bool,,Any Loop,Directly exported value.,Fresh seeded simulation from authoritative Word inputs.,0; 1,Blank only when the field is not applicable to the record.,Candidate predictor or response for later analysis.,
10_Sensitivity_Ready_Data::GERT Sensitivity Matrix,10_Sensitivity_Ready_Data.xlsx,GERT Sensitivity Matrix,Any_Cap_Reached,bool,,Any Cap Reached,Directly exported value.,Fresh seeded simulation from authoritative Word inputs.,0; 1,Blank only when the field is not applicable to the record.,Candidate predictor or response for later analysis.,
10_Sensitivity_Ready_Data::GERT Sensitivity Matrix,10_Sensitivity_Ready_Data.xlsx,GERT Sensitivity Matrix,Renormalisation_Count,int64,count,Renormalisation Count,Directly exported value.,Fresh seeded simulation from authoritative Word inputs.,,Blank only when the field is not applicable to the record.,Candidate predictor or response for later analysis.,
10_Sensitivity_Ready_Data::GERT Sensitivity Matrix,10_Sensitivity_Ready_Data.xlsx,GERT Sensitivity Matrix,Activated_e12,bool,,Indicator that arc e12 was traversed at least once.,Directly exported value.,Fresh seeded simulation from authoritative Word inputs.,0; 1,Blank only when the field is not applicable to the record.,Candidate predictor or response for later analysis.,
10_Sensitivity_Ready_Data::GERT Sensitivity Matrix,10_Sensitivity_Ready_Data.xlsx,GERT Sensitivity Matrix,Activated_e1T,bool,,Indicator that arc e1T was traversed at least once.,Directly exported value.,Fresh seeded simulation from authoritative Word inputs.,0; 1,Blank only when the field is not applicable to the record.,Candidate predictor or response for later analysis.,
10_Sensitivity_Ready_Data::GERT Sensitivity Matrix,10_Sensitivity_Ready_Data.xlsx,GERT Sensitivity Matrix,Activated_e23,bool,,Indicator that arc e23 was traversed at least once.,Directly exported value.,Fresh seeded simulation from authoritative Word inputs.,0; 1,Blank only when the field is not applicable to the record.,Candidate predictor or response for later analysis.,
10_Sensitivity_Ready_Data::GERT Sensitivity Matrix,10_Sensitivity_Ready_Data.xlsx,GERT Sensitivity Matrix,Activated_e24,bool,,Indicator that arc e24 was traversed at least once.,Directly exported value.,Fresh seeded simulation from authoritative Word inputs.,0; 1,Blank only when the field is not applicable to the record.,Candidate predictor or response for later analysis.,
10_Sensitivity_Ready_Data::GERT Sensitivity Matrix,10_Sensitivity_Ready_Data.xlsx,GERT Sensitivity Matrix,Activated_e22,bool,,Indicator that arc e22 was traversed at least once.,Directly exported value.,Fresh seeded simulation from authoritative Word inputs.,0; 1,Blank only when the field is not applicable to the record.,Candidate predictor or response for later analysis.,
10_Sensitivity_Ready_Data::GERT Sensitivity Matrix,10_Sensitivity_Ready_Data.xlsx,GERT Sensitivity Matrix,Activated_e21,bool,,Indicator that arc e21 was traversed at least once.,Directly exported value.,Fresh seeded simulation from authoritative Word inputs.,0; 1,Blank only when the field is not applicable to the record.,Candidate predictor or response for later analysis.,
10_Sensitivity_Ready_Data::GERT Sensitivity Matrix,10_Sensitivity_Ready_Data.xlsx,GERT Sensitivity Matrix,Activated_e2T,bool,,Indicator that arc e2T was traversed at least once.,Directly exported value.,Fresh seeded simulation from authoritative Word inputs.,0; 1,Blank only when the field is not applicable to the record.,Candidate predictor or response for later analysis.,
10_Sensitivity_Ready_Data::GERT Sensitivity Matrix,10_Sensitivity_Ready_Data.xlsx,GERT Sensitivity Matrix,Activated_e34,bool,,Indicator that arc e34 was traversed at least once.,Directly exported value.,Fresh seeded simulation from authoritative Word inputs.,0; 1,Blank only when the field is not applicable to the record.,Candidate predictor or response for later analysis.,
10_Sensitivity_Ready_Data::GERT Sensitivity Matrix,10_Sensitivity_Ready_Data.xlsx,GERT Sensitivity Matrix,Activated_e33,bool,,Indicator that arc e33 was traversed at least once.,Directly exported value.,Fresh seeded simulation from authoritative Word inputs.,0; 1,Blank only when the field is not applicable to the record.,Candidate predictor or response for later analysis.,
10_Sensitivity_Ready_Data::GERT Sensitivity Matrix,10_Sensitivity_Ready_Data.xlsx,GERT Sensitivity Matrix,Activated_e32,bool,,Indicator that arc e32 was traversed at least once.,Directly exported value.,Fresh seeded simulation from authoritative Word inputs.,0; 1,Blank only when the field is not applicable to the record.,Candidate predictor or response for later analysis.,
10_Sensitivity_Ready_Data::GERT Sensitivity Matrix,10_Sensitivity_Ready_Data.xlsx,GERT Sensitivity Matrix,Activated_e3T,bool,,Indicator that arc e3T was traversed at least once.,Directly exported value.,Fresh seeded simulation from authoritative Word inputs.,0; 1,Blank only when the field is not applicable to the record.,Candidate predictor or response for later analysis.,
10_Sensitivity_Ready_Data::GERT Sensitivity Matrix,10_Sensitivity_Ready_Data.xlsx,GERT Sensitivity Matrix,Activated_e3D,bool,,Indicator that arc e3D was traversed at least once.,Directly exported value.,Fresh seeded simulation from authoritative Word inputs.,0; 1,Blank only when the field is not applicable to the record.,Candidate predictor or response for later analysis.,
10_Sensitivity_Ready_Data::GERT Sensitivity Matrix,10_Sensitivity_Ready_Data.xlsx,GERT Sensitivity Matrix,Activated_e45,bool,,Indicator that arc e45 was traversed at least once.,Directly exported value.,Fresh seeded simulation from authoritative Word inputs.,0; 1,Blank only when the field is not applicable to the record.,Candidate predictor or response for later analysis.,
10_Sensitivity_Ready_Data::GERT Sensitivity Matrix,10_Sensitivity_Ready_Data.xlsx,GERT Sensitivity Matrix,Activated_e46,bool,,Indicator that arc e46 was traversed at least once.,Directly exported value.,Fresh seeded simulation from authoritative Word inputs.,0; 1,Blank only when the field is not applicable to the record.,Candidate predictor or response for later analysis.,
10_Sensitivity_Ready_Data::GERT Sensitivity Matrix,10_Sensitivity_Ready_Data.xlsx,GERT Sensitivity Matrix,Activated_e43,bool,,Indicator that arc e43 was traversed at least once.,Directly exported value.,Fresh seeded simulation from authoritative Word inputs.,0; 1,Blank only when the field is not applicable to the record.,Candidate predictor or response for later analysis.,
10_Sensitivity_Ready_Data::GERT Sensitivity Matrix,10_Sensitivity_Ready_Data.xlsx,GERT Sensitivity Matrix,Activated_e42,bool,,Indicator that arc e42 was traversed at least once.,Directly exported value.,Fresh seeded simulation from authoritative Word inputs.,0; 1,Blank only when the field is not applicable to the record.,Candidate predictor or response for later analysis.,
10_Sensitivity_Ready_Data::GERT Sensitivity Matrix,10_Sensitivity_Ready_Data.xlsx,GERT Sensitivity Matrix,Activated_e4D,bool,,Indicator that arc e4D was traversed at least once.,Directly exported value.,Fresh seeded simulation from authoritative Word inputs.,0; 1,Blank only when the field is not applicable to the record.,Candidate predictor or response for later analysis.,
10_Sensitivity_Ready_Data::GERT Sensitivity Matrix,10_Sensitivity_Ready_Data.xlsx,GERT Sensitivity Matrix,Activated_e56,bool,,Indicator that arc e56 was traversed at least once.,Directly exported value.,Fresh seeded simulation from authoritative Word inputs.,0; 1,Blank only when the field is not applicable to the record.,Candidate predictor or response for later analysis.,
10_Sensitivity_Ready_Data::GERT Sensitivity Matrix,10_Sensitivity_Ready_Data.xlsx,GERT Sensitivity Matrix,Activated_e57,bool,,Indicator that arc e57 was traversed at least once.,Directly exported value.,Fresh seeded simulation from authoritative Word inputs.,0; 1,Blank only when the field is not applicable to the record.,Candidate predictor or response for later analysis.,
10_Sensitivity_Ready_Data::GERT Sensitivity Matrix,10_Sensitivity_Ready_Data.xlsx,GERT Sensitivity Matrix,Activated_e55,bool,,Indicator that arc e55 was traversed at least once.,Directly exported value.,Fresh seeded simulation from authoritative Word inputs.,0; 1,Blank only when the field is not applicable to the record.,Candidate predictor or response for later analysis.,
10_Sensitivity_Ready_Data::GERT Sensitivity Matrix,10_Sensitivity_Ready_Data.xlsx,GERT Sensitivity Matrix,Activated_e54,bool,,Indicator that arc e54 was traversed at least once.,Directly exported value.,Fresh seeded simulation from authoritative Word inputs.,0; 1,Blank only when the field is not applicable to the record.,Candidate predictor or response for later analysis.,
10_Sensitivity_Ready_Data::GERT Sensitivity Matrix,10_Sensitivity_Ready_Data.xlsx,GERT Sensitivity Matrix,Activated_e52,bool,,Indicator that arc e52 was traversed at least once.,Directly exported value.,Fresh seeded simulation from authoritative Word inputs.,0; 1,Blank only when the field is not applicable to the record.,Candidate predictor or response for later analysis.,
10_Sensitivity_Ready_Data::GERT Sensitivity Matrix,10_Sensitivity_Ready_Data.xlsx,GERT Sensitivity Matrix,Activated_e5D,bool,,Indicator that arc e5D was traversed at least once.,Directly exported value.,Fresh seeded simulation from authoritative Word inputs.,0; 1,Blank only when the field is not applicable to the record.,Candidate predictor or response for later analysis.,
10_Sensitivity_Ready_Data::GERT Sensitivity Matrix,10_Sensitivity_Ready_Data.xlsx,GERT Sensitivity Matrix,Activated_e67,bool,,Indicator that arc e67 was traversed at least once.,Directly exported value.,Fresh seeded simulation from authoritative Word inputs.,0; 1,Blank only when the field is not applicable to the record.,Candidate predictor or response for later analysis.,
10_Sensitivity_Ready_Data::GERT Sensitivity Matrix,10_Sensitivity_Ready_Data.xlsx,GERT Sensitivity Matrix,Activated_e66,bool,,Indicator that arc e66 was traversed at least once.,Directly exported value.,Fresh seeded simulation from authoritative Word inputs.,0; 1,Blank only when the field is not applicable to the record.,Candidate predictor or response for later analysis.,
10_Sensitivity_Ready_Data::GERT Sensitivity Matrix,10_Sensitivity_Ready_Data.xlsx,GERT Sensitivity Matrix,Activated_e6D,bool,,Indicator that arc e6D was traversed at least once.,Directly exported value.,Fresh seeded simulation from authoritative Word inputs.,0; 1,Blank only when the field is not applicable to the record.,Candidate predictor or response for later analysis.,
10_Sensitivity_Ready_Data::GERT Sensitivity Matrix,10_Sensitivity_Ready_Data.xlsx,GERT Sensitivity Matrix,Activated_eD3,bool,,Indicator that arc eD3 was traversed at least once.,Directly exported value.,Fresh seeded simulation from authoritative Word inputs.,0; 1,Blank only when the field is not applicable to the record.,Candidate predictor or response for later analysis.,
10_Sensitivity_Ready_Data::GERT Sensitivity Matrix,10_Sensitivity_Ready_Data.xlsx,GERT Sensitivity Matrix,Activated_eD7,bool,,Indicator that arc eD7 was traversed at least once.,Directly exported value.,Fresh seeded simulation from authoritative Word inputs.,0; 1,Blank only when the field is not applicable to the record.,Candidate predictor or response for later analysis.,
10_Sensitivity_Ready_Data::GERT Sensitivity Matrix,10_Sensitivity_Ready_Data.xlsx,GERT Sensitivity Matrix,Activated_eDT,bool,,Indicator that arc eDT was traversed at least once.,Directly exported value.,Fresh seeded simulation from authoritative Word inputs.,0; 1,Blank only when the field is not applicable to the record.,Candidate predictor or response for later analysis.,
10_Sensitivity_Ready_Data::GERT Sensitivity Matrix,10_Sensitivity_Ready_Data.xlsx,GERT Sensitivity Matrix,Traversals_e12,int64,,Number of traversals of arc e12 in the iteration.,Directly exported value.,Fresh seeded simulation from authoritative Word inputs.,,Blank only when the field is not applicable to the record.,Candidate predictor or response for later analysis.,
10_Sensitivity_Ready_Data::GERT Sensitivity Matrix,10_Sensitivity_Ready_Data.xlsx,GERT Sensitivity Matrix,Traversals_e1T,int64,,Number of traversals of arc e1T in the iteration.,Directly exported value.,Fresh seeded simulation from authoritative Word inputs.,,Blank only when the field is not applicable to the record.,Candidate predictor or response for later analysis.,
10_Sensitivity_Ready_Data::GERT Sensitivity Matrix,10_Sensitivity_Ready_Data.xlsx,GERT Sensitivity Matrix,Traversals_e23,int64,,Number of traversals of arc e23 in the iteration.,Directly exported value.,Fresh seeded simulation from authoritative Word inputs.,,Blank only when the field is not applicable to the record.,Candidate predictor or response for later analysis.,
10_Sensitivity_Ready_Data::GERT Sensitivity Matrix,10_Sensitivity_Ready_Data.xlsx,GERT Sensitivity Matrix,Traversals_e24,int64,,Number of traversals of arc e24 in the iteration.,Directly exported value.,Fresh seeded simulation from authoritative Word inputs.,,Blank only when the field is not applicable to the record.,Candidate predictor or response for later analysis.,
10_Sensitivity_Ready_Data::GERT Sensitivity Matrix,10_Sensitivity_Ready_Data.xlsx,GERT Sensitivity Matrix,Traversals_e22,int64,,Number of traversals of arc e22 in the iteration.,Directly exported value.,Fresh seeded simulation from authoritative Word inputs.,,Blank only when the field is not applicable to the record.,Candidate predictor or response for later analysis.,
10_Sensitivity_Ready_Data::GERT Sensitivity Matrix,10_Sensitivity_Ready_Data.xlsx,GERT Sensitivity Matrix,Traversals_e21,int64,,Number of traversals of arc e21 in the iteration.,Directly exported value.,Fresh seeded simulation from authoritative Word inputs.,,Blank only when the field is not applicable to the record.,Candidate predictor or response for later analysis.,
10_Sensitivity_Ready_Data::GERT Sensitivity Matrix,10_Sensitivity_Ready_Data.xlsx,GERT Sensitivity Matrix,Traversals_e2T,int64,,Number of traversals of arc e2T in the iteration.,Directly exported value.,Fresh seeded simulation from authoritative Word inputs.,,Blank only when the field is not applicable to the record.,Candidate predictor or response for later analysis.,
10_Sensitivity_Ready_Data::GERT Sensitivity Matrix,10_Sensitivity_Ready_Data.xlsx,GERT Sensitivity Matrix,Traversals_e34,int64,,Number of traversals of arc e34 in the iteration.,Directly exported value.,Fresh seeded simulation from authoritative Word inputs.,,Blank only when the field is not applicable to the record.,Candidate predictor or response for later analysis.,
10_Sensitivity_Ready_Data::GERT Sensitivity Matrix,10_Sensitivity_Ready_Data.xlsx,GERT Sensitivity Matrix,Traversals_e33,int64,,Number of traversals of arc e33 in the iteration.,Directly exported value.,Fresh seeded simulation from authoritative Word inputs.,,Blank only when the field is not applicable to the record.,Candidate predictor or response for later analysis.,
10_Sensitivity_Ready_Data::GERT Sensitivity Matrix,10_Sensitivity_Ready_Data.xlsx,GERT Sensitivity Matrix,Traversals_e32,int64,,Number of traversals of arc e32 in the iteration.,Directly exported value.,Fresh seeded simulation from authoritative Word inputs.,,Blank only when the field is not applicable to the record.,Candidate predictor or response for later analysis.,
10_Sensitivity_Ready_Data::GERT Sensitivity Matrix,10_Sensitivity_Ready_Data.xlsx,GERT Sensitivity Matrix,Traversals_e3T,int64,,Number of traversals of arc e3T in the iteration.,Directly exported value.,Fresh seeded simulation from authoritative Word inputs.,,Blank only when the field is not applicable to the record.,Candidate predictor or response for later analysis.,
10_Sensitivity_Ready_Data::GERT Sensitivity Matrix,10_Sensitivity_Ready_Data.xlsx,GERT Sensitivity Matrix,Traversals_e3D,int64,,Number of traversals of arc e3D in the iteration.,Directly exported value.,Fresh seeded simulation from authoritative Word inputs.,,Blank only when the field is not applicable to the record.,Candidate predictor or response for later analysis.,
10_Sensitivity_Ready_Data::GERT Sensitivity Matrix,10_Sensitivity_Ready_Data.xlsx,GERT Sensitivity Matrix,Traversals_e45,int64,,Number of traversals of arc e45 in the iteration.,Directly exported value.,Fresh seeded simulation from authoritative Word inputs.,,Blank only when the field is not applicable to the record.,Candidate predictor or response for later analysis.,
10_Sensitivity_Ready_Data::GERT Sensitivity Matrix,10_Sensitivity_Ready_Data.xlsx,GERT Sensitivity Matrix,Traversals_e46,int64,,Number of traversals of arc e46 in the iteration.,Directly exported value.,Fresh seeded simulation from authoritative Word inputs.,,Blank only when the field is not applicable to the record.,Candidate predictor or response for later analysis.,
10_Sensitivity_Ready_Data::GERT Sensitivity Matrix,10_Sensitivity_Ready_Data.xlsx,GERT Sensitivity Matrix,Traversals_e43,int64,,Number of traversals of arc e43 in the iteration.,Directly exported value.,Fresh seeded simulation from authoritative Word inputs.,,Blank only when the field is not applicable to the record.,Candidate predictor or response for later analysis.,
10_Sensitivity_Ready_Data::GERT Sensitivity Matrix,10_Sensitivity_Ready_Data.xlsx,GERT Sensitivity Matrix,Traversals_e42,int64,,Number of traversals of arc e42 in the iteration.,Directly exported value.,Fresh seeded simulation from authoritative Word inputs.,,Blank only when the field is not applicable to the record.,Candidate predictor or response for later analysis.,
10_Sensitivity_Ready_Data::GERT Sensitivity Matrix,10_Sensitivity_Ready_Data.xlsx,GERT Sensitivity Matrix,Traversals_e4D,int64,,Number of traversals of arc e4D in the iteration.,Directly exported value.,Fresh seeded simulation from authoritative Word inputs.,,Blank only when the field is not applicable to the record.,Candidate predictor or response for later analysis.,
10_Sensitivity_Ready_Data::GERT Sensitivity Matrix,10_Sensitivity_Ready_Data.xlsx,GERT Sensitivity Matrix,Traversals_e56,int64,,Number of traversals of arc e56 in the iteration.,Directly exported value.,Fresh seeded simulation from authoritative Word inputs.,,Blank only when the field is not applicable to the record.,Candidate predictor or response for later analysis.,
10_Sensitivity_Ready_Data::GERT Sensitivity Matrix,10_Sensitivity_Ready_Data.xlsx,GERT Sensitivity Matrix,Traversals_e57,int64,,Number of traversals of arc e57 in the iteration.,Directly exported value.,Fresh seeded simulation from authoritative Word inputs.,,Blank only when the field is not applicable to the record.,Candidate predictor or response for later analysis.,
10_Sensitivity_Ready_Data::GERT Sensitivity Matrix,10_Sensitivity_Ready_Data.xlsx,GERT Sensitivity Matrix,Traversals_e55,int64,,Number of traversals of arc e55 in the iteration.,Directly exported value.,Fresh seeded simulation from authoritative Word inputs.,,Blank only when the field is not applicable to the record.,Candidate predictor or response for later analysis.,
10_Sensitivity_Ready_Data::GERT Sensitivity Matrix,10_Sensitivity_Ready_Data.xlsx,GERT Sensitivity Matrix,Traversals_e54,int64,,Number of traversals of arc e54 in the iteration.,Directly exported value.,Fresh seeded simulation from authoritative Word inputs.,,Blank only when the field is not applicable to the record.,Candidate predictor or response for later analysis.,
10_Sensitivity_Ready_Data::GERT Sensitivity Matrix,10_Sensitivity_Ready_Data.xlsx,GERT Sensitivity Matrix,Traversals_e52,int64,,Number of traversals of arc e52 in the iteration.,Directly exported value.,Fresh seeded simulation from authoritative Word inputs.,,Blank only when the field is not applicable to the record.,Candidate predictor or response for later analysis.,
10_Sensitivity_Ready_Data::GERT Sensitivity Matrix,10_Sensitivity_Ready_Data.xlsx,GERT Sensitivity Matrix,Traversals_e5D,int64,,Number of traversals of arc e5D in the iteration.,Directly exported value.,Fresh seeded simulation from authoritative Word inputs.,,Blank only when the field is not applicable to the record.,Candidate predictor or response for later analysis.,
10_Sensitivity_Ready_Data::GERT Sensitivity Matrix,10_Sensitivity_Ready_Data.xlsx,GERT Sensitivity Matrix,Traversals_e67,int64,,Number of traversals of arc e67 in the iteration.,Directly exported value.,Fresh seeded simulation from authoritative Word inputs.,,Blank only when the field is not applicable to the record.,Candidate predictor or response for later analysis.,
10_Sensitivity_Ready_Data::GERT Sensitivity Matrix,10_Sensitivity_Ready_Data.xlsx,GERT Sensitivity Matrix,Traversals_e66,int64,,Number of traversals of arc e66 in the iteration.,Directly exported value.,Fresh seeded simulation from authoritative Word inputs.,,Blank only when the field is not applicable to the record.,Candidate predictor or response for later analysis.,
10_Sensitivity_Ready_Data::GERT Sensitivity Matrix,10_Sensitivity_Ready_Data.xlsx,GERT Sensitivity Matrix,Traversals_e6D,int64,,Number of traversals of arc e6D in the iteration.,Directly exported value.,Fresh seeded simulation from authoritative Word inputs.,,Blank only when the field is not applicable to the record.,Candidate predictor or response for later analysis.,
10_Sensitivity_Ready_Data::GERT Sensitivity Matrix,10_Sensitivity_Ready_Data.xlsx,GERT Sensitivity Matrix,Traversals_eD3,int64,,Number of traversals of arc eD3 in the iteration.,Directly exported value.,Fresh seeded simulation from authoritative Word inputs.,,Blank only when the field is not applicable to the record.,Candidate predictor or response for later analysis.,
10_Sensitivity_Ready_Data::GERT Sensitivity Matrix,10_Sensitivity_Ready_Data.xlsx,GERT Sensitivity Matrix,Traversals_eD7,int64,,Number of traversals of arc eD7 in the iteration.,Directly exported value.,Fresh seeded simulation from authoritative Word inputs.,,Blank only when the field is not applicable to the record.,Candidate predictor or response for later analysis.,
10_Sensitivity_Ready_Data::GERT Sensitivity Matrix,10_Sensitivity_Ready_Data.xlsx,GERT Sensitivity Matrix,Traversals_eDT,int64,,Number of traversals of arc eDT in the iteration.,Directly exported value.,Fresh seeded simulation from authoritative Word inputs.,,Blank only when the field is not applicable to the record.,Candidate predictor or response for later analysis.,
10_Sensitivity_Ready_Data::GERT Sensitivity Matrix,10_Sensitivity_Ready_Data.xlsx,GERT Sensitivity Matrix,Duration_e12,int64,days,Accumulated rounded duration contributed by arc e12.,Directly exported value.,Fresh seeded simulation from authoritative Word inputs.,,Blank only when the field is not applicable to the record.,Candidate predictor or response for later analysis.,
10_Sensitivity_Ready_Data::GERT Sensitivity Matrix,10_Sensitivity_Ready_Data.xlsx,GERT Sensitivity Matrix,Duration_e1T,int64,days,Accumulated rounded duration contributed by arc e1T.,Directly exported value.,Fresh seeded simulation from authoritative Word inputs.,,Blank only when the field is not applicable to the record.,Candidate predictor or response for later analysis.,
10_Sensitivity_Ready_Data::GERT Sensitivity Matrix,10_Sensitivity_Ready_Data.xlsx,GERT Sensitivity Matrix,Duration_e23,int64,days,Accumulated rounded duration contributed by arc e23.,Directly exported value.,Fresh seeded simulation from authoritative Word inputs.,,Blank only when the field is not applicable to the record.,Candidate predictor or response for later analysis.,
10_Sensitivity_Ready_Data::GERT Sensitivity Matrix,10_Sensitivity_Ready_Data.xlsx,GERT Sensitivity Matrix,Duration_e24,int64,days,Accumulated rounded duration contributed by arc e24.,Directly exported value.,Fresh seeded simulation from authoritative Word inputs.,,Blank only when the field is not applicable to the record.,Candidate predictor or response for later analysis.,
10_Sensitivity_Ready_Data::GERT Sensitivity Matrix,10_Sensitivity_Ready_Data.xlsx,GERT Sensitivity Matrix,Duration_e22,int64,days,Accumulated rounded duration contributed by arc e22.,Directly exported value.,Fresh seeded simulation from authoritative Word inputs.,,Blank only when the field is not applicable to the record.,Candidate predictor or response for later analysis.,
10_Sensitivity_Ready_Data::GERT Sensitivity Matrix,10_Sensitivity_Ready_Data.xlsx,GERT Sensitivity Matrix,Duration_e21,int64,days,Accumulated rounded duration contributed by arc e21.,Directly exported value.,Fresh seeded simulation from authoritative Word inputs.,,Blank only when the field is not applicable to the record.,Candidate predictor or response for later analysis.,
10_Sensitivity_Ready_Data::GERT Sensitivity Matrix,10_Sensitivity_Ready_Data.xlsx,GERT Sensitivity Matrix,Duration_e2T,int64,days,Accumulated rounded duration contributed by arc e2T.,Directly exported value.,Fresh seeded simulation from authoritative Word inputs.,,Blank only when the field is not applicable to the record.,Candidate predictor or response for later analysis.,
10_Sensitivity_Ready_Data::GERT Sensitivity Matrix,10_Sensitivity_Ready_Data.xlsx,GERT Sensitivity Matrix,Duration_e34,int64,days,Accumulated rounded duration contributed by arc e34.,Directly exported value.,Fresh seeded simulation from authoritative Word inputs.,,Blank only when the field is not applicable to the record.,Candidate predictor or response for later analysis.,
10_Sensitivity_Ready_Data::GERT Sensitivity Matrix,10_Sensitivity_Ready_Data.xlsx,GERT Sensitivity Matrix,Duration_e33,int64,days,Accumulated rounded duration contributed by arc e33.,Directly exported value.,Fresh seeded simulation from authoritative Word inputs.,,Blank only when the field is not applicable to the record.,Candidate predictor or response for later analysis.,
10_Sensitivity_Ready_Data::GERT Sensitivity Matrix,10_Sensitivity_Ready_Data.xlsx,GERT Sensitivity Matrix,Duration_e32,int64,days,Accumulated rounded duration contributed by arc e32.,Directly exported value.,Fresh seeded simulation from authoritative Word inputs.,,Blank only when the field is not applicable to the record.,Candidate predictor or response for later analysis.,
10_Sensitivity_Ready_Data::GERT Sensitivity Matrix,10_Sensitivity_Ready_Data.xlsx,GERT Sensitivity Matrix,Duration_e3T,int64,days,Accumulated rounded duration contributed by arc e3T.,Directly exported value.,Fresh seeded simulation from authoritative Word inputs.,,Blank only when the field is not applicable to the record.,Candidate predictor or response for later analysis.,
10_Sensitivity_Ready_Data::GERT Sensitivity Matrix,10_Sensitivity_Ready_Data.xlsx,GERT Sensitivity Matrix,Duration_e3D,int64,days,Accumulated rounded duration contributed by arc e3D.,Directly exported value.,Fresh seeded simulation from authoritative Word inputs.,,Blank only when the field is not applicable to the record.,Candidate predictor or response for later analysis.,
10_Sensitivity_Ready_Data::GERT Sensitivity Matrix,10_Sensitivity_Ready_Data.xlsx,GERT Sensitivity Matrix,Duration_e45,int64,days,Accumulated rounded duration contributed by arc e45.,Directly exported value.,Fresh seeded simulation from authoritative Word inputs.,,Blank only when the field is not applicable to the record.,Candidate predictor or response for later analysis.,
10_Sensitivity_Ready_Data::GERT Sensitivity Matrix,10_Sensitivity_Ready_Data.xlsx,GERT Sensitivity Matrix,Duration_e46,int64,days,Accumulated rounded duration contributed by arc e46.,Directly exported value.,Fresh seeded simulation from authoritative Word inputs.,,Blank only when the field is not applicable to the record.,Candidate predictor or response for later analysis.,
10_Sensitivity_Ready_Data::GERT Sensitivity Matrix,10_Sensitivity_Ready_Data.xlsx,GERT Sensitivity Matrix,Duration_e43,int64,days,Accumulated rounded duration contributed by arc e43.,Directly exported value.,Fresh seeded simulation from authoritative Word inputs.,,Blank only when the field is not applicable to the record.,Candidate predictor or response for later analysis.,
10_Sensitivity_Ready_Data::GERT Sensitivity Matrix,10_Sensitivity_Ready_Data.xlsx,GERT Sensitivity Matrix,Duration_e42,int64,days,Accumulated rounded duration contributed by arc e42.,Directly exported value.,Fresh seeded simulation from authoritative Word inputs.,,Blank only when the field is not applicable to the record.,Candidate predictor or response for later analysis.,
10_Sensitivity_Ready_Data::GERT Sensitivity Matrix,10_Sensitivity_Ready_Data.xlsx,GERT Sensitivity Matrix,Duration_e4D,int64,days,Accumulated rounded duration contributed by arc e4D.,Directly exported value.,Fresh seeded simulation from authoritative Word inputs.,,Blank only when the field is not applicable to the record.,Candidate predictor or response for later analysis.,
10_Sensitivity_Ready_Data::GERT Sensitivity Matrix,10_Sensitivity_Ready_Data.xlsx,GERT Sensitivity Matrix,Duration_e56,int64,days,Accumulated rounded duration contributed by arc e56.,Directly exported value.,Fresh seeded simulation from authoritative Word inputs.,,Blank only when the field is not applicable to the record.,Candidate predictor or response for later analysis.,
10_Sensitivity_Ready_Data::GERT Sensitivity Matrix,10_Sensitivity_Ready_Data.xlsx,GERT Sensitivity Matrix,Duration_e57,int64,days,Accumulated rounded duration contributed by arc e57.,Directly exported value.,Fresh seeded simulation from authoritative Word inputs.,,Blank only when the field is not applicable to the record.,Candidate predictor or response for later analysis.,
10_Sensitivity_Ready_Data::GERT Sensitivity Matrix,10_Sensitivity_Ready_Data.xlsx,GERT Sensitivity Matrix,Duration_e55,int64,days,Accumulated rounded duration contributed by arc e55.,Directly exported value.,Fresh seeded simulation from authoritative Word inputs.,,Blank only when the field is not applicable to the record.,Candidate predictor or response for later analysis.,
10_Sensitivity_Ready_Data::GERT Sensitivity Matrix,10_Sensitivity_Ready_Data.xlsx,GERT Sensitivity Matrix,Duration_e54,int64,days,Accumulated rounded duration contributed by arc e54.,Directly exported value.,Fresh seeded simulation from authoritative Word inputs.,,Blank only when the field is not applicable to the record.,Candidate predictor or response for later analysis.,
10_Sensitivity_Ready_Data::GERT Sensitivity Matrix,10_Sensitivity_Ready_Data.xlsx,GERT Sensitivity Matrix,Duration_e52,int64,days,Accumulated rounded duration contributed by arc e52.,Directly exported value.,Fresh seeded simulation from authoritative Word inputs.,,Blank only when the field is not applicable to the record.,Candidate predictor or response for later analysis.,
10_Sensitivity_Ready_Data::GERT Sensitivity Matrix,10_Sensitivity_Ready_Data.xlsx,GERT Sensitivity Matrix,Duration_e5D,int64,days,Accumulated rounded duration contributed by arc e5D.,Directly exported value.,Fresh seeded simulation from authoritative Word inputs.,,Blank only when the field is not applicable to the record.,Candidate predictor or response for later analysis.,
10_Sensitivity_Ready_Data::GERT Sensitivity Matrix,10_Sensitivity_Ready_Data.xlsx,GERT Sensitivity Matrix,Duration_e67,int64,days,Accumulated rounded duration contributed by arc e67.,Directly exported value.,Fresh seeded simulation from authoritative Word inputs.,,Blank only when the field is not applicable to the record.,Candidate predictor or response for later analysis.,
10_Sensitivity_Ready_Data::GERT Sensitivity Matrix,10_Sensitivity_Ready_Data.xlsx,GERT Sensitivity Matrix,Duration_e66,int64,days,Accumulated rounded duration contributed by arc e66.,Directly exported value.,Fresh seeded simulation from authoritative Word inputs.,,Blank only when the field is not applicable to the record.,Candidate predictor or response for later analysis.,
10_Sensitivity_Ready_Data::GERT Sensitivity Matrix,10_Sensitivity_Ready_Data.xlsx,GERT Sensitivity Matrix,Duration_e6D,int64,days,Accumulated rounded duration contributed by arc e6D.,Directly exported value.,Fresh seeded simulation from authoritative Word inputs.,,Blank only when the field is not applicable to the record.,Candidate predictor or response for later analysis.,
10_Sensitivity_Ready_Data::GERT Sensitivity Matrix,10_Sensitivity_Ready_Data.xlsx,GERT Sensitivity Matrix,Duration_eD3,int64,days,Accumulated rounded duration contributed by arc eD3.,Directly exported value.,Fresh seeded simulation from authoritative Word inputs.,,Blank only when the field is not applicable to the record.,Candidate predictor or response for later analysis.,
10_Sensitivity_Ready_Data::GERT Sensitivity Matrix,10_Sensitivity_Ready_Data.xlsx,GERT Sensitivity Matrix,Duration_eD7,int64,days,Accumulated rounded duration contributed by arc eD7.,Directly exported value.,Fresh seeded simulation from authoritative Word inputs.,,Blank only when the field is not applicable to the record.,Candidate predictor or response for later analysis.,
10_Sensitivity_Ready_Data::GERT Sensitivity Matrix,10_Sensitivity_Ready_Data.xlsx,GERT Sensitivity Matrix,Duration_eDT,int64,days,Accumulated rounded duration contributed by arc eDT.,Directly exported value.,Fresh seeded simulation from authoritative Word inputs.,,Blank only when the field is not applicable to the record.,Candidate predictor or response for later analysis.,
10_Sensitivity_Ready_Data::GERT Sensitivity Matrix,10_Sensitivity_Ready_Data.xlsx,GERT Sensitivity Matrix,Visited_S0,bool,,Indicator that node S0 was visited.,Directly exported value.,Fresh seeded simulation from authoritative Word inputs.,0; 1,Blank only when the field is not applicable to the record.,Candidate predictor or response for later analysis.,
10_Sensitivity_Ready_Data::GERT Sensitivity Matrix,10_Sensitivity_Ready_Data.xlsx,GERT Sensitivity Matrix,Visited_S1,bool,,Indicator that node S1 was visited.,Directly exported value.,Fresh seeded simulation from authoritative Word inputs.,0; 1,Blank only when the field is not applicable to the record.,Candidate predictor or response for later analysis.,
10_Sensitivity_Ready_Data::GERT Sensitivity Matrix,10_Sensitivity_Ready_Data.xlsx,GERT Sensitivity Matrix,Visited_S2,bool,,Indicator that node S2 was visited.,Directly exported value.,Fresh seeded simulation from authoritative Word inputs.,0; 1,Blank only when the field is not applicable to the record.,Candidate predictor or response for later analysis.,
10_Sensitivity_Ready_Data::GERT Sensitivity Matrix,10_Sensitivity_Ready_Data.xlsx,GERT Sensitivity Matrix,Visited_S3,bool,,Indicator that node S3 was visited.,Directly exported value.,Fresh seeded simulation from authoritative Word inputs.,0; 1,Blank only when the field is not applicable to the record.,Candidate predictor or response for later analysis.,
10_Sensitivity_Ready_Data::GERT Sensitivity Matrix,10_Sensitivity_Ready_Data.xlsx,GERT Sensitivity Matrix,Visited_S4,bool,,Indicator that node S4 was visited.,Directly exported value.,Fresh seeded simulation from authoritative Word inputs.,0; 1,Blank only when the field is not applicable to the record.,Candidate predictor or response for later analysis.,
10_Sensitivity_Ready_Data::GERT Sensitivity Matrix,10_Sensitivity_Ready_Data.xlsx,GERT Sensitivity Matrix,Visited_S5,bool,,Indicator that node S5 was visited.,Directly exported value.,Fresh seeded simulation from authoritative Word inputs.,0; 1,Blank only when the field is not applicable to the record.,Candidate predictor or response for later analysis.,
10_Sensitivity_Ready_Data::GERT Sensitivity Matrix,10_Sensitivity_Ready_Data.xlsx,GERT Sensitivity Matrix,Visited_S6,bool,,Indicator that node S6 was visited.,Directly exported value.,Fresh seeded simulation from authoritative Word inputs.,0; 1,Blank only when the field is not applicable to the record.,Candidate predictor or response for later analysis.,
10_Sensitivity_Ready_Data::GERT Sensitivity Matrix,10_Sensitivity_Ready_Data.xlsx,GERT Sensitivity Matrix,Visited_SD,bool,,Indicator that node SD was visited.,Directly exported value.,Fresh seeded simulation from authoritative Word inputs.,0; 1,Blank only when the field is not applicable to the record.,Candidate predictor or response for later analysis.,
10_Sensitivity_Ready_Data::GERT Sensitivity Matrix,10_Sensitivity_Ready_Data.xlsx,GERT Sensitivity Matrix,Visited_S7,bool,,Indicator that node S7 was visited.,Directly exported value.,Fresh seeded simulation from authoritative Word inputs.,0; 1,Blank only when the field is not applicable to the record.,Candidate predictor or response for later analysis.,
10_Sensitivity_Ready_Data::GERT Sensitivity Matrix,10_Sensitivity_Ready_Data.xlsx,GERT Sensitivity Matrix,Visited_ST,bool,,Indicator that node ST was visited.,Directly exported value.,Fresh seeded simulation from authoritative Word inputs.,0; 1,Blank only when the field is not applicable to the record.,Candidate predictor or response for later analysis.,
10_Sensitivity_Ready_Data::GERT Sensitivity Matrix,10_Sensitivity_Ready_Data.xlsx,GERT Sensitivity Matrix,Visits_S0,int64,,Number of visits to node S0.,Directly exported value.,Fresh seeded simulation from authoritative Word inputs.,,Blank only when the field is not applicable to the record.,Candidate predictor or response for later analysis.,
10_Sensitivity_Ready_Data::GERT Sensitivity Matrix,10_Sensitivity_Ready_Data.xlsx,GERT Sensitivity Matrix,Visits_S1,int64,,Number of visits to node S1.,Directly exported value.,Fresh seeded simulation from authoritative Word inputs.,,Blank only when the field is not applicable to the record.,Candidate predictor or response for later analysis.,
10_Sensitivity_Ready_Data::GERT Sensitivity Matrix,10_Sensitivity_Ready_Data.xlsx,GERT Sensitivity Matrix,Visits_S2,int64,,Number of visits to node S2.,Directly exported value.,Fresh seeded simulation from authoritative Word inputs.,,Blank only when the field is not applicable to the record.,Candidate predictor or response for later analysis.,
10_Sensitivity_Ready_Data::GERT Sensitivity Matrix,10_Sensitivity_Ready_Data.xlsx,GERT Sensitivity Matrix,Visits_S3,int64,,Number of visits to node S3.,Directly exported value.,Fresh seeded simulation from authoritative Word inputs.,,Blank only when the field is not applicable to the record.,Candidate predictor or response for later analysis.,
10_Sensitivity_Ready_Data::GERT Sensitivity Matrix,10_Sensitivity_Ready_Data.xlsx,GERT Sensitivity Matrix,Visits_S4,int64,,Number of visits to node S4.,Directly exported value.,Fresh seeded simulation from authoritative Word inputs.,,Blank only when the field is not applicable to the record.,Candidate predictor or response for later analysis.,
10_Sensitivity_Ready_Data::GERT Sensitivity Matrix,10_Sensitivity_Ready_Data.xlsx,GERT Sensitivity Matrix,Visits_S5,int64,,Number of visits to node S5.,Directly exported value.,Fresh seeded simulation from authoritative Word inputs.,,Blank only when the field is not applicable to the record.,Candidate predictor or response for later analysis.,
10_Sensitivity_Ready_Data::GERT Sensitivity Matrix,10_Sensitivity_Ready_Data.xlsx,GERT Sensitivity Matrix,Visits_S6,int64,,Number of visits to node S6.,Directly exported value.,Fresh seeded simulation from authoritative Word inputs.,,Blank only when the field is not applicable to the record.,Candidate predictor or response for later analysis.,
10_Sensitivity_Ready_Data::GERT Sensitivity Matrix,10_Sensitivity_Ready_Data.xlsx,GERT Sensitivity Matrix,Visits_SD,int64,,Number of visits to node SD.,Directly exported value.,Fresh seeded simulation from authoritative Word inputs.,,Blank only when the field is not applicable to the record.,Candidate predictor or response for later analysis.,
10_Sensitivity_Ready_Data::GERT Sensitivity Matrix,10_Sensitivity_Ready_Data.xlsx,GERT Sensitivity Matrix,Visits_S7,int64,,Number of visits to node S7.,Directly exported value.,Fresh seeded simulation from authoritative Word inputs.,,Blank only when the field is not applicable to the record.,Candidate predictor or response for later analysis.,
10_Sensitivity_Ready_Data::GERT Sensitivity Matrix,10_Sensitivity_Ready_Data.xlsx,GERT Sensitivity Matrix,Visits_ST,int64,,Number of visits to node ST.,Directly exported value.,Fresh seeded simulation from authoritative Word inputs.,,Blank only when the field is not applicable to the record.,Candidate predictor or response for later analysis.,
10_Sensitivity_Ready_Data::GERT Sensitivity Matrix,10_Sensitivity_Ready_Data.xlsx,GERT Sensitivity Matrix,LoopCount_e22,int64,count,Traversal count for capped return arc e22.,Directly exported value.,Fresh seeded simulation from authoritative Word inputs.,,Blank only when the field is not applicable to the record.,Candidate predictor or response for later analysis.,
10_Sensitivity_Ready_Data::GERT Sensitivity Matrix,10_Sensitivity_Ready_Data.xlsx,GERT Sensitivity Matrix,LoopCount_e21,int64,count,Traversal count for capped return arc e21.,Directly exported value.,Fresh seeded simulation from authoritative Word inputs.,,Blank only when the field is not applicable to the record.,Candidate predictor or response for later analysis.,
10_Sensitivity_Ready_Data::GERT Sensitivity Matrix,10_Sensitivity_Ready_Data.xlsx,GERT Sensitivity Matrix,LoopCount_e33,int64,count,Traversal count for capped return arc e33.,Directly exported value.,Fresh seeded simulation from authoritative Word inputs.,,Blank only when the field is not applicable to the record.,Candidate predictor or response for later analysis.,
10_Sensitivity_Ready_Data::GERT Sensitivity Matrix,10_Sensitivity_Ready_Data.xlsx,GERT Sensitivity Matrix,LoopCount_e32,int64,count,Traversal count for capped return arc e32.,Directly exported value.,Fresh seeded simulation from authoritative Word inputs.,,Blank only when the field is not applicable to the record.,Candidate predictor or response for later analysis.,
10_Sensitivity_Ready_Data::GERT Sensitivity Matrix,10_Sensitivity_Ready_Data.xlsx,GERT Sensitivity Matrix,LoopCount_e43,int64,count,Traversal count for capped return arc e43.,Directly exported value.,Fresh seeded simulation from authoritative Word inputs.,,Blank only when the field is not applicable to the record.,Candidate predictor or response for later analysis.,
10_Sensitivity_Ready_Data::GERT Sensitivity Matrix,10_Sensitivity_Ready_Data.xlsx,GERT Sensitivity Matrix,LoopCount_e42,int64,count,Traversal count for capped return arc e42.,Directly exported value.,Fresh seeded simulation from authoritative Word inputs.,,Blank only when the field is not applicable to the record.,Candidate predictor or response for later analysis.,
10_Sensitivity_Ready_Data::GERT Sensitivity Matrix,10_Sensitivity_Ready_Data.xlsx,GERT Sensitivity Matrix,LoopCount_e55,int64,count,Traversal count for capped return arc e55.,Directly exported value.,Fresh seeded simulation from authoritative Word inputs.,,Blank only when the field is not applicable to the record.,Candidate predictor or response for later analysis.,
10_Sensitivity_Ready_Data::GERT Sensitivity Matrix,10_Sensitivity_Ready_Data.xlsx,GERT Sensitivity Matrix,LoopCount_e54,int64,count,Traversal count for capped return arc e54.,Directly exported value.,Fresh seeded simulation from authoritative Word inputs.,,Blank only when the field is not applicable to the record.,Candidate predictor or response for later analysis.,
10_Sensitivity_Ready_Data::GERT Sensitivity Matrix,10_Sensitivity_Ready_Data.xlsx,GERT Sensitivity Matrix,LoopCount_e52,int64,count,Traversal count for capped return arc e52.,Directly exported value.,Fresh seeded simulation from authoritative Word inputs.,,Blank only when the field is not applicable to the record.,Candidate predictor or response for later analysis.,
10_Sensitivity_Ready_Data::GERT Sensitivity Matrix,10_Sensitivity_Ready_Data.xlsx,GERT Sensitivity Matrix,LoopCount_e66,int64,count,Traversal count for capped return arc e66.,Directly exported value.,Fresh seeded simulation from authoritative Word inputs.,,Blank only when the field is not applicable to the record.,Candidate predictor or response for later analysis.,
10_Sensitivity_Ready_Data::GERT Sensitivity Matrix,10_Sensitivity_Ready_Data.xlsx,GERT Sensitivity Matrix,CapReached_e22,bool,,Indicator that capped return arc e22 reached count 2.,Directly exported value.,Fresh seeded simulation from authoritative Word inputs.,0; 1,Blank only when the field is not applicable to the record.,Candidate predictor or response for later analysis.,
10_Sensitivity_Ready_Data::GERT Sensitivity Matrix,10_Sensitivity_Ready_Data.xlsx,GERT Sensitivity Matrix,CapReached_e21,bool,,Indicator that capped return arc e21 reached count 2.,Directly exported value.,Fresh seeded simulation from authoritative Word inputs.,0; 1,Blank only when the field is not applicable to the record.,Candidate predictor or response for later analysis.,
10_Sensitivity_Ready_Data::GERT Sensitivity Matrix,10_Sensitivity_Ready_Data.xlsx,GERT Sensitivity Matrix,CapReached_e33,bool,,Indicator that capped return arc e33 reached count 2.,Directly exported value.,Fresh seeded simulation from authoritative Word inputs.,0; 1,Blank only when the field is not applicable to the record.,Candidate predictor or response for later analysis.,
10_Sensitivity_Ready_Data::GERT Sensitivity Matrix,10_Sensitivity_Ready_Data.xlsx,GERT Sensitivity Matrix,CapReached_e32,bool,,Indicator that capped return arc e32 reached count 2.,Directly exported value.,Fresh seeded simulation from authoritative Word inputs.,0; 1,Blank only when the field is not applicable to the record.,Candidate predictor or response for later analysis.,
10_Sensitivity_Ready_Data::GERT Sensitivity Matrix,10_Sensitivity_Ready_Data.xlsx,GERT Sensitivity Matrix,CapReached_e43,bool,,Indicator that capped return arc e43 reached count 2.,Directly exported value.,Fresh seeded simulation from authoritative Word inputs.,0; 1,Blank only when the field is not applicable to the record.,Candidate predictor or response for later analysis.,
10_Sensitivity_Ready_Data::GERT Sensitivity Matrix,10_Sensitivity_Ready_Data.xlsx,GERT Sensitivity Matrix,CapReached_e42,bool,,Indicator that capped return arc e42 reached count 2.,Directly exported value.,Fresh seeded simulation from authoritative Word inputs.,0; 1,Blank only when the field is not applicable to the record.,Candidate predictor or response for later analysis.,
10_Sensitivity_Ready_Data::GERT Sensitivity Matrix,10_Sensitivity_Ready_Data.xlsx,GERT Sensitivity Matrix,CapReached_e55,bool,,Indicator that capped return arc e55 reached count 2.,Directly exported value.,Fresh seeded simulation from authoritative Word inputs.,0; 1,Blank only when the field is not applicable to the record.,Candidate predictor or response for later analysis.,
10_Sensitivity_Ready_Data::GERT Sensitivity Matrix,10_Sensitivity_Ready_Data.xlsx,GERT Sensitivity Matrix,CapReached_e54,bool,,Indicator that capped return arc e54 reached count 2.,Directly exported value.,Fresh seeded simulation from authoritative Word inputs.,0; 1,Blank only when the field is not applicable to the record.,Candidate predictor or response for later analysis.,
10_Sensitivity_Ready_Data::GERT Sensitivity Matrix,10_Sensitivity_Ready_Data.xlsx,GERT Sensitivity Matrix,CapReached_e52,bool,,Indicator that capped return arc e52 reached count 2.,Directly exported value.,Fresh seeded simulation from authoritative Word inputs.,0; 1,Blank only when the field is not applicable to the record.,Candidate predictor or response for later analysis.,
10_Sensitivity_Ready_Data::GERT Sensitivity Matrix,10_Sensitivity_Ready_Data.xlsx,GERT Sensitivity Matrix,CapReached_e66,bool,,Indicator that capped return arc e66 reached count 2.,Directly exported value.,Fresh seeded simulation from authoritative Word inputs.,0; 1,Blank only when the field is not applicable to the record.,Candidate predictor or response for later analysis.,
10_Sensitivity_Ready_Data::GERT Sensitivity Matrix,10_Sensitivity_Ready_Data.xlsx,GERT Sensitivity Matrix,Successful_Above_P80,bool,,Successful Above P80,Derived from the complete unsampled exported simulation records.,Fresh seeded simulation from authoritative Word inputs.,0; 1,Blank only when the field is not applicable to the record.,Candidate predictor or response for later analysis.,
10_Sensitivity_Ready_Data::GERT Sensitivity Matrix,10_Sensitivity_Ready_Data.xlsx,GERT Sensitivity Matrix,Successful_Above_P90,bool,,Successful Above P90,Derived from the complete unsampled exported simulation records.,Fresh seeded simulation from authoritative Word inputs.,0; 1,Blank only when the field is not applicable to the record.,Candidate predictor or response for later analysis.,
10_Sensitivity_Ready_Data::GERT Sensitivity Matrix,10_Sensitivity_Ready_Data.xlsx,GERT Sensitivity Matrix,Successful_Above_P95,bool,,Successful Above P95,Derived from the complete unsampled exported simulation records.,Fresh seeded simulation from authoritative Word inputs.,0; 1,Blank only when the field is not applicable to the record.,Candidate predictor or response for later analysis.,
10_Sensitivity_Ready_Data::GERT Sensitivity Matrix,10_Sensitivity_Ready_Data.xlsx,GERT Sensitivity Matrix,Successful_Above_P99,bool,,Successful Above P99,Derived from the complete unsampled exported simulation records.,Fresh seeded simulation from authoritative Word inputs.,0; 1,Blank only when the field is not applicable to the record.,Candidate predictor or response for later analysis.,
10_Sensitivity_Ready_Data::GERT Sensitivity Matrix,10_Sensitivity_Ready_Data.xlsx,GERT Sensitivity Matrix,Terminated_Above_P80,bool,,Terminated Above P80,Derived from the complete unsampled exported simulation records.,Fresh seeded simulation from authoritative Word inputs.,0; 1,Blank only when the field is not applicable to the record.,Candidate predictor or response for later analysis.,
10_Sensitivity_Ready_Data::GERT Sensitivity Matrix,10_Sensitivity_Ready_Data.xlsx,GERT Sensitivity Matrix,Terminated_Above_P90,bool,,Terminated Above P90,Derived from the complete unsampled exported simulation records.,Fresh seeded simulation from authoritative Word inputs.,0; 1,Blank only when the field is not applicable to the record.,Candidate predictor or response for later analysis.,
10_Sensitivity_Ready_Data::GERT Sensitivity Matrix,10_Sensitivity_Ready_Data.xlsx,GERT Sensitivity Matrix,Terminated_Above_P95,bool,,Terminated Above P95,Derived from the complete unsampled exported simulation records.,Fresh seeded simulation from authoritative Word inputs.,0; 1,Blank only when the field is not applicable to the record.,Candidate predictor or response for later analysis.,
10_Sensitivity_Ready_Data::GERT Sensitivity Matrix,10_Sensitivity_Ready_Data.xlsx,GERT Sensitivity Matrix,Terminated_Above_P99,bool,,Terminated Above P99,Derived from the complete unsampled exported simulation records.,Fresh seeded simulation from authoritative Word inputs.,0; 1,Blank only when the field is not applicable to the record.,Candidate predictor or response for later analysis.,
10_Sensitivity_Ready_Data::Outcome Sensitivity Matrix,10_Sensitivity_Ready_Data.xlsx,Outcome Sensitivity Matrix,Iteration_ID,int64,identifier,One-based Monte Carlo iteration identifier.,Directly exported value.,Fresh seeded simulation from authoritative Word inputs.,,Blank only when the field is not applicable to the record.,Candidate predictor or response for later analysis.,
10_Sensitivity_Ready_Data::Outcome Sensitivity Matrix,10_Sensitivity_Ready_Data.xlsx,Outcome Sensitivity Matrix,Successful_Binary,bool,,Successful Binary,Directly exported value.,Fresh seeded simulation from authoritative Word inputs.,0; 1,Blank only when the field is not applicable to the record.,"Supporting identifier, audit, or reconciliation field.",
10_Sensitivity_Ready_Data::Outcome Sensitivity Matrix,10_Sensitivity_Ready_Data.xlsx,Outcome Sensitivity Matrix,Total_Duration,int64,days,Sum of individually ceiling-rounded stochastic durations for the iteration.,Directly exported value.,Fresh seeded simulation from authoritative Word inputs.,,Blank only when the field is not applicable to the record.,Candidate predictor or response for later analysis.,
10_Sensitivity_Ready_Data::Outcome Sensitivity Matrix,10_Sensitivity_Ready_Data.xlsx,Outcome Sensitivity Matrix,Transition_Count,int64,count,Transition Count,Directly exported value.,Fresh seeded simulation from authoritative Word inputs.,,Blank only when the field is not applicable to the record.,Candidate predictor or response for later analysis.,
10_Sensitivity_Ready_Data::Outcome Sensitivity Matrix,10_Sensitivity_Ready_Data.xlsx,Outcome Sensitivity Matrix,Dispute_Visited,bool,,Dispute Visited,Directly exported value.,Fresh seeded simulation from authoritative Word inputs.,0; 1,Blank only when the field is not applicable to the record.,Candidate predictor or response for later analysis.,
10_Sensitivity_Ready_Data::Outcome Sensitivity Matrix,10_Sensitivity_Ready_Data.xlsx,Outcome Sensitivity Matrix,Any_Loop,bool,,Any Loop,Directly exported value.,Fresh seeded simulation from authoritative Word inputs.,0; 1,Blank only when the field is not applicable to the record.,Candidate predictor or response for later analysis.,
10_Sensitivity_Ready_Data::Outcome Sensitivity Matrix,10_Sensitivity_Ready_Data.xlsx,Outcome Sensitivity Matrix,Any_Cap_Reached,bool,,Any Cap Reached,Directly exported value.,Fresh seeded simulation from authoritative Word inputs.,0; 1,Blank only when the field is not applicable to the record.,Candidate predictor or response for later analysis.,
10_Sensitivity_Ready_Data::Outcome Sensitivity Matrix,10_Sensitivity_Ready_Data.xlsx,Outcome Sensitivity Matrix,Activated_e12,bool,,Indicator that arc e12 was traversed at least once.,Directly exported value.,Fresh seeded simulation from authoritative Word inputs.,0; 1,Blank only when the field is not applicable to the record.,Candidate predictor or response for later analysis.,
10_Sensitivity_Ready_Data::Outcome Sensitivity Matrix,10_Sensitivity_Ready_Data.xlsx,Outcome Sensitivity Matrix,Activated_e1T,bool,,Indicator that arc e1T was traversed at least once.,Directly exported value.,Fresh seeded simulation from authoritative Word inputs.,0; 1,Blank only when the field is not applicable to the record.,Candidate predictor or response for later analysis.,
10_Sensitivity_Ready_Data::Outcome Sensitivity Matrix,10_Sensitivity_Ready_Data.xlsx,Outcome Sensitivity Matrix,Activated_e23,bool,,Indicator that arc e23 was traversed at least once.,Directly exported value.,Fresh seeded simulation from authoritative Word inputs.,0; 1,Blank only when the field is not applicable to the record.,Candidate predictor or response for later analysis.,
10_Sensitivity_Ready_Data::Outcome Sensitivity Matrix,10_Sensitivity_Ready_Data.xlsx,Outcome Sensitivity Matrix,Activated_e24,bool,,Indicator that arc e24 was traversed at least once.,Directly exported value.,Fresh seeded simulation from authoritative Word inputs.,0; 1,Blank only when the field is not applicable to the record.,Candidate predictor or response for later analysis.,
10_Sensitivity_Ready_Data::Outcome Sensitivity Matrix,10_Sensitivity_Ready_Data.xlsx,Outcome Sensitivity Matrix,Activated_e22,bool,,Indicator that arc e22 was traversed at least once.,Directly exported value.,Fresh seeded simulation from authoritative Word inputs.,0; 1,Blank only when the field is not applicable to the record.,Candidate predictor or response for later analysis.,
10_Sensitivity_Ready_Data::Outcome Sensitivity Matrix,10_Sensitivity_Ready_Data.xlsx,Outcome Sensitivity Matrix,Activated_e21,bool,,Indicator that arc e21 was traversed at least once.,Directly exported value.,Fresh seeded simulation from authoritative Word inputs.,0; 1,Blank only when the field is not applicable to the record.,Candidate predictor or response for later analysis.,
10_Sensitivity_Ready_Data::Outcome Sensitivity Matrix,10_Sensitivity_Ready_Data.xlsx,Outcome Sensitivity Matrix,Activated_e2T,bool,,Indicator that arc e2T was traversed at least once.,Directly exported value.,Fresh seeded simulation from authoritative Word inputs.,0; 1,Blank only when the field is not applicable to the record.,Candidate predictor or response for later analysis.,
10_Sensitivity_Ready_Data::Outcome Sensitivity Matrix,10_Sensitivity_Ready_Data.xlsx,Outcome Sensitivity Matrix,Activated_e34,bool,,Indicator that arc e34 was traversed at least once.,Directly exported value.,Fresh seeded simulation from authoritative Word inputs.,0; 1,Blank only when the field is not applicable to the record.,Candidate predictor or response for later analysis.,
10_Sensitivity_Ready_Data::Outcome Sensitivity Matrix,10_Sensitivity_Ready_Data.xlsx,Outcome Sensitivity Matrix,Activated_e33,bool,,Indicator that arc e33 was traversed at least once.,Directly exported value.,Fresh seeded simulation from authoritative Word inputs.,0; 1,Blank only when the field is not applicable to the record.,Candidate predictor or response for later analysis.,
10_Sensitivity_Ready_Data::Outcome Sensitivity Matrix,10_Sensitivity_Ready_Data.xlsx,Outcome Sensitivity Matrix,Activated_e32,bool,,Indicator that arc e32 was traversed at least once.,Directly exported value.,Fresh seeded simulation from authoritative Word inputs.,0; 1,Blank only when the field is not applicable to the record.,Candidate predictor or response for later analysis.,
10_Sensitivity_Ready_Data::Outcome Sensitivity Matrix,10_Sensitivity_Ready_Data.xlsx,Outcome Sensitivity Matrix,Activated_e3T,bool,,Indicator that arc e3T was traversed at least once.,Directly exported value.,Fresh seeded simulation from authoritative Word inputs.,0; 1,Blank only when the field is not applicable to the record.,Candidate predictor or response for later analysis.,
10_Sensitivity_Ready_Data::Outcome Sensitivity Matrix,10_Sensitivity_Ready_Data.xlsx,Outcome Sensitivity Matrix,Activated_e3D,bool,,Indicator that arc e3D was traversed at least once.,Directly exported value.,Fresh seeded simulation from authoritative Word inputs.,0; 1,Blank only when the field is not applicable to the record.,Candidate predictor or response for later analysis.,
10_Sensitivity_Ready_Data::Outcome Sensitivity Matrix,10_Sensitivity_Ready_Data.xlsx,Outcome Sensitivity Matrix,Activated_e45,bool,,Indicator that arc e45 was traversed at least once.,Directly exported value.,Fresh seeded simulation from authoritative Word inputs.,0; 1,Blank only when the field is not applicable to the record.,Candidate predictor or response for later analysis.,
10_Sensitivity_Ready_Data::Outcome Sensitivity Matrix,10_Sensitivity_Ready_Data.xlsx,Outcome Sensitivity Matrix,Activated_e46,bool,,Indicator that arc e46 was traversed at least once.,Directly exported value.,Fresh seeded simulation from authoritative Word inputs.,0; 1,Blank only when the field is not applicable to the record.,Candidate predictor or response for later analysis.,
10_Sensitivity_Ready_Data::Outcome Sensitivity Matrix,10_Sensitivity_Ready_Data.xlsx,Outcome Sensitivity Matrix,Activated_e43,bool,,Indicator that arc e43 was traversed at least once.,Directly exported value.,Fresh seeded simulation from authoritative Word inputs.,0; 1,Blank only when the field is not applicable to the record.,Candidate predictor or response for later analysis.,
10_Sensitivity_Ready_Data::Outcome Sensitivity Matrix,10_Sensitivity_Ready_Data.xlsx,Outcome Sensitivity Matrix,Activated_e42,bool,,Indicator that arc e42 was traversed at least once.,Directly exported value.,Fresh seeded simulation from authoritative Word inputs.,0; 1,Blank only when the field is not applicable to the record.,Candidate predictor or response for later analysis.,
10_Sensitivity_Ready_Data::Outcome Sensitivity Matrix,10_Sensitivity_Ready_Data.xlsx,Outcome Sensitivity Matrix,Activated_e4D,bool,,Indicator that arc e4D was traversed at least once.,Directly exported value.,Fresh seeded simulation from authoritative Word inputs.,0; 1,Blank only when the field is not applicable to the record.,Candidate predictor or response for later analysis.,
10_Sensitivity_Ready_Data::Outcome Sensitivity Matrix,10_Sensitivity_Ready_Data.xlsx,Outcome Sensitivity Matrix,Activated_e56,bool,,Indicator that arc e56 was traversed at least once.,Directly exported value.,Fresh seeded simulation from authoritative Word inputs.,0; 1,Blank only when the field is not applicable to the record.,Candidate predictor or response for later analysis.,
10_Sensitivity_Ready_Data::Outcome Sensitivity Matrix,10_Sensitivity_Ready_Data.xlsx,Outcome Sensitivity Matrix,Activated_e57,bool,,Indicator that arc e57 was traversed at least once.,Directly exported value.,Fresh seeded simulation from authoritative Word inputs.,0; 1,Blank only when the field is not applicable to the record.,Candidate predictor or response for later analysis.,
10_Sensitivity_Ready_Data::Outcome Sensitivity Matrix,10_Sensitivity_Ready_Data.xlsx,Outcome Sensitivity Matrix,Activated_e55,bool,,Indicator that arc e55 was traversed at least once.,Directly exported value.,Fresh seeded simulation from authoritative Word inputs.,0; 1,Blank only when the field is not applicable to the record.,Candidate predictor or response for later analysis.,
10_Sensitivity_Ready_Data::Outcome Sensitivity Matrix,10_Sensitivity_Ready_Data.xlsx,Outcome Sensitivity Matrix,Activated_e54,bool,,Indicator that arc e54 was traversed at least once.,Directly exported value.,Fresh seeded simulation from authoritative Word inputs.,0; 1,Blank only when the field is not applicable to the record.,Candidate predictor or response for later analysis.,
10_Sensitivity_Ready_Data::Outcome Sensitivity Matrix,10_Sensitivity_Ready_Data.xlsx,Outcome Sensitivity Matrix,Activated_e52,bool,,Indicator that arc e52 was traversed at least once.,Directly exported value.,Fresh seeded simulation from authoritative Word inputs.,0; 1,Blank only when the field is not applicable to the record.,Candidate predictor or response for later analysis.,
10_Sensitivity_Ready_Data::Outcome Sensitivity Matrix,10_Sensitivity_Ready_Data.xlsx,Outcome Sensitivity Matrix,Activated_e5D,bool,,Indicator that arc e5D was traversed at least once.,Directly exported value.,Fresh seeded simulation from authoritative Word inputs.,0; 1,Blank only when the field is not applicable to the record.,Candidate predictor or response for later analysis.,
10_Sensitivity_Ready_Data::Outcome Sensitivity Matrix,10_Sensitivity_Ready_Data.xlsx,Outcome Sensitivity Matrix,Activated_e67,bool,,Indicator that arc e67 was traversed at least once.,Directly exported value.,Fresh seeded simulation from authoritative Word inputs.,0; 1,Blank only when the field is not applicable to the record.,Candidate predictor or response for later analysis.,
10_Sensitivity_Ready_Data::Outcome Sensitivity Matrix,10_Sensitivity_Ready_Data.xlsx,Outcome Sensitivity Matrix,Activated_e66,bool,,Indicator that arc e66 was traversed at least once.,Directly exported value.,Fresh seeded simulation from authoritative Word inputs.,0; 1,Blank only when the field is not applicable to the record.,Candidate predictor or response for later analysis.,
10_Sensitivity_Ready_Data::Outcome Sensitivity Matrix,10_Sensitivity_Ready_Data.xlsx,Outcome Sensitivity Matrix,Activated_e6D,bool,,Indicator that arc e6D was traversed at least once.,Directly exported value.,Fresh seeded simulation from authoritative Word inputs.,0; 1,Blank only when the field is not applicable to the record.,Candidate predictor or response for later analysis.,
10_Sensitivity_Ready_Data::Outcome Sensitivity Matrix,10_Sensitivity_Ready_Data.xlsx,Outcome Sensitivity Matrix,Activated_eD3,bool,,Indicator that arc eD3 was traversed at least once.,Directly exported value.,Fresh seeded simulation from authoritative Word inputs.,0; 1,Blank only when the field is not applicable to the record.,Candidate predictor or response for later analysis.,
10_Sensitivity_Ready_Data::Outcome Sensitivity Matrix,10_Sensitivity_Ready_Data.xlsx,Outcome Sensitivity Matrix,Activated_eD7,bool,,Indicator that arc eD7 was traversed at least once.,Directly exported value.,Fresh seeded simulation from authoritative Word inputs.,0; 1,Blank only when the field is not applicable to the record.,Candidate predictor or response for later analysis.,
10_Sensitivity_Ready_Data::Outcome Sensitivity Matrix,10_Sensitivity_Ready_Data.xlsx,Outcome Sensitivity Matrix,Activated_eDT,bool,,Indicator that arc eDT was traversed at least once.,Directly exported value.,Fresh seeded simulation from authoritative Word inputs.,0; 1,Blank only when the field is not applicable to the record.,Candidate predictor or response for later analysis.,
10_Sensitivity_Ready_Data::Tail Sensitivity Matrix,10_Sensitivity_Ready_Data.xlsx,Tail Sensitivity Matrix,Iteration_ID,int64,identifier,One-based Monte Carlo iteration identifier.,Directly exported value.,Fresh seeded simulation from authoritative Word inputs.,,Blank only when the field is not applicable to the record.,Candidate predictor or response for later analysis.,
10_Sensitivity_Ready_Data::Tail Sensitivity Matrix,10_Sensitivity_Ready_Data.xlsx,Tail Sensitivity Matrix,Outcome,string,,Final absorbing GERT outcome.,Directly exported value.,Fresh seeded simulation from authoritative Word inputs.,Successful; Terminated,Blank only when the field is not applicable to the record.,Candidate predictor or response for later analysis.,
10_Sensitivity_Ready_Data::Tail Sensitivity Matrix,10_Sensitivity_Ready_Data.xlsx,Tail Sensitivity Matrix,Total_Duration,int64,days,Sum of individually ceiling-rounded stochastic durations for the iteration.,Directly exported value.,Fresh seeded simulation from authoritative Word inputs.,,Blank only when the field is not applicable to the record.,Candidate predictor or response for later analysis.,
10_Sensitivity_Ready_Data::Tail Sensitivity Matrix,10_Sensitivity_Ready_Data.xlsx,Tail Sensitivity Matrix,Above_Outcome_P80,bool,,Above Outcome P80,Derived from the complete unsampled exported simulation records.,Fresh seeded simulation from authoritative Word inputs.,0; 1,Blank only when the field is not applicable to the record.,Candidate predictor or response for later analysis.,
10_Sensitivity_Ready_Data::Tail Sensitivity Matrix,10_Sensitivity_Ready_Data.xlsx,Tail Sensitivity Matrix,Above_Outcome_P90,bool,,Above Outcome P90,Derived from the complete unsampled exported simulation records.,Fresh seeded simulation from authoritative Word inputs.,0; 1,Blank only when the field is not applicable to the record.,Candidate predictor or response for later analysis.,
10_Sensitivity_Ready_Data::Tail Sensitivity Matrix,10_Sensitivity_Ready_Data.xlsx,Tail Sensitivity Matrix,Above_Outcome_P95,bool,,Above Outcome P95,Derived from the complete unsampled exported simulation records.,Fresh seeded simulation from authoritative Word inputs.,0; 1,Blank only when the field is not applicable to the record.,Candidate predictor or response for later analysis.,
10_Sensitivity_Ready_Data::Tail Sensitivity Matrix,10_Sensitivity_Ready_Data.xlsx,Tail Sensitivity Matrix,Above_Outcome_P99,bool,,Above Outcome P99,Derived from the complete unsampled exported simulation records.,Fresh seeded simulation from authoritative Word inputs.,0; 1,Blank only when the field is not applicable to the record.,Candidate predictor or response for later analysis.,
10_Sensitivity_Ready_Data::Tail Sensitivity Matrix,10_Sensitivity_Ready_Data.xlsx,Tail Sensitivity Matrix,Transition_Count,int64,count,Transition Count,Directly exported value.,Fresh seeded simulation from authoritative Word inputs.,,Blank only when the field is not applicable to the record.,Candidate predictor or response for later analysis.,
10_Sensitivity_Ready_Data::Tail Sensitivity Matrix,10_Sensitivity_Ready_Data.xlsx,Tail Sensitivity Matrix,Dispute_Visited,bool,,Dispute Visited,Directly exported value.,Fresh seeded simulation from authoritative Word inputs.,0; 1,Blank only when the field is not applicable to the record.,Candidate predictor or response for later analysis.,
10_Sensitivity_Ready_Data::Tail Sensitivity Matrix,10_Sensitivity_Ready_Data.xlsx,Tail Sensitivity Matrix,Any_Loop,bool,,Any Loop,Directly exported value.,Fresh seeded simulation from authoritative Word inputs.,0; 1,Blank only when the field is not applicable to the record.,Candidate predictor or response for later analysis.,
10_Sensitivity_Ready_Data::Tail Sensitivity Matrix,10_Sensitivity_Ready_Data.xlsx,Tail Sensitivity Matrix,Any_Cap_Reached,bool,,Any Cap Reached,Directly exported value.,Fresh seeded simulation from authoritative Word inputs.,0; 1,Blank only when the field is not applicable to the record.,Candidate predictor or response for later analysis.,
10_Sensitivity_Ready_Data::Scenario Design Template,10_Sensitivity_Ready_Data.xlsx,Scenario Design Template,Scenario_ID,string,identifier,Scenario ID,Directly exported value.,Fresh seeded simulation from authoritative Word inputs.,,Blank only when the field is not applicable to the record.,Candidate predictor or response for later analysis.,
10_Sensitivity_Ready_Data::Scenario Design Template,10_Sensitivity_Ready_Data.xlsx,Scenario Design Template,Parameter_ID,string,identifier,Parameter ID,Directly exported value.,Fresh seeded simulation from authoritative Word inputs.,,Blank only when the field is not applicable to the record.,Candidate predictor or response for later analysis.,
10_Sensitivity_Ready_Data::Scenario Design Template,10_Sensitivity_Ready_Data.xlsx,Scenario Design Template,Parameter_Type,string,,Parameter Type,Directly exported value.,Fresh seeded simulation from authoritative Word inputs.,,Blank only when the field is not applicable to the record.,Candidate predictor or response for later analysis.,
10_Sensitivity_Ready_Data::Scenario Design Template,10_Sensitivity_Ready_Data.xlsx,Scenario Design Template,Entity_ID,string,identifier,Entity ID,Directly exported value.,Fresh seeded simulation from authoritative Word inputs.,,Blank only when the field is not applicable to the record.,"Supporting identifier, audit, or reconciliation field.",
10_Sensitivity_Ready_Data::Scenario Design Template,10_Sensitivity_Ready_Data.xlsx,Scenario Design Template,Baseline_Value,double,,Baseline Value,Directly exported value.,Fresh seeded simulation from authoritative Word inputs.,,Blank only when the field is not applicable to the record.,"Supporting identifier, audit, or reconciliation field.",
10_Sensitivity_Ready_Data::Scenario Design Template,10_Sensitivity_Ready_Data.xlsx,Scenario Design Template,Proposed_Value,double,,Proposed Value,Directly exported value.,Fresh seeded simulation from authoritative Word inputs.,,Blank only when the field is not applicable to the record.,Candidate predictor or response for later analysis.,
10_Sensitivity_Ready_Data::Scenario Design Template,10_Sensitivity_Ready_Data.xlsx,Scenario Design Template,Relative_Change,double,,Relative Change,Directly exported value.,Fresh seeded simulation from authoritative Word inputs.,,Blank only when the field is not applicable to the record.,"Supporting identifier, audit, or reconciliation field.",
10_Sensitivity_Ready_Data::Scenario Design Template,10_Sensitivity_Ready_Data.xlsx,Scenario Design Template,Perturbation_Method,string,,Perturbation Method,Directly exported value.,Fresh seeded simulation from authoritative Word inputs.,,Blank only when the field is not applicable to the record.,Candidate predictor or response for later analysis.,
10_Sensitivity_Ready_Data::Scenario Design Template,10_Sensitivity_Ready_Data.xlsx,Scenario Design Template,Probability_Group,string,dimensionless,Probability Group,Derived from the complete unsampled exported simulation records.,Fresh seeded simulation from authoritative Word inputs.,,Blank only when the field is not applicable to the record.,Candidate predictor or response for later analysis.,
10_Sensitivity_Ready_Data::Scenario Design Template,10_Sensitivity_Ready_Data.xlsx,Scenario Design Template,Renormalisation_Method,string,,Renormalisation Method,Directly exported value.,Fresh seeded simulation from authoritative Word inputs.,,Blank only when the field is not applicable to the record.,Candidate predictor or response for later analysis.,
10_Sensitivity_Ready_Data::Scenario Design Template,10_Sensitivity_Ready_Data.xlsx,Scenario Design Template,Seed_Set_ID,string,identifier,Seed Set ID,Directly exported value.,Fresh seeded simulation from authoritative Word inputs.,,Blank only when the field is not applicable to the record.,"Supporting identifier, audit, or reconciliation field.",
10_Sensitivity_Ready_Data::Scenario Design Template,10_Sensitivity_Ready_Data.xlsx,Scenario Design Template,Approved,bool,,Approved,Directly exported value.,Fresh seeded simulation from authoritative Word inputs.,0; 1,Blank only when the field is not applicable to the record.,Candidate predictor or response for later analysis.,
10_Sensitivity_Ready_Data::Scenario Design Template,10_Sensitivity_Ready_Data.xlsx,Scenario Design Template,Notes,string,,Notes,Directly exported value.,Fresh seeded simulation from authoritative Word inputs.,,Blank only when the field is not applicable to the record.,Candidate predictor or response for later analysis.,
10_Sensitivity_Ready_Data::Common Random Numbers,10_Sensitivity_Ready_Data.xlsx,Common Random Numbers,Seed_Set_ID,string,identifier,Seed Set ID,Directly exported value.,Fresh seeded simulation from authoritative Word inputs.,,Blank only when the field is not applicable to the record.,"Supporting identifier, audit, or reconciliation field.",
10_Sensitivity_Ready_Data::Common Random Numbers,10_Sensitivity_Ready_Data.xlsx,Common Random Numbers,Root_Seed,int64,,Root Seed,Directly exported value.,Fresh seeded simulation from authoritative Word inputs.,,Blank only when the field is not applicable to the record.,Candidate predictor or response for later analysis.,
10_Sensitivity_Ready_Data::Common Random Numbers,10_Sensitivity_Ready_Data.xlsx,Common Random Numbers,PERT_Stream_ID,string,identifier,PERT Stream ID,Directly exported value.,Fresh seeded simulation from authoritative Word inputs.,,Blank only when the field is not applicable to the record.,Candidate predictor or response for later analysis.,
10_Sensitivity_Ready_Data::Common Random Numbers,10_Sensitivity_Ready_Data.xlsx,Common Random Numbers,GERT_Routing_Stream_ID,string,identifier,GERT Routing Stream ID,Directly exported value.,Fresh seeded simulation from authoritative Word inputs.,,Blank only when the field is not applicable to the record.,Candidate predictor or response for later analysis.,
10_Sensitivity_Ready_Data::Common Random Numbers,10_Sensitivity_Ready_Data.xlsx,Common Random Numbers,GERT_Duration_Stream_ID,string,identifier,GERT Duration Stream ID,Directly exported value.,Fresh seeded simulation from authoritative Word inputs.,,Blank only when the field is not applicable to the record.,Candidate predictor or response for later analysis.,
10_Sensitivity_Ready_Data::Common Random Numbers,10_Sensitivity_Ready_Data.xlsx,Common Random Numbers,Intended_Use,string,,Intended Use,Directly exported value.,Fresh seeded simulation from authoritative Word inputs.,,Blank only when the field is not applicable to the record.,"Supporting identifier, audit, or reconciliation field.",
10_Sensitivity_Ready_Data::Probability Constraints,10_Sensitivity_Ready_Data.xlsx,Probability Constraints,Probability_Group,string,dimensionless,Probability Group,Derived from the complete unsampled exported simulation records.,Fresh seeded simulation from authoritative Word inputs.,,Blank only when the field is not applicable to the record.,Candidate predictor or response for later analysis.,
10_Sensitivity_Ready_Data::Probability Constraints,10_Sensitivity_Ready_Data.xlsx,Probability Constraints,Arc_Tags,string,,Arc Tags,Directly exported value.,Fresh seeded simulation from authoritative Word inputs.,,Blank only when the field is not applicable to the record.,"Supporting identifier, audit, or reconciliation field.",
10_Sensitivity_Ready_Data::Probability Constraints,10_Sensitivity_Ready_Data.xlsx,Probability Constraints,Baseline_Sum,double,,Baseline Sum,Directly exported value.,Fresh seeded simulation from authoritative Word inputs.,,Blank only when the field is not applicable to the record.,"Supporting identifier, audit, or reconciliation field.",
10_Sensitivity_Ready_Data::Probability Constraints,10_Sensitivity_Ready_Data.xlsx,Probability Constraints,Constraint,string,,Constraint,Directly exported value.,Fresh seeded simulation from authoritative Word inputs.,,Blank only when the field is not applicable to the record.,Candidate predictor or response for later analysis.,
10_Sensitivity_Ready_Data::Probability Constraints,10_Sensitivity_Ready_Data.xlsx,Probability Constraints,Approval_Status,string,,Approval Status,Directly exported value.,Fresh seeded simulation from authoritative Word inputs.,,Blank only when the field is not applicable to the record.,Candidate predictor or response for later analysis.,
10_Sensitivity_Ready_Data::Duration Constraints,10_Sensitivity_Ready_Data.xlsx,Duration Constraints,Model,string,,Model,Directly exported value.,Fresh seeded simulation from authoritative Word inputs.,,Blank only when the field is not applicable to the record.,Candidate predictor or response for later analysis.,
10_Sensitivity_Ready_Data::Duration Constraints,10_Sensitivity_Ready_Data.xlsx,Duration Constraints,Entity_ID,string,identifier,Entity ID,Directly exported value.,Fresh seeded simulation from authoritative Word inputs.,,Blank only when the field is not applicable to the record.,"Supporting identifier, audit, or reconciliation field.",
10_Sensitivity_Ready_Data::Duration Constraints,10_Sensitivity_Ready_Data.xlsx,Duration Constraints,Baseline_O,double,,Baseline O,Directly exported value.,Fresh seeded simulation from authoritative Word inputs.,,Blank only when the field is not applicable to the record.,Candidate predictor or response for later analysis.,
10_Sensitivity_Ready_Data::Duration Constraints,10_Sensitivity_Ready_Data.xlsx,Duration Constraints,Baseline_ML,double,,Baseline ML,Directly exported value.,Fresh seeded simulation from authoritative Word inputs.,,Blank only when the field is not applicable to the record.,Candidate predictor or response for later analysis.,
10_Sensitivity_Ready_Data::Duration Constraints,10_Sensitivity_Ready_Data.xlsx,Duration Constraints,Baseline_P,double,,Baseline P,Directly exported value.,Fresh seeded simulation from authoritative Word inputs.,,Blank only when the field is not applicable to the record.,Candidate predictor or response for later analysis.,
10_Sensitivity_Ready_Data::Duration Constraints,10_Sensitivity_Ready_Data.xlsx,Duration Constraints,Constraint,string,,Constraint,Directly exported value.,Fresh seeded simulation from authoritative Word inputs.,,Blank only when the field is not applicable to the record.,Candidate predictor or response for later analysis.,
10_Sensitivity_Ready_Data::Duration Constraints,10_Sensitivity_Ready_Data.xlsx,Duration Constraints,Approval_Status,string,,Approval Status,Directly exported value.,Fresh seeded simulation from authoritative Word inputs.,,Blank only when the field is not applicable to the record.,Candidate predictor or response for later analysis.,
10_Sensitivity_Ready_Data::Loop Cap Alternatives,10_Sensitivity_Ready_Data.xlsx,Loop Cap Alternatives,Loop_ID,string,identifier,Loop ID,Directly exported value.,Fresh seeded simulation from authoritative Word inputs.,,Blank only when the field is not applicable to the record.,Candidate predictor or response for later analysis.,
10_Sensitivity_Ready_Data::Loop Cap Alternatives,10_Sensitivity_Ready_Data.xlsx,Loop Cap Alternatives,Baseline_Cap,int64,,Baseline Cap,Directly exported value.,Fresh seeded simulation from authoritative Word inputs.,,Blank only when the field is not applicable to the record.,Candidate predictor or response for later analysis.,
10_Sensitivity_Ready_Data::Loop Cap Alternatives,10_Sensitivity_Ready_Data.xlsx,Loop Cap Alternatives,Proposed_Cap,int64,,Proposed Cap,Directly exported value.,Fresh seeded simulation from authoritative Word inputs.,,Blank only when the field is not applicable to the record.,Candidate predictor or response for later analysis.,
10_Sensitivity_Ready_Data::Loop Cap Alternatives,10_Sensitivity_Ready_Data.xlsx,Loop Cap Alternatives,Approval_Status,string,,Approval Status,Directly exported value.,Fresh seeded simulation from authoritative Word inputs.,,Blank only when the field is not applicable to the record.,Candidate predictor or response for later analysis.,
10_Sensitivity_Ready_Data::Loop Cap Alternatives,10_Sensitivity_Ready_Data.xlsx,Loop Cap Alternatives,Notes,string,,Notes,Directly exported value.,Fresh seeded simulation from authoritative Word inputs.,,Blank only when the field is not applicable to the record.,Candidate predictor or response for later analysis.,
10_Sensitivity_Ready_Data::Analysis Method Register,10_Sensitivity_Ready_Data.xlsx,Analysis Method Register,Method,string,,Method,Directly exported value.,Fresh seeded simulation from authoritative Word inputs.,,Blank only when the field is not applicable to the record.,Candidate predictor or response for later analysis.,
10_Sensitivity_Ready_Data::Analysis Method Register,10_Sensitivity_Ready_Data.xlsx,Analysis Method Register,Data_Requirements,string,,Data Requirements,Directly exported value.,Fresh seeded simulation from authoritative Word inputs.,,Blank only when the field is not applicable to the record.,"Supporting identifier, audit, or reconciliation field.",
10_Sensitivity_Ready_Data::Analysis Method Register,10_Sensitivity_Ready_Data.xlsx,Analysis Method Register,Appropriate_Use,string,,Appropriate Use,Directly exported value.,Fresh seeded simulation from authoritative Word inputs.,,Blank only when the field is not applicable to the record.,Candidate predictor or response for later analysis.,
10_Sensitivity_Ready_Data::Analysis Method Register,10_Sensitivity_Ready_Data.xlsx,Analysis Method Register,Limitations,string,,Limitations,Directly exported value.,Fresh seeded simulation from authoritative Word inputs.,,Blank only when the field is not applicable to the record.,Candidate predictor or response for later analysis.,
11_Validation_and_Reconciliation::Input Validation,11_Validation_and_Reconciliation.xlsx,Input Validation,Test,string,,Test,Directly exported value.,Authoritative PERT Input.docx or GERT nput.docx.,,Blank only when the field is not applicable to the record.,"Supporting identifier, audit, or reconciliation field.",
11_Validation_and_Reconciliation::Input Validation,11_Validation_and_Reconciliation.xlsx,Input Validation,Status,string,,Status,Directly exported value.,Authoritative PERT Input.docx or GERT nput.docx.,,Blank only when the field is not applicable to the record.,"Supporting identifier, audit, or reconciliation field.",
11_Validation_and_Reconciliation::Input Validation,11_Validation_and_Reconciliation.xlsx,Input Validation,Detail,string,,Detail,Directly exported value.,Authoritative PERT Input.docx or GERT nput.docx.,,Blank only when the field is not applicable to the record.,"Supporting identifier, audit, or reconciliation field.",
11_Validation_and_Reconciliation::PERT Reconciliation,11_Validation_and_Reconciliation.xlsx,PERT Reconciliation,Iteration_ID,int64,identifier,One-based Monte Carlo iteration identifier.,Directly exported value.,Fresh seeded simulation from authoritative Word inputs.,,Blank only when the field is not applicable to the record.,Candidate predictor or response for later analysis.,
11_Validation_and_Reconciliation::PERT Reconciliation,11_Validation_and_Reconciliation.xlsx,PERT Reconciliation,Component_Sum,int64,,Component Sum,Directly exported value.,Fresh seeded simulation from authoritative Word inputs.,,Blank only when the field is not applicable to the record.,Candidate predictor or response for later analysis.,
11_Validation_and_Reconciliation::PERT Reconciliation,11_Validation_and_Reconciliation.xlsx,PERT Reconciliation,Recorded_Total,int64,,Recorded Total,Directly exported value.,Fresh seeded simulation from authoritative Word inputs.,,Blank only when the field is not applicable to the record.,Candidate predictor or response for later analysis.,
11_Validation_and_Reconciliation::PERT Reconciliation,11_Validation_and_Reconciliation.xlsx,PERT Reconciliation,Difference,int64,,Difference,Derived from the complete unsampled exported simulation records.,Fresh seeded simulation from authoritative Word inputs.,,Blank only when the field is not applicable to the record.,"Supporting identifier, audit, or reconciliation field.",
11_Validation_and_Reconciliation::PERT Reconciliation,11_Validation_and_Reconciliation.xlsx,PERT Reconciliation,Status,string,,Status,Directly exported value.,Fresh seeded simulation from authoritative Word inputs.,,Blank only when the field is not applicable to the record.,"Supporting identifier, audit, or reconciliation field.",
11_Validation_and_Reconciliation::GERT Reconciliation,11_Validation_and_Reconciliation.xlsx,GERT Reconciliation,Iteration_ID,int64,identifier,One-based Monte Carlo iteration identifier.,Directly exported value.,Fresh seeded simulation from authoritative Word inputs.,,Blank only when the field is not applicable to the record.,Candidate predictor or response for later analysis.,
11_Validation_and_Reconciliation::GERT Reconciliation,11_Validation_and_Reconciliation.xlsx,GERT Reconciliation,Final_Node,string,,Final Node,Directly exported value.,Fresh seeded simulation from authoritative Word inputs.,S7; ST,Blank only when the field is not applicable to the record.,Candidate predictor or response for later analysis.,
11_Validation_and_Reconciliation::GERT Reconciliation,11_Validation_and_Reconciliation.xlsx,GERT Reconciliation,Outcome,string,,Final absorbing GERT outcome.,Directly exported value.,Fresh seeded simulation from authoritative Word inputs.,Successful; Terminated,Blank only when the field is not applicable to the record.,Candidate predictor or response for later analysis.,
11_Validation_and_Reconciliation::GERT Reconciliation,11_Validation_and_Reconciliation.xlsx,GERT Reconciliation,Transition_Count,int64,count,Transition Count,Directly exported value.,Fresh seeded simulation from authoritative Word inputs.,,Blank only when the field is not applicable to the record.,Candidate predictor or response for later analysis.,
11_Validation_and_Reconciliation::GERT Reconciliation,11_Validation_and_Reconciliation.xlsx,GERT Reconciliation,Rounded_Total,int64,,Rounded Total,Directly exported value.,Fresh seeded simulation from authoritative Word inputs.,,Blank only when the field is not applicable to the record.,Candidate predictor or response for later analysis.,
11_Validation_and_Reconciliation::GERT Reconciliation,11_Validation_and_Reconciliation.xlsx,GERT Reconciliation,Failure_Reason,string,,Failure Reason,Directly exported value.,Fresh seeded simulation from authoritative Word inputs.,,Blank only when the field is not applicable to the record.,Candidate predictor or response for later analysis.,
11_Validation_and_Reconciliation::GERT Reconciliation,11_Validation_and_Reconciliation.xlsx,GERT Reconciliation,Status,string,,Status,Directly exported value.,Fresh seeded simulation from authoritative Word inputs.,,Blank only when the field is not applicable to the record.,"Supporting identifier, audit, or reconciliation field.",
11_Validation_and_Reconciliation::Probability Validation,11_Validation_and_Reconciliation.xlsx,Probability Validation,From_Node,string,,From Node,Directly exported value.,Fresh seeded simulation from authoritative Word inputs.,,Blank only when the field is not applicable to the record.,Candidate predictor or response for later analysis.,
11_Validation_and_Reconciliation::Probability Validation,11_Validation_and_Reconciliation.xlsx,Probability Validation,Arc_Count,int64,count,Arc Count,Directly exported value.,Fresh seeded simulation from authoritative Word inputs.,,Blank only when the field is not applicable to the record.,Candidate predictor or response for later analysis.,
11_Validation_and_Reconciliation::Probability Validation,11_Validation_and_Reconciliation.xlsx,Probability Validation,Probability_Sum,double,dimensionless,Probability Sum,Derived from the complete unsampled exported simulation records.,Fresh seeded simulation from authoritative Word inputs.,,Blank only when the field is not applicable to the record.,Candidate predictor or response for later analysis.,
11_Validation_and_Reconciliation::Probability Validation,11_Validation_and_Reconciliation.xlsx,Probability Validation,Tolerance,double,,Tolerance,Directly exported value.,Fresh seeded simulation from authoritative Word inputs.,,Blank only when the field is not applicable to the record.,Candidate predictor or response for later analysis.,
11_Validation_and_Reconciliation::Probability Validation,11_Validation_and_Reconciliation.xlsx,Probability Validation,Difference,double,,Difference,Derived from the complete unsampled exported simulation records.,Fresh seeded simulation from authoritative Word inputs.,,Blank only when the field is not applicable to the record.,"Supporting identifier, audit, or reconciliation field.",
11_Validation_and_Reconciliation::Probability Validation,11_Validation_and_Reconciliation.xlsx,Probability Validation,Status,string,,Status,Directly exported value.,Fresh seeded simulation from authoritative Word inputs.,,Blank only when the field is not applicable to the record.,"Supporting identifier, audit, or reconciliation field.",
11_Validation_and_Reconciliation::Loop Validation,11_Validation_and_Reconciliation.xlsx,Loop Validation,Loop_ID,string,identifier,Loop ID,Directly exported value.,Fresh seeded simulation from authoritative Word inputs.,,Blank only when the field is not applicable to the record.,Candidate predictor or response for later analysis.,
11_Validation_and_Reconciliation::Loop Validation,11_Validation_and_Reconciliation.xlsx,Loop Validation,Baseline_Cap,int64,,Baseline Cap,Directly exported value.,Fresh seeded simulation from authoritative Word inputs.,,Blank only when the field is not applicable to the record.,Candidate predictor or response for later analysis.,
11_Validation_and_Reconciliation::Loop Validation,11_Validation_and_Reconciliation.xlsx,Loop Validation,Maximum_Observed,int64,,Maximum Observed,Directly exported value.,Fresh seeded simulation from authoritative Word inputs.,,Blank only when the field is not applicable to the record.,Candidate predictor or response for later analysis.,
11_Validation_and_Reconciliation::Loop Validation,11_Validation_and_Reconciliation.xlsx,Loop Validation,Exceeded_Cap,bool,,Exceeded Cap,Directly exported value.,Fresh seeded simulation from authoritative Word inputs.,0; 1,Blank only when the field is not applicable to the record.,Candidate predictor or response for later analysis.,
11_Validation_and_Reconciliation::Loop Validation,11_Validation_and_Reconciliation.xlsx,Loop Validation,Status,string,,Status,Directly exported value.,Fresh seeded simulation from authoritative Word inputs.,,Blank only when the field is not applicable to the record.,"Supporting identifier, audit, or reconciliation field.",
11_Validation_and_Reconciliation::Cap Validation,11_Validation_and_Reconciliation.xlsx,Cap Validation,Loop_ID,string,identifier,Loop ID,Directly exported value.,Fresh seeded simulation from authoritative Word inputs.,,Blank only when the field is not applicable to the record.,Candidate predictor or response for later analysis.,
11_Validation_and_Reconciliation::Cap Validation,11_Validation_and_Reconciliation.xlsx,Cap Validation,Iterations_Reaching_Cap,int64,,Iterations Reaching Cap,Directly exported value.,Fresh seeded simulation from authoritative Word inputs.,,Blank only when the field is not applicable to the record.,Candidate predictor or response for later analysis.,
11_Validation_and_Reconciliation::Cap Validation,11_Validation_and_Reconciliation.xlsx,Cap Validation,Recorded_Cap_Events,int64,,Recorded Cap Events,Directly exported value.,Fresh seeded simulation from authoritative Word inputs.,,Blank only when the field is not applicable to the record.,Candidate predictor or response for later analysis.,
11_Validation_and_Reconciliation::Cap Validation,11_Validation_and_Reconciliation.xlsx,Cap Validation,Difference,int64,,Difference,Derived from the complete unsampled exported simulation records.,Fresh seeded simulation from authoritative Word inputs.,,Blank only when the field is not applicable to the record.,"Supporting identifier, audit, or reconciliation field.",
11_Validation_and_Reconciliation::Cap Validation,11_Validation_and_Reconciliation.xlsx,Cap Validation,Status,string,,Status,Directly exported value.,Fresh seeded simulation from authoritative Word inputs.,,Blank only when the field is not applicable to the record.,"Supporting identifier, audit, or reconciliation field.",
11_Validation_and_Reconciliation::Path Continuity,11_Validation_and_Reconciliation.xlsx,Path Continuity,Iteration_ID,int64,identifier,One-based Monte Carlo iteration identifier.,Directly exported value.,Fresh seeded simulation from authoritative Word inputs.,,Blank only when the field is not applicable to the record.,Candidate predictor or response for later analysis.,
11_Validation_and_Reconciliation::Path Continuity,11_Validation_and_Reconciliation.xlsx,Path Continuity,First_Node,string,,First Node,Directly exported value.,Fresh seeded simulation from authoritative Word inputs.,,Blank only when the field is not applicable to the record.,Candidate predictor or response for later analysis.,
11_Validation_and_Reconciliation::Path Continuity,11_Validation_and_Reconciliation.xlsx,Path Continuity,First_Arc,string,,First Arc,Directly exported value.,Fresh seeded simulation from authoritative Word inputs.,,Blank only when the field is not applicable to the record.,"Supporting identifier, audit, or reconciliation field.",
11_Validation_and_Reconciliation::Path Continuity,11_Validation_and_Reconciliation.xlsx,Path Continuity,Final_Node,string,,Final Node,Directly exported value.,Fresh seeded simulation from authoritative Word inputs.,S7; ST,Blank only when the field is not applicable to the record.,Candidate predictor or response for later analysis.,
11_Validation_and_Reconciliation::Path Continuity,11_Validation_and_Reconciliation.xlsx,Path Continuity,Arc_Count,int64,count,Arc Count,Directly exported value.,Fresh seeded simulation from authoritative Word inputs.,,Blank only when the field is not applicable to the record.,Candidate predictor or response for later analysis.,
11_Validation_and_Reconciliation::Path Continuity,11_Validation_and_Reconciliation.xlsx,Path Continuity,Node_Count,int64,count,Node Count,Directly exported value.,Fresh seeded simulation from authoritative Word inputs.,,Blank only when the field is not applicable to the record.,Candidate predictor or response for later analysis.,
11_Validation_and_Reconciliation::Path Continuity,11_Validation_and_Reconciliation.xlsx,Path Continuity,Difference,int64,,Difference,Derived from the complete unsampled exported simulation records.,Fresh seeded simulation from authoritative Word inputs.,,Blank only when the field is not applicable to the record.,"Supporting identifier, audit, or reconciliation field.",
11_Validation_and_Reconciliation::Path Continuity,11_Validation_and_Reconciliation.xlsx,Path Continuity,Status,string,,Status,Directly exported value.,Fresh seeded simulation from authoritative Word inputs.,,Blank only when the field is not applicable to the record.,"Supporting identifier, audit, or reconciliation field.",
11_Validation_and_Reconciliation::Duration Reconciliation,11_Validation_and_Reconciliation.xlsx,Duration Reconciliation,Model,string,,Model,Directly exported value.,Fresh seeded simulation from authoritative Word inputs.,,Blank only when the field is not applicable to the record.,Candidate predictor or response for later analysis.,
11_Validation_and_Reconciliation::Duration Reconciliation,11_Validation_and_Reconciliation.xlsx,Duration Reconciliation,Iteration_ID,int64,identifier,One-based Monte Carlo iteration identifier.,Directly exported value.,Fresh seeded simulation from authoritative Word inputs.,,Blank only when the field is not applicable to the record.,Candidate predictor or response for later analysis.,
11_Validation_and_Reconciliation::Duration Reconciliation,11_Validation_and_Reconciliation.xlsx,Duration Reconciliation,Component_Sum,int64,,Component Sum,Directly exported value.,Fresh seeded simulation from authoritative Word inputs.,,Blank only when the field is not applicable to the record.,Candidate predictor or response for later analysis.,
11_Validation_and_Reconciliation::Duration Reconciliation,11_Validation_and_Reconciliation.xlsx,Duration Reconciliation,Recorded_Total,int64,,Recorded Total,Directly exported value.,Fresh seeded simulation from authoritative Word inputs.,,Blank only when the field is not applicable to the record.,Candidate predictor or response for later analysis.,
11_Validation_and_Reconciliation::Duration Reconciliation,11_Validation_and_Reconciliation.xlsx,Duration Reconciliation,Difference,int64,,Difference,Derived from the complete unsampled exported simulation records.,Fresh seeded simulation from authoritative Word inputs.,,Blank only when the field is not applicable to the record.,"Supporting identifier, audit, or reconciliation field.",
11_Validation_and_Reconciliation::Duration Reconciliation,11_Validation_and_Reconciliation.xlsx,Duration Reconciliation,Status,string,,Status,Directly exported value.,Fresh seeded simulation from authoritative Word inputs.,,Blank only when the field is not applicable to the record.,"Supporting identifier, audit, or reconciliation field.",
11_Validation_and_Reconciliation::Exact Verification Status,11_Validation_and_Reconciliation.xlsx,Exact Verification Status,Test,string,,Test,Directly exported value.,Independent reachable finite-state sparse verifier.,,Blank only when the field is not applicable to the record.,"Supporting identifier, audit, or reconciliation field.",
11_Validation_and_Reconciliation::Exact Verification Status,11_Validation_and_Reconciliation.xlsx,Exact Verification Status,Status,string,,Status,Directly exported value.,Independent reachable finite-state sparse verifier.,,Blank only when the field is not applicable to the record.,"Supporting identifier, audit, or reconciliation field.",
11_Validation_and_Reconciliation::Exact Verification Status,11_Validation_and_Reconciliation.xlsx,Exact Verification Status,Value,double,,Value,Directly exported value.,Independent reachable finite-state sparse verifier.,,Blank only when the field is not applicable to the record.,"Supporting identifier, audit, or reconciliation field.",
11_Validation_and_Reconciliation::Exact Verification Status,11_Validation_and_Reconciliation.xlsx,Exact Verification Status,Requirement,string,,Requirement,Directly exported value.,Independent reachable finite-state sparse verifier.,,Blank only when the field is not applicable to the record.,"Supporting identifier, audit, or reconciliation field.",
11_Validation_and_Reconciliation::Reproducibility Comparison,11_Validation_and_Reconciliation.xlsx,Reproducibility Comparison,Model,string,,Model,Directly exported value.,Fresh seeded simulation from authoritative Word inputs.,,Blank only when the field is not applicable to the record.,Candidate predictor or response for later analysis.,
11_Validation_and_Reconciliation::Reproducibility Comparison,11_Validation_and_Reconciliation.xlsx,Reproducibility Comparison,Iteration_ID,int64,identifier,One-based Monte Carlo iteration identifier.,Directly exported value.,Fresh seeded simulation from authoritative Word inputs.,,Blank only when the field is not applicable to the record.,Candidate predictor or response for later analysis.,
11_Validation_and_Reconciliation::Reproducibility Comparison,11_Validation_and_Reconciliation.xlsx,Reproducibility Comparison,Run_1_Hash,string,,Run 1 Hash,Directly exported value.,Fresh seeded simulation from authoritative Word inputs.,,Blank only when the field is not applicable to the record.,"Supporting identifier, audit, or reconciliation field.",
11_Validation_and_Reconciliation::Reproducibility Comparison,11_Validation_and_Reconciliation.xlsx,Reproducibility Comparison,Run_2_Hash,string,,Run 2 Hash,Directly exported value.,Fresh seeded simulation from authoritative Word inputs.,,Blank only when the field is not applicable to the record.,"Supporting identifier, audit, or reconciliation field.",
11_Validation_and_Reconciliation::Reproducibility Comparison,11_Validation_and_Reconciliation.xlsx,Reproducibility Comparison,Exact_Match,bool,,Exact Match,Directly exported value.,Fresh seeded simulation from authoritative Word inputs.,0; 1,Blank only when the field is not applicable to the record.,"Supporting identifier, audit, or reconciliation field.",
11_Validation_and_Reconciliation::Row Count Reconciliation,11_Validation_and_Reconciliation.xlsx,Row Count Reconciliation,Dataset,string,,Dataset,Directly exported value.,Fresh seeded simulation from authoritative Word inputs.,,Blank only when the field is not applicable to the record.,"Supporting identifier, audit, or reconciliation field.",
11_Validation_and_Reconciliation::Row Count Reconciliation,11_Validation_and_Reconciliation.xlsx,Row Count Reconciliation,Expected_Rows,int64,,Expected Rows,Directly exported value.,Fresh seeded simulation from authoritative Word inputs.,,Blank only when the field is not applicable to the record.,Candidate predictor or response for later analysis.,
11_Validation_and_Reconciliation::Row Count Reconciliation,11_Validation_and_Reconciliation.xlsx,Row Count Reconciliation,Observed_Rows,int64,,Observed Rows,Directly exported value.,Fresh seeded simulation from authoritative Word inputs.,,Blank only when the field is not applicable to the record.,Candidate predictor or response for later analysis.,
11_Validation_and_Reconciliation::Row Count Reconciliation,11_Validation_and_Reconciliation.xlsx,Row Count Reconciliation,Difference,int64,,Difference,Derived from the complete unsampled exported simulation records.,Fresh seeded simulation from authoritative Word inputs.,,Blank only when the field is not applicable to the record.,"Supporting identifier, audit, or reconciliation field.",
11_Validation_and_Reconciliation::Row Count Reconciliation,11_Validation_and_Reconciliation.xlsx,Row Count Reconciliation,Status,string,,Status,Directly exported value.,Fresh seeded simulation from authoritative Word inputs.,,Blank only when the field is not applicable to the record.,"Supporting identifier, audit, or reconciliation field.",
11_Validation_and_Reconciliation::Cross-File Reconciliation,11_Validation_and_Reconciliation.xlsx,Cross-File Reconciliation,Check,string,,Check,Directly exported value.,Fresh seeded simulation from authoritative Word inputs.,,Blank only when the field is not applicable to the record.,"Supporting identifier, audit, or reconciliation field.",
11_Validation_and_Reconciliation::Cross-File Reconciliation,11_Validation_and_Reconciliation.xlsx,Cross-File Reconciliation,Status,string,,Status,Directly exported value.,Fresh seeded simulation from authoritative Word inputs.,,Blank only when the field is not applicable to the record.,"Supporting identifier, audit, or reconciliation field.",
11_Validation_and_Reconciliation::Cross-File Reconciliation,11_Validation_and_Reconciliation.xlsx,Cross-File Reconciliation,Evidence,string,,Evidence,Directly exported value.,Fresh seeded simulation from authoritative Word inputs.,,Blank only when the field is not applicable to the record.,"Supporting identifier, audit, or reconciliation field.",
11_Validation_and_Reconciliation::Workbook Integrity,11_Validation_and_Reconciliation.xlsx,Workbook Integrity,File_Name,string,,File Name,Directly exported value.,Fresh seeded simulation from authoritative Word inputs.,,Blank only when the field is not applicable to the record.,"Supporting identifier, audit, or reconciliation field.",
11_Validation_and_Reconciliation::Workbook Integrity,11_Validation_and_Reconciliation.xlsx,Workbook Integrity,Size_Bytes,int64,,Size Bytes,Directly exported value.,Fresh seeded simulation from authoritative Word inputs.,,Blank only when the field is not applicable to the record.,"Supporting identifier, audit, or reconciliation field.",
11_Validation_and_Reconciliation::Workbook Integrity,11_Validation_and_Reconciliation.xlsx,Workbook Integrity,SHA256,string,,SHA256,Directly exported value.,Fresh seeded simulation from authoritative Word inputs.,,Blank only when the field is not applicable to the record.,"Supporting identifier, audit, or reconciliation field.",
11_Validation_and_Reconciliation::Workbook Integrity,11_Validation_and_Reconciliation.xlsx,Workbook Integrity,ZIP_Integrity,string,,ZIP Integrity,Directly exported value.,Fresh seeded simulation from authoritative Word inputs.,,Blank only when the field is not applicable to the record.,Candidate predictor or response for later analysis.,
11_Validation_and_Reconciliation::Workbook Integrity,11_Validation_and_Reconciliation.xlsx,Workbook Integrity,Openpyxl_Open_Test,double,,Openpyxl Open Test,Directly exported value.,Fresh seeded simulation from authoritative Word inputs.,,Blank only when the field is not applicable to the record.,Candidate predictor or response for later analysis.,
11_Validation_and_Reconciliation::Workbook Integrity,11_Validation_and_Reconciliation.xlsx,Workbook Integrity,Excel_COM_Open_Test,double,,Excel COM Open Test,Directly exported value.,Fresh seeded simulation from authoritative Word inputs.,,Blank only when the field is not applicable to the record.,Candidate predictor or response for later analysis.,
11_Validation_and_Reconciliation::Workbook Integrity,11_Validation_and_Reconciliation.xlsx,Workbook Integrity,Validation_Status,bool,,Validation Status,Directly exported value.,Fresh seeded simulation from authoritative Word inputs.,0; 1,Blank only when the field is not applicable to the record.,Candidate predictor or response for later analysis.,
01_Input_and_Metadata::Data Dictionary,01_Input_and_Metadata.xlsx,Data Dictionary,Dataset,string,,Dataset,Directly exported value.,Fresh seeded simulation from authoritative Word inputs.,,Blank only when the field is not applicable to the record.,"Supporting identifier, audit, or reconciliation field.",
01_Input_and_Metadata::Data Dictionary,01_Input_and_Metadata.xlsx,Data Dictionary,Workbook,string,,Workbook,Directly exported value.,Fresh seeded simulation from authoritative Word inputs.,,Blank only when the field is not applicable to the record.,Candidate predictor or response for later analysis.,
01_Input_and_Metadata::Data Dictionary,01_Input_and_Metadata.xlsx,Data Dictionary,Worksheet,string,,Worksheet,Directly exported value.,Fresh seeded simulation from authoritative Word inputs.,,Blank only when the field is not applicable to the record.,Candidate predictor or response for later analysis.,
01_Input_and_Metadata::Data Dictionary,01_Input_and_Metadata.xlsx,Data Dictionary,Column_Name,string,,Column Name,Directly exported value.,Fresh seeded simulation from authoritative Word inputs.,,Blank only when the field is not applicable to the record.,Candidate predictor or response for later analysis.,
01_Input_and_Metadata::Data Dictionary,01_Input_and_Metadata.xlsx,Data Dictionary,Data_Type,string,,Data Type,Directly exported value.,Fresh seeded simulation from authoritative Word inputs.,,Blank only when the field is not applicable to the record.,Candidate predictor or response for later analysis.,
01_Input_and_Metadata::Data Dictionary,01_Input_and_Metadata.xlsx,Data Dictionary,Unit,string,,Unit,Directly exported value.,Fresh seeded simulation from authoritative Word inputs.,,Blank only when the field is not applicable to the record.,"Supporting identifier, audit, or reconciliation field.",
01_Input_and_Metadata::Data Dictionary,01_Input_and_Metadata.xlsx,Data Dictionary,Definition,string,,Definition,Directly exported value.,Fresh seeded simulation from authoritative Word inputs.,,Blank only when the field is not applicable to the record.,Candidate predictor or response for later analysis.,
01_Input_and_Metadata::Data Dictionary,01_Input_and_Metadata.xlsx,Data Dictionary,Calculation,string,,Calculation,Directly exported value.,Fresh seeded simulation from authoritative Word inputs.,,Blank only when the field is not applicable to the record.,Candidate predictor or response for later analysis.,
01_Input_and_Metadata::Data Dictionary,01_Input_and_Metadata.xlsx,Data Dictionary,Source,string,,Source,Directly exported value.,Fresh seeded simulation from authoritative Word inputs.,,Blank only when the field is not applicable to the record.,Candidate predictor or response for later analysis.,
01_Input_and_Metadata::Data Dictionary,01_Input_and_Metadata.xlsx,Data Dictionary,Allowed_Values,string,,Allowed Values,Directly exported value.,Fresh seeded simulation from authoritative Word inputs.,,Blank only when the field is not applicable to the record.,Candidate predictor or response for later analysis.,
01_Input_and_Metadata::Data Dictionary,01_Input_and_Metadata.xlsx,Data Dictionary,Missing_Value_Rule,string,,Missing Value Rule,Directly exported value.,Fresh seeded simulation from authoritative Word inputs.,,Blank only when the field is not applicable to the record.,"Supporting identifier, audit, or reconciliation field.",
01_Input_and_Metadata::Data Dictionary,01_Input_and_Metadata.xlsx,Data Dictionary,Sensitivity_Use,string,,Sensitivity Use,Directly exported value.,Fresh seeded simulation from authoritative Word inputs.,,Blank only when the field is not applicable to the record.,"Supporting identifier, audit, or reconciliation field.",
01_Input_and_Metadata::Data Dictionary,01_Input_and_Metadata.xlsx,Data Dictionary,Notes,string,,Notes,Directly exported value.,Fresh seeded simulation from authoritative Word inputs.,,Blank only when the field is not applicable to the record.,Candidate predictor or response for later analysis.,
03_PERT_Analysis_Ready::Data Dictionary,03_PERT_Analysis_Ready.xlsx,Data Dictionary,Dataset,string,,Dataset,Directly exported value.,Fresh seeded simulation from authoritative Word inputs.,,Blank only when the field is not applicable to the record.,"Supporting identifier, audit, or reconciliation field.",
03_PERT_Analysis_Ready::Data Dictionary,03_PERT_Analysis_Ready.xlsx,Data Dictionary,Workbook,string,,Workbook,Directly exported value.,Fresh seeded simulation from authoritative Word inputs.,,Blank only when the field is not applicable to the record.,Candidate predictor or response for later analysis.,
03_PERT_Analysis_Ready::Data Dictionary,03_PERT_Analysis_Ready.xlsx,Data Dictionary,Worksheet,string,,Worksheet,Directly exported value.,Fresh seeded simulation from authoritative Word inputs.,,Blank only when the field is not applicable to the record.,Candidate predictor or response for later analysis.,
03_PERT_Analysis_Ready::Data Dictionary,03_PERT_Analysis_Ready.xlsx,Data Dictionary,Column_Name,string,,Column Name,Directly exported value.,Fresh seeded simulation from authoritative Word inputs.,,Blank only when the field is not applicable to the record.,Candidate predictor or response for later analysis.,
03_PERT_Analysis_Ready::Data Dictionary,03_PERT_Analysis_Ready.xlsx,Data Dictionary,Data_Type,string,,Data Type,Directly exported value.,Fresh seeded simulation from authoritative Word inputs.,,Blank only when the field is not applicable to the record.,Candidate predictor or response for later analysis.,
03_PERT_Analysis_Ready::Data Dictionary,03_PERT_Analysis_Ready.xlsx,Data Dictionary,Unit,string,,Unit,Directly exported value.,Fresh seeded simulation from authoritative Word inputs.,,Blank only when the field is not applicable to the record.,"Supporting identifier, audit, or reconciliation field.",
03_PERT_Analysis_Ready::Data Dictionary,03_PERT_Analysis_Ready.xlsx,Data Dictionary,Definition,string,,Definition,Directly exported value.,Fresh seeded simulation from authoritative Word inputs.,,Blank only when the field is not applicable to the record.,Candidate predictor or response for later analysis.,
03_PERT_Analysis_Ready::Data Dictionary,03_PERT_Analysis_Ready.xlsx,Data Dictionary,Calculation,string,,Calculation,Directly exported value.,Fresh seeded simulation from authoritative Word inputs.,,Blank only when the field is not applicable to the record.,Candidate predictor or response for later analysis.,
03_PERT_Analysis_Ready::Data Dictionary,03_PERT_Analysis_Ready.xlsx,Data Dictionary,Source,string,,Source,Directly exported value.,Fresh seeded simulation from authoritative Word inputs.,,Blank only when the field is not applicable to the record.,Candidate predictor or response for later analysis.,
03_PERT_Analysis_Ready::Data Dictionary,03_PERT_Analysis_Ready.xlsx,Data Dictionary,Allowed_Values,string,,Allowed Values,Directly exported value.,Fresh seeded simulation from authoritative Word inputs.,,Blank only when the field is not applicable to the record.,Candidate predictor or response for later analysis.,
03_PERT_Analysis_Ready::Data Dictionary,03_PERT_Analysis_Ready.xlsx,Data Dictionary,Missing_Value_Rule,string,,Missing Value Rule,Directly exported value.,Fresh seeded simulation from authoritative Word inputs.,,Blank only when the field is not applicable to the record.,"Supporting identifier, audit, or reconciliation field.",
03_PERT_Analysis_Ready::Data Dictionary,03_PERT_Analysis_Ready.xlsx,Data Dictionary,Sensitivity_Use,string,,Sensitivity Use,Directly exported value.,Fresh seeded simulation from authoritative Word inputs.,,Blank only when the field is not applicable to the record.,"Supporting identifier, audit, or reconciliation field.",
03_PERT_Analysis_Ready::Data Dictionary,03_PERT_Analysis_Ready.xlsx,Data Dictionary,Notes,string,,Notes,Directly exported value.,Fresh seeded simulation from authoritative Word inputs.,,Blank only when the field is not applicable to the record.,Candidate predictor or response for later analysis.,
04_GERT_Iteration_Data::Data Dictionary,04_GERT_Iteration_Data.xlsx,Data Dictionary,Dataset,string,,Dataset,Directly exported value.,Fresh seeded simulation from authoritative Word inputs.,,Blank only when the field is not applicable to the record.,"Supporting identifier, audit, or reconciliation field.",
04_GERT_Iteration_Data::Data Dictionary,04_GERT_Iteration_Data.xlsx,Data Dictionary,Workbook,string,,Workbook,Directly exported value.,Fresh seeded simulation from authoritative Word inputs.,,Blank only when the field is not applicable to the record.,Candidate predictor or response for later analysis.,
04_GERT_Iteration_Data::Data Dictionary,04_GERT_Iteration_Data.xlsx,Data Dictionary,Worksheet,string,,Worksheet,Directly exported value.,Fresh seeded simulation from authoritative Word inputs.,,Blank only when the field is not applicable to the record.,Candidate predictor or response for later analysis.,
04_GERT_Iteration_Data::Data Dictionary,04_GERT_Iteration_Data.xlsx,Data Dictionary,Column_Name,string,,Column Name,Directly exported value.,Fresh seeded simulation from authoritative Word inputs.,,Blank only when the field is not applicable to the record.,Candidate predictor or response for later analysis.,
04_GERT_Iteration_Data::Data Dictionary,04_GERT_Iteration_Data.xlsx,Data Dictionary,Data_Type,string,,Data Type,Directly exported value.,Fresh seeded simulation from authoritative Word inputs.,,Blank only when the field is not applicable to the record.,Candidate predictor or response for later analysis.,
04_GERT_Iteration_Data::Data Dictionary,04_GERT_Iteration_Data.xlsx,Data Dictionary,Unit,string,,Unit,Directly exported value.,Fresh seeded simulation from authoritative Word inputs.,,Blank only when the field is not applicable to the record.,"Supporting identifier, audit, or reconciliation field.",
04_GERT_Iteration_Data::Data Dictionary,04_GERT_Iteration_Data.xlsx,Data Dictionary,Definition,string,,Definition,Directly exported value.,Fresh seeded simulation from authoritative Word inputs.,,Blank only when the field is not applicable to the record.,Candidate predictor or response for later analysis.,
04_GERT_Iteration_Data::Data Dictionary,04_GERT_Iteration_Data.xlsx,Data Dictionary,Calculation,string,,Calculation,Directly exported value.,Fresh seeded simulation from authoritative Word inputs.,,Blank only when the field is not applicable to the record.,Candidate predictor or response for later analysis.,
04_GERT_Iteration_Data::Data Dictionary,04_GERT_Iteration_Data.xlsx,Data Dictionary,Source,string,,Source,Directly exported value.,Fresh seeded simulation from authoritative Word inputs.,,Blank only when the field is not applicable to the record.,Candidate predictor or response for later analysis.,
04_GERT_Iteration_Data::Data Dictionary,04_GERT_Iteration_Data.xlsx,Data Dictionary,Allowed_Values,string,,Allowed Values,Directly exported value.,Fresh seeded simulation from authoritative Word inputs.,,Blank only when the field is not applicable to the record.,Candidate predictor or response for later analysis.,
04_GERT_Iteration_Data::Data Dictionary,04_GERT_Iteration_Data.xlsx,Data Dictionary,Missing_Value_Rule,string,,Missing Value Rule,Directly exported value.,Fresh seeded simulation from authoritative Word inputs.,,Blank only when the field is not applicable to the record.,"Supporting identifier, audit, or reconciliation field.",
04_GERT_Iteration_Data::Data Dictionary,04_GERT_Iteration_Data.xlsx,Data Dictionary,Sensitivity_Use,string,,Sensitivity Use,Directly exported value.,Fresh seeded simulation from authoritative Word inputs.,,Blank only when the field is not applicable to the record.,"Supporting identifier, audit, or reconciliation field.",
04_GERT_Iteration_Data::Data Dictionary,04_GERT_Iteration_Data.xlsx,Data Dictionary,Notes,string,,Notes,Directly exported value.,Fresh seeded simulation from authoritative Word inputs.,,Blank only when the field is not applicable to the record.,Candidate predictor or response for later analysis.,
05_GERT_Traversal_Data::Traversal Data Dictionary,05_GERT_Traversal_Data.xlsx,Traversal Data Dictionary,Dataset,string,,Dataset,Directly exported value.,Fresh seeded simulation from authoritative Word inputs.,,Blank only when the field is not applicable to the record.,"Supporting identifier, audit, or reconciliation field.",
05_GERT_Traversal_Data::Traversal Data Dictionary,05_GERT_Traversal_Data.xlsx,Traversal Data Dictionary,Workbook,string,,Workbook,Directly exported value.,Fresh seeded simulation from authoritative Word inputs.,,Blank only when the field is not applicable to the record.,Candidate predictor or response for later analysis.,
05_GERT_Traversal_Data::Traversal Data Dictionary,05_GERT_Traversal_Data.xlsx,Traversal Data Dictionary,Worksheet,string,,Worksheet,Directly exported value.,Fresh seeded simulation from authoritative Word inputs.,,Blank only when the field is not applicable to the record.,Candidate predictor or response for later analysis.,
05_GERT_Traversal_Data::Traversal Data Dictionary,05_GERT_Traversal_Data.xlsx,Traversal Data Dictionary,Column_Name,string,,Column Name,Directly exported value.,Fresh seeded simulation from authoritative Word inputs.,,Blank only when the field is not applicable to the record.,Candidate predictor or response for later analysis.,
05_GERT_Traversal_Data::Traversal Data Dictionary,05_GERT_Traversal_Data.xlsx,Traversal Data Dictionary,Data_Type,string,,Data Type,Directly exported value.,Fresh seeded simulation from authoritative Word inputs.,,Blank only when the field is not applicable to the record.,Candidate predictor or response for later analysis.,
05_GERT_Traversal_Data::Traversal Data Dictionary,05_GERT_Traversal_Data.xlsx,Traversal Data Dictionary,Unit,string,,Unit,Directly exported value.,Fresh seeded simulation from authoritative Word inputs.,,Blank only when the field is not applicable to the record.,"Supporting identifier, audit, or reconciliation field.",
05_GERT_Traversal_Data::Traversal Data Dictionary,05_GERT_Traversal_Data.xlsx,Traversal Data Dictionary,Definition,string,,Definition,Directly exported value.,Fresh seeded simulation from authoritative Word inputs.,,Blank only when the field is not applicable to the record.,Candidate predictor or response for later analysis.,
05_GERT_Traversal_Data::Traversal Data Dictionary,05_GERT_Traversal_Data.xlsx,Traversal Data Dictionary,Calculation,string,,Calculation,Directly exported value.,Fresh seeded simulation from authoritative Word inputs.,,Blank only when the field is not applicable to the record.,Candidate predictor or response for later analysis.,
05_GERT_Traversal_Data::Traversal Data Dictionary,05_GERT_Traversal_Data.xlsx,Traversal Data Dictionary,Source,string,,Source,Directly exported value.,Fresh seeded simulation from authoritative Word inputs.,,Blank only when the field is not applicable to the record.,Candidate predictor or response for later analysis.,
05_GERT_Traversal_Data::Traversal Data Dictionary,05_GERT_Traversal_Data.xlsx,Traversal Data Dictionary,Allowed_Values,string,,Allowed Values,Directly exported value.,Fresh seeded simulation from authoritative Word inputs.,,Blank only when the field is not applicable to the record.,Candidate predictor or response for later analysis.,
05_GERT_Traversal_Data::Traversal Data Dictionary,05_GERT_Traversal_Data.xlsx,Traversal Data Dictionary,Missing_Value_Rule,string,,Missing Value Rule,Directly exported value.,Fresh seeded simulation from authoritative Word inputs.,,Blank only when the field is not applicable to the record.,"Supporting identifier, audit, or reconciliation field.",
05_GERT_Traversal_Data::Traversal Data Dictionary,05_GERT_Traversal_Data.xlsx,Traversal Data Dictionary,Sensitivity_Use,string,,Sensitivity Use,Directly exported value.,Fresh seeded simulation from authoritative Word inputs.,,Blank only when the field is not applicable to the record.,"Supporting identifier, audit, or reconciliation field.",
05_GERT_Traversal_Data::Traversal Data Dictionary,05_GERT_Traversal_Data.xlsx,Traversal Data Dictionary,Notes,string,,Notes,Directly exported value.,Fresh seeded simulation from authoritative Word inputs.,,Blank only when the field is not applicable to the record.,Candidate predictor or response for later analysis.,
06_GERT_Structure_Events::Data Dictionary,06_GERT_Structure_Events.xlsx,Data Dictionary,Dataset,string,,Dataset,Directly exported value.,Fresh seeded simulation from authoritative Word inputs.,,Blank only when the field is not applicable to the record.,"Supporting identifier, audit, or reconciliation field.",
06_GERT_Structure_Events::Data Dictionary,06_GERT_Structure_Events.xlsx,Data Dictionary,Workbook,string,,Workbook,Directly exported value.,Fresh seeded simulation from authoritative Word inputs.,,Blank only when the field is not applicable to the record.,Candidate predictor or response for later analysis.,
06_GERT_Structure_Events::Data Dictionary,06_GERT_Structure_Events.xlsx,Data Dictionary,Worksheet,string,,Worksheet,Directly exported value.,Fresh seeded simulation from authoritative Word inputs.,,Blank only when the field is not applicable to the record.,Candidate predictor or response for later analysis.,
06_GERT_Structure_Events::Data Dictionary,06_GERT_Structure_Events.xlsx,Data Dictionary,Column_Name,string,,Column Name,Directly exported value.,Fresh seeded simulation from authoritative Word inputs.,,Blank only when the field is not applicable to the record.,Candidate predictor or response for later analysis.,
06_GERT_Structure_Events::Data Dictionary,06_GERT_Structure_Events.xlsx,Data Dictionary,Data_Type,string,,Data Type,Directly exported value.,Fresh seeded simulation from authoritative Word inputs.,,Blank only when the field is not applicable to the record.,Candidate predictor or response for later analysis.,
06_GERT_Structure_Events::Data Dictionary,06_GERT_Structure_Events.xlsx,Data Dictionary,Unit,string,,Unit,Directly exported value.,Fresh seeded simulation from authoritative Word inputs.,,Blank only when the field is not applicable to the record.,"Supporting identifier, audit, or reconciliation field.",
06_GERT_Structure_Events::Data Dictionary,06_GERT_Structure_Events.xlsx,Data Dictionary,Definition,string,,Definition,Directly exported value.,Fresh seeded simulation from authoritative Word inputs.,,Blank only when the field is not applicable to the record.,Candidate predictor or response for later analysis.,
06_GERT_Structure_Events::Data Dictionary,06_GERT_Structure_Events.xlsx,Data Dictionary,Calculation,string,,Calculation,Directly exported value.,Fresh seeded simulation from authoritative Word inputs.,,Blank only when the field is not applicable to the record.,Candidate predictor or response for later analysis.,
06_GERT_Structure_Events::Data Dictionary,06_GERT_Structure_Events.xlsx,Data Dictionary,Source,string,,Source,Directly exported value.,Fresh seeded simulation from authoritative Word inputs.,,Blank only when the field is not applicable to the record.,Candidate predictor or response for later analysis.,
06_GERT_Structure_Events::Data Dictionary,06_GERT_Structure_Events.xlsx,Data Dictionary,Allowed_Values,string,,Allowed Values,Directly exported value.,Fresh seeded simulation from authoritative Word inputs.,,Blank only when the field is not applicable to the record.,Candidate predictor or response for later analysis.,
06_GERT_Structure_Events::Data Dictionary,06_GERT_Structure_Events.xlsx,Data Dictionary,Missing_Value_Rule,string,,Missing Value Rule,Directly exported value.,Fresh seeded simulation from authoritative Word inputs.,,Blank only when the field is not applicable to the record.,"Supporting identifier, audit, or reconciliation field.",
06_GERT_Structure_Events::Data Dictionary,06_GERT_Structure_Events.xlsx,Data Dictionary,Sensitivity_Use,string,,Sensitivity Use,Directly exported value.,Fresh seeded simulation from authoritative Word inputs.,,Blank only when the field is not applicable to the record.,"Supporting identifier, audit, or reconciliation field.",
06_GERT_Structure_Events::Data Dictionary,06_GERT_Structure_Events.xlsx,Data Dictionary,Notes,string,,Notes,Directly exported value.,Fresh seeded simulation from authoritative Word inputs.,,Blank only when the field is not applicable to the record.,Candidate predictor or response for later analysis.,
07_GERT_Analysis_Ready::Data Dictionary,07_GERT_Analysis_Ready.xlsx,Data Dictionary,Dataset,string,,Dataset,Directly exported value.,Fresh seeded simulation from authoritative Word inputs.,,Blank only when the field is not applicable to the record.,"Supporting identifier, audit, or reconciliation field.",
07_GERT_Analysis_Ready::Data Dictionary,07_GERT_Analysis_Ready.xlsx,Data Dictionary,Workbook,string,,Workbook,Directly exported value.,Fresh seeded simulation from authoritative Word inputs.,,Blank only when the field is not applicable to the record.,Candidate predictor or response for later analysis.,
07_GERT_Analysis_Ready::Data Dictionary,07_GERT_Analysis_Ready.xlsx,Data Dictionary,Worksheet,string,,Worksheet,Directly exported value.,Fresh seeded simulation from authoritative Word inputs.,,Blank only when the field is not applicable to the record.,Candidate predictor or response for later analysis.,
07_GERT_Analysis_Ready::Data Dictionary,07_GERT_Analysis_Ready.xlsx,Data Dictionary,Column_Name,string,,Column Name,Directly exported value.,Fresh seeded simulation from authoritative Word inputs.,,Blank only when the field is not applicable to the record.,Candidate predictor or response for later analysis.,
07_GERT_Analysis_Ready::Data Dictionary,07_GERT_Analysis_Ready.xlsx,Data Dictionary,Data_Type,string,,Data Type,Directly exported value.,Fresh seeded simulation from authoritative Word inputs.,,Blank only when the field is not applicable to the record.,Candidate predictor or response for later analysis.,
07_GERT_Analysis_Ready::Data Dictionary,07_GERT_Analysis_Ready.xlsx,Data Dictionary,Unit,string,,Unit,Directly exported value.,Fresh seeded simulation from authoritative Word inputs.,,Blank only when the field is not applicable to the record.,"Supporting identifier, audit, or reconciliation field.",
07_GERT_Analysis_Ready::Data Dictionary,07_GERT_Analysis_Ready.xlsx,Data Dictionary,Definition,string,,Definition,Directly exported value.,Fresh seeded simulation from authoritative Word inputs.,,Blank only when the field is not applicable to the record.,Candidate predictor or response for later analysis.,
07_GERT_Analysis_Ready::Data Dictionary,07_GERT_Analysis_Ready.xlsx,Data Dictionary,Calculation,string,,Calculation,Directly exported value.,Fresh seeded simulation from authoritative Word inputs.,,Blank only when the field is not applicable to the record.,Candidate predictor or response for later analysis.,
07_GERT_Analysis_Ready::Data Dictionary,07_GERT_Analysis_Ready.xlsx,Data Dictionary,Source,string,,Source,Directly exported value.,Fresh seeded simulation from authoritative Word inputs.,,Blank only when the field is not applicable to the record.,Candidate predictor or response for later analysis.,
07_GERT_Analysis_Ready::Data Dictionary,07_GERT_Analysis_Ready.xlsx,Data Dictionary,Allowed_Values,string,,Allowed Values,Directly exported value.,Fresh seeded simulation from authoritative Word inputs.,,Blank only when the field is not applicable to the record.,Candidate predictor or response for later analysis.,
07_GERT_Analysis_Ready::Data Dictionary,07_GERT_Analysis_Ready.xlsx,Data Dictionary,Missing_Value_Rule,string,,Missing Value Rule,Directly exported value.,Fresh seeded simulation from authoritative Word inputs.,,Blank only when the field is not applicable to the record.,"Supporting identifier, audit, or reconciliation field.",
07_GERT_Analysis_Ready::Data Dictionary,07_GERT_Analysis_Ready.xlsx,Data Dictionary,Sensitivity_Use,string,,Sensitivity Use,Directly exported value.,Fresh seeded simulation from authoritative Word inputs.,,Blank only when the field is not applicable to the record.,"Supporting identifier, audit, or reconciliation field.",
07_GERT_Analysis_Ready::Data Dictionary,07_GERT_Analysis_Ready.xlsx,Data Dictionary,Notes,string,,Notes,Directly exported value.,Fresh seeded simulation from authoritative Word inputs.,,Blank only when the field is not applicable to the record.,Candidate predictor or response for later analysis.,
08_Exact_Verification::Data Dictionary,08_Exact_Verification.xlsx,Data Dictionary,Dataset,string,,Dataset,Directly exported value.,Independent reachable finite-state sparse verifier.,,Blank only when the field is not applicable to the record.,"Supporting identifier, audit, or reconciliation field.",
08_Exact_Verification::Data Dictionary,08_Exact_Verification.xlsx,Data Dictionary,Workbook,string,,Workbook,Directly exported value.,Independent reachable finite-state sparse verifier.,,Blank only when the field is not applicable to the record.,Candidate predictor or response for later analysis.,
08_Exact_Verification::Data Dictionary,08_Exact_Verification.xlsx,Data Dictionary,Worksheet,string,,Worksheet,Directly exported value.,Independent reachable finite-state sparse verifier.,,Blank only when the field is not applicable to the record.,Candidate predictor or response for later analysis.,
08_Exact_Verification::Data Dictionary,08_Exact_Verification.xlsx,Data Dictionary,Column_Name,string,,Column Name,Directly exported value.,Independent reachable finite-state sparse verifier.,,Blank only when the field is not applicable to the record.,Candidate predictor or response for later analysis.,
08_Exact_Verification::Data Dictionary,08_Exact_Verification.xlsx,Data Dictionary,Data_Type,string,,Data Type,Directly exported value.,Independent reachable finite-state sparse verifier.,,Blank only when the field is not applicable to the record.,Candidate predictor or response for later analysis.,
08_Exact_Verification::Data Dictionary,08_Exact_Verification.xlsx,Data Dictionary,Unit,string,,Unit,Directly exported value.,Independent reachable finite-state sparse verifier.,,Blank only when the field is not applicable to the record.,"Supporting identifier, audit, or reconciliation field.",
08_Exact_Verification::Data Dictionary,08_Exact_Verification.xlsx,Data Dictionary,Definition,string,,Definition,Directly exported value.,Independent reachable finite-state sparse verifier.,,Blank only when the field is not applicable to the record.,Candidate predictor or response for later analysis.,
08_Exact_Verification::Data Dictionary,08_Exact_Verification.xlsx,Data Dictionary,Calculation,string,,Calculation,Directly exported value.,Independent reachable finite-state sparse verifier.,,Blank only when the field is not applicable to the record.,Candidate predictor or response for later analysis.,
08_Exact_Verification::Data Dictionary,08_Exact_Verification.xlsx,Data Dictionary,Source,string,,Source,Directly exported value.,Independent reachable finite-state sparse verifier.,,Blank only when the field is not applicable to the record.,Candidate predictor or response for later analysis.,
08_Exact_Verification::Data Dictionary,08_Exact_Verification.xlsx,Data Dictionary,Allowed_Values,string,,Allowed Values,Directly exported value.,Independent reachable finite-state sparse verifier.,,Blank only when the field is not applicable to the record.,Candidate predictor or response for later analysis.,
08_Exact_Verification::Data Dictionary,08_Exact_Verification.xlsx,Data Dictionary,Missing_Value_Rule,string,,Missing Value Rule,Directly exported value.,Independent reachable finite-state sparse verifier.,,Blank only when the field is not applicable to the record.,"Supporting identifier, audit, or reconciliation field.",
08_Exact_Verification::Data Dictionary,08_Exact_Verification.xlsx,Data Dictionary,Sensitivity_Use,string,,Sensitivity Use,Directly exported value.,Independent reachable finite-state sparse verifier.,,Blank only when the field is not applicable to the record.,"Supporting identifier, audit, or reconciliation field.",
08_Exact_Verification::Data Dictionary,08_Exact_Verification.xlsx,Data Dictionary,Notes,string,,Notes,Directly exported value.,Independent reachable finite-state sparse verifier.,,Blank only when the field is not applicable to the record.,Candidate predictor or response for later analysis.,
09_Convergence_Data::Data Dictionary,09_Convergence_Data.xlsx,Data Dictionary,Dataset,string,,Dataset,Directly exported value.,Fresh seeded simulation from authoritative Word inputs.,,Blank only when the field is not applicable to the record.,"Supporting identifier, audit, or reconciliation field.",
09_Convergence_Data::Data Dictionary,09_Convergence_Data.xlsx,Data Dictionary,Workbook,string,,Workbook,Directly exported value.,Fresh seeded simulation from authoritative Word inputs.,,Blank only when the field is not applicable to the record.,Candidate predictor or response for later analysis.,
09_Convergence_Data::Data Dictionary,09_Convergence_Data.xlsx,Data Dictionary,Worksheet,string,,Worksheet,Directly exported value.,Fresh seeded simulation from authoritative Word inputs.,,Blank only when the field is not applicable to the record.,Candidate predictor or response for later analysis.,
09_Convergence_Data::Data Dictionary,09_Convergence_Data.xlsx,Data Dictionary,Column_Name,string,,Column Name,Directly exported value.,Fresh seeded simulation from authoritative Word inputs.,,Blank only when the field is not applicable to the record.,Candidate predictor or response for later analysis.,
09_Convergence_Data::Data Dictionary,09_Convergence_Data.xlsx,Data Dictionary,Data_Type,string,,Data Type,Directly exported value.,Fresh seeded simulation from authoritative Word inputs.,,Blank only when the field is not applicable to the record.,Candidate predictor or response for later analysis.,
09_Convergence_Data::Data Dictionary,09_Convergence_Data.xlsx,Data Dictionary,Unit,string,,Unit,Directly exported value.,Fresh seeded simulation from authoritative Word inputs.,,Blank only when the field is not applicable to the record.,"Supporting identifier, audit, or reconciliation field.",
09_Convergence_Data::Data Dictionary,09_Convergence_Data.xlsx,Data Dictionary,Definition,string,,Definition,Directly exported value.,Fresh seeded simulation from authoritative Word inputs.,,Blank only when the field is not applicable to the record.,Candidate predictor or response for later analysis.,
09_Convergence_Data::Data Dictionary,09_Convergence_Data.xlsx,Data Dictionary,Calculation,string,,Calculation,Directly exported value.,Fresh seeded simulation from authoritative Word inputs.,,Blank only when the field is not applicable to the record.,Candidate predictor or response for later analysis.,
09_Convergence_Data::Data Dictionary,09_Convergence_Data.xlsx,Data Dictionary,Source,string,,Source,Directly exported value.,Fresh seeded simulation from authoritative Word inputs.,,Blank only when the field is not applicable to the record.,Candidate predictor or response for later analysis.,
09_Convergence_Data::Data Dictionary,09_Convergence_Data.xlsx,Data Dictionary,Allowed_Values,string,,Allowed Values,Directly exported value.,Fresh seeded simulation from authoritative Word inputs.,,Blank only when the field is not applicable to the record.,Candidate predictor or response for later analysis.,
09_Convergence_Data::Data Dictionary,09_Convergence_Data.xlsx,Data Dictionary,Missing_Value_Rule,string,,Missing Value Rule,Directly exported value.,Fresh seeded simulation from authoritative Word inputs.,,Blank only when the field is not applicable to the record.,"Supporting identifier, audit, or reconciliation field.",
09_Convergence_Data::Data Dictionary,09_Convergence_Data.xlsx,Data Dictionary,Sensitivity_Use,string,,Sensitivity Use,Directly exported value.,Fresh seeded simulation from authoritative Word inputs.,,Blank only when the field is not applicable to the record.,"Supporting identifier, audit, or reconciliation field.",
09_Convergence_Data::Data Dictionary,09_Convergence_Data.xlsx,Data Dictionary,Notes,string,,Notes,Directly exported value.,Fresh seeded simulation from authoritative Word inputs.,,Blank only when the field is not applicable to the record.,Candidate predictor or response for later analysis.,
10_Sensitivity_Ready_Data::Data Dictionary,10_Sensitivity_Ready_Data.xlsx,Data Dictionary,Dataset,string,,Dataset,Directly exported value.,Fresh seeded simulation from authoritative Word inputs.,,Blank only when the field is not applicable to the record.,"Supporting identifier, audit, or reconciliation field.",
10_Sensitivity_Ready_Data::Data Dictionary,10_Sensitivity_Ready_Data.xlsx,Data Dictionary,Workbook,string,,Workbook,Directly exported value.,Fresh seeded simulation from authoritative Word inputs.,,Blank only when the field is not applicable to the record.,Candidate predictor or response for later analysis.,
10_Sensitivity_Ready_Data::Data Dictionary,10_Sensitivity_Ready_Data.xlsx,Data Dictionary,Worksheet,string,,Worksheet,Directly exported value.,Fresh seeded simulation from authoritative Word inputs.,,Blank only when the field is not applicable to the record.,Candidate predictor or response for later analysis.,
10_Sensitivity_Ready_Data::Data Dictionary,10_Sensitivity_Ready_Data.xlsx,Data Dictionary,Column_Name,string,,Column Name,Directly exported value.,Fresh seeded simulation from authoritative Word inputs.,,Blank only when the field is not applicable to the record.,Candidate predictor or response for later analysis.,
10_Sensitivity_Ready_Data::Data Dictionary,10_Sensitivity_Ready_Data.xlsx,Data Dictionary,Data_Type,string,,Data Type,Directly exported value.,Fresh seeded simulation from authoritative Word inputs.,,Blank only when the field is not applicable to the record.,Candidate predictor or response for later analysis.,
10_Sensitivity_Ready_Data::Data Dictionary,10_Sensitivity_Ready_Data.xlsx,Data Dictionary,Unit,string,,Unit,Directly exported value.,Fresh seeded simulation from authoritative Word inputs.,,Blank only when the field is not applicable to the record.,"Supporting identifier, audit, or reconciliation field.",
10_Sensitivity_Ready_Data::Data Dictionary,10_Sensitivity_Ready_Data.xlsx,Data Dictionary,Definition,string,,Definition,Directly exported value.,Fresh seeded simulation from authoritative Word inputs.,,Blank only when the field is not applicable to the record.,Candidate predictor or response for later analysis.,
10_Sensitivity_Ready_Data::Data Dictionary,10_Sensitivity_Ready_Data.xlsx,Data Dictionary,Calculation,string,,Calculation,Directly exported value.,Fresh seeded simulation from authoritative Word inputs.,,Blank only when the field is not applicable to the record.,Candidate predictor or response for later analysis.,
10_Sensitivity_Ready_Data::Data Dictionary,10_Sensitivity_Ready_Data.xlsx,Data Dictionary,Source,string,,Source,Directly exported value.,Fresh seeded simulation from authoritative Word inputs.,,Blank only when the field is not applicable to the record.,Candidate predictor or response for later analysis.,
10_Sensitivity_Ready_Data::Data Dictionary,10_Sensitivity_Ready_Data.xlsx,Data Dictionary,Allowed_Values,string,,Allowed Values,Directly exported value.,Fresh seeded simulation from authoritative Word inputs.,,Blank only when the field is not applicable to the record.,Candidate predictor or response for later analysis.,
10_Sensitivity_Ready_Data::Data Dictionary,10_Sensitivity_Ready_Data.xlsx,Data Dictionary,Missing_Value_Rule,string,,Missing Value Rule,Directly exported value.,Fresh seeded simulation from authoritative Word inputs.,,Blank only when the field is not applicable to the record.,"Supporting identifier, audit, or reconciliation field.",
10_Sensitivity_Ready_Data::Data Dictionary,10_Sensitivity_Ready_Data.xlsx,Data Dictionary,Sensitivity_Use,string,,Sensitivity Use,Directly exported value.,Fresh seeded simulation from authoritative Word inputs.,,Blank only when the field is not applicable to the record.,"Supporting identifier, audit, or reconciliation field.",
10_Sensitivity_Ready_Data::Data Dictionary,10_Sensitivity_Ready_Data.xlsx,Data Dictionary,Notes,string,,Notes,Directly exported value.,Fresh seeded simulation from authoritative Word inputs.,,Blank only when the field is not applicable to the record.,Candidate predictor or response for later analysis.,
11_Validation_and_Reconciliation::Data Dictionary,11_Validation_and_Reconciliation.xlsx,Data Dictionary,Dataset,string,,Dataset,Directly exported value.,Fresh seeded simulation from authoritative Word inputs.,,Blank only when the field is not applicable to the record.,"Supporting identifier, audit, or reconciliation field.",
11_Validation_and_Reconciliation::Data Dictionary,11_Validation_and_Reconciliation.xlsx,Data Dictionary,Workbook,string,,Workbook,Directly exported value.,Fresh seeded simulation from authoritative Word inputs.,,Blank only when the field is not applicable to the record.,Candidate predictor or response for later analysis.,
11_Validation_and_Reconciliation::Data Dictionary,11_Validation_and_Reconciliation.xlsx,Data Dictionary,Worksheet,string,,Worksheet,Directly exported value.,Fresh seeded simulation from authoritative Word inputs.,,Blank only when the field is not applicable to the record.,Candidate predictor or response for later analysis.,
11_Validation_and_Reconciliation::Data Dictionary,11_Validation_and_Reconciliation.xlsx,Data Dictionary,Column_Name,string,,Column Name,Directly exported value.,Fresh seeded simulation from authoritative Word inputs.,,Blank only when the field is not applicable to the record.,Candidate predictor or response for later analysis.,
11_Validation_and_Reconciliation::Data Dictionary,11_Validation_and_Reconciliation.xlsx,Data Dictionary,Data_Type,string,,Data Type,Directly exported value.,Fresh seeded simulation from authoritative Word inputs.,,Blank only when the field is not applicable to the record.,Candidate predictor or response for later analysis.,
11_Validation_and_Reconciliation::Data Dictionary,11_Validation_and_Reconciliation.xlsx,Data Dictionary,Unit,string,,Unit,Directly exported value.,Fresh seeded simulation from authoritative Word inputs.,,Blank only when the field is not applicable to the record.,"Supporting identifier, audit, or reconciliation field.",
11_Validation_and_Reconciliation::Data Dictionary,11_Validation_and_Reconciliation.xlsx,Data Dictionary,Definition,string,,Definition,Directly exported value.,Fresh seeded simulation from authoritative Word inputs.,,Blank only when the field is not applicable to the record.,Candidate predictor or response for later analysis.,
11_Validation_and_Reconciliation::Data Dictionary,11_Validation_and_Reconciliation.xlsx,Data Dictionary,Calculation,string,,Calculation,Directly exported value.,Fresh seeded simulation from authoritative Word inputs.,,Blank only when the field is not applicable to the record.,Candidate predictor or response for later analysis.,
11_Validation_and_Reconciliation::Data Dictionary,11_Validation_and_Reconciliation.xlsx,Data Dictionary,Source,string,,Source,Directly exported value.,Fresh seeded simulation from authoritative Word inputs.,,Blank only when the field is not applicable to the record.,Candidate predictor or response for later analysis.,
11_Validation_and_Reconciliation::Data Dictionary,11_Validation_and_Reconciliation.xlsx,Data Dictionary,Allowed_Values,string,,Allowed Values,Directly exported value.,Fresh seeded simulation from authoritative Word inputs.,,Blank only when the field is not applicable to the record.,Candidate predictor or response for later analysis.,
11_Validation_and_Reconciliation::Data Dictionary,11_Validation_and_Reconciliation.xlsx,Data Dictionary,Missing_Value_Rule,string,,Missing Value Rule,Directly exported value.,Fresh seeded simulation from authoritative Word inputs.,,Blank only when the field is not applicable to the record.,"Supporting identifier, audit, or reconciliation field.",
11_Validation_and_Reconciliation::Data Dictionary,11_Validation_and_Reconciliation.xlsx,Data Dictionary,Sensitivity_Use,string,,Sensitivity Use,Directly exported value.,Fresh seeded simulation from authoritative Word inputs.,,Blank only when the field is not applicable to the record.,"Supporting identifier, audit, or reconciliation field.",
11_Validation_and_Reconciliation::Data Dictionary,11_Validation_and_Reconciliation.xlsx,Data Dictionary,Notes,string,,Notes,Directly exported value.,Fresh seeded simulation from authoritative Word inputs.,,Blank only when the field is not applicable to the record.,Candidate predictor or response for later analysis.,
00_Master_Index::File Manifest,00_Master_Index.xlsx,File Manifest,File_Name,string,,File Name,Directly exported value.,Fresh seeded simulation from authoritative Word inputs.,,Blank only when the field is not applicable to the record.,"Supporting identifier, audit, or reconciliation field.",
00_Master_Index::File Manifest,00_Master_Index.xlsx,File Manifest,Relative_Path,double,,Relative Path,Directly exported value.,Fresh seeded simulation from authoritative Word inputs.,,Blank only when the field is not applicable to the record.,Candidate predictor or response for later analysis.,
00_Master_Index::File Manifest,00_Master_Index.xlsx,File Manifest,Description,string,,Description,Directly exported value.,Fresh seeded simulation from authoritative Word inputs.,,Blank only when the field is not applicable to the record.,Candidate predictor or response for later analysis.,
00_Master_Index::File Manifest,00_Master_Index.xlsx,File Manifest,Sheet_Names,string,,Sheet Names,Directly exported value.,Fresh seeded simulation from authoritative Word inputs.,,Blank only when the field is not applicable to the record.,"Supporting identifier, audit, or reconciliation field.",
00_Master_Index::File Manifest,00_Master_Index.xlsx,File Manifest,Row_Count,int64,count,Row Count,Directly exported value.,Fresh seeded simulation from authoritative Word inputs.,,Blank only when the field is not applicable to the record.,Candidate predictor or response for later analysis.,
00_Master_Index::File Manifest,00_Master_Index.xlsx,File Manifest,Column_Count,int64,count,Column Count,Directly exported value.,Fresh seeded simulation from authoritative Word inputs.,,Blank only when the field is not applicable to the record.,Candidate predictor or response for later analysis.,
00_Master_Index::File Manifest,00_Master_Index.xlsx,File Manifest,File_Size,int64,,File Size,Directly exported value.,Fresh seeded simulation from authoritative Word inputs.,,Blank only when the field is not applicable to the record.,"Supporting identifier, audit, or reconciliation field.",
00_Master_Index::File Manifest,00_Master_Index.xlsx,File Manifest,SHA256,string,,SHA256,Directly exported value.,Fresh seeded simulation from authoritative Word inputs.,,Blank only when the field is not applicable to the record.,"Supporting identifier, audit, or reconciliation field.",
00_Master_Index::File Manifest,00_Master_Index.xlsx,File Manifest,ZIP_Integrity,string,,ZIP Integrity,Directly exported value.,Fresh seeded simulation from authoritative Word inputs.,,Blank only when the field is not applicable to the record.,Candidate predictor or response for later analysis.,
00_Master_Index::File Manifest,00_Master_Index.xlsx,File Manifest,Openpyxl_Open_Test,double,,Openpyxl Open Test,Directly exported value.,Fresh seeded simulation from authoritative Word inputs.,,Blank only when the field is not applicable to the record.,Candidate predictor or response for later analysis.,
00_Master_Index::File Manifest,00_Master_Index.xlsx,File Manifest,Excel_COM_Open_Test,double,,Excel COM Open Test,Directly exported value.,Fresh seeded simulation from authoritative Word inputs.,,Blank only when the field is not applicable to the record.,Candidate predictor or response for later analysis.,
00_Master_Index::File Manifest,00_Master_Index.xlsx,File Manifest,Validation_Status,bool,,Validation Status,Directly exported value.,Fresh seeded simulation from authoritative Word inputs.,0; 1,Blank only when the field is not applicable to the record.,Candidate predictor or response for later analysis.,
00_Master_Index::Dataset Register,00_Master_Index.xlsx,Dataset Register,Dataset,string,,Dataset,Directly exported value.,Fresh seeded simulation from authoritative Word inputs.,,Blank only when the field is not applicable to the record.,"Supporting identifier, audit, or reconciliation field.",
00_Master_Index::Dataset Register,00_Master_Index.xlsx,Dataset Register,Workbook,string,,Workbook,Directly exported value.,Fresh seeded simulation from authoritative Word inputs.,,Blank only when the field is not applicable to the record.,Candidate predictor or response for later analysis.,
00_Master_Index::Dataset Register,00_Master_Index.xlsx,Dataset Register,Worksheet,string,,Worksheet,Directly exported value.,Fresh seeded simulation from authoritative Word inputs.,,Blank only when the field is not applicable to the record.,Candidate predictor or response for later analysis.,
00_Master_Index::Dataset Register,00_Master_Index.xlsx,Dataset Register,Excel_Data_Rows,int64,,Excel Data Rows,Directly exported value.,Fresh seeded simulation from authoritative Word inputs.,,Blank only when the field is not applicable to the record.,Candidate predictor or response for later analysis.,
00_Master_Index::Dataset Register,00_Master_Index.xlsx,Dataset Register,Column_Count,int64,count,Column Count,Directly exported value.,Fresh seeded simulation from authoritative Word inputs.,,Blank only when the field is not applicable to the record.,Candidate predictor or response for later analysis.,
00_Master_Index::Dataset Register,00_Master_Index.xlsx,Dataset Register,CSV_File,string,,CSV File,Directly exported value.,Fresh seeded simulation from authoritative Word inputs.,,Blank only when the field is not applicable to the record.,"Supporting identifier, audit, or reconciliation field.",
00_Master_Index::Dataset Register,00_Master_Index.xlsx,Dataset Register,CSV_SHA256,string,,CSV SHA256,Directly exported value.,Fresh seeded simulation from authoritative Word inputs.,,Blank only when the field is not applicable to the record.,"Supporting identifier, audit, or reconciliation field.",
00_Master_Index::Dataset Register,00_Master_Index.xlsx,Dataset Register,Parquet_File,string,,Parquet File,Directly exported value.,Fresh seeded simulation from authoritative Word inputs.,,Blank only when the field is not applicable to the record.,Candidate predictor or response for later analysis.,
00_Master_Index::Dataset Register,00_Master_Index.xlsx,Dataset Register,Parquet_SHA256,string,,Parquet SHA256,Directly exported value.,Fresh seeded simulation from authoritative Word inputs.,,Blank only when the field is not applicable to the record.,Candidate predictor or response for later analysis.,
00_Master_Index::Dataset Register,00_Master_Index.xlsx,Dataset Register,CSV_Rows,int64,,CSV Rows,Directly exported value.,Fresh seeded simulation from authoritative Word inputs.,,Blank only when the field is not applicable to the record.,Candidate predictor or response for later analysis.,
00_Master_Index::Dataset Register,00_Master_Index.xlsx,Dataset Register,Parquet_Rows,int64,,Parquet Rows,Directly exported value.,Fresh seeded simulation from authoritative Word inputs.,,Blank only when the field is not applicable to the record.,Candidate predictor or response for later analysis.,
00_Master_Index::Dataset Register,00_Master_Index.xlsx,Dataset Register,Parity_Status,string,,Parity Status,Directly exported value.,Fresh seeded simulation from authoritative Word inputs.,,Blank only when the field is not applicable to the record.,Candidate predictor or response for later analysis.,
00_Master_Index::Input Hashes,00_Master_Index.xlsx,Input Hashes,Input_File,string,,Input File,Directly exported value.,Authoritative PERT Input.docx or GERT nput.docx.,,Blank only when the field is not applicable to the record.,Candidate predictor or response for later analysis.,
00_Master_Index::Input Hashes,00_Master_Index.xlsx,Input Hashes,SHA256,string,,SHA256,Directly exported value.,Authoritative PERT Input.docx or GERT nput.docx.,,Blank only when the field is not applicable to the record.,"Supporting identifier, audit, or reconciliation field.",
00_Master_Index::Input Hashes,00_Master_Index.xlsx,Input Hashes,Authority,string,,Authority,Directly exported value.,Authoritative PERT Input.docx or GERT nput.docx.,,Blank only when the field is not applicable to the record.,Candidate predictor or response for later analysis.,
00_Master_Index::Simulation Summary,00_Master_Index.xlsx,Simulation Summary,Metric,string,,Metric,Directly exported value.,Fresh seeded simulation from authoritative Word inputs.,,Blank only when the field is not applicable to the record.,"Supporting identifier, audit, or reconciliation field.",
00_Master_Index::Simulation Summary,00_Master_Index.xlsx,Simulation Summary,Value,string,,Value,Directly exported value.,Fresh seeded simulation from authoritative Word inputs.,,Blank only when the field is not applicable to the record.,"Supporting identifier, audit, or reconciliation field.",
00_Master_Index::Row Counts,00_Master_Index.xlsx,Row Counts,Dataset,string,,Dataset,Directly exported value.,Fresh seeded simulation from authoritative Word inputs.,,Blank only when the field is not applicable to the record.,"Supporting identifier, audit, or reconciliation field.",
00_Master_Index::Row Counts,00_Master_Index.xlsx,Row Counts,Workbook,string,,Workbook,Directly exported value.,Fresh seeded simulation from authoritative Word inputs.,,Blank only when the field is not applicable to the record.,Candidate predictor or response for later analysis.,
00_Master_Index::Row Counts,00_Master_Index.xlsx,Row Counts,Worksheet,string,,Worksheet,Directly exported value.,Fresh seeded simulation from authoritative Word inputs.,,Blank only when the field is not applicable to the record.,Candidate predictor or response for later analysis.,
00_Master_Index::Row Counts,00_Master_Index.xlsx,Row Counts,Excel_Rows,int64,,Excel Rows,Directly exported value.,Fresh seeded simulation from authoritative Word inputs.,,Blank only when the field is not applicable to the record.,Candidate predictor or response for later analysis.,
00_Master_Index::Row Counts,00_Master_Index.xlsx,Row Counts,CSV_Rows,int64,,CSV Rows,Directly exported value.,Fresh seeded simulation from authoritative Word inputs.,,Blank only when the field is not applicable to the record.,Candidate predictor or response for later analysis.,
00_Master_Index::Row Counts,00_Master_Index.xlsx,Row Counts,Parquet_Rows,int64,,Parquet Rows,Directly exported value.,Fresh seeded simulation from authoritative Word inputs.,,Blank only when the field is not applicable to the record.,Candidate predictor or response for later analysis.,
00_Master_Index::Row Counts,00_Master_Index.xlsx,Row Counts,Status,string,,Status,Directly exported value.,Fresh seeded simulation from authoritative Word inputs.,,Blank only when the field is not applicable to the record.,"Supporting identifier, audit, or reconciliation field.",
00_Master_Index::Column Counts,00_Master_Index.xlsx,Column Counts,Dataset,string,,Dataset,Directly exported value.,Fresh seeded simulation from authoritative Word inputs.,,Blank only when the field is not applicable to the record.,"Supporting identifier, audit, or reconciliation field.",
00_Master_Index::Column Counts,00_Master_Index.xlsx,Column Counts,Workbook,string,,Workbook,Directly exported value.,Fresh seeded simulation from authoritative Word inputs.,,Blank only when the field is not applicable to the record.,Candidate predictor or response for later analysis.,
00_Master_Index::Column Counts,00_Master_Index.xlsx,Column Counts,Worksheet,string,,Worksheet,Directly exported value.,Fresh seeded simulation from authoritative Word inputs.,,Blank only when the field is not applicable to the record.,Candidate predictor or response for later analysis.,
00_Master_Index::Column Counts,00_Master_Index.xlsx,Column Counts,Column_Count,int64,count,Column Count,Directly exported value.,Fresh seeded simulation from authoritative Word inputs.,,Blank only when the field is not applicable to the record.,Candidate predictor or response for later analysis.,
00_Master_Index::Column Counts,00_Master_Index.xlsx,Column Counts,Status,string,,Status,Directly exported value.,Fresh seeded simulation from authoritative Word inputs.,,Blank only when the field is not applicable to the record.,"Supporting identifier, audit, or reconciliation field.",
00_Master_Index::Data Dictionary Index,00_Master_Index.xlsx,Data Dictionary Index,Workbook,string,,Workbook,Directly exported value.,Fresh seeded simulation from authoritative Word inputs.,,Blank only when the field is not applicable to the record.,Candidate predictor or response for later analysis.,
00_Master_Index::Data Dictionary Index,00_Master_Index.xlsx,Data Dictionary Index,Worksheet,string,,Worksheet,Directly exported value.,Fresh seeded simulation from authoritative Word inputs.,,Blank only when the field is not applicable to the record.,Candidate predictor or response for later analysis.,
00_Master_Index::Data Dictionary Index,00_Master_Index.xlsx,Data Dictionary Index,Scope,string,,Scope,Directly exported value.,Fresh seeded simulation from authoritative Word inputs.,,Blank only when the field is not applicable to the record.,Candidate predictor or response for later analysis.,
00_Master_Index::Validation Status,00_Master_Index.xlsx,Validation Status,Test,string,,Test,Directly exported value.,Fresh seeded simulation from authoritative Word inputs.,,Blank only when the field is not applicable to the record.,"Supporting identifier, audit, or reconciliation field.",
00_Master_Index::Validation Status,00_Master_Index.xlsx,Validation Status,Status,string,,Status,Directly exported value.,Fresh seeded simulation from authoritative Word inputs.,,Blank only when the field is not applicable to the record.,"Supporting identifier, audit, or reconciliation field.",
00_Master_Index::Validation Status,00_Master_Index.xlsx,Validation Status,Detail,string,,Detail,Directly exported value.,Fresh seeded simulation from authoritative Word inputs.,,Blank only when the field is not applicable to the record.,"Supporting identifier, audit, or reconciliation field.",
00_Master_Index::Reproducibility Status,00_Master_Index.xlsx,Reproducibility Status,Model,string,,Model,Directly exported value.,Fresh seeded simulation from authoritative Word inputs.,,Blank only when the field is not applicable to the record.,Candidate predictor or response for later analysis.,
00_Master_Index::Reproducibility Status,00_Master_Index.xlsx,Reproducibility Status,Iterations_Compared,int64,,Iterations Compared,Directly exported value.,Fresh seeded simulation from authoritative Word inputs.,,Blank only when the field is not applicable to the record.,Candidate predictor or response for later analysis.,
00_Master_Index::Reproducibility Status,00_Master_Index.xlsx,Reproducibility Status,Iteration_Level_Exact_Match,bool,,Iteration Level Exact Match,Directly exported value.,Fresh seeded simulation from authoritative Word inputs.,0; 1,Blank only when the field is not applicable to the record.,Candidate predictor or response for later analysis.,
00_Master_Index::Reproducibility Status,00_Master_Index.xlsx,Reproducibility Status,Status,string,,Status,Directly exported value.,Fresh seeded simulation from authoritative Word inputs.,,Blank only when the field is not applicable to the record.,"Supporting identifier, audit, or reconciliation field.",
00_Master_Index::Exact Verification Status,00_Master_Index.xlsx,Exact Verification Status,Metric,string,,Metric,Directly exported value.,Independent reachable finite-state sparse verifier.,,Blank only when the field is not applicable to the record.,"Supporting identifier, audit, or reconciliation field.",
00_Master_Index::Exact Verification Status,00_Master_Index.xlsx,Exact Verification Status,Value,string,,Value,Directly exported value.,Independent reachable finite-state sparse verifier.,,Blank only when the field is not applicable to the record.,"Supporting identifier, audit, or reconciliation field.",
00_Master_Index::Sensitivity Readiness,00_Master_Index.xlsx,Sensitivity Readiness,Analysis,string,,Analysis,Directly exported value.,Fresh seeded simulation from authoritative Word inputs.,,Blank only when the field is not applicable to the record.,"Supporting identifier, audit, or reconciliation field.",
00_Master_Index::Sensitivity Readiness,00_Master_Index.xlsx,Sensitivity Readiness,Status,string,,Status,Directly exported value.,Fresh seeded simulation from authoritative Word inputs.,,Blank only when the field is not applicable to the record.,"Supporting identifier, audit, or reconciliation field.",
00_Master_Index::Sensitivity Readiness,00_Master_Index.xlsx,Sensitivity Readiness,Evidence_or_Requirement,double,,Evidence or Requirement,Directly exported value.,Fresh seeded simulation from authoritative Word inputs.,,Blank only when the field is not applicable to the record.,Candidate predictor or response for later analysis.,
00_Master_Index::Limitations,00_Master_Index.xlsx,Limitations,Topic,string,,Topic,Directly exported value.,Fresh seeded simulation from authoritative Word inputs.,,Blank only when the field is not applicable to the record.,Candidate predictor or response for later analysis.,
00_Master_Index::Limitations,00_Master_Index.xlsx,Limitations,Limitation,string,,Limitation,Directly exported value.,Fresh seeded simulation from authoritative Word inputs.,,Blank only when the field is not applicable to the record.,Candidate predictor or response for later analysis.,
Data_Dictionary::Data Dictionary,Data_Dictionary.xlsx,Data Dictionary,Dataset,string,,Dataset,Directly exported value.,Fresh seeded simulation from authoritative Word inputs.,,Blank only when the field is not applicable to the record.,"Supporting identifier, audit, or reconciliation field.",
Data_Dictionary::Data Dictionary,Data_Dictionary.xlsx,Data Dictionary,Workbook,string,,Workbook,Directly exported value.,Fresh seeded simulation from authoritative Word inputs.,,Blank only when the field is not applicable to the record.,Candidate predictor or response for later analysis.,
Data_Dictionary::Data Dictionary,Data_Dictionary.xlsx,Data Dictionary,Worksheet,string,,Worksheet,Directly exported value.,Fresh seeded simulation from authoritative Word inputs.,,Blank only when the field is not applicable to the record.,Candidate predictor or response for later analysis.,
Data_Dictionary::Data Dictionary,Data_Dictionary.xlsx,Data Dictionary,Column_Name,string,,Column Name,Directly exported value.,Fresh seeded simulation from authoritative Word inputs.,,Blank only when the field is not applicable to the record.,Candidate predictor or response for later analysis.,
Data_Dictionary::Data Dictionary,Data_Dictionary.xlsx,Data Dictionary,Data_Type,string,,Data Type,Directly exported value.,Fresh seeded simulation from authoritative Word inputs.,,Blank only when the field is not applicable to the record.,Candidate predictor or response for later analysis.,
Data_Dictionary::Data Dictionary,Data_Dictionary.xlsx,Data Dictionary,Unit,string,,Unit,Directly exported value.,Fresh seeded simulation from authoritative Word inputs.,,Blank only when the field is not applicable to the record.,"Supporting identifier, audit, or reconciliation field.",
Data_Dictionary::Data Dictionary,Data_Dictionary.xlsx,Data Dictionary,Definition,string,,Definition,Directly exported value.,Fresh seeded simulation from authoritative Word inputs.,,Blank only when the field is not applicable to the record.,Candidate predictor or response for later analysis.,
Data_Dictionary::Data Dictionary,Data_Dictionary.xlsx,Data Dictionary,Calculation,string,,Calculation,Directly exported value.,Fresh seeded simulation from authoritative Word inputs.,,Blank only when the field is not applicable to the record.,Candidate predictor or response for later analysis.,
Data_Dictionary::Data Dictionary,Data_Dictionary.xlsx,Data Dictionary,Source,string,,Source,Directly exported value.,Fresh seeded simulation from authoritative Word inputs.,,Blank only when the field is not applicable to the record.,Candidate predictor or response for later analysis.,
Data_Dictionary::Data Dictionary,Data_Dictionary.xlsx,Data Dictionary,Allowed_Values,string,,Allowed Values,Directly exported value.,Fresh seeded simulation from authoritative Word inputs.,,Blank only when the field is not applicable to the record.,Candidate predictor or response for later analysis.,
Data_Dictionary::Data Dictionary,Data_Dictionary.xlsx,Data Dictionary,Missing_Value_Rule,string,,Missing Value Rule,Directly exported value.,Fresh seeded simulation from authoritative Word inputs.,,Blank only when the field is not applicable to the record.,"Supporting identifier, audit, or reconciliation field.",
Data_Dictionary::Data Dictionary,Data_Dictionary.xlsx,Data Dictionary,Sensitivity_Use,string,,Sensitivity Use,Directly exported value.,Fresh seeded simulation from authoritative Word inputs.,,Blank only when the field is not applicable to the record.,"Supporting identifier, audit, or reconciliation field.",
Data_Dictionary::Data Dictionary,Data_Dictionary.xlsx,Data Dictionary,Notes,string,,Notes,Directly exported value.,Fresh seeded simulation from authoritative Word inputs.,,Blank only when the field is not applicable to the record.,Candidate predictor or response for later analysis.,
