Iteration_ID,Rounded_Component_Sum,Recorded_Total,Difference,Reconciled,Reconciliation_Error
1,106,106,0,1,
2,109,109,0,1,
3,113,113,0,1,
4,122,122,0,1,
5,116,116,0,1,
6,105,105,0,1,
7,112,112,0,1,
8,120,120,0,1,
9,127,127,0,1,
10,113,113,0,1,
11,112,112,0,1,
12,108,108,0,1,
13,115,115,0,1,
14,119,119,0,1,
15,118,118,0,1,
16,116,116,0,1,
17,124,124,0,1,
18,120,120,0,1,
19,109,109,0,1,
20,125,125,0,1,
21,112,112,0,1,
22,114,114,0,1,
23,115,115,0,1,
24,129,129,0,1,
25,110,110,0,1,
26,127,127,0,1,
27,110,110,0,1,
28,103,103,0,1,
29,106,106,0,1,
30,119,119,0,1,
31,112,112,0,1,
32,105,105,0,1,
33,116,116,0,1,
34,115,115,0,1,
35,102,102,0,1,
36,118,118,0,1,
37,115,115,0,1,
38,114,114,0,1,
39,123,123,0,1,
40,113,113,0,1,
41,107,107,0,1,
42,109,109,0,1,
43,109,109,0,1,
44,115,115,0,1,
45,108,108,0,1,
46,109,109,0,1,
47,116,116,0,1,
48,114,114,0,1,
49,111,111,0,1,
50,111,111,0,1,
51,105,105,0,1,
52,114,114,0,1,
53,113,113,0,1,
54,127,127,0,1,
55,120,120,0,1,
56,118,118,0,1,
57,112,112,0,1,
58,119,119,0,1,
59,116,116,0,1,
60,120,120,0,1,
61,114,114,0,1,
62,114,114,0,1,
63,109,109,0,1,
64,111,111,0,1,
65,117,117,0,1,
66,107,107,0,1,
67,112,112,0,1,
68,107,107,0,1,
69,117,117,0,1,
70,100,100,0,1,
71,111,111,0,1,
72,121,121,0,1,
73,115,115,0,1,
74,109,109,0,1,
75,110,110,0,1,
76,126,126,0,1,
77,120,120,0,1,
78,114,114,0,1,
79,123,123,0,1,
80,107,107,0,1,
81,117,117,0,1,
82,106,106,0,1,
83,119,119,0,1,
84,110,110,0,1,
85,110,110,0,1,
86,113,113,0,1,
87,119,119,0,1,
88,120,120,0,1,
89,108,108,0,1,
90,117,117,0,1,
91,118,118,0,1,
92,116,116,0,1,
93,104,104,0,1,
94,118,118,0,1,
95,109,109,0,1,
96,104,104,0,1,
97,107,107,0,1,
98,116,116,0,1,
99,116,116,0,1,
100,110,110,0,1,
101,122,122,0,1,
102,122,122,0,1,
103,120,120,0,1,
104,113,113,0,1,
105,121,121,0,1,
106,120,120,0,1,
107,119,119,0,1,
108,121,121,0,1,
109,116,116,0,1,
110,104,104,0,1,
111,117,117,0,1,
112,114,114,0,1,
113,110,110,0,1,
114,116,116,0,1,
115,115,115,0,1,
116,117,117,0,1,
117,119,119,0,1,
118,125,125,0,1,
119,115,115,0,1,
120,112,112,0,1,
121,117,117,0,1,
122,110,110,0,1,
123,115,115,0,1,
124,111,111,0,1,
125,109,109,0,1,
126,111,111,0,1,
127,116,116,0,1,
128,109,109,0,1,
129,124,124,0,1,
130,100,100,0,1,
131,111,111,0,1,
132,115,115,0,1,
133,118,118,0,1,
134,117,117,0,1,
135,120,120,0,1,
136,116,116,0,1,
137,116,116,0,1,
138,110,110,0,1,
139,122,122,0,1,
140,108,108,0,1,
141,110,110,0,1,
142,115,115,0,1,
143,108,108,0,1,
144,113,113,0,1,
145,104,104,0,1,
146,122,122,0,1,
147,117,117,0,1,
148,112,112,0,1,
149,126,126,0,1,
150,110,110,0,1,
151,117,117,0,1,
152,113,113,0,1,
153,113,113,0,1,
154,112,112,0,1,
155,112,112,0,1,
156,123,123,0,1,
157,118,118,0,1,
158,125,125,0,1,
159,103,103,0,1,
160,114,114,0,1,
161,109,109,0,1,
162,120,120,0,1,
163,113,113,0,1,
164,112,112,0,1,
165,110,110,0,1,
166,107,107,0,1,
167,108,108,0,1,
168,114,114,0,1,
169,114,114,0,1,
170,127,127,0,1,
171,121,121,0,1,
172,111,111,0,1,
173,126,126,0,1,
174,112,112,0,1,
175,116,116,0,1,
176,120,120,0,1,
177,120,120,0,1,
178,102,102,0,1,
179,111,111,0,1,
180,108,108,0,1,
181,128,128,0,1,
182,111,111,0,1,
183,124,124,0,1,
184,110,110,0,1,
185,126,126,0,1,
186,105,105,0,1,
187,108,108,0,1,
188,119,119,0,1,
189,112,112,0,1,
190,117,117,0,1,
191,120,120,0,1,
192,123,123,0,1,
193,113,113,0,1,
194,124,124,0,1,
195,132,132,0,1,
196,120,120,0,1,
197,107,107,0,1,
198,115,115,0,1,
199,104,104,0,1,
200,107,107,0,1,
201,114,114,0,1,
202,112,112,0,1,
203,111,111,0,1,
204,121,121,0,1,
205,117,117,0,1,
206,110,110,0,1,
207,114,114,0,1,
208,133,133,0,1,
209,113,113,0,1,
210,110,110,0,1,
211,109,109,0,1,
212,114,114,0,1,
213,116,116,0,1,
214,117,117,0,1,
215,110,110,0,1,
216,120,120,0,1,
217,109,109,0,1,
218,123,123,0,1,
219,118,118,0,1,
220,130,130,0,1,
221,114,114,0,1,
222,118,118,0,1,
223,109,109,0,1,
224,117,117,0,1,
225,114,114,0,1,
226,116,116,0,1,
227,121,121,0,1,
228,119,119,0,1,
229,112,112,0,1,
230,111,111,0,1,
231,128,128,0,1,
232,126,126,0,1,
233,111,111,0,1,
234,119,119,0,1,
235,109,109,0,1,
236,112,112,0,1,
237,124,124,0,1,
238,109,109,0,1,
239,108,108,0,1,
240,114,114,0,1,
241,104,104,0,1,
242,111,111,0,1,
243,110,110,0,1,
244,114,114,0,1,
245,110,110,0,1,
246,126,126,0,1,
247,119,119,0,1,
248,117,117,0,1,
249,107,107,0,1,
250,111,111,0,1,
251,120,120,0,1,
252,107,107,0,1,
253,118,118,0,1,
254,113,113,0,1,
255,111,111,0,1,
256,115,115,0,1,
257,112,112,0,1,
258,125,125,0,1,
259,126,126,0,1,
260,111,111,0,1,
261,108,108,0,1,
262,113,113,0,1,
263,115,115,0,1,
264,128,128,0,1,
265,109,109,0,1,
266,112,112,0,1,
267,107,107,0,1,
268,124,124,0,1,
269,113,113,0,1,
270,124,124,0,1,
271,121,121,0,1,
272,119,119,0,1,
273,117,117,0,1,
274,121,121,0,1,
275,121,121,0,1,
276,119,119,0,1,
277,122,122,0,1,
278,121,121,0,1,
279,127,127,0,1,
280,104,104,0,1,
281,102,102,0,1,
282,117,117,0,1,
283,111,111,0,1,
284,114,114,0,1,
285,129,129,0,1,
286,118,118,0,1,
287,113,113,0,1,
288,121,121,0,1,
289,116,116,0,1,
290,116,116,0,1,
291,127,127,0,1,
292,113,113,0,1,
293,111,111,0,1,
294,111,111,0,1,
295,126,126,0,1,
296,122,122,0,1,
297,122,122,0,1,
298,112,112,0,1,
299,109,109,0,1,
300,121,121,0,1,
301,116,116,0,1,
302,122,122,0,1,
303,115,115,0,1,
304,117,117,0,1,
305,107,107,0,1,
306,125,125,0,1,
307,109,109,0,1,
308,112,112,0,1,
309,128,128,0,1,
310,120,120,0,1,
311,121,121,0,1,
312,119,119,0,1,
313,113,113,0,1,
314,108,108,0,1,
315,109,109,0,1,
316,117,117,0,1,
317,120,120,0,1,
318,114,114,0,1,
319,111,111,0,1,
320,113,113,0,1,
321,121,121,0,1,
322,112,112,0,1,
323,114,114,0,1,
324,105,105,0,1,
325,115,115,0,1,
326,102,102,0,1,
327,114,114,0,1,
328,107,107,0,1,
329,108,108,0,1,
330,119,119,0,1,
331,107,107,0,1,
332,105,105,0,1,
333,124,124,0,1,
334,110,110,0,1,
335,120,120,0,1,
336,112,112,0,1,
337,112,112,0,1,
338,111,111,0,1,
339,108,108,0,1,
340,122,122,0,1,
341,125,125,0,1,
342,101,101,0,1,
343,112,112,0,1,
344,119,119,0,1,
345,129,129,0,1,
346,116,116,0,1,
347,113,113,0,1,
348,108,108,0,1,
349,119,119,0,1,
350,120,120,0,1,
351,110,110,0,1,
352,123,123,0,1,
353,123,123,0,1,
354,111,111,0,1,
355,117,117,0,1,
356,123,123,0,1,
357,126,126,0,1,
358,126,126,0,1,
359,119,119,0,1,
360,108,108,0,1,
361,105,105,0,1,
362,117,117,0,1,
363,130,130,0,1,
364,118,118,0,1,
365,114,114,0,1,
366,116,116,0,1,
367,114,114,0,1,
368,115,115,0,1,
369,121,121,0,1,
370,110,110,0,1,
371,113,113,0,1,
372,127,127,0,1,
373,111,111,0,1,
374,105,105,0,1,
375,117,117,0,1,
376,113,113,0,1,
377,125,125,0,1,
378,106,106,0,1,
379,111,111,0,1,
380,119,119,0,1,
381,129,129,0,1,
382,105,105,0,1,
383,106,106,0,1,
384,127,127,0,1,
385,111,111,0,1,
386,109,109,0,1,
387,105,105,0,1,
388,117,117,0,1,
389,105,105,0,1,
390,118,118,0,1,
391,121,121,0,1,
392,110,110,0,1,
393,115,115,0,1,
394,113,113,0,1,
395,107,107,0,1,
396,127,127,0,1,
397,110,110,0,1,
398,110,110,0,1,
399,114,114,0,1,
400,107,107,0,1,
401,102,102,0,1,
402,119,119,0,1,
403,110,110,0,1,
404,118,118,0,1,
405,112,112,0,1,
406,110,110,0,1,
407,107,107,0,1,
408,124,124,0,1,
409,123,123,0,1,
410,108,108,0,1,
411,120,120,0,1,
412,121,121,0,1,
413,127,127,0,1,
414,109,109,0,1,
415,110,110,0,1,
416,118,118,0,1,
417,104,104,0,1,
418,103,103,0,1,
419,117,117,0,1,
420,106,106,0,1,
421,111,111,0,1,
422,114,114,0,1,
423,108,108,0,1,
424,111,111,0,1,
425,110,110,0,1,
426,110,110,0,1,
427,106,106,0,1,
428,125,125,0,1,
429,116,116,0,1,
430,116,116,0,1,
431,113,113,0,1,
432,128,128,0,1,
433,114,114,0,1,
434,105,105,0,1,
435,111,111,0,1,
436,127,127,0,1,
437,109,109,0,1,
438,110,110,0,1,
439,120,120,0,1,
440,124,124,0,1,
441,115,115,0,1,
442,104,104,0,1,
443,116,116,0,1,
444,111,111,0,1,
445,114,114,0,1,
446,103,103,0,1,
447,110,110,0,1,
448,114,114,0,1,
449,110,110,0,1,
450,122,122,0,1,
451,122,122,0,1,
452,107,107,0,1,
453,118,118,0,1,
454,119,119,0,1,
455,113,113,0,1,
456,124,124,0,1,
457,106,106,0,1,
458,120,120,0,1,
459,106,106,0,1,
460,111,111,0,1,
461,123,123,0,1,
462,115,115,0,1,
463,112,112,0,1,
464,121,121,0,1,
465,121,121,0,1,
466,114,114,0,1,
467,115,115,0,1,
468,126,126,0,1,
469,117,117,0,1,
470,110,110,0,1,
471,110,110,0,1,
472,114,114,0,1,
473,123,123,0,1,
474,114,114,0,1,
475,115,115,0,1,
476,108,108,0,1,
477,115,115,0,1,
478,127,127,0,1,
479,127,127,0,1,
480,106,106,0,1,
481,116,116,0,1,
482,111,111,0,1,
483,118,118,0,1,
484,116,116,0,1,
485,109,109,0,1,
486,122,122,0,1,
487,118,118,0,1,
488,113,113,0,1,
489,124,124,0,1,
490,117,117,0,1,
491,110,110,0,1,
492,109,109,0,1,
493,116,116,0,1,
494,109,109,0,1,
495,115,115,0,1,
496,117,117,0,1,
497,109,109,0,1,
498,125,125,0,1,
499,123,123,0,1,
500,110,110,0,1,
501,116,116,0,1,
502,120,120,0,1,
503,106,106,0,1,
504,107,107,0,1,
505,111,111,0,1,
506,109,109,0,1,
507,112,112,0,1,
508,113,113,0,1,
509,121,121,0,1,
510,119,119,0,1,
511,120,120,0,1,
512,114,114,0,1,
513,122,122,0,1,
514,118,118,0,1,
515,116,116,0,1,
516,111,111,0,1,
517,108,108,0,1,
518,109,109,0,1,
519,119,119,0,1,
520,113,113,0,1,
521,123,123,0,1,
522,118,118,0,1,
523,125,125,0,1,
524,106,106,0,1,
525,119,119,0,1,
526,111,111,0,1,
527,126,126,0,1,
528,119,119,0,1,
529,115,115,0,1,
530,107,107,0,1,
531,101,101,0,1,
532,112,112,0,1,
533,114,114,0,1,
534,109,109,0,1,
535,113,113,0,1,
536,118,118,0,1,
537,120,120,0,1,
538,127,127,0,1,
539,120,120,0,1,
540,123,123,0,1,
541,112,112,0,1,
542,122,122,0,1,
543,111,111,0,1,
544,125,125,0,1,
545,118,118,0,1,
546,106,106,0,1,
547,122,122,0,1,
548,108,108,0,1,
549,114,114,0,1,
550,115,115,0,1,
551,118,118,0,1,
552,113,113,0,1,
553,113,113,0,1,
554,111,111,0,1,
555,121,121,0,1,
556,118,118,0,1,
557,121,121,0,1,
558,117,117,0,1,
559,108,108,0,1,
560,118,118,0,1,
561,118,118,0,1,
562,106,106,0,1,
563,128,128,0,1,
564,122,122,0,1,
565,109,109,0,1,
566,127,127,0,1,
567,129,129,0,1,
568,112,112,0,1,
569,111,111,0,1,
570,115,115,0,1,
571,105,105,0,1,
572,118,118,0,1,
573,128,128,0,1,
574,107,107,0,1,
575,122,122,0,1,
576,130,130,0,1,
577,110,110,0,1,
578,111,111,0,1,
579,105,105,0,1,
580,110,110,0,1,
581,112,112,0,1,
582,113,113,0,1,
583,116,116,0,1,
584,125,125,0,1,
585,114,114,0,1,
586,117,117,0,1,
587,119,119,0,1,
588,114,114,0,1,
589,117,117,0,1,
590,110,110,0,1,
591,123,123,0,1,
592,115,115,0,1,
593,107,107,0,1,
594,117,117,0,1,
595,108,108,0,1,
596,104,104,0,1,
597,128,128,0,1,
598,121,121,0,1,
599,112,112,0,1,
600,113,113,0,1,
601,116,116,0,1,
602,114,114,0,1,
603,123,123,0,1,
604,119,119,0,1,
605,112,112,0,1,
606,119,119,0,1,
607,111,111,0,1,
608,114,114,0,1,
609,123,123,0,1,
610,123,123,0,1,
611,116,116,0,1,
612,116,116,0,1,
613,121,121,0,1,
614,120,120,0,1,
615,125,125,0,1,
616,114,114,0,1,
617,117,117,0,1,
618,110,110,0,1,
619,107,107,0,1,
620,114,114,0,1,
621,108,108,0,1,
622,112,112,0,1,
623,117,117,0,1,
624,114,114,0,1,
625,115,115,0,1,
626,114,114,0,1,
627,113,113,0,1,
628,112,112,0,1,
629,116,116,0,1,
630,121,121,0,1,
631,124,124,0,1,
632,116,116,0,1,
633,126,126,0,1,
634,114,114,0,1,
635,104,104,0,1,
636,115,115,0,1,
637,124,124,0,1,
638,123,123,0,1,
639,111,111,0,1,
640,109,109,0,1,
641,117,117,0,1,
642,107,107,0,1,
643,109,109,0,1,
644,106,106,0,1,
645,116,116,0,1,
646,114,114,0,1,
647,121,121,0,1,
648,108,108,0,1,
649,109,109,0,1,
650,116,116,0,1,
651,119,119,0,1,
652,123,123,0,1,
653,121,121,0,1,
654,107,107,0,1,
655,102,102,0,1,
656,112,112,0,1,
657,119,119,0,1,
658,115,115,0,1,
659,112,112,0,1,
660,117,117,0,1,
661,121,121,0,1,
662,110,110,0,1,
663,116,116,0,1,
664,108,108,0,1,
665,113,113,0,1,
666,105,105,0,1,
667,108,108,0,1,
668,117,117,0,1,
669,111,111,0,1,
670,118,118,0,1,
671,117,117,0,1,
672,115,115,0,1,
673,110,110,0,1,
674,115,115,0,1,
675,103,103,0,1,
676,121,121,0,1,
677,104,104,0,1,
678,121,121,0,1,
679,113,113,0,1,
680,120,120,0,1,
681,115,115,0,1,
682,113,113,0,1,
683,113,113,0,1,
684,107,107,0,1,
685,117,117,0,1,
686,119,119,0,1,
687,106,106,0,1,
688,113,113,0,1,
689,106,106,0,1,
690,115,115,0,1,
691,109,109,0,1,
692,112,112,0,1,
693,111,111,0,1,
694,117,117,0,1,
695,120,120,0,1,
696,101,101,0,1,
697,108,108,0,1,
698,120,120,0,1,
699,110,110,0,1,
700,108,108,0,1,
701,115,115,0,1,
702,124,124,0,1,
703,111,111,0,1,
704,121,121,0,1,
705,112,112,0,1,
706,118,118,0,1,
707,120,120,0,1,
708,123,123,0,1,
709,102,102,0,1,
710,113,113,0,1,
711,115,115,0,1,
712,118,118,0,1,
713,112,112,0,1,
714,120,120,0,1,
715,114,114,0,1,
716,110,110,0,1,
717,109,109,0,1,
718,119,119,0,1,
719,115,115,0,1,
720,122,122,0,1,
721,115,115,0,1,
722,112,112,0,1,
723,118,118,0,1,
724,125,125,0,1,
725,112,112,0,1,
726,112,112,0,1,
727,107,107,0,1,
728,108,108,0,1,
729,114,114,0,1,
730,119,119,0,1,
731,121,121,0,1,
732,107,107,0,1,
733,129,129,0,1,
734,111,111,0,1,
735,113,113,0,1,
736,107,107,0,1,
737,105,105,0,1,
738,122,122,0,1,
739,113,113,0,1,
740,111,111,0,1,
741,122,122,0,1,
742,116,116,0,1,
743,122,122,0,1,
744,114,114,0,1,
745,108,108,0,1,
746,127,127,0,1,
747,103,103,0,1,
748,121,121,0,1,
749,122,122,0,1,
750,109,109,0,1,
751,114,114,0,1,
752,125,125,0,1,
753,119,119,0,1,
754,123,123,0,1,
755,117,117,0,1,
756,123,123,0,1,
757,103,103,0,1,
758,113,113,0,1,
759,110,110,0,1,
760,111,111,0,1,
761,105,105,0,1,
762,116,116,0,1,
763,118,118,0,1,
764,110,110,0,1,
765,116,116,0,1,
766,104,104,0,1,
767,118,118,0,1,
768,115,115,0,1,
769,120,120,0,1,
770,113,113,0,1,
771,109,109,0,1,
772,122,122,0,1,
773,122,122,0,1,
774,119,119,0,1,
775,107,107,0,1,
776,113,113,0,1,
777,117,117,0,1,
778,121,121,0,1,
779,129,129,0,1,
780,122,122,0,1,
781,108,108,0,1,
782,115,115,0,1,
783,119,119,0,1,
784,117,117,0,1,
785,122,122,0,1,
786,115,115,0,1,
787,110,110,0,1,
788,117,117,0,1,
789,114,114,0,1,
790,105,105,0,1,
791,113,113,0,1,
792,109,109,0,1,
793,117,117,0,1,
794,122,122,0,1,
795,121,121,0,1,
796,114,114,0,1,
797,119,119,0,1,
798,114,114,0,1,
799,123,123,0,1,
800,116,116,0,1,
801,110,110,0,1,
802,118,118,0,1,
803,117,117,0,1,
804,124,124,0,1,
805,112,112,0,1,
806,106,106,0,1,
807,110,110,0,1,
808,105,105,0,1,
809,119,119,0,1,
810,106,106,0,1,
811,115,115,0,1,
812,118,118,0,1,
813,114,114,0,1,
814,121,121,0,1,
815,121,121,0,1,
816,130,130,0,1,
817,120,120,0,1,
818,102,102,0,1,
819,123,123,0,1,
820,116,116,0,1,
821,123,123,0,1,
822,129,129,0,1,
823,124,124,0,1,
824,112,112,0,1,
825,112,112,0,1,
826,115,115,0,1,
827,118,118,0,1,
828,110,110,0,1,
829,115,115,0,1,
830,121,121,0,1,
831,124,124,0,1,
832,113,113,0,1,
833,118,118,0,1,
834,123,123,0,1,
835,123,123,0,1,
836,129,129,0,1,
837,122,122,0,1,
838,106,106,0,1,
839,124,124,0,1,
840,109,109,0,1,
841,115,115,0,1,
842,113,113,0,1,
843,115,115,0,1,
844,126,126,0,1,
845,114,114,0,1,
846,113,113,0,1,
847,123,123,0,1,
848,121,121,0,1,
849,113,113,0,1,
850,108,108,0,1,
851,126,126,0,1,
852,128,128,0,1,
853,119,119,0,1,
854,114,114,0,1,
855,116,116,0,1,
856,113,113,0,1,
857,117,117,0,1,
858,110,110,0,1,
859,112,112,0,1,
860,105,105,0,1,
861,126,126,0,1,
862,114,114,0,1,
863,111,111,0,1,
864,108,108,0,1,
865,115,115,0,1,
866,122,122,0,1,
867,120,120,0,1,
868,123,123,0,1,
869,106,106,0,1,
870,129,129,0,1,
871,121,121,0,1,
872,123,123,0,1,
873,115,115,0,1,
874,105,105,0,1,
875,116,116,0,1,
876,110,110,0,1,
877,114,114,0,1,
878,108,108,0,1,
879,116,116,0,1,
880,114,114,0,1,
881,125,125,0,1,
882,116,116,0,1,
883,114,114,0,1,
884,114,114,0,1,
885,110,110,0,1,
886,113,113,0,1,
887,109,109,0,1,
888,126,126,0,1,
889,118,118,0,1,
890,120,120,0,1,
891,123,123,0,1,
892,118,118,0,1,
893,114,114,0,1,
894,109,109,0,1,
895,116,116,0,1,
896,112,112,0,1,
897,117,117,0,1,
898,115,115,0,1,
899,114,114,0,1,
900,122,122,0,1,
901,122,122,0,1,
902,113,113,0,1,
903,116,116,0,1,
904,111,111,0,1,
905,119,119,0,1,
906,128,128,0,1,
907,122,122,0,1,
908,119,119,0,1,
909,103,103,0,1,
910,116,116,0,1,
911,123,123,0,1,
912,118,118,0,1,
913,114,114,0,1,
914,120,120,0,1,
915,122,122,0,1,
916,109,109,0,1,
917,106,106,0,1,
918,120,120,0,1,
919,125,125,0,1,
920,131,131,0,1,
921,114,114,0,1,
922,108,108,0,1,
923,111,111,0,1,
924,106,106,0,1,
925,115,115,0,1,
926,118,118,0,1,
927,118,118,0,1,
928,114,114,0,1,
929,127,127,0,1,
930,127,127,0,1,
931,117,117,0,1,
932,113,113,0,1,
933,116,116,0,1,
934,113,113,0,1,
935,117,117,0,1,
936,125,125,0,1,
937,110,110,0,1,
938,122,122,0,1,
939,118,118,0,1,
940,122,122,0,1,
941,110,110,0,1,
942,121,121,0,1,
943,104,104,0,1,
944,106,106,0,1,
945,109,109,0,1,
946,108,108,0,1,
947,117,117,0,1,
948,116,116,0,1,
949,110,110,0,1,
950,111,111,0,1,
951,111,111,0,1,
952,113,113,0,1,
953,107,107,0,1,
954,115,115,0,1,
955,115,115,0,1,
956,121,121,0,1,
957,118,118,0,1,
958,128,128,0,1,
959,111,111,0,1,
960,120,120,0,1,
961,110,110,0,1,
962,115,115,0,1,
963,123,123,0,1,
964,108,108,0,1,
965,109,109,0,1,
966,115,115,0,1,
967,110,110,0,1,
968,113,113,0,1,
969,119,119,0,1,
970,116,116,0,1,
971,118,118,0,1,
972,114,114,0,1,
973,115,115,0,1,
974,113,113,0,1,
975,117,117,0,1,
976,118,118,0,1,
977,109,109,0,1,
978,109,109,0,1,
979,118,118,0,1,
980,113,113,0,1,
981,114,114,0,1,
982,108,108,0,1,
983,113,113,0,1,
984,113,113,0,1,
985,108,108,0,1,
986,121,121,0,1,
987,109,109,0,1,
988,118,118,0,1,
989,112,112,0,1,
990,113,113,0,1,
991,118,118,0,1,
992,118,118,0,1,
993,114,114,0,1,
994,121,121,0,1,
995,119,119,0,1,
996,119,119,0,1,
997,125,125,0,1,
998,112,112,0,1,
999,121,121,0,1,
1000,112,112,0,1,
1001,122,122,0,1,
1002,123,123,0,1,
1003,114,114,0,1,
1004,127,127,0,1,
1005,112,112,0,1,
1006,123,123,0,1,
1007,118,118,0,1,
1008,116,116,0,1,
1009,113,113,0,1,
1010,131,131,0,1,
1011,126,126,0,1,
1012,118,118,0,1,
1013,119,119,0,1,
1014,104,104,0,1,
1015,113,113,0,1,
1016,115,115,0,1,
1017,117,117,0,1,
1018,125,125,0,1,
1019,120,120,0,1,
1020,102,102,0,1,
1021,125,125,0,1,
1022,122,122,0,1,
1023,124,124,0,1,
1024,109,109,0,1,
1025,111,111,0,1,
1026,108,108,0,1,
1027,117,117,0,1,
1028,115,115,0,1,
1029,121,121,0,1,
1030,113,113,0,1,
1031,110,110,0,1,
1032,106,106,0,1,
1033,119,119,0,1,
1034,124,124,0,1,
1035,124,124,0,1,
1036,121,121,0,1,
1037,109,109,0,1,
1038,107,107,0,1,
1039,112,112,0,1,
1040,110,110,0,1,
1041,117,117,0,1,
1042,113,113,0,1,
1043,125,125,0,1,
1044,111,111,0,1,
1045,112,112,0,1,
1046,116,116,0,1,
1047,118,118,0,1,
1048,113,113,0,1,
1049,123,123,0,1,
1050,115,115,0,1,
1051,115,115,0,1,
1052,113,113,0,1,
1053,117,117,0,1,
1054,114,114,0,1,
1055,113,113,0,1,
1056,113,113,0,1,
1057,115,115,0,1,
1058,109,109,0,1,
1059,119,119,0,1,
1060,109,109,0,1,
1061,116,116,0,1,
1062,105,105,0,1,
1063,106,106,0,1,
1064,122,122,0,1,
1065,108,108,0,1,
1066,120,120,0,1,
1067,111,111,0,1,
1068,125,125,0,1,
1069,117,117,0,1,
1070,129,129,0,1,
1071,108,108,0,1,
1072,111,111,0,1,
1073,109,109,0,1,
1074,104,104,0,1,
1075,110,110,0,1,
1076,110,110,0,1,
1077,106,106,0,1,
1078,117,117,0,1,
1079,107,107,0,1,
1080,121,121,0,1,
1081,108,108,0,1,
1082,123,123,0,1,
1083,113,113,0,1,
1084,127,127,0,1,
1085,110,110,0,1,
1086,115,115,0,1,
1087,114,114,0,1,
1088,120,120,0,1,
1089,108,108,0,1,
1090,123,123,0,1,
1091,117,117,0,1,
1092,122,122,0,1,
1093,121,121,0,1,
1094,112,112,0,1,
1095,119,119,0,1,
1096,126,126,0,1,
1097,117,117,0,1,
1098,121,121,0,1,
1099,115,115,0,1,
1100,112,112,0,1,
1101,120,120,0,1,
1102,111,111,0,1,
1103,107,107,0,1,
1104,116,116,0,1,
1105,111,111,0,1,
1106,108,108,0,1,
1107,109,109,0,1,
1108,114,114,0,1,
1109,131,131,0,1,
1110,115,115,0,1,
1111,125,125,0,1,
1112,125,125,0,1,
1113,119,119,0,1,
1114,111,111,0,1,
1115,111,111,0,1,
1116,109,109,0,1,
1117,114,114,0,1,
1118,120,120,0,1,
1119,113,113,0,1,
1120,117,117,0,1,
1121,120,120,0,1,
1122,120,120,0,1,
1123,113,113,0,1,
1124,124,124,0,1,
1125,117,117,0,1,
1126,114,114,0,1,
1127,115,115,0,1,
1128,107,107,0,1,
1129,113,113,0,1,
1130,114,114,0,1,
1131,116,116,0,1,
1132,119,119,0,1,
1133,116,116,0,1,
1134,112,112,0,1,
1135,105,105,0,1,
1136,109,109,0,1,
1137,112,112,0,1,
1138,105,105,0,1,
1139,114,114,0,1,
1140,133,133,0,1,
1141,108,108,0,1,
1142,107,107,0,1,
1143,131,131,0,1,
1144,107,107,0,1,
1145,110,110,0,1,
1146,110,110,0,1,
1147,113,113,0,1,
1148,120,120,0,1,
1149,122,122,0,1,
1150,114,114,0,1,
1151,108,108,0,1,
1152,111,111,0,1,
1153,113,113,0,1,
1154,116,116,0,1,
1155,116,116,0,1,
1156,120,120,0,1,
1157,104,104,0,1,
1158,109,109,0,1,
1159,116,116,0,1,
1160,118,118,0,1,
1161,118,118,0,1,
1162,110,110,0,1,
1163,115,115,0,1,
1164,109,109,0,1,
1165,118,118,0,1,
1166,116,116,0,1,
1167,123,123,0,1,
1168,120,120,0,1,
1169,126,126,0,1,
1170,109,109,0,1,
1171,110,110,0,1,
1172,118,118,0,1,
1173,120,120,0,1,
1174,116,116,0,1,
1175,106,106,0,1,
1176,119,119,0,1,
1177,118,118,0,1,
1178,120,120,0,1,
1179,109,109,0,1,
1180,129,129,0,1,
1181,114,114,0,1,
1182,121,121,0,1,
1183,126,126,0,1,
1184,111,111,0,1,
1185,108,108,0,1,
1186,107,107,0,1,
1187,111,111,0,1,
1188,110,110,0,1,
1189,111,111,0,1,
1190,114,114,0,1,
1191,122,122,0,1,
1192,117,117,0,1,
1193,120,120,0,1,
1194,108,108,0,1,
1195,124,124,0,1,
1196,118,118,0,1,
1197,118,118,0,1,
1198,115,115,0,1,
1199,118,118,0,1,
1200,118,118,0,1,
1201,108,108,0,1,
1202,108,108,0,1,
1203,129,129,0,1,
1204,118,118,0,1,
1205,111,111,0,1,
1206,105,105,0,1,
1207,117,117,0,1,
1208,119,119,0,1,
1209,114,114,0,1,
1210,118,118,0,1,
1211,116,116,0,1,
1212,122,122,0,1,
1213,124,124,0,1,
1214,125,125,0,1,
1215,111,111,0,1,
1216,113,113,0,1,
1217,112,112,0,1,
1218,113,113,0,1,
1219,121,121,0,1,
1220,109,109,0,1,
1221,108,108,0,1,
1222,123,123,0,1,
1223,127,127,0,1,
1224,119,119,0,1,
1225,114,114,0,1,
1226,124,124,0,1,
1227,103,103,0,1,
1228,114,114,0,1,
1229,111,111,0,1,
1230,127,127,0,1,
1231,113,113,0,1,
1232,111,111,0,1,
1233,110,110,0,1,
1234,122,122,0,1,
1235,112,112,0,1,
1236,133,133,0,1,
1237,117,117,0,1,
1238,111,111,0,1,
1239,129,129,0,1,
1240,111,111,0,1,
1241,118,118,0,1,
1242,113,113,0,1,
1243,111,111,0,1,
1244,118,118,0,1,
1245,115,115,0,1,
1246,111,111,0,1,
1247,115,115,0,1,
1248,118,118,0,1,
1249,109,109,0,1,
1250,109,109,0,1,
1251,119,119,0,1,
1252,117,117,0,1,
1253,117,117,0,1,
1254,110,110,0,1,
1255,130,130,0,1,
1256,108,108,0,1,
1257,125,125,0,1,
1258,118,118,0,1,
1259,113,113,0,1,
1260,106,106,0,1,
1261,110,110,0,1,
1262,123,123,0,1,
1263,114,114,0,1,
1264,104,104,0,1,
1265,110,110,0,1,
1266,109,109,0,1,
1267,119,119,0,1,
1268,120,120,0,1,
1269,116,116,0,1,
1270,129,129,0,1,
1271,122,122,0,1,
1272,122,122,0,1,
1273,114,114,0,1,
1274,111,111,0,1,
1275,116,116,0,1,
1276,119,119,0,1,
1277,119,119,0,1,
1278,121,121,0,1,
1279,109,109,0,1,
1280,110,110,0,1,
1281,119,119,0,1,
1282,122,122,0,1,
1283,107,107,0,1,
1284,116,116,0,1,
1285,112,112,0,1,
1286,113,113,0,1,
1287,110,110,0,1,
1288,111,111,0,1,
1289,116,116,0,1,
1290,120,120,0,1,
1291,117,117,0,1,
1292,114,114,0,1,
1293,131,131,0,1,
1294,112,112,0,1,
1295,110,110,0,1,
1296,112,112,0,1,
1297,126,126,0,1,
1298,103,103,0,1,
1299,111,111,0,1,
1300,120,120,0,1,
1301,121,121,0,1,
1302,123,123,0,1,
1303,109,109,0,1,
1304,114,114,0,1,
1305,115,115,0,1,
1306,105,105,0,1,
1307,117,117,0,1,
1308,122,122,0,1,
1309,107,107,0,1,
1310,115,115,0,1,
1311,113,113,0,1,
1312,113,113,0,1,
1313,124,124,0,1,
1314,112,112,0,1,
1315,114,114,0,1,
1316,109,109,0,1,
1317,111,111,0,1,
1318,119,119,0,1,
1319,116,116,0,1,
1320,117,117,0,1,
1321,127,127,0,1,
1322,116,116,0,1,
1323,111,111,0,1,
1324,114,114,0,1,
1325,127,127,0,1,
1326,123,123,0,1,
1327,110,110,0,1,
1328,116,116,0,1,
1329,115,115,0,1,
1330,127,127,0,1,
1331,114,114,0,1,
1332,113,113,0,1,
1333,125,125,0,1,
1334,109,109,0,1,
1335,117,117,0,1,
1336,118,118,0,1,
1337,109,109,0,1,
1338,108,108,0,1,
1339,123,123,0,1,
1340,124,124,0,1,
1341,115,115,0,1,
1342,115,115,0,1,
1343,118,118,0,1,
1344,106,106,0,1,
1345,118,118,0,1,
1346,111,111,0,1,
1347,106,106,0,1,
1348,111,111,0,1,
1349,114,114,0,1,
1350,122,122,0,1,
1351,119,119,0,1,
1352,104,104,0,1,
1353,102,102,0,1,
1354,114,114,0,1,
1355,116,116,0,1,
1356,113,113,0,1,
1357,124,124,0,1,
1358,105,105,0,1,
1359,117,117,0,1,
1360,123,123,0,1,
1361,115,115,0,1,
1362,115,115,0,1,
1363,112,112,0,1,
1364,114,114,0,1,
1365,104,104,0,1,
1366,103,103,0,1,
1367,114,114,0,1,
1368,108,108,0,1,
1369,113,113,0,1,
1370,108,108,0,1,
1371,117,117,0,1,
1372,119,119,0,1,
1373,115,115,0,1,
1374,110,110,0,1,
1375,108,108,0,1,
1376,115,115,0,1,
1377,131,131,0,1,
1378,129,129,0,1,
1379,117,117,0,1,
1380,105,105,0,1,
1381,108,108,0,1,
1382,118,118,0,1,
1383,117,117,0,1,
1384,112,112,0,1,
1385,108,108,0,1,
1386,115,115,0,1,
1387,123,123,0,1,
1388,126,126,0,1,
1389,111,111,0,1,
1390,127,127,0,1,
1391,108,108,0,1,
1392,115,115,0,1,
1393,116,116,0,1,
1394,111,111,0,1,
1395,113,113,0,1,
1396,109,109,0,1,
1397,121,121,0,1,
1398,115,115,0,1,
1399,117,117,0,1,
1400,109,109,0,1,
1401,117,117,0,1,
1402,124,124,0,1,
1403,121,121,0,1,
1404,116,116,0,1,
1405,108,108,0,1,
1406,126,126,0,1,
1407,117,117,0,1,
1408,127,127,0,1,
1409,111,111,0,1,
1410,123,123,0,1,
1411,127,127,0,1,
1412,120,120,0,1,
1413,116,116,0,1,
1414,124,124,0,1,
1415,107,107,0,1,
1416,105,105,0,1,
1417,104,104,0,1,
1418,115,115,0,1,
1419,122,122,0,1,
1420,114,114,0,1,
1421,119,119,0,1,
1422,111,111,0,1,
1423,114,114,0,1,
1424,110,110,0,1,
1425,116,116,0,1,
1426,106,106,0,1,
1427,115,115,0,1,
1428,117,117,0,1,
1429,123,123,0,1,
1430,117,117,0,1,
1431,127,127,0,1,
1432,118,118,0,1,
1433,124,124,0,1,
1434,124,124,0,1,
1435,110,110,0,1,
1436,126,126,0,1,
1437,118,118,0,1,
1438,123,123,0,1,
1439,110,110,0,1,
1440,110,110,0,1,
1441,113,113,0,1,
1442,115,115,0,1,
1443,110,110,0,1,
1444,110,110,0,1,
1445,114,114,0,1,
1446,108,108,0,1,
1447,119,119,0,1,
1448,109,109,0,1,
1449,111,111,0,1,
1450,123,123,0,1,
1451,111,111,0,1,
1452,114,114,0,1,
1453,108,108,0,1,
1454,115,115,0,1,
1455,122,122,0,1,
1456,129,129,0,1,
1457,121,121,0,1,
1458,108,108,0,1,
1459,115,115,0,1,
1460,122,122,0,1,
1461,112,112,0,1,
1462,118,118,0,1,
1463,114,114,0,1,
1464,109,109,0,1,
1465,113,113,0,1,
1466,111,111,0,1,
1467,129,129,0,1,
1468,111,111,0,1,
1469,115,115,0,1,
1470,119,119,0,1,
1471,106,106,0,1,
1472,125,125,0,1,
1473,114,114,0,1,
1474,113,113,0,1,
1475,108,108,0,1,
1476,120,120,0,1,
1477,109,109,0,1,
1478,111,111,0,1,
1479,107,107,0,1,
1480,125,125,0,1,
1481,107,107,0,1,
1482,110,110,0,1,
1483,123,123,0,1,
1484,110,110,0,1,
1485,119,119,0,1,
1486,118,118,0,1,
1487,124,124,0,1,
1488,119,119,0,1,
1489,112,112,0,1,
1490,117,117,0,1,
1491,111,111,0,1,
1492,117,117,0,1,
1493,116,116,0,1,
1494,114,114,0,1,
1495,113,113,0,1,
1496,111,111,0,1,
1497,107,107,0,1,
1498,127,127,0,1,
1499,107,107,0,1,
1500,112,112,0,1,
1501,118,118,0,1,
1502,112,112,0,1,
1503,115,115,0,1,
1504,116,116,0,1,
1505,110,110,0,1,
1506,121,121,0,1,
1507,108,108,0,1,
1508,113,113,0,1,
1509,103,103,0,1,
1510,111,111,0,1,
1511,119,119,0,1,
1512,116,116,0,1,
1513,112,112,0,1,
1514,113,113,0,1,
1515,110,110,0,1,
1516,111,111,0,1,
1517,115,115,0,1,
1518,106,106,0,1,
1519,108,108,0,1,
1520,102,102,0,1,
1521,109,109,0,1,
1522,107,107,0,1,
1523,124,124,0,1,
1524,119,119,0,1,
1525,120,120,0,1,
1526,113,113,0,1,
1527,113,113,0,1,
1528,120,120,0,1,
1529,117,117,0,1,
1530,106,106,0,1,
1531,115,115,0,1,
1532,112,112,0,1,
1533,118,118,0,1,
1534,116,116,0,1,
1535,108,108,0,1,
1536,107,107,0,1,
1537,113,113,0,1,
1538,113,113,0,1,
1539,117,117,0,1,
1540,113,113,0,1,
1541,118,118,0,1,
1542,122,122,0,1,
1543,106,106,0,1,
1544,110,110,0,1,
1545,108,108,0,1,
1546,120,120,0,1,
1547,116,116,0,1,
1548,113,113,0,1,
1549,108,108,0,1,
1550,115,115,0,1,
1551,118,118,0,1,
1552,109,109,0,1,
1553,125,125,0,1,
1554,119,119,0,1,
1555,122,122,0,1,
1556,119,119,0,1,
1557,115,115,0,1,
1558,107,107,0,1,
1559,113,113,0,1,
1560,118,118,0,1,
1561,120,120,0,1,
1562,117,117,0,1,
1563,130,130,0,1,
1564,119,119,0,1,
1565,119,119,0,1,
1566,125,125,0,1,
1567,109,109,0,1,
1568,120,120,0,1,
1569,121,121,0,1,
1570,125,125,0,1,
1571,120,120,0,1,
1572,111,111,0,1,
1573,115,115,0,1,
1574,118,118,0,1,
1575,122,122,0,1,
1576,111,111,0,1,
1577,119,119,0,1,
1578,127,127,0,1,
1579,116,116,0,1,
1580,119,119,0,1,
1581,129,129,0,1,
1582,116,116,0,1,
1583,103,103,0,1,
1584,117,117,0,1,
1585,106,106,0,1,
1586,111,111,0,1,
1587,116,116,0,1,
1588,108,108,0,1,
1589,118,118,0,1,
1590,121,121,0,1,
1591,111,111,0,1,
1592,117,117,0,1,
1593,112,112,0,1,
1594,110,110,0,1,
1595,113,113,0,1,
1596,108,108,0,1,
1597,109,109,0,1,
1598,112,112,0,1,
1599,112,112,0,1,
1600,101,101,0,1,
1601,118,118,0,1,
1602,116,116,0,1,
1603,104,104,0,1,
1604,109,109,0,1,
1605,118,118,0,1,
1606,116,116,0,1,
1607,125,125,0,1,
1608,114,114,0,1,
1609,118,118,0,1,
1610,118,118,0,1,
1611,117,117,0,1,
1612,115,115,0,1,
1613,121,121,0,1,
1614,109,109,0,1,
1615,119,119,0,1,
1616,124,124,0,1,
1617,114,114,0,1,
1618,109,109,0,1,
1619,120,120,0,1,
1620,112,112,0,1,
1621,117,117,0,1,
1622,112,112,0,1,
1623,114,114,0,1,
1624,118,118,0,1,
1625,119,119,0,1,
1626,130,130,0,1,
1627,119,119,0,1,
1628,116,116,0,1,
1629,120,120,0,1,
1630,116,116,0,1,
1631,111,111,0,1,
1632,131,131,0,1,
1633,124,124,0,1,
1634,120,120,0,1,
1635,120,120,0,1,
1636,112,112,0,1,
1637,122,122,0,1,
1638,110,110,0,1,
1639,112,112,0,1,
1640,125,125,0,1,
1641,111,111,0,1,
1642,110,110,0,1,
1643,113,113,0,1,
1644,112,112,0,1,
1645,124,124,0,1,
1646,124,124,0,1,
1647,122,122,0,1,
1648,128,128,0,1,
1649,115,115,0,1,
1650,114,114,0,1,
1651,130,130,0,1,
1652,108,108,0,1,
1653,122,122,0,1,
1654,107,107,0,1,
1655,117,117,0,1,
1656,114,114,0,1,
1657,119,119,0,1,
1658,116,116,0,1,
1659,113,113,0,1,
1660,105,105,0,1,
1661,110,110,0,1,
1662,110,110,0,1,
1663,120,120,0,1,
1664,130,130,0,1,
1665,113,113,0,1,
1666,119,119,0,1,
1667,114,114,0,1,
1668,111,111,0,1,
1669,110,110,0,1,
1670,107,107,0,1,
1671,117,117,0,1,
1672,110,110,0,1,
1673,114,114,0,1,
1674,119,119,0,1,
1675,122,122,0,1,
1676,130,130,0,1,
1677,120,120,0,1,
1678,113,113,0,1,
1679,119,119,0,1,
1680,114,114,0,1,
1681,122,122,0,1,
1682,114,114,0,1,
1683,112,112,0,1,
1684,114,114,0,1,
1685,116,116,0,1,
1686,108,108,0,1,
1687,108,108,0,1,
1688,115,115,0,1,
1689,107,107,0,1,
1690,114,114,0,1,
1691,113,113,0,1,
1692,108,108,0,1,
1693,109,109,0,1,
1694,116,116,0,1,
1695,122,122,0,1,
1696,115,115,0,1,
1697,107,107,0,1,
1698,128,128,0,1,
1699,116,116,0,1,
1700,120,120,0,1,
1701,123,123,0,1,
1702,109,109,0,1,
1703,112,112,0,1,
1704,117,117,0,1,
1705,125,125,0,1,
1706,122,122,0,1,
1707,119,119,0,1,
1708,118,118,0,1,
1709,107,107,0,1,
1710,114,114,0,1,
1711,121,121,0,1,
1712,114,114,0,1,
1713,112,112,0,1,
1714,115,115,0,1,
1715,117,117,0,1,
1716,121,121,0,1,
1717,116,116,0,1,
1718,121,121,0,1,
1719,107,107,0,1,
1720,124,124,0,1,
1721,113,113,0,1,
1722,116,116,0,1,
1723,120,120,0,1,
1724,115,115,0,1,
1725,116,116,0,1,
1726,109,109,0,1,
1727,113,113,0,1,
1728,105,105,0,1,
1729,112,112,0,1,
1730,120,120,0,1,
1731,109,109,0,1,
1732,113,113,0,1,
1733,120,120,0,1,
1734,114,114,0,1,
1735,114,114,0,1,
1736,114,114,0,1,
1737,116,116,0,1,
1738,113,113,0,1,
1739,123,123,0,1,
1740,117,117,0,1,
1741,114,114,0,1,
1742,116,116,0,1,
1743,108,108,0,1,
1744,114,114,0,1,
1745,111,111,0,1,
1746,121,121,0,1,
1747,116,116,0,1,
1748,103,103,0,1,
1749,111,111,0,1,
1750,108,108,0,1,
1751,119,119,0,1,
1752,114,114,0,1,
1753,112,112,0,1,
1754,110,110,0,1,
1755,116,116,0,1,
1756,108,108,0,1,
1757,124,124,0,1,
1758,113,113,0,1,
1759,110,110,0,1,
1760,121,121,0,1,
1761,120,120,0,1,
1762,116,116,0,1,
1763,108,108,0,1,
1764,112,112,0,1,
1765,117,117,0,1,
1766,118,118,0,1,
1767,114,114,0,1,
1768,118,118,0,1,
1769,120,120,0,1,
1770,107,107,0,1,
1771,106,106,0,1,
1772,121,121,0,1,
1773,114,114,0,1,
1774,110,110,0,1,
1775,120,120,0,1,
1776,125,125,0,1,
1777,115,115,0,1,
1778,114,114,0,1,
1779,121,121,0,1,
1780,109,109,0,1,
1781,113,113,0,1,
1782,112,112,0,1,
1783,113,113,0,1,
1784,107,107,0,1,
1785,109,109,0,1,
1786,111,111,0,1,
1787,123,123,0,1,
1788,108,108,0,1,
1789,110,110,0,1,
1790,117,117,0,1,
1791,109,109,0,1,
1792,105,105,0,1,
1793,128,128,0,1,
1794,118,118,0,1,
1795,125,125,0,1,
1796,116,116,0,1,
1797,126,126,0,1,
1798,116,116,0,1,
1799,110,110,0,1,
1800,107,107,0,1,
1801,111,111,0,1,
1802,102,102,0,1,
1803,110,110,0,1,
1804,122,122,0,1,
1805,108,108,0,1,
1806,114,114,0,1,
1807,123,123,0,1,
1808,117,117,0,1,
1809,116,116,0,1,
1810,126,126,0,1,
1811,107,107,0,1,
1812,105,105,0,1,
1813,99,99,0,1,
1814,119,119,0,1,
1815,119,119,0,1,
1816,108,108,0,1,
1817,118,118,0,1,
1818,121,121,0,1,
1819,113,113,0,1,
1820,119,119,0,1,
1821,130,130,0,1,
1822,106,106,0,1,
1823,115,115,0,1,
1824,127,127,0,1,
1825,118,118,0,1,
1826,124,124,0,1,
1827,117,117,0,1,
1828,124,124,0,1,
1829,125,125,0,1,
1830,121,121,0,1,
1831,119,119,0,1,
1832,119,119,0,1,
1833,110,110,0,1,
1834,126,126,0,1,
1835,115,115,0,1,
1836,103,103,0,1,
1837,129,129,0,1,
1838,123,123,0,1,
1839,116,116,0,1,
1840,115,115,0,1,
1841,123,123,0,1,
1842,112,112,0,1,
1843,119,119,0,1,
1844,110,110,0,1,
1845,119,119,0,1,
1846,117,117,0,1,
1847,116,116,0,1,
1848,115,115,0,1,
1849,116,116,0,1,
1850,113,113,0,1,
1851,122,122,0,1,
1852,118,118,0,1,
1853,115,115,0,1,
1854,109,109,0,1,
1855,121,121,0,1,
1856,122,122,0,1,
1857,116,116,0,1,
1858,120,120,0,1,
1859,112,112,0,1,
1860,107,107,0,1,
1861,125,125,0,1,
1862,123,123,0,1,
1863,109,109,0,1,
1864,110,110,0,1,
1865,119,119,0,1,
1866,123,123,0,1,
1867,115,115,0,1,
1868,129,129,0,1,
1869,116,116,0,1,
1870,120,120,0,1,
1871,108,108,0,1,
1872,109,109,0,1,
1873,118,118,0,1,
1874,126,126,0,1,
1875,103,103,0,1,
1876,117,117,0,1,
1877,122,122,0,1,
1878,103,103,0,1,
1879,118,118,0,1,
1880,111,111,0,1,
1881,111,111,0,1,
1882,104,104,0,1,
1883,109,109,0,1,
1884,113,113,0,1,
1885,123,123,0,1,
1886,108,108,0,1,
1887,112,112,0,1,
1888,121,121,0,1,
1889,110,110,0,1,
1890,118,118,0,1,
1891,116,116,0,1,
1892,116,116,0,1,
1893,115,115,0,1,
1894,108,108,0,1,
1895,111,111,0,1,
1896,110,110,0,1,
1897,119,119,0,1,
1898,107,107,0,1,
1899,112,112,0,1,
1900,124,124,0,1,
1901,104,104,0,1,
1902,116,116,0,1,
1903,112,112,0,1,
1904,112,112,0,1,
1905,114,114,0,1,
1906,127,127,0,1,
1907,121,121,0,1,
1908,105,105,0,1,
1909,119,119,0,1,
1910,112,112,0,1,
1911,111,111,0,1,
1912,110,110,0,1,
1913,123,123,0,1,
1914,125,125,0,1,
1915,118,118,0,1,
1916,119,119,0,1,
1917,122,122,0,1,
1918,107,107,0,1,
1919,113,113,0,1,
1920,126,126,0,1,
1921,120,120,0,1,
1922,97,97,0,1,
1923,97,97,0,1,
1924,106,106,0,1,
1925,107,107,0,1,
1926,113,113,0,1,
1927,110,110,0,1,
1928,117,117,0,1,
1929,112,112,0,1,
1930,117,117,0,1,
1931,122,122,0,1,
1932,130,130,0,1,
1933,116,116,0,1,
1934,126,126,0,1,
1935,119,119,0,1,
1936,109,109,0,1,
1937,120,120,0,1,
1938,121,121,0,1,
1939,103,103,0,1,
1940,117,117,0,1,
1941,113,113,0,1,
1942,111,111,0,1,
1943,111,111,0,1,
1944,130,130,0,1,
1945,125,125,0,1,
1946,109,109,0,1,
1947,121,121,0,1,
1948,106,106,0,1,
1949,119,119,0,1,
1950,116,116,0,1,
1951,112,112,0,1,
1952,132,132,0,1,
1953,119,119,0,1,
1954,126,126,0,1,
1955,113,113,0,1,
1956,122,122,0,1,
1957,105,105,0,1,
1958,112,112,0,1,
1959,111,111,0,1,
1960,117,117,0,1,
1961,118,118,0,1,
1962,119,119,0,1,
1963,110,110,0,1,
1964,122,122,0,1,
1965,114,114,0,1,
1966,109,109,0,1,
1967,120,120,0,1,
1968,115,115,0,1,
1969,117,117,0,1,
1970,118,118,0,1,
1971,113,113,0,1,
1972,113,113,0,1,
1973,115,115,0,1,
1974,117,117,0,1,
1975,116,116,0,1,
1976,117,117,0,1,
1977,128,128,0,1,
1978,114,114,0,1,
1979,117,117,0,1,
1980,106,106,0,1,
1981,109,109,0,1,
1982,114,114,0,1,
1983,110,110,0,1,
1984,118,118,0,1,
1985,106,106,0,1,
1986,120,120,0,1,
1987,114,114,0,1,
1988,124,124,0,1,
1989,109,109,0,1,
1990,112,112,0,1,
1991,110,110,0,1,
1992,115,115,0,1,
1993,114,114,0,1,
1994,105,105,0,1,
1995,111,111,0,1,
1996,103,103,0,1,
1997,119,119,0,1,
1998,112,112,0,1,
1999,115,115,0,1,
2000,119,119,0,1,
2001,127,127,0,1,
2002,114,114,0,1,
2003,114,114,0,1,
2004,107,107,0,1,
2005,121,121,0,1,
2006,129,129,0,1,
2007,104,104,0,1,
2008,124,124,0,1,
2009,116,116,0,1,
2010,124,124,0,1,
2011,110,110,0,1,
2012,112,112,0,1,
2013,117,117,0,1,
2014,110,110,0,1,
2015,124,124,0,1,
2016,117,117,0,1,
2017,109,109,0,1,
2018,127,127,0,1,
2019,109,109,0,1,
2020,109,109,0,1,
2021,131,131,0,1,
2022,117,117,0,1,
2023,120,120,0,1,
2024,111,111,0,1,
2025,115,115,0,1,
2026,124,124,0,1,
2027,113,113,0,1,
2028,120,120,0,1,
2029,107,107,0,1,
2030,112,112,0,1,
2031,114,114,0,1,
2032,121,121,0,1,
2033,108,108,0,1,
2034,115,115,0,1,
2035,125,125,0,1,
2036,112,112,0,1,
2037,114,114,0,1,
2038,121,121,0,1,
2039,118,118,0,1,
2040,124,124,0,1,
2041,121,121,0,1,
2042,109,109,0,1,
2043,120,120,0,1,
2044,109,109,0,1,
2045,122,122,0,1,
2046,109,109,0,1,
2047,107,107,0,1,
2048,118,118,0,1,
2049,103,103,0,1,
2050,110,110,0,1,
2051,119,119,0,1,
2052,110,110,0,1,
2053,110,110,0,1,
2054,106,106,0,1,
2055,116,116,0,1,
2056,109,109,0,1,
2057,107,107,0,1,
2058,129,129,0,1,
2059,124,124,0,1,
2060,117,117,0,1,
2061,116,116,0,1,
2062,113,113,0,1,
2063,116,116,0,1,
2064,108,108,0,1,
2065,128,128,0,1,
2066,118,118,0,1,
2067,114,114,0,1,
2068,124,124,0,1,
2069,115,115,0,1,
2070,109,109,0,1,
2071,119,119,0,1,
2072,125,125,0,1,
2073,111,111,0,1,
2074,112,112,0,1,
2075,123,123,0,1,
2076,104,104,0,1,
2077,121,121,0,1,
2078,109,109,0,1,
2079,111,111,0,1,
2080,115,115,0,1,
2081,118,118,0,1,
2082,121,121,0,1,
2083,119,119,0,1,
2084,112,112,0,1,
2085,126,126,0,1,
2086,107,107,0,1,
2087,128,128,0,1,
2088,110,110,0,1,
2089,105,105,0,1,
2090,113,113,0,1,
2091,117,117,0,1,
2092,119,119,0,1,
2093,117,117,0,1,
2094,128,128,0,1,
2095,120,120,0,1,
2096,120,120,0,1,
2097,117,117,0,1,
2098,123,123,0,1,
2099,115,115,0,1,
2100,112,112,0,1,
2101,117,117,0,1,
2102,110,110,0,1,
2103,113,113,0,1,
2104,119,119,0,1,
2105,122,122,0,1,
2106,108,108,0,1,
2107,123,123,0,1,
2108,106,106,0,1,
2109,123,123,0,1,
2110,108,108,0,1,
2111,112,112,0,1,
2112,118,118,0,1,
2113,114,114,0,1,
2114,110,110,0,1,
2115,108,108,0,1,
2116,116,116,0,1,
2117,125,125,0,1,
2118,115,115,0,1,
2119,104,104,0,1,
2120,111,111,0,1,
2121,128,128,0,1,
2122,122,122,0,1,
2123,108,108,0,1,
2124,114,114,0,1,
2125,114,114,0,1,
2126,106,106,0,1,
2127,120,120,0,1,
2128,106,106,0,1,
2129,111,111,0,1,
2130,118,118,0,1,
2131,117,117,0,1,
2132,117,117,0,1,
2133,128,128,0,1,
2134,117,117,0,1,
2135,115,115,0,1,
2136,109,109,0,1,
2137,108,108,0,1,
2138,115,115,0,1,
2139,120,120,0,1,
2140,118,118,0,1,
2141,112,112,0,1,
2142,102,102,0,1,
2143,122,122,0,1,
2144,110,110,0,1,
2145,112,112,0,1,
2146,102,102,0,1,
2147,116,116,0,1,
2148,121,121,0,1,
2149,122,122,0,1,
2150,115,115,0,1,
2151,108,108,0,1,
2152,122,122,0,1,
2153,115,115,0,1,
2154,116,116,0,1,
2155,110,110,0,1,
2156,109,109,0,1,
2157,110,110,0,1,
2158,119,119,0,1,
2159,120,120,0,1,
2160,119,119,0,1,
2161,116,116,0,1,
2162,111,111,0,1,
2163,114,114,0,1,
2164,114,114,0,1,
2165,122,122,0,1,
2166,108,108,0,1,
2167,124,124,0,1,
2168,107,107,0,1,
2169,112,112,0,1,
2170,115,115,0,1,
2171,116,116,0,1,
2172,102,102,0,1,
2173,116,116,0,1,
2174,111,111,0,1,
2175,118,118,0,1,
2176,120,120,0,1,
2177,120,120,0,1,
2178,108,108,0,1,
2179,114,114,0,1,
2180,127,127,0,1,
2181,115,115,0,1,
2182,112,112,0,1,
2183,115,115,0,1,
2184,113,113,0,1,
2185,110,110,0,1,
2186,120,120,0,1,
2187,113,113,0,1,
2188,129,129,0,1,
2189,110,110,0,1,
2190,108,108,0,1,
2191,110,110,0,1,
2192,113,113,0,1,
2193,107,107,0,1,
2194,113,113,0,1,
2195,124,124,0,1,
2196,116,116,0,1,
2197,114,114,0,1,
2198,115,115,0,1,
2199,110,110,0,1,
2200,124,124,0,1,
2201,116,116,0,1,
2202,120,120,0,1,
2203,108,108,0,1,
2204,123,123,0,1,
2205,114,114,0,1,
2206,111,111,0,1,
2207,117,117,0,1,
2208,125,125,0,1,
2209,115,115,0,1,
2210,117,117,0,1,
2211,126,126,0,1,
2212,124,124,0,1,
2213,120,120,0,1,
2214,112,112,0,1,
2215,113,113,0,1,
2216,121,121,0,1,
2217,114,114,0,1,
2218,107,107,0,1,
2219,109,109,0,1,
2220,121,121,0,1,
2221,112,112,0,1,
2222,113,113,0,1,
2223,129,129,0,1,
2224,124,124,0,1,
2225,113,113,0,1,
2226,109,109,0,1,
2227,109,109,0,1,
2228,112,112,0,1,
2229,112,112,0,1,
2230,119,119,0,1,
2231,118,118,0,1,
2232,110,110,0,1,
2233,116,116,0,1,
2234,112,112,0,1,
2235,110,110,0,1,
2236,115,115,0,1,
2237,110,110,0,1,
2238,124,124,0,1,
2239,116,116,0,1,
2240,124,124,0,1,
2241,123,123,0,1,
2242,117,117,0,1,
2243,121,121,0,1,
2244,123,123,0,1,
2245,106,106,0,1,
2246,110,110,0,1,
2247,109,109,0,1,
2248,110,110,0,1,
2249,105,105,0,1,
2250,117,117,0,1,
2251,121,121,0,1,
2252,130,130,0,1,
2253,118,118,0,1,
2254,107,107,0,1,
2255,107,107,0,1,
2256,119,119,0,1,
2257,114,114,0,1,
2258,113,113,0,1,
2259,117,117,0,1,
2260,113,113,0,1,
2261,111,111,0,1,
2262,122,122,0,1,
2263,126,126,0,1,
2264,118,118,0,1,
2265,118,118,0,1,
2266,119,119,0,1,
2267,115,115,0,1,
2268,114,114,0,1,
2269,125,125,0,1,
2270,114,114,0,1,
2271,103,103,0,1,
2272,112,112,0,1,
2273,113,113,0,1,
2274,105,105,0,1,
2275,117,117,0,1,
2276,112,112,0,1,
2277,112,112,0,1,
2278,117,117,0,1,
2279,112,112,0,1,
2280,119,119,0,1,
2281,106,106,0,1,
2282,109,109,0,1,
2283,109,109,0,1,
2284,117,117,0,1,
2285,111,111,0,1,
2286,118,118,0,1,
2287,122,122,0,1,
2288,120,120,0,1,
2289,107,107,0,1,
2290,113,113,0,1,
2291,119,119,0,1,
2292,118,118,0,1,
2293,115,115,0,1,
2294,110,110,0,1,
2295,115,115,0,1,
2296,111,111,0,1,
2297,121,121,0,1,
2298,107,107,0,1,
2299,115,115,0,1,
2300,109,109,0,1,
2301,122,122,0,1,
2302,111,111,0,1,
2303,121,121,0,1,
2304,120,120,0,1,
2305,104,104,0,1,
2306,109,109,0,1,
2307,126,126,0,1,
2308,116,116,0,1,
2309,102,102,0,1,
2310,118,118,0,1,
2311,120,120,0,1,
2312,112,112,0,1,
2313,119,119,0,1,
2314,121,121,0,1,
2315,119,119,0,1,
2316,111,111,0,1,
2317,106,106,0,1,
2318,109,109,0,1,
2319,119,119,0,1,
2320,117,117,0,1,
2321,108,108,0,1,
2322,106,106,0,1,
2323,110,110,0,1,
2324,111,111,0,1,
2325,108,108,0,1,
2326,122,122,0,1,
2327,123,123,0,1,
2328,116,116,0,1,
2329,114,114,0,1,
2330,113,113,0,1,
2331,112,112,0,1,
2332,118,118,0,1,
2333,116,116,0,1,
2334,110,110,0,1,
2335,117,117,0,1,
2336,108,108,0,1,
2337,115,115,0,1,
2338,113,113,0,1,
2339,113,113,0,1,
2340,111,111,0,1,
2341,116,116,0,1,
2342,115,115,0,1,
2343,120,120,0,1,
2344,123,123,0,1,
2345,107,107,0,1,
2346,112,112,0,1,
2347,104,104,0,1,
2348,122,122,0,1,
2349,115,115,0,1,
2350,121,121,0,1,
2351,110,110,0,1,
2352,111,111,0,1,
2353,111,111,0,1,
2354,111,111,0,1,
2355,122,122,0,1,
2356,112,112,0,1,
2357,113,113,0,1,
2358,114,114,0,1,
2359,121,121,0,1,
2360,126,126,0,1,
2361,112,112,0,1,
2362,126,126,0,1,
2363,115,115,0,1,
2364,118,118,0,1,
2365,120,120,0,1,
2366,117,117,0,1,
2367,113,113,0,1,
2368,117,117,0,1,
2369,119,119,0,1,
2370,107,107,0,1,
2371,112,112,0,1,
2372,121,121,0,1,
2373,111,111,0,1,
2374,117,117,0,1,
2375,109,109,0,1,
2376,116,116,0,1,
2377,118,118,0,1,
2378,108,108,0,1,
2379,118,118,0,1,
2380,121,121,0,1,
2381,114,114,0,1,
2382,122,122,0,1,
2383,121,121,0,1,
2384,109,109,0,1,
2385,108,108,0,1,
2386,114,114,0,1,
2387,110,110,0,1,
2388,124,124,0,1,
2389,113,113,0,1,
2390,108,108,0,1,
2391,117,117,0,1,
2392,116,116,0,1,
2393,113,113,0,1,
2394,123,123,0,1,
2395,112,112,0,1,
2396,122,122,0,1,
2397,121,121,0,1,
2398,123,123,0,1,
2399,118,118,0,1,
2400,112,112,0,1,
2401,114,114,0,1,
2402,118,118,0,1,
2403,114,114,0,1,
2404,126,126,0,1,
2405,117,117,0,1,
2406,118,118,0,1,
2407,116,116,0,1,
2408,114,114,0,1,
2409,110,110,0,1,
2410,112,112,0,1,
2411,112,112,0,1,
2412,111,111,0,1,
2413,118,118,0,1,
2414,112,112,0,1,
2415,110,110,0,1,
2416,132,132,0,1,
2417,124,124,0,1,
2418,115,115,0,1,
2419,109,109,0,1,
2420,123,123,0,1,
2421,122,122,0,1,
2422,113,113,0,1,
2423,113,113,0,1,
2424,111,111,0,1,
2425,111,111,0,1,
2426,107,107,0,1,
2427,111,111,0,1,
2428,115,115,0,1,
2429,109,109,0,1,
2430,117,117,0,1,
2431,120,120,0,1,
2432,114,114,0,1,
2433,123,123,0,1,
2434,130,130,0,1,
2435,117,117,0,1,
2436,115,115,0,1,
2437,111,111,0,1,
2438,117,117,0,1,
2439,111,111,0,1,
2440,127,127,0,1,
2441,116,116,0,1,
2442,111,111,0,1,
2443,108,108,0,1,
2444,128,128,0,1,
2445,111,111,0,1,
2446,114,114,0,1,
2447,113,113,0,1,
2448,111,111,0,1,
2449,114,114,0,1,
2450,112,112,0,1,
2451,110,110,0,1,
2452,100,100,0,1,
2453,116,116,0,1,
2454,115,115,0,1,
2455,107,107,0,1,
2456,114,114,0,1,
2457,105,105,0,1,
2458,107,107,0,1,
2459,104,104,0,1,
2460,113,113,0,1,
2461,105,105,0,1,
2462,113,113,0,1,
2463,112,112,0,1,
2464,103,103,0,1,
2465,124,124,0,1,
2466,113,113,0,1,
2467,112,112,0,1,
2468,110,110,0,1,
2469,112,112,0,1,
2470,113,113,0,1,
2471,118,118,0,1,
2472,127,127,0,1,
2473,118,118,0,1,
2474,112,112,0,1,
2475,112,112,0,1,
2476,122,122,0,1,
2477,115,115,0,1,
2478,117,117,0,1,
2479,113,113,0,1,
2480,119,119,0,1,
2481,122,122,0,1,
2482,114,114,0,1,
2483,112,112,0,1,
2484,115,115,0,1,
2485,128,128,0,1,
2486,118,118,0,1,
2487,116,116,0,1,
2488,122,122,0,1,
2489,118,118,0,1,
2490,104,104,0,1,
2491,130,130,0,1,
2492,110,110,0,1,
2493,112,112,0,1,
2494,124,124,0,1,
2495,116,116,0,1,
2496,116,116,0,1,
2497,116,116,0,1,
2498,123,123,0,1,
2499,123,123,0,1,
2500,111,111,0,1,
2501,118,118,0,1,
2502,111,111,0,1,
2503,125,125,0,1,
2504,114,114,0,1,
2505,118,118,0,1,
2506,112,112,0,1,
2507,112,112,0,1,
2508,107,107,0,1,
2509,112,112,0,1,
2510,111,111,0,1,
2511,113,113,0,1,
2512,115,115,0,1,
2513,131,131,0,1,
2514,114,114,0,1,
2515,114,114,0,1,
2516,120,120,0,1,
2517,114,114,0,1,
2518,116,116,0,1,
2519,116,116,0,1,
2520,102,102,0,1,
2521,105,105,0,1,
2522,125,125,0,1,
2523,119,119,0,1,
2524,111,111,0,1,
2525,131,131,0,1,
2526,110,110,0,1,
2527,117,117,0,1,
2528,108,108,0,1,
2529,111,111,0,1,
2530,127,127,0,1,
2531,113,113,0,1,
2532,114,114,0,1,
2533,105,105,0,1,
2534,131,131,0,1,
2535,128,128,0,1,
2536,121,121,0,1,
2537,114,114,0,1,
2538,124,124,0,1,
2539,121,121,0,1,
2540,111,111,0,1,
2541,124,124,0,1,
2542,116,116,0,1,
2543,118,118,0,1,
2544,126,126,0,1,
2545,113,113,0,1,
2546,112,112,0,1,
2547,113,113,0,1,
2548,122,122,0,1,
2549,102,102,0,1,
2550,122,122,0,1,
2551,117,117,0,1,
2552,110,110,0,1,
2553,116,116,0,1,
2554,121,121,0,1,
2555,112,112,0,1,
2556,121,121,0,1,
2557,111,111,0,1,
2558,106,106,0,1,
2559,117,117,0,1,
2560,113,113,0,1,
2561,115,115,0,1,
2562,111,111,0,1,
2563,111,111,0,1,
2564,106,106,0,1,
2565,107,107,0,1,
2566,120,120,0,1,
2567,108,108,0,1,
2568,114,114,0,1,
2569,115,115,0,1,
2570,104,104,0,1,
2571,112,112,0,1,
2572,117,117,0,1,
2573,105,105,0,1,
2574,122,122,0,1,
2575,124,124,0,1,
2576,120,120,0,1,
2577,112,112,0,1,
2578,119,119,0,1,
2579,115,115,0,1,
2580,118,118,0,1,
2581,119,119,0,1,
2582,122,122,0,1,
2583,117,117,0,1,
2584,120,120,0,1,
2585,107,107,0,1,
2586,115,115,0,1,
2587,110,110,0,1,
2588,124,124,0,1,
2589,117,117,0,1,
2590,120,120,0,1,
2591,116,116,0,1,
2592,124,124,0,1,
2593,114,114,0,1,
2594,114,114,0,1,
2595,119,119,0,1,
2596,116,116,0,1,
2597,116,116,0,1,
2598,118,118,0,1,
2599,114,114,0,1,
2600,114,114,0,1,
2601,110,110,0,1,
2602,106,106,0,1,
2603,114,114,0,1,
2604,107,107,0,1,
2605,110,110,0,1,
2606,119,119,0,1,
2607,113,113,0,1,
2608,116,116,0,1,
2609,115,115,0,1,
2610,118,118,0,1,
2611,112,112,0,1,
2612,116,116,0,1,
2613,124,124,0,1,
2614,117,117,0,1,
2615,114,114,0,1,
2616,104,104,0,1,
2617,123,123,0,1,
2618,113,113,0,1,
2619,119,119,0,1,
2620,124,124,0,1,
2621,98,98,0,1,
2622,110,110,0,1,
2623,120,120,0,1,
2624,113,113,0,1,
2625,105,105,0,1,
2626,118,118,0,1,
2627,122,122,0,1,
2628,121,121,0,1,
2629,113,113,0,1,
2630,121,121,0,1,
2631,119,119,0,1,
2632,129,129,0,1,
2633,118,118,0,1,
2634,119,119,0,1,
2635,112,112,0,1,
2636,111,111,0,1,
2637,111,111,0,1,
2638,112,112,0,1,
2639,120,120,0,1,
2640,117,117,0,1,
2641,110,110,0,1,
2642,123,123,0,1,
2643,110,110,0,1,
2644,117,117,0,1,
2645,112,112,0,1,
2646,115,115,0,1,
2647,108,108,0,1,
2648,108,108,0,1,
2649,114,114,0,1,
2650,110,110,0,1,
2651,118,118,0,1,
2652,111,111,0,1,
2653,111,111,0,1,
2654,110,110,0,1,
2655,115,115,0,1,
2656,111,111,0,1,
2657,109,109,0,1,
2658,113,113,0,1,
2659,105,105,0,1,
2660,115,115,0,1,
2661,114,114,0,1,
2662,115,115,0,1,
2663,111,111,0,1,
2664,116,116,0,1,
2665,117,117,0,1,
2666,103,103,0,1,
2667,108,108,0,1,
2668,119,119,0,1,
2669,111,111,0,1,
2670,120,120,0,1,
2671,111,111,0,1,
2672,111,111,0,1,
2673,103,103,0,1,
2674,109,109,0,1,
2675,123,123,0,1,
2676,112,112,0,1,
2677,112,112,0,1,
2678,113,113,0,1,
2679,112,112,0,1,
2680,122,122,0,1,
2681,106,106,0,1,
2682,118,118,0,1,
2683,117,117,0,1,
2684,109,109,0,1,
2685,105,105,0,1,
2686,125,125,0,1,
2687,115,115,0,1,
2688,112,112,0,1,
2689,118,118,0,1,
2690,115,115,0,1,
2691,123,123,0,1,
2692,120,120,0,1,
2693,119,119,0,1,
2694,120,120,0,1,
2695,114,114,0,1,
2696,117,117,0,1,
2697,128,128,0,1,
2698,118,118,0,1,
2699,116,116,0,1,
2700,110,110,0,1,
2701,110,110,0,1,
2702,100,100,0,1,
2703,106,106,0,1,
2704,111,111,0,1,
2705,116,116,0,1,
2706,119,119,0,1,
2707,108,108,0,1,
2708,119,119,0,1,
2709,105,105,0,1,
2710,110,110,0,1,
2711,111,111,0,1,
2712,113,113,0,1,
2713,106,106,0,1,
2714,116,116,0,1,
2715,120,120,0,1,
2716,123,123,0,1,
2717,114,114,0,1,
2718,114,114,0,1,
2719,111,111,0,1,
2720,128,128,0,1,
2721,104,104,0,1,
2722,112,112,0,1,
2723,118,118,0,1,
2724,116,116,0,1,
2725,108,108,0,1,
2726,109,109,0,1,
2727,110,110,0,1,
2728,123,123,0,1,
2729,117,117,0,1,
2730,110,110,0,1,
2731,110,110,0,1,
2732,114,114,0,1,
2733,124,124,0,1,
2734,109,109,0,1,
2735,107,107,0,1,
2736,104,104,0,1,
2737,108,108,0,1,
2738,110,110,0,1,
2739,107,107,0,1,
2740,113,113,0,1,
2741,111,111,0,1,
2742,116,116,0,1,
2743,130,130,0,1,
2744,115,115,0,1,
2745,125,125,0,1,
2746,130,130,0,1,
2747,111,111,0,1,
2748,117,117,0,1,
2749,128,128,0,1,
2750,118,118,0,1,
2751,114,114,0,1,
2752,120,120,0,1,
2753,106,106,0,1,
2754,127,127,0,1,
2755,123,123,0,1,
2756,112,112,0,1,
2757,115,115,0,1,
2758,108,108,0,1,
2759,108,108,0,1,
2760,113,113,0,1,
2761,114,114,0,1,
2762,109,109,0,1,
2763,118,118,0,1,
2764,110,110,0,1,
2765,115,115,0,1,
2766,122,122,0,1,
2767,116,116,0,1,
2768,113,113,0,1,
2769,115,115,0,1,
2770,115,115,0,1,
2771,117,117,0,1,
2772,117,117,0,1,
2773,110,110,0,1,
2774,116,116,0,1,
2775,121,121,0,1,
2776,116,116,0,1,
2777,109,109,0,1,
2778,114,114,0,1,
2779,116,116,0,1,
2780,108,108,0,1,
2781,117,117,0,1,
2782,114,114,0,1,
2783,115,115,0,1,
2784,118,118,0,1,
2785,111,111,0,1,
2786,117,117,0,1,
2787,115,115,0,1,
2788,129,129,0,1,
2789,119,119,0,1,
2790,108,108,0,1,
2791,113,113,0,1,
2792,120,120,0,1,
2793,127,127,0,1,
2794,109,109,0,1,
2795,121,121,0,1,
2796,118,118,0,1,
2797,113,113,0,1,
2798,122,122,0,1,
2799,130,130,0,1,
2800,123,123,0,1,
2801,107,107,0,1,
2802,109,109,0,1,
2803,115,115,0,1,
2804,115,115,0,1,
2805,111,111,0,1,
2806,121,121,0,1,
2807,123,123,0,1,
2808,121,121,0,1,
2809,103,103,0,1,
2810,118,118,0,1,
2811,122,122,0,1,
2812,118,118,0,1,
2813,108,108,0,1,
2814,116,116,0,1,
2815,113,113,0,1,
2816,116,116,0,1,
2817,114,114,0,1,
2818,119,119,0,1,
2819,107,107,0,1,
2820,116,116,0,1,
2821,105,105,0,1,
2822,122,122,0,1,
2823,121,121,0,1,
2824,110,110,0,1,
2825,119,119,0,1,
2826,117,117,0,1,
2827,126,126,0,1,
2828,119,119,0,1,
2829,115,115,0,1,
2830,110,110,0,1,
2831,111,111,0,1,
2832,114,114,0,1,
2833,119,119,0,1,
2834,107,107,0,1,
2835,124,124,0,1,
2836,119,119,0,1,
2837,109,109,0,1,
2838,121,121,0,1,
2839,114,114,0,1,
2840,111,111,0,1,
2841,117,117,0,1,
2842,108,108,0,1,
2843,124,124,0,1,
2844,118,118,0,1,
2845,115,115,0,1,
2846,117,117,0,1,
2847,123,123,0,1,
2848,114,114,0,1,
2849,113,113,0,1,
2850,119,119,0,1,
2851,106,106,0,1,
2852,113,113,0,1,
2853,110,110,0,1,
2854,106,106,0,1,
2855,115,115,0,1,
2856,123,123,0,1,
2857,115,115,0,1,
2858,114,114,0,1,
2859,108,108,0,1,
2860,109,109,0,1,
2861,116,116,0,1,
2862,117,117,0,1,
2863,111,111,0,1,
2864,103,103,0,1,
2865,114,114,0,1,
2866,115,115,0,1,
2867,114,114,0,1,
2868,118,118,0,1,
2869,115,115,0,1,
2870,121,121,0,1,
2871,111,111,0,1,
2872,122,122,0,1,
2873,109,109,0,1,
2874,109,109,0,1,
2875,105,105,0,1,
2876,108,108,0,1,
2877,109,109,0,1,
2878,109,109,0,1,
2879,122,122,0,1,
2880,115,115,0,1,
2881,104,104,0,1,
2882,119,119,0,1,
2883,116,116,0,1,
2884,123,123,0,1,
2885,112,112,0,1,
2886,118,118,0,1,
2887,116,116,0,1,
2888,114,114,0,1,
2889,128,128,0,1,
2890,108,108,0,1,
2891,118,118,0,1,
2892,108,108,0,1,
2893,124,124,0,1,
2894,103,103,0,1,
2895,122,122,0,1,
2896,111,111,0,1,
2897,115,115,0,1,
2898,108,108,0,1,
2899,120,120,0,1,
2900,107,107,0,1,
2901,115,115,0,1,
2902,116,116,0,1,
2903,122,122,0,1,
2904,114,114,0,1,
2905,117,117,0,1,
2906,113,113,0,1,
2907,120,120,0,1,
2908,123,123,0,1,
2909,114,114,0,1,
2910,126,126,0,1,
2911,128,128,0,1,
2912,122,122,0,1,
2913,120,120,0,1,
2914,114,114,0,1,
2915,120,120,0,1,
2916,109,109,0,1,
2917,111,111,0,1,
2918,113,113,0,1,
2919,118,118,0,1,
2920,117,117,0,1,
2921,121,121,0,1,
2922,118,118,0,1,
2923,123,123,0,1,
2924,108,108,0,1,
2925,110,110,0,1,
2926,121,121,0,1,
2927,105,105,0,1,
2928,115,115,0,1,
2929,125,125,0,1,
2930,112,112,0,1,
2931,125,125,0,1,
2932,110,110,0,1,
2933,123,123,0,1,
2934,112,112,0,1,
2935,120,120,0,1,
2936,120,120,0,1,
2937,122,122,0,1,
2938,107,107,0,1,
2939,110,110,0,1,
2940,122,122,0,1,
2941,117,117,0,1,
2942,120,120,0,1,
2943,120,120,0,1,
2944,106,106,0,1,
2945,105,105,0,1,
2946,105,105,0,1,
2947,107,107,0,1,
2948,110,110,0,1,
2949,116,116,0,1,
2950,120,120,0,1,
2951,125,125,0,1,
2952,123,123,0,1,
2953,118,118,0,1,
2954,114,114,0,1,
2955,104,104,0,1,
2956,124,124,0,1,
2957,114,114,0,1,
2958,113,113,0,1,
2959,122,122,0,1,
2960,113,113,0,1,
2961,118,118,0,1,
2962,113,113,0,1,
2963,107,107,0,1,
2964,117,117,0,1,
2965,107,107,0,1,
2966,119,119,0,1,
2967,122,122,0,1,
2968,112,112,0,1,
2969,125,125,0,1,
2970,115,115,0,1,
2971,105,105,0,1,
2972,123,123,0,1,
2973,114,114,0,1,
2974,131,131,0,1,
2975,111,111,0,1,
2976,112,112,0,1,
2977,118,118,0,1,
2978,113,113,0,1,
2979,113,113,0,1,
2980,109,109,0,1,
2981,120,120,0,1,
2982,110,110,0,1,
2983,116,116,0,1,
2984,124,124,0,1,
2985,110,110,0,1,
2986,108,108,0,1,
2987,115,115,0,1,
2988,120,120,0,1,
2989,115,115,0,1,
2990,105,105,0,1,
2991,120,120,0,1,
2992,112,112,0,1,
2993,122,122,0,1,
2994,110,110,0,1,
2995,112,112,0,1,
2996,114,114,0,1,
2997,112,112,0,1,
2998,114,114,0,1,
2999,109,109,0,1,
3000,110,110,0,1,
3001,116,116,0,1,
3002,108,108,0,1,
3003,106,106,0,1,
3004,113,113,0,1,
3005,123,123,0,1,
3006,117,117,0,1,
3007,111,111,0,1,
3008,131,131,0,1,
3009,117,117,0,1,
3010,111,111,0,1,
3011,110,110,0,1,
3012,105,105,0,1,
3013,117,117,0,1,
3014,118,118,0,1,
3015,113,113,0,1,
3016,110,110,0,1,
3017,113,113,0,1,
3018,121,121,0,1,
3019,115,115,0,1,
3020,115,115,0,1,
3021,120,120,0,1,
3022,112,112,0,1,
3023,112,112,0,1,
3024,122,122,0,1,
3025,126,126,0,1,
3026,122,122,0,1,
3027,107,107,0,1,
3028,125,125,0,1,
3029,116,116,0,1,
3030,115,115,0,1,
3031,118,118,0,1,
3032,126,126,0,1,
3033,110,110,0,1,
3034,113,113,0,1,
3035,105,105,0,1,
3036,108,108,0,1,
3037,118,118,0,1,
3038,109,109,0,1,
3039,122,122,0,1,
3040,108,108,0,1,
3041,109,109,0,1,
3042,115,115,0,1,
3043,121,121,0,1,
3044,109,109,0,1,
3045,106,106,0,1,
3046,109,109,0,1,
3047,114,114,0,1,
3048,115,115,0,1,
3049,108,108,0,1,
3050,123,123,0,1,
3051,120,120,0,1,
3052,127,127,0,1,
3053,132,132,0,1,
3054,118,118,0,1,
3055,111,111,0,1,
3056,115,115,0,1,
3057,119,119,0,1,
3058,121,121,0,1,
3059,117,117,0,1,
3060,122,122,0,1,
3061,114,114,0,1,
3062,119,119,0,1,
3063,110,110,0,1,
3064,112,112,0,1,
3065,114,114,0,1,
3066,116,116,0,1,
3067,114,114,0,1,
3068,125,125,0,1,
3069,115,115,0,1,
3070,120,120,0,1,
3071,130,130,0,1,
3072,119,119,0,1,
3073,106,106,0,1,
3074,120,120,0,1,
3075,115,115,0,1,
3076,122,122,0,1,
3077,116,116,0,1,
3078,118,118,0,1,
3079,121,121,0,1,
3080,117,117,0,1,
3081,117,117,0,1,
3082,120,120,0,1,
3083,120,120,0,1,
3084,115,115,0,1,
3085,128,128,0,1,
3086,119,119,0,1,
3087,108,108,0,1,
3088,123,123,0,1,
3089,117,117,0,1,
3090,114,114,0,1,
3091,109,109,0,1,
3092,123,123,0,1,
3093,114,114,0,1,
3094,120,120,0,1,
3095,120,120,0,1,
3096,120,120,0,1,
3097,116,116,0,1,
3098,111,111,0,1,
3099,111,111,0,1,
3100,117,117,0,1,
3101,110,110,0,1,
3102,127,127,0,1,
3103,116,116,0,1,
3104,121,121,0,1,
3105,110,110,0,1,
3106,120,120,0,1,
3107,117,117,0,1,
3108,111,111,0,1,
3109,107,107,0,1,
3110,114,114,0,1,
3111,116,116,0,1,
3112,118,118,0,1,
3113,107,107,0,1,
3114,121,121,0,1,
3115,114,114,0,1,
3116,108,108,0,1,
3117,112,112,0,1,
3118,127,127,0,1,
3119,127,127,0,1,
3120,109,109,0,1,
3121,117,117,0,1,
3122,118,118,0,1,
3123,120,120,0,1,
3124,111,111,0,1,
3125,116,116,0,1,
3126,116,116,0,1,
3127,127,127,0,1,
3128,110,110,0,1,
3129,104,104,0,1,
3130,117,117,0,1,
3131,110,110,0,1,
3132,124,124,0,1,
3133,123,123,0,1,
3134,128,128,0,1,
3135,126,126,0,1,
3136,118,118,0,1,
3137,117,117,0,1,
3138,116,116,0,1,
3139,129,129,0,1,
3140,128,128,0,1,
3141,108,108,0,1,
3142,116,116,0,1,
3143,110,110,0,1,
3144,115,115,0,1,
3145,116,116,0,1,
3146,117,117,0,1,
3147,118,118,0,1,
3148,108,108,0,1,
3149,107,107,0,1,
3150,113,113,0,1,
3151,114,114,0,1,
3152,120,120,0,1,
3153,111,111,0,1,
3154,119,119,0,1,
3155,118,118,0,1,
3156,101,101,0,1,
3157,124,124,0,1,
3158,125,125,0,1,
3159,113,113,0,1,
3160,113,113,0,1,
3161,108,108,0,1,
3162,118,118,0,1,
3163,122,122,0,1,
3164,111,111,0,1,
3165,118,118,0,1,
3166,117,117,0,1,
3167,116,116,0,1,
3168,114,114,0,1,
3169,111,111,0,1,
3170,105,105,0,1,
3171,115,115,0,1,
3172,120,120,0,1,
3173,119,119,0,1,
3174,113,113,0,1,
3175,112,112,0,1,
3176,116,116,0,1,
3177,121,121,0,1,
3178,112,112,0,1,
3179,112,112,0,1,
3180,122,122,0,1,
3181,122,122,0,1,
3182,116,116,0,1,
3183,118,118,0,1,
3184,105,105,0,1,
3185,109,109,0,1,
3186,124,124,0,1,
3187,112,112,0,1,
3188,115,115,0,1,
3189,117,117,0,1,
3190,119,119,0,1,
3191,118,118,0,1,
3192,115,115,0,1,
3193,117,117,0,1,
3194,115,115,0,1,
3195,116,116,0,1,
3196,112,112,0,1,
3197,123,123,0,1,
3198,118,118,0,1,
3199,106,106,0,1,
3200,109,109,0,1,
3201,103,103,0,1,
3202,116,116,0,1,
3203,120,120,0,1,
3204,120,120,0,1,
3205,119,119,0,1,
3206,123,123,0,1,
3207,130,130,0,1,
3208,112,112,0,1,
3209,125,125,0,1,
3210,117,117,0,1,
3211,123,123,0,1,
3212,112,112,0,1,
3213,115,115,0,1,
3214,119,119,0,1,
3215,108,108,0,1,
3216,117,117,0,1,
3217,114,114,0,1,
3218,118,118,0,1,
3219,120,120,0,1,
3220,121,121,0,1,
3221,107,107,0,1,
3222,126,126,0,1,
3223,110,110,0,1,
3224,115,115,0,1,
3225,113,113,0,1,
3226,110,110,0,1,
3227,103,103,0,1,
3228,109,109,0,1,
3229,107,107,0,1,
3230,111,111,0,1,
3231,104,104,0,1,
3232,118,118,0,1,
3233,114,114,0,1,
3234,118,118,0,1,
3235,116,116,0,1,
3236,117,117,0,1,
3237,105,105,0,1,
3238,115,115,0,1,
3239,124,124,0,1,
3240,114,114,0,1,
3241,124,124,0,1,
3242,116,116,0,1,
3243,122,122,0,1,
3244,121,121,0,1,
3245,121,121,0,1,
3246,128,128,0,1,
3247,110,110,0,1,
3248,118,118,0,1,
3249,116,116,0,1,
3250,117,117,0,1,
3251,118,118,0,1,
3252,107,107,0,1,
3253,115,115,0,1,
3254,111,111,0,1,
3255,118,118,0,1,
3256,114,114,0,1,
3257,117,117,0,1,
3258,107,107,0,1,
3259,126,126,0,1,
3260,120,120,0,1,
3261,116,116,0,1,
3262,116,116,0,1,
3263,123,123,0,1,
3264,115,115,0,1,
3265,120,120,0,1,
3266,113,113,0,1,
3267,113,113,0,1,
3268,125,125,0,1,
3269,108,108,0,1,
3270,116,116,0,1,
3271,121,121,0,1,
3272,109,109,0,1,
3273,113,113,0,1,
3274,112,112,0,1,
3275,118,118,0,1,
3276,117,117,0,1,
3277,117,117,0,1,
3278,119,119,0,1,
3279,104,104,0,1,
3280,114,114,0,1,
3281,122,122,0,1,
3282,113,113,0,1,
3283,116,116,0,1,
3284,109,109,0,1,
3285,125,125,0,1,
3286,119,119,0,1,
3287,114,114,0,1,
3288,121,121,0,1,
3289,124,124,0,1,
3290,119,119,0,1,
3291,117,117,0,1,
3292,123,123,0,1,
3293,128,128,0,1,
3294,109,109,0,1,
3295,121,121,0,1,
3296,118,118,0,1,
3297,119,119,0,1,
3298,123,123,0,1,
3299,110,110,0,1,
3300,111,111,0,1,
3301,110,110,0,1,
3302,110,110,0,1,
3303,114,114,0,1,
3304,110,110,0,1,
3305,121,121,0,1,
3306,112,112,0,1,
3307,115,115,0,1,
3308,114,114,0,1,
3309,114,114,0,1,
3310,110,110,0,1,
3311,111,111,0,1,
3312,115,115,0,1,
3313,126,126,0,1,
3314,127,127,0,1,
3315,105,105,0,1,
3316,119,119,0,1,
3317,115,115,0,1,
3318,108,108,0,1,
3319,110,110,0,1,
3320,112,112,0,1,
3321,110,110,0,1,
3322,111,111,0,1,
3323,123,123,0,1,
3324,118,118,0,1,
3325,108,108,0,1,
3326,115,115,0,1,
3327,115,115,0,1,
3328,115,115,0,1,
3329,125,125,0,1,
3330,109,109,0,1,
3331,115,115,0,1,
3332,110,110,0,1,
3333,109,109,0,1,
3334,114,114,0,1,
3335,120,120,0,1,
3336,107,107,0,1,
3337,117,117,0,1,
3338,113,113,0,1,
3339,112,112,0,1,
3340,134,134,0,1,
3341,103,103,0,1,
3342,122,122,0,1,
3343,116,116,0,1,
3344,105,105,0,1,
3345,105,105,0,1,
3346,115,115,0,1,
3347,107,107,0,1,
3348,122,122,0,1,
3349,114,114,0,1,
3350,113,113,0,1,
3351,114,114,0,1,
3352,116,116,0,1,
3353,110,110,0,1,
3354,114,114,0,1,
3355,124,124,0,1,
3356,126,126,0,1,
3357,112,112,0,1,
3358,116,116,0,1,
3359,120,120,0,1,
3360,122,122,0,1,
3361,112,112,0,1,
3362,107,107,0,1,
3363,119,119,0,1,
3364,123,123,0,1,
3365,118,118,0,1,
3366,117,117,0,1,
3367,103,103,0,1,
3368,114,114,0,1,
3369,128,128,0,1,
3370,123,123,0,1,
3371,123,123,0,1,
3372,115,115,0,1,
3373,119,119,0,1,
3374,117,117,0,1,
3375,121,121,0,1,
3376,122,122,0,1,
3377,129,129,0,1,
3378,119,119,0,1,
3379,118,118,0,1,
3380,117,117,0,1,
3381,116,116,0,1,
3382,120,120,0,1,
3383,127,127,0,1,
3384,116,116,0,1,
3385,114,114,0,1,
3386,114,114,0,1,
3387,110,110,0,1,
3388,122,122,0,1,
3389,121,121,0,1,
3390,119,119,0,1,
3391,119,119,0,1,
3392,110,110,0,1,
3393,120,120,0,1,
3394,128,128,0,1,
3395,117,117,0,1,
3396,120,120,0,1,
3397,130,130,0,1,
3398,108,108,0,1,
3399,110,110,0,1,
3400,116,116,0,1,
3401,107,107,0,1,
3402,107,107,0,1,
3403,118,118,0,1,
3404,119,119,0,1,
3405,110,110,0,1,
3406,117,117,0,1,
3407,110,110,0,1,
3408,112,112,0,1,
3409,122,122,0,1,
3410,126,126,0,1,
3411,112,112,0,1,
3412,115,115,0,1,
3413,113,113,0,1,
3414,121,121,0,1,
3415,116,116,0,1,
3416,117,117,0,1,
3417,128,128,0,1,
3418,111,111,0,1,
3419,117,117,0,1,
3420,104,104,0,1,
3421,113,113,0,1,
3422,119,119,0,1,
3423,110,110,0,1,
3424,114,114,0,1,
3425,111,111,0,1,
3426,125,125,0,1,
3427,114,114,0,1,
3428,120,120,0,1,
3429,121,121,0,1,
3430,129,129,0,1,
3431,107,107,0,1,
3432,113,113,0,1,
3433,112,112,0,1,
3434,107,107,0,1,
3435,115,115,0,1,
3436,118,118,0,1,
3437,126,126,0,1,
3438,110,110,0,1,
3439,111,111,0,1,
3440,116,116,0,1,
3441,116,116,0,1,
3442,111,111,0,1,
3443,117,117,0,1,
3444,110,110,0,1,
3445,111,111,0,1,
3446,113,113,0,1,
3447,120,120,0,1,
3448,110,110,0,1,
3449,114,114,0,1,
3450,123,123,0,1,
3451,110,110,0,1,
3452,129,129,0,1,
3453,120,120,0,1,
3454,111,111,0,1,
3455,114,114,0,1,
3456,119,119,0,1,
3457,120,120,0,1,
3458,107,107,0,1,
3459,122,122,0,1,
3460,113,113,0,1,
3461,117,117,0,1,
3462,107,107,0,1,
3463,107,107,0,1,
3464,116,116,0,1,
3465,113,113,0,1,
3466,128,128,0,1,
3467,129,129,0,1,
3468,115,115,0,1,
3469,113,113,0,1,
3470,107,107,0,1,
3471,118,118,0,1,
3472,117,117,0,1,
3473,116,116,0,1,
3474,116,116,0,1,
3475,118,118,0,1,
3476,121,121,0,1,
3477,123,123,0,1,
3478,109,109,0,1,
3479,115,115,0,1,
3480,118,118,0,1,
3481,114,114,0,1,
3482,120,120,0,1,
3483,123,123,0,1,
3484,126,126,0,1,
3485,112,112,0,1,
3486,115,115,0,1,
3487,114,114,0,1,
3488,118,118,0,1,
3489,125,125,0,1,
3490,117,117,0,1,
3491,110,110,0,1,
3492,109,109,0,1,
3493,116,116,0,1,
3494,119,119,0,1,
3495,119,119,0,1,
3496,115,115,0,1,
3497,115,115,0,1,
3498,125,125,0,1,
3499,119,119,0,1,
3500,118,118,0,1,
3501,114,114,0,1,
3502,122,122,0,1,
3503,113,113,0,1,
3504,115,115,0,1,
3505,111,111,0,1,
3506,114,114,0,1,
3507,113,113,0,1,
3508,117,117,0,1,
3509,112,112,0,1,
3510,118,118,0,1,
3511,110,110,0,1,
3512,119,119,0,1,
3513,114,114,0,1,
3514,111,111,0,1,
3515,107,107,0,1,
3516,122,122,0,1,
3517,115,115,0,1,
3518,118,118,0,1,
3519,106,106,0,1,
3520,127,127,0,1,
3521,116,116,0,1,
3522,111,111,0,1,
3523,114,114,0,1,
3524,111,111,0,1,
3525,110,110,0,1,
3526,114,114,0,1,
3527,123,123,0,1,
3528,110,110,0,1,
3529,120,120,0,1,
3530,112,112,0,1,
3531,120,120,0,1,
3532,117,117,0,1,
3533,110,110,0,1,
3534,110,110,0,1,
3535,125,125,0,1,
3536,121,121,0,1,
3537,111,111,0,1,
3538,119,119,0,1,
3539,104,104,0,1,
3540,116,116,0,1,
3541,105,105,0,1,
3542,110,110,0,1,
3543,119,119,0,1,
3544,112,112,0,1,
3545,111,111,0,1,
3546,114,114,0,1,
3547,119,119,0,1,
3548,113,113,0,1,
3549,115,115,0,1,
3550,119,119,0,1,
3551,113,113,0,1,
3552,122,122,0,1,
3553,117,117,0,1,
3554,109,109,0,1,
3555,118,118,0,1,
3556,114,114,0,1,
3557,113,113,0,1,
3558,113,113,0,1,
3559,113,113,0,1,
3560,115,115,0,1,
3561,111,111,0,1,
3562,127,127,0,1,
3563,117,117,0,1,
3564,104,104,0,1,
3565,110,110,0,1,
3566,128,128,0,1,
3567,109,109,0,1,
3568,113,113,0,1,
3569,102,102,0,1,
3570,105,105,0,1,
3571,111,111,0,1,
3572,119,119,0,1,
3573,108,108,0,1,
3574,113,113,0,1,
3575,106,106,0,1,
3576,117,117,0,1,
3577,118,118,0,1,
3578,113,113,0,1,
3579,109,109,0,1,
3580,110,110,0,1,
3581,109,109,0,1,
3582,107,107,0,1,
3583,113,113,0,1,
3584,114,114,0,1,
3585,110,110,0,1,
3586,118,118,0,1,
3587,124,124,0,1,
3588,113,113,0,1,
3589,103,103,0,1,
3590,115,115,0,1,
3591,122,122,0,1,
3592,117,117,0,1,
3593,107,107,0,1,
3594,112,112,0,1,
3595,102,102,0,1,
3596,115,115,0,1,
3597,116,116,0,1,
3598,112,112,0,1,
3599,106,106,0,1,
3600,113,113,0,1,
3601,116,116,0,1,
3602,126,126,0,1,
3603,117,117,0,1,
3604,111,111,0,1,
3605,114,114,0,1,
3606,112,112,0,1,
3607,109,109,0,1,
3608,122,122,0,1,
3609,114,114,0,1,
3610,115,115,0,1,
3611,121,121,0,1,
3612,121,121,0,1,
3613,105,105,0,1,
3614,127,127,0,1,
3615,120,120,0,1,
3616,128,128,0,1,
3617,111,111,0,1,
3618,109,109,0,1,
3619,109,109,0,1,
3620,106,106,0,1,
3621,113,113,0,1,
3622,114,114,0,1,
3623,103,103,0,1,
3624,116,116,0,1,
3625,119,119,0,1,
3626,116,116,0,1,
3627,107,107,0,1,
3628,110,110,0,1,
3629,125,125,0,1,
3630,119,119,0,1,
3631,115,115,0,1,
3632,122,122,0,1,
3633,117,117,0,1,
3634,114,114,0,1,
3635,120,120,0,1,
3636,108,108,0,1,
3637,118,118,0,1,
3638,108,108,0,1,
3639,122,122,0,1,
3640,107,107,0,1,
3641,109,109,0,1,
3642,124,124,0,1,
3643,114,114,0,1,
3644,121,121,0,1,
3645,108,108,0,1,
3646,111,111,0,1,
3647,110,110,0,1,
3648,116,116,0,1,
3649,111,111,0,1,
3650,114,114,0,1,
3651,115,115,0,1,
3652,109,109,0,1,
3653,109,109,0,1,
3654,122,122,0,1,
3655,113,113,0,1,
3656,111,111,0,1,
3657,117,117,0,1,
3658,118,118,0,1,
3659,111,111,0,1,
3660,120,120,0,1,
3661,125,125,0,1,
3662,117,117,0,1,
3663,108,108,0,1,
3664,115,115,0,1,
3665,125,125,0,1,
3666,111,111,0,1,
3667,123,123,0,1,
3668,110,110,0,1,
3669,120,120,0,1,
3670,109,109,0,1,
3671,117,117,0,1,
3672,110,110,0,1,
3673,110,110,0,1,
3674,115,115,0,1,
3675,120,120,0,1,
3676,116,116,0,1,
3677,121,121,0,1,
3678,113,113,0,1,
3679,106,106,0,1,
3680,129,129,0,1,
3681,113,113,0,1,
3682,114,114,0,1,
3683,120,120,0,1,
3684,125,125,0,1,
3685,114,114,0,1,
3686,110,110,0,1,
3687,113,113,0,1,
3688,105,105,0,1,
3689,111,111,0,1,
3690,107,107,0,1,
3691,117,117,0,1,
3692,115,115,0,1,
3693,119,119,0,1,
3694,111,111,0,1,
3695,126,126,0,1,
3696,112,112,0,1,
3697,119,119,0,1,
3698,121,121,0,1,
3699,108,108,0,1,
3700,116,116,0,1,
3701,111,111,0,1,
3702,120,120,0,1,
3703,121,121,0,1,
3704,111,111,0,1,
3705,110,110,0,1,
3706,125,125,0,1,
3707,108,108,0,1,
3708,116,116,0,1,
3709,123,123,0,1,
3710,122,122,0,1,
3711,109,109,0,1,
3712,122,122,0,1,
3713,116,116,0,1,
3714,112,112,0,1,
3715,117,117,0,1,
3716,112,112,0,1,
3717,117,117,0,1,
3718,109,109,0,1,
3719,103,103,0,1,
3720,122,122,0,1,
3721,112,112,0,1,
3722,116,116,0,1,
3723,116,116,0,1,
3724,117,117,0,1,
3725,126,126,0,1,
3726,129,129,0,1,
3727,118,118,0,1,
3728,106,106,0,1,
3729,120,120,0,1,
3730,104,104,0,1,
3731,118,118,0,1,
3732,111,111,0,1,
3733,106,106,0,1,
3734,107,107,0,1,
3735,113,113,0,1,
3736,118,118,0,1,
3737,124,124,0,1,
3738,114,114,0,1,
3739,104,104,0,1,
3740,112,112,0,1,
3741,108,108,0,1,
3742,110,110,0,1,
3743,118,118,0,1,
3744,113,113,0,1,
3745,116,116,0,1,
3746,126,126,0,1,
3747,117,117,0,1,
3748,126,126,0,1,
3749,115,115,0,1,
3750,115,115,0,1,
3751,103,103,0,1,
3752,128,128,0,1,
3753,125,125,0,1,
3754,110,110,0,1,
3755,110,110,0,1,
3756,110,110,0,1,
3757,114,114,0,1,
3758,116,116,0,1,
3759,125,125,0,1,
3760,115,115,0,1,
3761,116,116,0,1,
3762,112,112,0,1,
3763,112,112,0,1,
3764,114,114,0,1,
3765,115,115,0,1,
3766,121,121,0,1,
3767,113,113,0,1,
3768,123,123,0,1,
3769,124,124,0,1,
3770,104,104,0,1,
3771,126,126,0,1,
3772,121,121,0,1,
3773,128,128,0,1,
3774,110,110,0,1,
3775,124,124,0,1,
3776,111,111,0,1,
3777,115,115,0,1,
3778,110,110,0,1,
3779,116,116,0,1,
3780,121,121,0,1,
3781,113,113,0,1,
3782,115,115,0,1,
3783,122,122,0,1,
3784,114,114,0,1,
3785,109,109,0,1,
3786,113,113,0,1,
3787,116,116,0,1,
3788,116,116,0,1,
3789,119,119,0,1,
3790,122,122,0,1,
3791,123,123,0,1,
3792,112,112,0,1,
3793,114,114,0,1,
3794,107,107,0,1,
3795,113,113,0,1,
3796,108,108,0,1,
3797,123,123,0,1,
3798,108,108,0,1,
3799,114,114,0,1,
3800,116,116,0,1,
3801,112,112,0,1,
3802,107,107,0,1,
3803,116,116,0,1,
3804,121,121,0,1,
3805,119,119,0,1,
3806,109,109,0,1,
3807,121,121,0,1,
3808,108,108,0,1,
3809,117,117,0,1,
3810,109,109,0,1,
3811,126,126,0,1,
3812,106,106,0,1,
3813,106,106,0,1,
3814,121,121,0,1,
3815,123,123,0,1,
3816,106,106,0,1,
3817,118,118,0,1,
3818,123,123,0,1,
3819,109,109,0,1,
3820,103,103,0,1,
3821,122,122,0,1,
3822,116,116,0,1,
3823,114,114,0,1,
3824,116,116,0,1,
3825,117,117,0,1,
3826,119,119,0,1,
3827,118,118,0,1,
3828,118,118,0,1,
3829,120,120,0,1,
3830,119,119,0,1,
3831,110,110,0,1,
3832,113,113,0,1,
3833,112,112,0,1,
3834,123,123,0,1,
3835,114,114,0,1,
3836,116,116,0,1,
3837,125,125,0,1,
3838,115,115,0,1,
3839,114,114,0,1,
3840,132,132,0,1,
3841,119,119,0,1,
3842,116,116,0,1,
3843,124,124,0,1,
3844,114,114,0,1,
3845,112,112,0,1,
3846,111,111,0,1,
3847,123,123,0,1,
3848,109,109,0,1,
3849,122,122,0,1,
3850,110,110,0,1,
3851,107,107,0,1,
3852,117,117,0,1,
3853,113,113,0,1,
3854,109,109,0,1,
3855,122,122,0,1,
3856,109,109,0,1,
3857,124,124,0,1,
3858,114,114,0,1,
3859,108,108,0,1,
3860,113,113,0,1,
3861,106,106,0,1,
3862,122,122,0,1,
3863,110,110,0,1,
3864,112,112,0,1,
3865,124,124,0,1,
3866,108,108,0,1,
3867,118,118,0,1,
3868,118,118,0,1,
3869,127,127,0,1,
3870,107,107,0,1,
3871,119,119,0,1,
3872,104,104,0,1,
3873,115,115,0,1,
3874,111,111,0,1,
3875,109,109,0,1,
3876,116,116,0,1,
3877,117,117,0,1,
3878,108,108,0,1,
3879,116,116,0,1,
3880,115,115,0,1,
3881,116,116,0,1,
3882,107,107,0,1,
3883,127,127,0,1,
3884,119,119,0,1,
3885,110,110,0,1,
3886,116,116,0,1,
3887,116,116,0,1,
3888,128,128,0,1,
3889,104,104,0,1,
3890,119,119,0,1,
3891,108,108,0,1,
3892,117,117,0,1,
3893,110,110,0,1,
3894,118,118,0,1,
3895,116,116,0,1,
3896,121,121,0,1,
3897,118,118,0,1,
3898,126,126,0,1,
3899,122,122,0,1,
3900,121,121,0,1,
3901,110,110,0,1,
3902,113,113,0,1,
3903,113,113,0,1,
3904,111,111,0,1,
3905,113,113,0,1,
3906,130,130,0,1,
3907,117,117,0,1,
3908,114,114,0,1,
3909,109,109,0,1,
3910,120,120,0,1,
3911,113,113,0,1,
3912,117,117,0,1,
3913,116,116,0,1,
3914,116,116,0,1,
3915,109,109,0,1,
3916,118,118,0,1,
3917,117,117,0,1,
3918,111,111,0,1,
3919,107,107,0,1,
3920,114,114,0,1,
3921,111,111,0,1,
3922,111,111,0,1,
3923,109,109,0,1,
3924,128,128,0,1,
3925,121,121,0,1,
3926,102,102,0,1,
3927,118,118,0,1,
3928,114,114,0,1,
3929,117,117,0,1,
3930,114,114,0,1,
3931,106,106,0,1,
3932,111,111,0,1,
3933,128,128,0,1,
3934,121,121,0,1,
3935,117,117,0,1,
3936,115,115,0,1,
3937,114,114,0,1,
3938,109,109,0,1,
3939,109,109,0,1,
3940,122,122,0,1,
3941,101,101,0,1,
3942,119,119,0,1,
3943,113,113,0,1,
3944,117,117,0,1,
3945,119,119,0,1,
3946,125,125,0,1,
3947,114,114,0,1,
3948,110,110,0,1,
3949,115,115,0,1,
3950,123,123,0,1,
3951,118,118,0,1,
3952,111,111,0,1,
3953,106,106,0,1,
3954,106,106,0,1,
3955,119,119,0,1,
3956,123,123,0,1,
3957,114,114,0,1,
3958,118,118,0,1,
3959,117,117,0,1,
3960,123,123,0,1,
3961,110,110,0,1,
3962,124,124,0,1,
3963,120,120,0,1,
3964,122,122,0,1,
3965,114,114,0,1,
3966,107,107,0,1,
3967,109,109,0,1,
3968,113,113,0,1,
3969,124,124,0,1,
3970,114,114,0,1,
3971,128,128,0,1,
3972,116,116,0,1,
3973,118,118,0,1,
3974,107,107,0,1,
3975,121,121,0,1,
3976,123,123,0,1,
3977,112,112,0,1,
3978,112,112,0,1,
3979,115,115,0,1,
3980,114,114,0,1,
3981,124,124,0,1,
3982,120,120,0,1,
3983,115,115,0,1,
3984,113,113,0,1,
3985,111,111,0,1,
3986,118,118,0,1,
3987,111,111,0,1,
3988,110,110,0,1,
3989,120,120,0,1,
3990,108,108,0,1,
3991,121,121,0,1,
3992,108,108,0,1,
3993,123,123,0,1,
3994,106,106,0,1,
3995,110,110,0,1,
3996,109,109,0,1,
3997,111,111,0,1,
3998,112,112,0,1,
3999,118,118,0,1,
4000,121,121,0,1,
4001,122,122,0,1,
4002,108,108,0,1,
4003,121,121,0,1,
4004,112,112,0,1,
4005,113,113,0,1,
4006,118,118,0,1,
4007,123,123,0,1,
4008,113,113,0,1,
4009,118,118,0,1,
4010,129,129,0,1,
4011,114,114,0,1,
4012,121,121,0,1,
4013,116,116,0,1,
4014,128,128,0,1,
4015,119,119,0,1,
4016,109,109,0,1,
4017,124,124,0,1,
4018,117,117,0,1,
4019,123,123,0,1,
4020,106,106,0,1,
4021,114,114,0,1,
4022,111,111,0,1,
4023,117,117,0,1,
4024,113,113,0,1,
4025,117,117,0,1,
4026,115,115,0,1,
4027,113,113,0,1,
4028,119,119,0,1,
4029,117,117,0,1,
4030,111,111,0,1,
4031,109,109,0,1,
4032,109,109,0,1,
4033,121,121,0,1,
4034,114,114,0,1,
4035,103,103,0,1,
4036,122,122,0,1,
4037,115,115,0,1,
4038,110,110,0,1,
4039,120,120,0,1,
4040,118,118,0,1,
4041,118,118,0,1,
4042,123,123,0,1,
4043,121,121,0,1,
4044,106,106,0,1,
4045,111,111,0,1,
4046,110,110,0,1,
4047,120,120,0,1,
4048,113,113,0,1,
4049,120,120,0,1,
4050,117,117,0,1,
4051,112,112,0,1,
4052,107,107,0,1,
4053,117,117,0,1,
4054,125,125,0,1,
4055,112,112,0,1,
4056,115,115,0,1,
4057,124,124,0,1,
4058,121,121,0,1,
4059,118,118,0,1,
4060,119,119,0,1,
4061,121,121,0,1,
4062,111,111,0,1,
4063,110,110,0,1,
4064,119,119,0,1,
4065,128,128,0,1,
4066,114,114,0,1,
4067,114,114,0,1,
4068,119,119,0,1,
4069,122,122,0,1,
4070,116,116,0,1,
4071,111,111,0,1,
4072,128,128,0,1,
4073,110,110,0,1,
4074,114,114,0,1,
4075,112,112,0,1,
4076,130,130,0,1,
4077,121,121,0,1,
4078,123,123,0,1,
4079,120,120,0,1,
4080,115,115,0,1,
4081,118,118,0,1,
4082,108,108,0,1,
4083,106,106,0,1,
4084,119,119,0,1,
4085,109,109,0,1,
4086,110,110,0,1,
4087,114,114,0,1,
4088,111,111,0,1,
4089,111,111,0,1,
4090,127,127,0,1,
4091,116,116,0,1,
4092,115,115,0,1,
4093,123,123,0,1,
4094,124,124,0,1,
4095,111,111,0,1,
4096,115,115,0,1,
4097,120,120,0,1,
4098,120,120,0,1,
4099,117,117,0,1,
4100,109,109,0,1,
4101,105,105,0,1,
4102,106,106,0,1,
4103,118,118,0,1,
4104,118,118,0,1,
4105,113,113,0,1,
4106,116,116,0,1,
4107,117,117,0,1,
4108,119,119,0,1,
4109,119,119,0,1,
4110,115,115,0,1,
4111,118,118,0,1,
4112,118,118,0,1,
4113,120,120,0,1,
4114,112,112,0,1,
4115,119,119,0,1,
4116,126,126,0,1,
4117,119,119,0,1,
4118,106,106,0,1,
4119,117,117,0,1,
4120,113,113,0,1,
4121,122,122,0,1,
4122,109,109,0,1,
4123,121,121,0,1,
4124,121,121,0,1,
4125,114,114,0,1,
4126,120,120,0,1,
4127,118,118,0,1,
4128,122,122,0,1,
4129,120,120,0,1,
4130,112,112,0,1,
4131,118,118,0,1,
4132,121,121,0,1,
4133,116,116,0,1,
4134,119,119,0,1,
4135,108,108,0,1,
4136,113,113,0,1,
4137,112,112,0,1,
4138,120,120,0,1,
4139,116,116,0,1,
4140,111,111,0,1,
4141,113,113,0,1,
4142,108,108,0,1,
4143,108,108,0,1,
4144,124,124,0,1,
4145,113,113,0,1,
4146,110,110,0,1,
4147,111,111,0,1,
4148,108,108,0,1,
4149,119,119,0,1,
4150,112,112,0,1,
4151,117,117,0,1,
4152,120,120,0,1,
4153,117,117,0,1,
4154,113,113,0,1,
4155,114,114,0,1,
4156,115,115,0,1,
4157,113,113,0,1,
4158,104,104,0,1,
4159,108,108,0,1,
4160,108,108,0,1,
4161,120,120,0,1,
4162,114,114,0,1,
4163,115,115,0,1,
4164,116,116,0,1,
4165,114,114,0,1,
4166,118,118,0,1,
4167,112,112,0,1,
4168,113,113,0,1,
4169,122,122,0,1,
4170,119,119,0,1,
4171,105,105,0,1,
4172,117,117,0,1,
4173,123,123,0,1,
4174,110,110,0,1,
4175,116,116,0,1,
4176,120,120,0,1,
4177,116,116,0,1,
4178,118,118,0,1,
4179,108,108,0,1,
4180,104,104,0,1,
4181,114,114,0,1,
4182,116,116,0,1,
4183,123,123,0,1,
4184,116,116,0,1,
4185,112,112,0,1,
4186,125,125,0,1,
4187,113,113,0,1,
4188,109,109,0,1,
4189,108,108,0,1,
4190,110,110,0,1,
4191,121,121,0,1,
4192,106,106,0,1,
4193,110,110,0,1,
4194,116,116,0,1,
4195,118,118,0,1,
4196,109,109,0,1,
4197,126,126,0,1,
4198,116,116,0,1,
4199,117,117,0,1,
4200,112,112,0,1,
4201,111,111,0,1,
4202,120,120,0,1,
4203,112,112,0,1,
4204,120,120,0,1,
4205,109,109,0,1,
4206,126,126,0,1,
4207,112,112,0,1,
4208,112,112,0,1,
4209,124,124,0,1,
4210,119,119,0,1,
4211,114,114,0,1,
4212,124,124,0,1,
4213,121,121,0,1,
4214,125,125,0,1,
4215,119,119,0,1,
4216,113,113,0,1,
4217,124,124,0,1,
4218,115,115,0,1,
4219,119,119,0,1,
4220,118,118,0,1,
4221,107,107,0,1,
4222,108,108,0,1,
4223,113,113,0,1,
4224,123,123,0,1,
4225,121,121,0,1,
4226,110,110,0,1,
4227,114,114,0,1,
4228,124,124,0,1,
4229,108,108,0,1,
4230,119,119,0,1,
4231,121,121,0,1,
4232,114,114,0,1,
4233,123,123,0,1,
4234,117,117,0,1,
4235,120,120,0,1,
4236,115,115,0,1,
4237,116,116,0,1,
4238,110,110,0,1,
4239,110,110,0,1,
4240,113,113,0,1,
4241,120,120,0,1,
4242,120,120,0,1,
4243,121,121,0,1,
4244,110,110,0,1,
4245,124,124,0,1,
4246,106,106,0,1,
4247,108,108,0,1,
4248,109,109,0,1,
4249,118,118,0,1,
4250,117,117,0,1,
4251,106,106,0,1,
4252,117,117,0,1,
4253,119,119,0,1,
4254,117,117,0,1,
4255,123,123,0,1,
4256,105,105,0,1,
4257,122,122,0,1,
4258,121,121,0,1,
4259,110,110,0,1,
4260,110,110,0,1,
4261,109,109,0,1,
4262,121,121,0,1,
4263,114,114,0,1,
4264,119,119,0,1,
4265,121,121,0,1,
4266,115,115,0,1,
4267,126,126,0,1,
4268,110,110,0,1,
4269,111,111,0,1,
4270,111,111,0,1,
4271,111,111,0,1,
4272,119,119,0,1,
4273,118,118,0,1,
4274,112,112,0,1,
4275,122,122,0,1,
4276,128,128,0,1,
4277,109,109,0,1,
4278,115,115,0,1,
4279,117,117,0,1,
4280,113,113,0,1,
4281,106,106,0,1,
4282,111,111,0,1,
4283,112,112,0,1,
4284,105,105,0,1,
4285,109,109,0,1,
4286,110,110,0,1,
4287,124,124,0,1,
4288,118,118,0,1,
4289,114,114,0,1,
4290,115,115,0,1,
4291,122,122,0,1,
4292,117,117,0,1,
4293,110,110,0,1,
4294,111,111,0,1,
4295,124,124,0,1,
4296,111,111,0,1,
4297,103,103,0,1,
4298,114,114,0,1,
4299,119,119,0,1,
4300,118,118,0,1,
4301,125,125,0,1,
4302,116,116,0,1,
4303,114,114,0,1,
4304,111,111,0,1,
4305,110,110,0,1,
4306,107,107,0,1,
4307,116,116,0,1,
4308,116,116,0,1,
4309,117,117,0,1,
4310,108,108,0,1,
4311,123,123,0,1,
4312,118,118,0,1,
4313,113,113,0,1,
4314,125,125,0,1,
4315,115,115,0,1,
4316,118,118,0,1,
4317,118,118,0,1,
4318,114,114,0,1,
4319,133,133,0,1,
4320,116,116,0,1,
4321,112,112,0,1,
4322,119,119,0,1,
4323,125,125,0,1,
4324,115,115,0,1,
4325,110,110,0,1,
4326,126,126,0,1,
4327,113,113,0,1,
4328,114,114,0,1,
4329,112,112,0,1,
4330,116,116,0,1,
4331,112,112,0,1,
4332,123,123,0,1,
4333,115,115,0,1,
4334,116,116,0,1,
4335,121,121,0,1,
4336,110,110,0,1,
4337,117,117,0,1,
4338,110,110,0,1,
4339,117,117,0,1,
4340,118,118,0,1,
4341,115,115,0,1,
4342,122,122,0,1,
4343,124,124,0,1,
4344,120,120,0,1,
4345,127,127,0,1,
4346,117,117,0,1,
4347,109,109,0,1,
4348,112,112,0,1,
4349,128,128,0,1,
4350,113,113,0,1,
4351,115,115,0,1,
4352,117,117,0,1,
4353,119,119,0,1,
4354,107,107,0,1,
4355,134,134,0,1,
4356,117,117,0,1,
4357,121,121,0,1,
4358,104,104,0,1,
4359,108,108,0,1,
4360,117,117,0,1,
4361,119,119,0,1,
4362,121,121,0,1,
4363,115,115,0,1,
4364,113,113,0,1,
4365,111,111,0,1,
4366,111,111,0,1,
4367,118,118,0,1,
4368,114,114,0,1,
4369,118,118,0,1,
4370,123,123,0,1,
4371,106,106,0,1,
4372,118,118,0,1,
4373,115,115,0,1,
4374,117,117,0,1,
4375,121,121,0,1,
4376,122,122,0,1,
4377,109,109,0,1,
4378,118,118,0,1,
4379,129,129,0,1,
4380,130,130,0,1,
4381,112,112,0,1,
4382,120,120,0,1,
4383,126,126,0,1,
4384,118,118,0,1,
4385,130,130,0,1,
4386,119,119,0,1,
4387,110,110,0,1,
4388,114,114,0,1,
4389,112,112,0,1,
4390,116,116,0,1,
4391,112,112,0,1,
4392,111,111,0,1,
4393,110,110,0,1,
4394,118,118,0,1,
4395,115,115,0,1,
4396,112,112,0,1,
4397,110,110,0,1,
4398,116,116,0,1,
4399,107,107,0,1,
4400,110,110,0,1,
4401,119,119,0,1,
4402,124,124,0,1,
4403,110,110,0,1,
4404,123,123,0,1,
4405,121,121,0,1,
4406,118,118,0,1,
4407,123,123,0,1,
4408,112,112,0,1,
4409,121,121,0,1,
4410,110,110,0,1,
4411,109,109,0,1,
4412,105,105,0,1,
4413,118,118,0,1,
4414,123,123,0,1,
4415,114,114,0,1,
4416,116,116,0,1,
4417,111,111,0,1,
4418,120,120,0,1,
4419,107,107,0,1,
4420,116,116,0,1,
4421,117,117,0,1,
4422,109,109,0,1,
4423,107,107,0,1,
4424,107,107,0,1,
4425,108,108,0,1,
4426,122,122,0,1,
4427,122,122,0,1,
4428,106,106,0,1,
4429,112,112,0,1,
4430,108,108,0,1,
4431,104,104,0,1,
4432,128,128,0,1,
4433,113,113,0,1,
4434,111,111,0,1,
4435,107,107,0,1,
4436,114,114,0,1,
4437,124,124,0,1,
4438,118,118,0,1,
4439,107,107,0,1,
4440,118,118,0,1,
4441,106,106,0,1,
4442,115,115,0,1,
4443,119,119,0,1,
4444,119,119,0,1,
4445,118,118,0,1,
4446,117,117,0,1,
4447,119,119,0,1,
4448,122,122,0,1,
4449,114,114,0,1,
4450,111,111,0,1,
4451,111,111,0,1,
4452,104,104,0,1,
4453,120,120,0,1,
4454,115,115,0,1,
4455,120,120,0,1,
4456,109,109,0,1,
4457,105,105,0,1,
4458,123,123,0,1,
4459,113,113,0,1,
4460,129,129,0,1,
4461,107,107,0,1,
4462,108,108,0,1,
4463,111,111,0,1,
4464,110,110,0,1,
4465,114,114,0,1,
4466,122,122,0,1,
4467,110,110,0,1,
4468,106,106,0,1,
4469,112,112,0,1,
4470,114,114,0,1,
4471,114,114,0,1,
4472,108,108,0,1,
4473,118,118,0,1,
4474,110,110,0,1,
4475,125,125,0,1,
4476,124,124,0,1,
4477,124,124,0,1,
4478,107,107,0,1,
4479,106,106,0,1,
4480,120,120,0,1,
4481,110,110,0,1,
4482,115,115,0,1,
4483,115,115,0,1,
4484,106,106,0,1,
4485,120,120,0,1,
4486,124,124,0,1,
4487,114,114,0,1,
4488,121,121,0,1,
4489,120,120,0,1,
4490,126,126,0,1,
4491,121,121,0,1,
4492,118,118,0,1,
4493,112,112,0,1,
4494,118,118,0,1,
4495,111,111,0,1,
4496,124,124,0,1,
4497,125,125,0,1,
4498,117,117,0,1,
4499,116,116,0,1,
4500,113,113,0,1,
4501,111,111,0,1,
4502,105,105,0,1,
4503,127,127,0,1,
4504,115,115,0,1,
4505,117,117,0,1,
4506,120,120,0,1,
4507,112,112,0,1,
4508,119,119,0,1,
4509,107,107,0,1,
4510,108,108,0,1,
4511,108,108,0,1,
4512,116,116,0,1,
4513,110,110,0,1,
4514,113,113,0,1,
4515,122,122,0,1,
4516,115,115,0,1,
4517,120,120,0,1,
4518,121,121,0,1,
4519,109,109,0,1,
4520,108,108,0,1,
4521,116,116,0,1,
4522,109,109,0,1,
4523,119,119,0,1,
4524,109,109,0,1,
4525,123,123,0,1,
4526,113,113,0,1,
4527,118,118,0,1,
4528,112,112,0,1,
4529,104,104,0,1,
4530,110,110,0,1,
4531,116,116,0,1,
4532,116,116,0,1,
4533,121,121,0,1,
4534,118,118,0,1,
4535,119,119,0,1,
4536,114,114,0,1,
4537,116,116,0,1,
4538,107,107,0,1,
4539,109,109,0,1,
4540,118,118,0,1,
4541,112,112,0,1,
4542,106,106,0,1,
4543,124,124,0,1,
4544,127,127,0,1,
4545,120,120,0,1,
4546,112,112,0,1,
4547,125,125,0,1,
4548,107,107,0,1,
4549,114,114,0,1,
4550,106,106,0,1,
4551,117,117,0,1,
4552,107,107,0,1,
4553,123,123,0,1,
4554,105,105,0,1,
4555,108,108,0,1,
4556,114,114,0,1,
4557,110,110,0,1,
4558,116,116,0,1,
4559,117,117,0,1,
4560,113,113,0,1,
4561,122,122,0,1,
4562,113,113,0,1,
4563,107,107,0,1,
4564,115,115,0,1,
4565,118,118,0,1,
4566,104,104,0,1,
4567,117,117,0,1,
4568,124,124,0,1,
4569,105,105,0,1,
4570,108,108,0,1,
4571,125,125,0,1,
4572,126,126,0,1,
4573,118,118,0,1,
4574,124,124,0,1,
4575,116,116,0,1,
4576,114,114,0,1,
4577,112,112,0,1,
4578,103,103,0,1,
4579,115,115,0,1,
4580,128,128,0,1,
4581,101,101,0,1,
4582,121,121,0,1,
4583,115,115,0,1,
4584,117,117,0,1,
4585,105,105,0,1,
4586,109,109,0,1,
4587,113,113,0,1,
4588,109,109,0,1,
4589,115,115,0,1,
4590,109,109,0,1,
4591,118,118,0,1,
4592,127,127,0,1,
4593,107,107,0,1,
4594,124,124,0,1,
4595,115,115,0,1,
4596,110,110,0,1,
4597,120,120,0,1,
4598,124,124,0,1,
4599,127,127,0,1,
4600,120,120,0,1,
4601,116,116,0,1,
4602,113,113,0,1,
4603,116,116,0,1,
4604,106,106,0,1,
4605,112,112,0,1,
4606,126,126,0,1,
4607,111,111,0,1,
4608,103,103,0,1,
4609,122,122,0,1,
4610,115,115,0,1,
4611,109,109,0,1,
4612,118,118,0,1,
4613,117,117,0,1,
4614,119,119,0,1,
4615,111,111,0,1,
4616,117,117,0,1,
4617,121,121,0,1,
4618,114,114,0,1,
4619,109,109,0,1,
4620,118,118,0,1,
4621,110,110,0,1,
4622,110,110,0,1,
4623,115,115,0,1,
4624,109,109,0,1,
4625,115,115,0,1,
4626,122,122,0,1,
4627,125,125,0,1,
4628,122,122,0,1,
4629,110,110,0,1,
4630,112,112,0,1,
4631,114,114,0,1,
4632,117,117,0,1,
4633,109,109,0,1,
4634,118,118,0,1,
4635,112,112,0,1,
4636,107,107,0,1,
4637,109,109,0,1,
4638,116,116,0,1,
4639,112,112,0,1,
4640,113,113,0,1,
4641,115,115,0,1,
4642,111,111,0,1,
4643,112,112,0,1,
4644,119,119,0,1,
4645,114,114,0,1,
4646,107,107,0,1,
4647,122,122,0,1,
4648,113,113,0,1,
4649,120,120,0,1,
4650,113,113,0,1,
4651,124,124,0,1,
4652,119,119,0,1,
4653,106,106,0,1,
4654,118,118,0,1,
4655,119,119,0,1,
4656,122,122,0,1,
4657,116,116,0,1,
4658,121,121,0,1,
4659,104,104,0,1,
4660,106,106,0,1,
4661,106,106,0,1,
4662,116,116,0,1,
4663,121,121,0,1,
4664,111,111,0,1,
4665,115,115,0,1,
4666,119,119,0,1,
4667,120,120,0,1,
4668,109,109,0,1,
4669,113,113,0,1,
4670,107,107,0,1,
4671,108,108,0,1,
4672,105,105,0,1,
4673,106,106,0,1,
4674,125,125,0,1,
4675,115,115,0,1,
4676,121,121,0,1,
4677,117,117,0,1,
4678,123,123,0,1,
4679,113,113,0,1,
4680,118,118,0,1,
4681,115,115,0,1,
4682,126,126,0,1,
4683,102,102,0,1,
4684,111,111,0,1,
4685,115,115,0,1,
4686,114,114,0,1,
4687,120,120,0,1,
4688,120,120,0,1,
4689,105,105,0,1,
4690,124,124,0,1,
4691,117,117,0,1,
4692,114,114,0,1,
4693,122,122,0,1,
4694,120,120,0,1,
4695,117,117,0,1,
4696,113,113,0,1,
4697,112,112,0,1,
4698,106,106,0,1,
4699,113,113,0,1,
4700,120,120,0,1,
4701,132,132,0,1,
4702,115,115,0,1,
4703,119,119,0,1,
4704,104,104,0,1,
4705,107,107,0,1,
4706,107,107,0,1,
4707,108,108,0,1,
4708,119,119,0,1,
4709,117,117,0,1,
4710,113,113,0,1,
4711,113,113,0,1,
4712,120,120,0,1,
4713,119,119,0,1,
4714,120,120,0,1,
4715,113,113,0,1,
4716,116,116,0,1,
4717,125,125,0,1,
4718,110,110,0,1,
4719,124,124,0,1,
4720,119,119,0,1,
4721,114,114,0,1,
4722,122,122,0,1,
4723,115,115,0,1,
4724,111,111,0,1,
4725,117,117,0,1,
4726,121,121,0,1,
4727,111,111,0,1,
4728,119,119,0,1,
4729,120,120,0,1,
4730,122,122,0,1,
4731,123,123,0,1,
4732,108,108,0,1,
4733,125,125,0,1,
4734,108,108,0,1,
4735,124,124,0,1,
4736,120,120,0,1,
4737,126,126,0,1,
4738,116,116,0,1,
4739,125,125,0,1,
4740,112,112,0,1,
4741,109,109,0,1,
4742,114,114,0,1,
4743,106,106,0,1,
4744,119,119,0,1,
4745,109,109,0,1,
4746,119,119,0,1,
4747,105,105,0,1,
4748,112,112,0,1,
4749,119,119,0,1,
4750,116,116,0,1,
4751,112,112,0,1,
4752,118,118,0,1,
4753,124,124,0,1,
4754,107,107,0,1,
4755,120,120,0,1,
4756,111,111,0,1,
4757,111,111,0,1,
4758,117,117,0,1,
4759,123,123,0,1,
4760,121,121,0,1,
4761,124,124,0,1,
4762,119,119,0,1,
4763,115,115,0,1,
4764,116,116,0,1,
4765,106,106,0,1,
4766,109,109,0,1,
4767,117,117,0,1,
4768,113,113,0,1,
4769,121,121,0,1,
4770,124,124,0,1,
4771,113,113,0,1,
4772,115,115,0,1,
4773,117,117,0,1,
4774,129,129,0,1,
4775,109,109,0,1,
4776,111,111,0,1,
4777,116,116,0,1,
4778,116,116,0,1,
4779,120,120,0,1,
4780,122,122,0,1,
4781,111,111,0,1,
4782,123,123,0,1,
4783,112,112,0,1,
4784,123,123,0,1,
4785,111,111,0,1,
4786,119,119,0,1,
4787,120,120,0,1,
4788,114,114,0,1,
4789,117,117,0,1,
4790,108,108,0,1,
4791,119,119,0,1,
4792,108,108,0,1,
4793,115,115,0,1,
4794,124,124,0,1,
4795,112,112,0,1,
4796,109,109,0,1,
4797,112,112,0,1,
4798,121,121,0,1,
4799,114,114,0,1,
4800,119,119,0,1,
4801,124,124,0,1,
4802,120,120,0,1,
4803,122,122,0,1,
4804,113,113,0,1,
4805,111,111,0,1,
4806,112,112,0,1,
4807,115,115,0,1,
4808,116,116,0,1,
4809,106,106,0,1,
4810,121,121,0,1,
4811,113,113,0,1,
4812,116,116,0,1,
4813,110,110,0,1,
4814,124,124,0,1,
4815,112,112,0,1,
4816,119,119,0,1,
4817,109,109,0,1,
4818,111,111,0,1,
4819,120,120,0,1,
4820,114,114,0,1,
4821,115,115,0,1,
4822,114,114,0,1,
4823,115,115,0,1,
4824,111,111,0,1,
4825,120,120,0,1,
4826,111,111,0,1,
4827,112,112,0,1,
4828,128,128,0,1,
4829,108,108,0,1,
4830,117,117,0,1,
4831,114,114,0,1,
4832,118,118,0,1,
4833,109,109,0,1,
4834,111,111,0,1,
4835,104,104,0,1,
4836,122,122,0,1,
4837,111,111,0,1,
4838,115,115,0,1,
4839,114,114,0,1,
4840,112,112,0,1,
4841,109,109,0,1,
4842,107,107,0,1,
4843,114,114,0,1,
4844,105,105,0,1,
4845,115,115,0,1,
4846,106,106,0,1,
4847,111,111,0,1,
4848,112,112,0,1,
4849,114,114,0,1,
4850,114,114,0,1,
4851,111,111,0,1,
4852,117,117,0,1,
4853,107,107,0,1,
4854,116,116,0,1,
4855,112,112,0,1,
4856,105,105,0,1,
4857,101,101,0,1,
4858,128,128,0,1,
4859,118,118,0,1,
4860,109,109,0,1,
4861,116,116,0,1,
4862,119,119,0,1,
4863,125,125,0,1,
4864,112,112,0,1,
4865,114,114,0,1,
4866,109,109,0,1,
4867,117,117,0,1,
4868,114,114,0,1,
4869,115,115,0,1,
4870,112,112,0,1,
4871,114,114,0,1,
4872,108,108,0,1,
4873,117,117,0,1,
4874,110,110,0,1,
4875,113,113,0,1,
4876,133,133,0,1,
4877,108,108,0,1,
4878,118,118,0,1,
4879,112,112,0,1,
4880,112,112,0,1,
4881,116,116,0,1,
4882,113,113,0,1,
4883,120,120,0,1,
4884,118,118,0,1,
4885,121,121,0,1,
4886,122,122,0,1,
4887,109,109,0,1,
4888,110,110,0,1,
4889,120,120,0,1,
4890,108,108,0,1,
4891,106,106,0,1,
4892,113,113,0,1,
4893,121,121,0,1,
4894,130,130,0,1,
4895,118,118,0,1,
4896,119,119,0,1,
4897,123,123,0,1,
4898,127,127,0,1,
4899,117,117,0,1,
4900,107,107,0,1,
4901,118,118,0,1,
4902,112,112,0,1,
4903,108,108,0,1,
4904,118,118,0,1,
4905,114,114,0,1,
4906,117,117,0,1,
4907,119,119,0,1,
4908,116,116,0,1,
4909,123,123,0,1,
4910,121,121,0,1,
4911,122,122,0,1,
4912,117,117,0,1,
4913,119,119,0,1,
4914,112,112,0,1,
4915,106,106,0,1,
4916,114,114,0,1,
4917,120,120,0,1,
4918,107,107,0,1,
4919,117,117,0,1,
4920,115,115,0,1,
4921,102,102,0,1,
4922,110,110,0,1,
4923,120,120,0,1,
4924,108,108,0,1,
4925,111,111,0,1,
4926,125,125,0,1,
4927,133,133,0,1,
4928,117,117,0,1,
4929,107,107,0,1,
4930,114,114,0,1,
4931,115,115,0,1,
4932,125,125,0,1,
4933,107,107,0,1,
4934,123,123,0,1,
4935,127,127,0,1,
4936,116,116,0,1,
4937,130,130,0,1,
4938,115,115,0,1,
4939,110,110,0,1,
4940,113,113,0,1,
4941,116,116,0,1,
4942,118,118,0,1,
4943,124,124,0,1,
4944,124,124,0,1,
4945,106,106,0,1,
4946,110,110,0,1,
4947,122,122,0,1,
4948,110,110,0,1,
4949,124,124,0,1,
4950,110,110,0,1,
4951,116,116,0,1,
4952,108,108,0,1,
4953,126,126,0,1,
4954,127,127,0,1,
4955,121,121,0,1,
4956,121,121,0,1,
4957,121,121,0,1,
4958,104,104,0,1,
4959,112,112,0,1,
4960,125,125,0,1,
4961,116,116,0,1,
4962,119,119,0,1,
4963,118,118,0,1,
4964,123,123,0,1,
4965,113,113,0,1,
4966,108,108,0,1,
4967,108,108,0,1,
4968,106,106,0,1,
4969,116,116,0,1,
4970,108,108,0,1,
4971,114,114,0,1,
4972,108,108,0,1,
4973,108,108,0,1,
4974,118,118,0,1,
4975,114,114,0,1,
4976,119,119,0,1,
4977,109,109,0,1,
4978,112,112,0,1,
4979,109,109,0,1,
4980,114,114,0,1,
4981,119,119,0,1,
4982,107,107,0,1,
4983,105,105,0,1,
4984,116,116,0,1,
4985,121,121,0,1,
4986,104,104,0,1,
4987,117,117,0,1,
4988,118,118,0,1,
4989,116,116,0,1,
4990,119,119,0,1,
4991,120,120,0,1,
4992,112,112,0,1,
4993,114,114,0,1,
4994,115,115,0,1,
4995,122,122,0,1,
4996,123,123,0,1,
4997,112,112,0,1,
4998,115,115,0,1,
4999,118,118,0,1,
5000,107,107,0,1,
5001,115,115,0,1,
5002,113,113,0,1,
5003,116,116,0,1,
5004,113,113,0,1,
5005,124,124,0,1,
5006,122,122,0,1,
5007,123,123,0,1,
5008,113,113,0,1,
5009,117,117,0,1,
5010,116,116,0,1,
5011,108,108,0,1,
5012,119,119,0,1,
5013,112,112,0,1,
5014,106,106,0,1,
5015,116,116,0,1,
5016,106,106,0,1,
5017,111,111,0,1,
5018,126,126,0,1,
5019,110,110,0,1,
5020,123,123,0,1,
5021,109,109,0,1,
5022,117,117,0,1,
5023,114,114,0,1,
5024,108,108,0,1,
5025,122,122,0,1,
5026,110,110,0,1,
5027,117,117,0,1,
5028,107,107,0,1,
5029,116,116,0,1,
5030,117,117,0,1,
5031,123,123,0,1,
5032,111,111,0,1,
5033,114,114,0,1,
5034,116,116,0,1,
5035,119,119,0,1,
5036,126,126,0,1,
5037,117,117,0,1,
5038,127,127,0,1,
5039,117,117,0,1,
5040,116,116,0,1,
5041,116,116,0,1,
5042,121,121,0,1,
5043,115,115,0,1,
5044,115,115,0,1,
5045,115,115,0,1,
5046,114,114,0,1,
5047,121,121,0,1,
5048,115,115,0,1,
5049,122,122,0,1,
5050,121,121,0,1,
5051,124,124,0,1,
5052,110,110,0,1,
5053,113,113,0,1,
5054,116,116,0,1,
5055,118,118,0,1,
5056,107,107,0,1,
5057,110,110,0,1,
5058,118,118,0,1,
5059,117,117,0,1,
5060,112,112,0,1,
5061,108,108,0,1,
5062,109,109,0,1,
5063,114,114,0,1,
5064,112,112,0,1,
5065,108,108,0,1,
5066,108,108,0,1,
5067,117,117,0,1,
5068,116,116,0,1,
5069,124,124,0,1,
5070,122,122,0,1,
5071,130,130,0,1,
5072,121,121,0,1,
5073,106,106,0,1,
5074,122,122,0,1,
5075,112,112,0,1,
5076,114,114,0,1,
5077,134,134,0,1,
5078,110,110,0,1,
5079,111,111,0,1,
5080,112,112,0,1,
5081,109,109,0,1,
5082,117,117,0,1,
5083,116,116,0,1,
5084,114,114,0,1,
5085,114,114,0,1,
5086,120,120,0,1,
5087,122,122,0,1,
5088,125,125,0,1,
5089,116,116,0,1,
5090,127,127,0,1,
5091,112,112,0,1,
5092,126,126,0,1,
5093,116,116,0,1,
5094,109,109,0,1,
5095,108,108,0,1,
5096,116,116,0,1,
5097,121,121,0,1,
5098,112,112,0,1,
5099,130,130,0,1,
5100,117,117,0,1,
5101,117,117,0,1,
5102,110,110,0,1,
5103,105,105,0,1,
5104,110,110,0,1,
5105,118,118,0,1,
5106,110,110,0,1,
5107,111,111,0,1,
5108,110,110,0,1,
5109,119,119,0,1,
5110,106,106,0,1,
5111,116,116,0,1,
5112,106,106,0,1,
5113,121,121,0,1,
5114,115,115,0,1,
5115,126,126,0,1,
5116,122,122,0,1,
5117,110,110,0,1,
5118,115,115,0,1,
5119,111,111,0,1,
5120,111,111,0,1,
5121,123,123,0,1,
5122,125,125,0,1,
5123,117,117,0,1,
5124,103,103,0,1,
5125,118,118,0,1,
5126,117,117,0,1,
5127,114,114,0,1,
5128,113,113,0,1,
5129,123,123,0,1,
5130,126,126,0,1,
5131,119,119,0,1,
5132,111,111,0,1,
5133,120,120,0,1,
5134,105,105,0,1,
5135,124,124,0,1,
5136,114,114,0,1,
5137,117,117,0,1,
5138,109,109,0,1,
5139,110,110,0,1,
5140,117,117,0,1,
5141,111,111,0,1,
5142,114,114,0,1,
5143,110,110,0,1,
5144,118,118,0,1,
5145,121,121,0,1,
5146,108,108,0,1,
5147,105,105,0,1,
5148,120,120,0,1,
5149,119,119,0,1,
5150,118,118,0,1,
5151,111,111,0,1,
5152,133,133,0,1,
5153,106,106,0,1,
5154,116,116,0,1,
5155,114,114,0,1,
5156,127,127,0,1,
5157,106,106,0,1,
5158,123,123,0,1,
5159,120,120,0,1,
5160,123,123,0,1,
5161,119,119,0,1,
5162,121,121,0,1,
5163,109,109,0,1,
5164,110,110,0,1,
5165,118,118,0,1,
5166,122,122,0,1,
5167,112,112,0,1,
5168,127,127,0,1,
5169,118,118,0,1,
5170,116,116,0,1,
5171,110,110,0,1,
5172,114,114,0,1,
5173,109,109,0,1,
5174,130,130,0,1,
5175,116,116,0,1,
5176,117,117,0,1,
5177,119,119,0,1,
5178,113,113,0,1,
5179,113,113,0,1,
5180,113,113,0,1,
5181,106,106,0,1,
5182,110,110,0,1,
5183,112,112,0,1,
5184,111,111,0,1,
5185,107,107,0,1,
5186,121,121,0,1,
5187,122,122,0,1,
5188,119,119,0,1,
5189,116,116,0,1,
5190,106,106,0,1,
5191,115,115,0,1,
5192,116,116,0,1,
5193,124,124,0,1,
5194,108,108,0,1,
5195,120,120,0,1,
5196,103,103,0,1,
5197,107,107,0,1,
5198,119,119,0,1,
5199,111,111,0,1,
5200,114,114,0,1,
5201,115,115,0,1,
5202,123,123,0,1,
5203,117,117,0,1,
5204,120,120,0,1,
5205,110,110,0,1,
5206,112,112,0,1,
5207,125,125,0,1,
5208,126,126,0,1,
5209,122,122,0,1,
5210,124,124,0,1,
5211,118,118,0,1,
5212,109,109,0,1,
5213,115,115,0,1,
5214,119,119,0,1,
5215,109,109,0,1,
5216,113,113,0,1,
5217,114,114,0,1,
5218,119,119,0,1,
5219,118,118,0,1,
5220,109,109,0,1,
5221,115,115,0,1,
5222,114,114,0,1,
5223,112,112,0,1,
5224,120,120,0,1,
5225,107,107,0,1,
5226,130,130,0,1,
5227,113,113,0,1,
5228,118,118,0,1,
5229,107,107,0,1,
5230,115,115,0,1,
5231,110,110,0,1,
5232,107,107,0,1,
5233,113,113,0,1,
5234,115,115,0,1,
5235,124,124,0,1,
5236,112,112,0,1,
5237,117,117,0,1,
5238,116,116,0,1,
5239,112,112,0,1,
5240,111,111,0,1,
5241,115,115,0,1,
5242,104,104,0,1,
5243,119,119,0,1,
5244,105,105,0,1,
5245,106,106,0,1,
5246,125,125,0,1,
5247,124,124,0,1,
5248,118,118,0,1,
5249,111,111,0,1,
5250,125,125,0,1,
5251,131,131,0,1,
5252,113,113,0,1,
5253,119,119,0,1,
5254,124,124,0,1,
5255,119,119,0,1,
5256,115,115,0,1,
5257,128,128,0,1,
5258,103,103,0,1,
5259,123,123,0,1,
5260,121,121,0,1,
5261,113,113,0,1,
5262,117,117,0,1,
5263,114,114,0,1,
5264,115,115,0,1,
5265,119,119,0,1,
5266,111,111,0,1,
5267,112,112,0,1,
5268,112,112,0,1,
5269,111,111,0,1,
5270,125,125,0,1,
5271,113,113,0,1,
5272,123,123,0,1,
5273,106,106,0,1,
5274,111,111,0,1,
5275,119,119,0,1,
5276,105,105,0,1,
5277,123,123,0,1,
5278,118,118,0,1,
5279,121,121,0,1,
5280,116,116,0,1,
5281,117,117,0,1,
5282,112,112,0,1,
5283,105,105,0,1,
5284,107,107,0,1,
5285,107,107,0,1,
5286,111,111,0,1,
5287,111,111,0,1,
5288,113,113,0,1,
5289,112,112,0,1,
5290,114,114,0,1,
5291,105,105,0,1,
5292,110,110,0,1,
5293,112,112,0,1,
5294,121,121,0,1,
5295,127,127,0,1,
5296,120,120,0,1,
5297,116,116,0,1,
5298,111,111,0,1,
5299,109,109,0,1,
5300,105,105,0,1,
5301,122,122,0,1,
5302,113,113,0,1,
5303,126,126,0,1,
5304,119,119,0,1,
5305,117,117,0,1,
5306,111,111,0,1,
5307,105,105,0,1,
5308,118,118,0,1,
5309,112,112,0,1,
5310,108,108,0,1,
5311,120,120,0,1,
5312,119,119,0,1,
5313,115,115,0,1,
5314,116,116,0,1,
5315,115,115,0,1,
5316,113,113,0,1,
5317,120,120,0,1,
5318,109,109,0,1,
5319,110,110,0,1,
5320,108,108,0,1,
5321,114,114,0,1,
5322,116,116,0,1,
5323,118,118,0,1,
5324,121,121,0,1,
5325,111,111,0,1,
5326,109,109,0,1,
5327,108,108,0,1,
5328,112,112,0,1,
5329,112,112,0,1,
5330,114,114,0,1,
5331,111,111,0,1,
5332,111,111,0,1,
5333,113,113,0,1,
5334,106,106,0,1,
5335,109,109,0,1,
5336,106,106,0,1,
5337,130,130,0,1,
5338,104,104,0,1,
5339,131,131,0,1,
5340,113,113,0,1,
5341,104,104,0,1,
5342,113,113,0,1,
5343,131,131,0,1,
5344,117,117,0,1,
5345,107,107,0,1,
5346,117,117,0,1,
5347,111,111,0,1,
5348,128,128,0,1,
5349,113,113,0,1,
5350,120,120,0,1,
5351,115,115,0,1,
5352,114,114,0,1,
5353,111,111,0,1,
5354,114,114,0,1,
5355,109,109,0,1,
5356,113,113,0,1,
5357,116,116,0,1,
5358,115,115,0,1,
5359,121,121,0,1,
5360,117,117,0,1,
5361,128,128,0,1,
5362,115,115,0,1,
5363,120,120,0,1,
5364,116,116,0,1,
5365,105,105,0,1,
5366,111,111,0,1,
5367,115,115,0,1,
5368,124,124,0,1,
5369,120,120,0,1,
5370,113,113,0,1,
5371,116,116,0,1,
5372,109,109,0,1,
5373,108,108,0,1,
5374,109,109,0,1,
5375,110,110,0,1,
5376,105,105,0,1,
5377,115,115,0,1,
5378,102,102,0,1,
5379,115,115,0,1,
5380,115,115,0,1,
5381,113,113,0,1,
5382,104,104,0,1,
5383,112,112,0,1,
5384,107,107,0,1,
5385,112,112,0,1,
5386,110,110,0,1,
5387,113,113,0,1,
5388,105,105,0,1,
5389,116,116,0,1,
5390,112,112,0,1,
5391,127,127,0,1,
5392,110,110,0,1,
5393,116,116,0,1,
5394,111,111,0,1,
5395,122,122,0,1,
5396,111,111,0,1,
5397,114,114,0,1,
5398,119,119,0,1,
5399,114,114,0,1,
5400,116,116,0,1,
5401,113,113,0,1,
5402,106,106,0,1,
5403,115,115,0,1,
5404,107,107,0,1,
5405,112,112,0,1,
5406,116,116,0,1,
5407,115,115,0,1,
5408,125,125,0,1,
5409,114,114,0,1,
5410,110,110,0,1,
5411,122,122,0,1,
5412,123,123,0,1,
5413,102,102,0,1,
5414,113,113,0,1,
5415,117,117,0,1,
5416,113,113,0,1,
5417,117,117,0,1,
5418,116,116,0,1,
5419,128,128,0,1,
5420,119,119,0,1,
5421,117,117,0,1,
5422,116,116,0,1,
5423,121,121,0,1,
5424,116,116,0,1,
5425,106,106,0,1,
5426,119,119,0,1,
5427,111,111,0,1,
5428,104,104,0,1,
5429,123,123,0,1,
5430,120,120,0,1,
5431,118,118,0,1,
5432,115,115,0,1,
5433,116,116,0,1,
5434,116,116,0,1,
5435,114,114,0,1,
5436,122,122,0,1,
5437,116,116,0,1,
5438,113,113,0,1,
5439,111,111,0,1,
5440,114,114,0,1,
5441,120,120,0,1,
5442,109,109,0,1,
5443,113,113,0,1,
5444,105,105,0,1,
5445,114,114,0,1,
5446,127,127,0,1,
5447,116,116,0,1,
5448,115,115,0,1,
5449,124,124,0,1,
5450,111,111,0,1,
5451,127,127,0,1,
5452,121,121,0,1,
5453,116,116,0,1,
5454,106,106,0,1,
5455,104,104,0,1,
5456,119,119,0,1,
5457,114,114,0,1,
5458,112,112,0,1,
5459,112,112,0,1,
5460,106,106,0,1,
5461,113,113,0,1,
5462,113,113,0,1,
5463,116,116,0,1,
5464,111,111,0,1,
5465,111,111,0,1,
5466,111,111,0,1,
5467,126,126,0,1,
5468,119,119,0,1,
5469,118,118,0,1,
5470,109,109,0,1,
5471,109,109,0,1,
5472,121,121,0,1,
5473,119,119,0,1,
5474,107,107,0,1,
5475,109,109,0,1,
5476,117,117,0,1,
5477,121,121,0,1,
5478,106,106,0,1,
5479,115,115,0,1,
5480,116,116,0,1,
5481,120,120,0,1,
5482,103,103,0,1,
5483,117,117,0,1,
5484,115,115,0,1,
5485,120,120,0,1,
5486,114,114,0,1,
5487,111,111,0,1,
5488,118,118,0,1,
5489,111,111,0,1,
5490,108,108,0,1,
5491,122,122,0,1,
5492,119,119,0,1,
5493,103,103,0,1,
5494,116,116,0,1,
5495,113,113,0,1,
5496,125,125,0,1,
5497,124,124,0,1,
5498,112,112,0,1,
5499,119,119,0,1,
5500,114,114,0,1,
5501,109,109,0,1,
5502,113,113,0,1,
5503,103,103,0,1,
5504,114,114,0,1,
5505,125,125,0,1,
5506,123,123,0,1,
5507,112,112,0,1,
5508,111,111,0,1,
5509,112,112,0,1,
5510,108,108,0,1,
5511,117,117,0,1,
5512,112,112,0,1,
5513,116,116,0,1,
5514,123,123,0,1,
5515,113,113,0,1,
5516,107,107,0,1,
5517,127,127,0,1,
5518,114,114,0,1,
5519,112,112,0,1,
5520,116,116,0,1,
5521,117,117,0,1,
5522,107,107,0,1,
5523,120,120,0,1,
5524,112,112,0,1,
5525,113,113,0,1,
5526,118,118,0,1,
5527,120,120,0,1,
5528,110,110,0,1,
5529,122,122,0,1,
5530,113,113,0,1,
5531,105,105,0,1,
5532,113,113,0,1,
5533,104,104,0,1,
5534,114,114,0,1,
5535,126,126,0,1,
5536,111,111,0,1,
5537,117,117,0,1,
5538,121,121,0,1,
5539,108,108,0,1,
5540,117,117,0,1,
5541,103,103,0,1,
5542,126,126,0,1,
5543,110,110,0,1,
5544,113,113,0,1,
5545,112,112,0,1,
5546,121,121,0,1,
5547,120,120,0,1,
5548,118,118,0,1,
5549,113,113,0,1,
5550,119,119,0,1,
5551,118,118,0,1,
5552,124,124,0,1,
5553,113,113,0,1,
5554,112,112,0,1,
5555,124,124,0,1,
5556,118,118,0,1,
5557,112,112,0,1,
5558,105,105,0,1,
5559,115,115,0,1,
5560,119,119,0,1,
5561,109,109,0,1,
5562,121,121,0,1,
5563,107,107,0,1,
5564,125,125,0,1,
5565,109,109,0,1,
5566,121,121,0,1,
5567,114,114,0,1,
5568,111,111,0,1,
5569,122,122,0,1,
5570,128,128,0,1,
5571,109,109,0,1,
5572,113,113,0,1,
5573,111,111,0,1,
5574,114,114,0,1,
5575,116,116,0,1,
5576,110,110,0,1,
5577,118,118,0,1,
5578,127,127,0,1,
5579,120,120,0,1,
5580,117,117,0,1,
5581,108,108,0,1,
5582,123,123,0,1,
5583,119,119,0,1,
5584,121,121,0,1,
5585,118,118,0,1,
5586,117,117,0,1,
5587,113,113,0,1,
5588,115,115,0,1,
5589,123,123,0,1,
5590,128,128,0,1,
5591,123,123,0,1,
5592,118,118,0,1,
5593,123,123,0,1,
5594,119,119,0,1,
5595,107,107,0,1,
5596,108,108,0,1,
5597,110,110,0,1,
5598,106,106,0,1,
5599,103,103,0,1,
5600,114,114,0,1,
5601,114,114,0,1,
5602,112,112,0,1,
5603,105,105,0,1,
5604,115,115,0,1,
5605,123,123,0,1,
5606,118,118,0,1,
5607,110,110,0,1,
5608,113,113,0,1,
5609,104,104,0,1,
5610,117,117,0,1,
5611,121,121,0,1,
5612,127,127,0,1,
5613,118,118,0,1,
5614,115,115,0,1,
5615,115,115,0,1,
5616,106,106,0,1,
5617,111,111,0,1,
5618,109,109,0,1,
5619,116,116,0,1,
5620,117,117,0,1,
5621,114,114,0,1,
5622,114,114,0,1,
5623,124,124,0,1,
5624,114,114,0,1,
5625,105,105,0,1,
5626,122,122,0,1,
5627,104,104,0,1,
5628,115,115,0,1,
5629,116,116,0,1,
5630,110,110,0,1,
5631,122,122,0,1,
5632,110,110,0,1,
5633,121,121,0,1,
5634,113,113,0,1,
5635,107,107,0,1,
5636,111,111,0,1,
5637,119,119,0,1,
5638,109,109,0,1,
5639,114,114,0,1,
5640,107,107,0,1,
5641,120,120,0,1,
5642,111,111,0,1,
5643,118,118,0,1,
5644,121,121,0,1,
5645,115,115,0,1,
5646,120,120,0,1,
5647,110,110,0,1,
5648,114,114,0,1,
5649,112,112,0,1,
5650,107,107,0,1,
5651,117,117,0,1,
5652,109,109,0,1,
5653,113,113,0,1,
5654,126,126,0,1,
5655,115,115,0,1,
5656,118,118,0,1,
5657,128,128,0,1,
5658,106,106,0,1,
5659,116,116,0,1,
5660,129,129,0,1,
5661,113,113,0,1,
5662,109,109,0,1,
5663,120,120,0,1,
5664,107,107,0,1,
5665,107,107,0,1,
5666,118,118,0,1,
5667,107,107,0,1,
5668,119,119,0,1,
5669,119,119,0,1,
5670,114,114,0,1,
5671,114,114,0,1,
5672,120,120,0,1,
5673,115,115,0,1,
5674,114,114,0,1,
5675,113,113,0,1,
5676,119,119,0,1,
5677,122,122,0,1,
5678,110,110,0,1,
5679,112,112,0,1,
5680,112,112,0,1,
5681,129,129,0,1,
5682,116,116,0,1,
5683,128,128,0,1,
5684,112,112,0,1,
5685,107,107,0,1,
5686,117,117,0,1,
5687,125,125,0,1,
5688,113,113,0,1,
5689,117,117,0,1,
5690,113,113,0,1,
5691,115,115,0,1,
5692,118,118,0,1,
5693,113,113,0,1,
5694,109,109,0,1,
5695,107,107,0,1,
5696,116,116,0,1,
5697,120,120,0,1,
5698,107,107,0,1,
5699,119,119,0,1,
5700,119,119,0,1,
5701,105,105,0,1,
5702,120,120,0,1,
5703,125,125,0,1,
5704,114,114,0,1,
5705,117,117,0,1,
5706,110,110,0,1,
5707,115,115,0,1,
5708,109,109,0,1,
5709,106,106,0,1,
5710,113,113,0,1,
5711,111,111,0,1,
5712,115,115,0,1,
5713,119,119,0,1,
5714,112,112,0,1,
5715,111,111,0,1,
5716,114,114,0,1,
5717,121,121,0,1,
5718,124,124,0,1,
5719,109,109,0,1,
5720,124,124,0,1,
5721,111,111,0,1,
5722,99,99,0,1,
5723,125,125,0,1,
5724,114,114,0,1,
5725,117,117,0,1,
5726,111,111,0,1,
5727,127,127,0,1,
5728,121,121,0,1,
5729,120,120,0,1,
5730,113,113,0,1,
5731,107,107,0,1,
5732,125,125,0,1,
5733,107,107,0,1,
5734,114,114,0,1,
5735,116,116,0,1,
5736,114,114,0,1,
5737,105,105,0,1,
5738,121,121,0,1,
5739,117,117,0,1,
5740,116,116,0,1,
5741,117,117,0,1,
5742,111,111,0,1,
5743,120,120,0,1,
5744,125,125,0,1,
5745,109,109,0,1,
5746,107,107,0,1,
5747,120,120,0,1,
5748,128,128,0,1,
5749,116,116,0,1,
5750,111,111,0,1,
5751,105,105,0,1,
5752,116,116,0,1,
5753,109,109,0,1,
5754,120,120,0,1,
5755,112,112,0,1,
5756,123,123,0,1,
5757,111,111,0,1,
5758,125,125,0,1,
5759,110,110,0,1,
5760,113,113,0,1,
5761,120,120,0,1,
5762,112,112,0,1,
5763,118,118,0,1,
5764,122,122,0,1,
5765,109,109,0,1,
5766,114,114,0,1,
5767,108,108,0,1,
5768,111,111,0,1,
5769,107,107,0,1,
5770,112,112,0,1,
5771,111,111,0,1,
5772,121,121,0,1,
5773,107,107,0,1,
5774,116,116,0,1,
5775,110,110,0,1,
5776,109,109,0,1,
5777,122,122,0,1,
5778,102,102,0,1,
5779,113,113,0,1,
5780,111,111,0,1,
5781,105,105,0,1,
5782,113,113,0,1,
5783,122,122,0,1,
5784,104,104,0,1,
5785,118,118,0,1,
5786,106,106,0,1,
5787,120,120,0,1,
5788,104,104,0,1,
5789,109,109,0,1,
5790,105,105,0,1,
5791,110,110,0,1,
5792,111,111,0,1,
5793,103,103,0,1,
5794,122,122,0,1,
5795,122,122,0,1,
5796,120,120,0,1,
5797,115,115,0,1,
5798,110,110,0,1,
5799,111,111,0,1,
5800,112,112,0,1,
5801,128,128,0,1,
5802,113,113,0,1,
5803,119,119,0,1,
5804,125,125,0,1,
5805,121,121,0,1,
5806,128,128,0,1,
5807,104,104,0,1,
5808,109,109,0,1,
5809,105,105,0,1,
5810,124,124,0,1,
5811,120,120,0,1,
5812,106,106,0,1,
5813,121,121,0,1,
5814,116,116,0,1,
5815,115,115,0,1,
5816,124,124,0,1,
5817,111,111,0,1,
5818,116,116,0,1,
5819,125,125,0,1,
5820,111,111,0,1,
5821,118,118,0,1,
5822,115,115,0,1,
5823,106,106,0,1,
5824,127,127,0,1,
5825,112,112,0,1,
5826,109,109,0,1,
5827,115,115,0,1,
5828,125,125,0,1,
5829,116,116,0,1,
5830,106,106,0,1,
5831,108,108,0,1,
5832,127,127,0,1,
5833,130,130,0,1,
5834,121,121,0,1,
5835,125,125,0,1,
5836,108,108,0,1,
5837,107,107,0,1,
5838,117,117,0,1,
5839,110,110,0,1,
5840,106,106,0,1,
5841,119,119,0,1,
5842,124,124,0,1,
5843,110,110,0,1,
5844,113,113,0,1,
5845,119,119,0,1,
5846,124,124,0,1,
5847,108,108,0,1,
5848,117,117,0,1,
5849,120,120,0,1,
5850,128,128,0,1,
5851,115,115,0,1,
5852,116,116,0,1,
5853,107,107,0,1,
5854,120,120,0,1,
5855,105,105,0,1,
5856,107,107,0,1,
5857,121,121,0,1,
5858,113,113,0,1,
5859,113,113,0,1,
5860,106,106,0,1,
5861,112,112,0,1,
5862,116,116,0,1,
5863,118,118,0,1,
5864,119,119,0,1,
5865,115,115,0,1,
5866,110,110,0,1,
5867,118,118,0,1,
5868,115,115,0,1,
5869,115,115,0,1,
5870,120,120,0,1,
5871,113,113,0,1,
5872,110,110,0,1,
5873,124,124,0,1,
5874,110,110,0,1,
5875,111,111,0,1,
5876,112,112,0,1,
5877,114,114,0,1,
5878,120,120,0,1,
5879,116,116,0,1,
5880,110,110,0,1,
5881,109,109,0,1,
5882,124,124,0,1,
5883,112,112,0,1,
5884,109,109,0,1,
5885,113,113,0,1,
5886,123,123,0,1,
5887,113,113,0,1,
5888,104,104,0,1,
5889,120,120,0,1,
5890,119,119,0,1,
5891,126,126,0,1,
5892,125,125,0,1,
5893,114,114,0,1,
5894,108,108,0,1,
5895,124,124,0,1,
5896,122,122,0,1,
5897,119,119,0,1,
5898,114,114,0,1,
5899,108,108,0,1,
5900,122,122,0,1,
5901,115,115,0,1,
5902,121,121,0,1,
5903,122,122,0,1,
5904,110,110,0,1,
5905,111,111,0,1,
5906,112,112,0,1,
5907,121,121,0,1,
5908,121,121,0,1,
5909,121,121,0,1,
5910,116,116,0,1,
5911,115,115,0,1,
5912,110,110,0,1,
5913,123,123,0,1,
5914,115,115,0,1,
5915,112,112,0,1,
5916,120,120,0,1,
5917,118,118,0,1,
5918,121,121,0,1,
5919,116,116,0,1,
5920,108,108,0,1,
5921,120,120,0,1,
5922,112,112,0,1,
5923,109,109,0,1,
5924,111,111,0,1,
5925,107,107,0,1,
5926,115,115,0,1,
5927,116,116,0,1,
5928,111,111,0,1,
5929,108,108,0,1,
5930,115,115,0,1,
5931,107,107,0,1,
5932,109,109,0,1,
5933,124,124,0,1,
5934,112,112,0,1,
5935,115,115,0,1,
5936,117,117,0,1,
5937,118,118,0,1,
5938,114,114,0,1,
5939,121,121,0,1,
5940,117,117,0,1,
5941,112,112,0,1,
5942,115,115,0,1,
5943,106,106,0,1,
5944,116,116,0,1,
5945,115,115,0,1,
5946,118,118,0,1,
5947,108,108,0,1,
5948,124,124,0,1,
5949,118,118,0,1,
5950,117,117,0,1,
5951,115,115,0,1,
5952,109,109,0,1,
5953,109,109,0,1,
5954,113,113,0,1,
5955,112,112,0,1,
5956,114,114,0,1,
5957,124,124,0,1,
5958,113,113,0,1,
5959,114,114,0,1,
5960,119,119,0,1,
5961,111,111,0,1,
5962,127,127,0,1,
5963,119,119,0,1,
5964,121,121,0,1,
5965,119,119,0,1,
5966,108,108,0,1,
5967,117,117,0,1,
5968,119,119,0,1,
5969,108,108,0,1,
5970,114,114,0,1,
5971,110,110,0,1,
5972,121,121,0,1,
5973,115,115,0,1,
5974,107,107,0,1,
5975,123,123,0,1,
5976,108,108,0,1,
5977,127,127,0,1,
5978,120,120,0,1,
5979,108,108,0,1,
5980,119,119,0,1,
5981,112,112,0,1,
5982,112,112,0,1,
5983,107,107,0,1,
5984,103,103,0,1,
5985,112,112,0,1,
5986,121,121,0,1,
5987,113,113,0,1,
5988,117,117,0,1,
5989,106,106,0,1,
5990,111,111,0,1,
5991,111,111,0,1,
5992,112,112,0,1,
5993,115,115,0,1,
5994,125,125,0,1,
5995,115,115,0,1,
5996,130,130,0,1,
5997,108,108,0,1,
5998,123,123,0,1,
5999,121,121,0,1,
6000,122,122,0,1,
6001,122,122,0,1,
6002,110,110,0,1,
6003,124,124,0,1,
6004,112,112,0,1,
6005,110,110,0,1,
6006,110,110,0,1,
6007,111,111,0,1,
6008,123,123,0,1,
6009,115,115,0,1,
6010,110,110,0,1,
6011,121,121,0,1,
6012,108,108,0,1,
6013,113,113,0,1,
6014,114,114,0,1,
6015,124,124,0,1,
6016,105,105,0,1,
6017,126,126,0,1,
6018,117,117,0,1,
6019,115,115,0,1,
6020,107,107,0,1,
6021,125,125,0,1,
6022,106,106,0,1,
6023,115,115,0,1,
6024,108,108,0,1,
6025,127,127,0,1,
6026,119,119,0,1,
6027,117,117,0,1,
6028,122,122,0,1,
6029,119,119,0,1,
6030,111,111,0,1,
6031,117,117,0,1,
6032,130,130,0,1,
6033,101,101,0,1,
6034,110,110,0,1,
6035,118,118,0,1,
6036,115,115,0,1,
6037,122,122,0,1,
6038,116,116,0,1,
6039,113,113,0,1,
6040,116,116,0,1,
6041,125,125,0,1,
6042,121,121,0,1,
6043,116,116,0,1,
6044,125,125,0,1,
6045,112,112,0,1,
6046,115,115,0,1,
6047,116,116,0,1,
6048,110,110,0,1,
6049,114,114,0,1,
6050,113,113,0,1,
6051,118,118,0,1,
6052,116,116,0,1,
6053,109,109,0,1,
6054,113,113,0,1,
6055,105,105,0,1,
6056,123,123,0,1,
6057,121,121,0,1,
6058,113,113,0,1,
6059,118,118,0,1,
6060,108,108,0,1,
6061,109,109,0,1,
6062,124,124,0,1,
6063,122,122,0,1,
6064,111,111,0,1,
6065,114,114,0,1,
6066,122,122,0,1,
6067,112,112,0,1,
6068,122,122,0,1,
6069,111,111,0,1,
6070,122,122,0,1,
6071,111,111,0,1,
6072,112,112,0,1,
6073,107,107,0,1,
6074,116,116,0,1,
6075,125,125,0,1,
6076,114,114,0,1,
6077,119,119,0,1,
6078,122,122,0,1,
6079,117,117,0,1,
6080,124,124,0,1,
6081,120,120,0,1,
6082,108,108,0,1,
6083,111,111,0,1,
6084,114,114,0,1,
6085,116,116,0,1,
6086,116,116,0,1,
6087,114,114,0,1,
6088,118,118,0,1,
6089,116,116,0,1,
6090,115,115,0,1,
6091,116,116,0,1,
6092,127,127,0,1,
6093,107,107,0,1,
6094,122,122,0,1,
6095,118,118,0,1,
6096,115,115,0,1,
6097,120,120,0,1,
6098,103,103,0,1,
6099,110,110,0,1,
6100,103,103,0,1,
6101,119,119,0,1,
6102,124,124,0,1,
6103,109,109,0,1,
6104,114,114,0,1,
6105,116,116,0,1,
6106,117,117,0,1,
6107,112,112,0,1,
6108,122,122,0,1,
6109,118,118,0,1,
6110,114,114,0,1,
6111,106,106,0,1,
6112,117,117,0,1,
6113,108,108,0,1,
6114,112,112,0,1,
6115,111,111,0,1,
6116,109,109,0,1,
6117,119,119,0,1,
6118,126,126,0,1,
6119,109,109,0,1,
6120,117,117,0,1,
6121,106,106,0,1,
6122,120,120,0,1,
6123,116,116,0,1,
6124,124,124,0,1,
6125,117,117,0,1,
6126,111,111,0,1,
6127,110,110,0,1,
6128,121,121,0,1,
6129,118,118,0,1,
6130,110,110,0,1,
6131,109,109,0,1,
6132,118,118,0,1,
6133,116,116,0,1,
6134,116,116,0,1,
6135,127,127,0,1,
6136,115,115,0,1,
6137,117,117,0,1,
6138,109,109,0,1,
6139,119,119,0,1,
6140,114,114,0,1,
6141,119,119,0,1,
6142,118,118,0,1,
6143,118,118,0,1,
6144,110,110,0,1,
6145,127,127,0,1,
6146,120,120,0,1,
6147,112,112,0,1,
6148,125,125,0,1,
6149,112,112,0,1,
6150,122,122,0,1,
6151,119,119,0,1,
6152,112,112,0,1,
6153,111,111,0,1,
6154,116,116,0,1,
6155,121,121,0,1,
6156,118,118,0,1,
6157,117,117,0,1,
6158,122,122,0,1,
6159,119,119,0,1,
6160,120,120,0,1,
6161,105,105,0,1,
6162,113,113,0,1,
6163,106,106,0,1,
6164,118,118,0,1,
6165,119,119,0,1,
6166,127,127,0,1,
6167,109,109,0,1,
6168,117,117,0,1,
6169,113,113,0,1,
6170,116,116,0,1,
6171,120,120,0,1,
6172,112,112,0,1,
6173,109,109,0,1,
6174,112,112,0,1,
6175,110,110,0,1,
6176,111,111,0,1,
6177,112,112,0,1,
6178,120,120,0,1,
6179,120,120,0,1,
6180,109,109,0,1,
6181,107,107,0,1,
6182,117,117,0,1,
6183,118,118,0,1,
6184,134,134,0,1,
6185,115,115,0,1,
6186,105,105,0,1,
6187,118,118,0,1,
6188,110,110,0,1,
6189,116,116,0,1,
6190,112,112,0,1,
6191,106,106,0,1,
6192,121,121,0,1,
6193,121,121,0,1,
6194,116,116,0,1,
6195,114,114,0,1,
6196,113,113,0,1,
6197,113,113,0,1,
6198,131,131,0,1,
6199,126,126,0,1,
6200,112,112,0,1,
6201,109,109,0,1,
6202,111,111,0,1,
6203,109,109,0,1,
6204,111,111,0,1,
6205,117,117,0,1,
6206,120,120,0,1,
6207,104,104,0,1,
6208,115,115,0,1,
6209,116,116,0,1,
6210,109,109,0,1,
6211,119,119,0,1,
6212,118,118,0,1,
6213,126,126,0,1,
6214,112,112,0,1,
6215,123,123,0,1,
6216,114,114,0,1,
6217,119,119,0,1,
6218,118,118,0,1,
6219,112,112,0,1,
6220,106,106,0,1,
6221,110,110,0,1,
6222,116,116,0,1,
6223,117,117,0,1,
6224,118,118,0,1,
6225,107,107,0,1,
6226,117,117,0,1,
6227,115,115,0,1,
6228,118,118,0,1,
6229,122,122,0,1,
6230,116,116,0,1,
6231,109,109,0,1,
6232,118,118,0,1,
6233,110,110,0,1,
6234,113,113,0,1,
6235,122,122,0,1,
6236,123,123,0,1,
6237,125,125,0,1,
6238,116,116,0,1,
6239,105,105,0,1,
6240,116,116,0,1,
6241,121,121,0,1,
6242,128,128,0,1,
6243,117,117,0,1,
6244,118,118,0,1,
6245,116,116,0,1,
6246,118,118,0,1,
6247,109,109,0,1,
6248,114,114,0,1,
6249,120,120,0,1,
6250,113,113,0,1,
6251,113,113,0,1,
6252,120,120,0,1,
6253,117,117,0,1,
6254,116,116,0,1,
6255,126,126,0,1,
6256,107,107,0,1,
6257,118,118,0,1,
6258,130,130,0,1,
6259,113,113,0,1,
6260,108,108,0,1,
6261,120,120,0,1,
6262,109,109,0,1,
6263,105,105,0,1,
6264,109,109,0,1,
6265,112,112,0,1,
6266,110,110,0,1,
6267,122,122,0,1,
6268,122,122,0,1,
6269,124,124,0,1,
6270,107,107,0,1,
6271,112,112,0,1,
6272,122,122,0,1,
6273,113,113,0,1,
6274,107,107,0,1,
6275,115,115,0,1,
6276,109,109,0,1,
6277,113,113,0,1,
6278,111,111,0,1,
6279,113,113,0,1,
6280,106,106,0,1,
6281,106,106,0,1,
6282,114,114,0,1,
6283,123,123,0,1,
6284,129,129,0,1,
6285,119,119,0,1,
6286,107,107,0,1,
6287,121,121,0,1,
6288,116,116,0,1,
6289,118,118,0,1,
6290,109,109,0,1,
6291,122,122,0,1,
6292,110,110,0,1,
6293,123,123,0,1,
6294,103,103,0,1,
6295,130,130,0,1,
6296,107,107,0,1,
6297,116,116,0,1,
6298,119,119,0,1,
6299,122,122,0,1,
6300,112,112,0,1,
6301,106,106,0,1,
6302,116,116,0,1,
6303,118,118,0,1,
6304,117,117,0,1,
6305,111,111,0,1,
6306,114,114,0,1,
6307,118,118,0,1,
6308,112,112,0,1,
6309,121,121,0,1,
6310,113,113,0,1,
6311,115,115,0,1,
6312,122,122,0,1,
6313,120,120,0,1,
6314,114,114,0,1,
6315,119,119,0,1,
6316,111,111,0,1,
6317,110,110,0,1,
6318,119,119,0,1,
6319,110,110,0,1,
6320,116,116,0,1,
6321,106,106,0,1,
6322,113,113,0,1,
6323,112,112,0,1,
6324,109,109,0,1,
6325,119,119,0,1,
6326,120,120,0,1,
6327,119,119,0,1,
6328,118,118,0,1,
6329,112,112,0,1,
6330,126,126,0,1,
6331,124,124,0,1,
6332,106,106,0,1,
6333,115,115,0,1,
6334,122,122,0,1,
6335,110,110,0,1,
6336,111,111,0,1,
6337,117,117,0,1,
6338,116,116,0,1,
6339,108,108,0,1,
6340,109,109,0,1,
6341,124,124,0,1,
6342,118,118,0,1,
6343,123,123,0,1,
6344,118,118,0,1,
6345,119,119,0,1,
6346,119,119,0,1,
6347,110,110,0,1,
6348,115,115,0,1,
6349,111,111,0,1,
6350,108,108,0,1,
6351,111,111,0,1,
6352,108,108,0,1,
6353,115,115,0,1,
6354,104,104,0,1,
6355,127,127,0,1,
6356,111,111,0,1,
6357,127,127,0,1,
6358,108,108,0,1,
6359,108,108,0,1,
6360,113,113,0,1,
6361,110,110,0,1,
6362,112,112,0,1,
6363,115,115,0,1,
6364,118,118,0,1,
6365,112,112,0,1,
6366,117,117,0,1,
6367,117,117,0,1,
6368,122,122,0,1,
6369,114,114,0,1,
6370,128,128,0,1,
6371,105,105,0,1,
6372,117,117,0,1,
6373,106,106,0,1,
6374,117,117,0,1,
6375,102,102,0,1,
6376,121,121,0,1,
6377,111,111,0,1,
6378,118,118,0,1,
6379,105,105,0,1,
6380,108,108,0,1,
6381,114,114,0,1,
6382,114,114,0,1,
6383,118,118,0,1,
6384,109,109,0,1,
6385,104,104,0,1,
6386,110,110,0,1,
6387,106,106,0,1,
6388,111,111,0,1,
6389,108,108,0,1,
6390,106,106,0,1,
6391,111,111,0,1,
6392,124,124,0,1,
6393,114,114,0,1,
6394,111,111,0,1,
6395,125,125,0,1,
6396,113,113,0,1,
6397,118,118,0,1,
6398,106,106,0,1,
6399,110,110,0,1,
6400,124,124,0,1,
6401,124,124,0,1,
6402,103,103,0,1,
6403,119,119,0,1,
6404,125,125,0,1,
6405,116,116,0,1,
6406,121,121,0,1,
6407,126,126,0,1,
6408,105,105,0,1,
6409,121,121,0,1,
6410,107,107,0,1,
6411,115,115,0,1,
6412,109,109,0,1,
6413,110,110,0,1,
6414,119,119,0,1,
6415,106,106,0,1,
6416,110,110,0,1,
6417,113,113,0,1,
6418,111,111,0,1,
6419,115,115,0,1,
6420,127,127,0,1,
6421,116,116,0,1,
6422,110,110,0,1,
6423,123,123,0,1,
6424,117,117,0,1,
6425,114,114,0,1,
6426,114,114,0,1,
6427,119,119,0,1,
6428,117,117,0,1,
6429,113,113,0,1,
6430,122,122,0,1,
6431,120,120,0,1,
6432,125,125,0,1,
6433,118,118,0,1,
6434,117,117,0,1,
6435,111,111,0,1,
6436,121,121,0,1,
6437,124,124,0,1,
6438,119,119,0,1,
6439,112,112,0,1,
6440,118,118,0,1,
6441,107,107,0,1,
6442,111,111,0,1,
6443,124,124,0,1,
6444,120,120,0,1,
6445,111,111,0,1,
6446,123,123,0,1,
6447,116,116,0,1,
6448,117,117,0,1,
6449,125,125,0,1,
6450,117,117,0,1,
6451,124,124,0,1,
6452,106,106,0,1,
6453,109,109,0,1,
6454,120,120,0,1,
6455,113,113,0,1,
6456,119,119,0,1,
6457,104,104,0,1,
6458,108,108,0,1,
6459,128,128,0,1,
6460,116,116,0,1,
6461,107,107,0,1,
6462,106,106,0,1,
6463,129,129,0,1,
6464,118,118,0,1,
6465,120,120,0,1,
6466,121,121,0,1,
6467,110,110,0,1,
6468,126,126,0,1,
6469,117,117,0,1,
6470,110,110,0,1,
6471,113,113,0,1,
6472,110,110,0,1,
6473,119,119,0,1,
6474,119,119,0,1,
6475,121,121,0,1,
6476,107,107,0,1,
6477,126,126,0,1,
6478,112,112,0,1,
6479,116,116,0,1,
6480,121,121,0,1,
6481,105,105,0,1,
6482,105,105,0,1,
6483,115,115,0,1,
6484,112,112,0,1,
6485,110,110,0,1,
6486,107,107,0,1,
6487,116,116,0,1,
6488,114,114,0,1,
6489,111,111,0,1,
6490,117,117,0,1,
6491,118,118,0,1,
6492,129,129,0,1,
6493,122,122,0,1,
6494,110,110,0,1,
6495,125,125,0,1,
6496,121,121,0,1,
6497,114,114,0,1,
6498,102,102,0,1,
6499,122,122,0,1,
6500,119,119,0,1,
6501,124,124,0,1,
6502,111,111,0,1,
6503,118,118,0,1,
6504,115,115,0,1,
6505,105,105,0,1,
6506,121,121,0,1,
6507,107,107,0,1,
6508,131,131,0,1,
6509,128,128,0,1,
6510,107,107,0,1,
6511,114,114,0,1,
6512,110,110,0,1,
6513,120,120,0,1,
6514,115,115,0,1,
6515,120,120,0,1,
6516,117,117,0,1,
6517,122,122,0,1,
6518,105,105,0,1,
6519,111,111,0,1,
6520,112,112,0,1,
6521,126,126,0,1,
6522,122,122,0,1,
6523,124,124,0,1,
6524,108,108,0,1,
6525,122,122,0,1,
6526,113,113,0,1,
6527,110,110,0,1,
6528,106,106,0,1,
6529,119,119,0,1,
6530,124,124,0,1,
6531,112,112,0,1,
6532,119,119,0,1,
6533,122,122,0,1,
6534,122,122,0,1,
6535,118,118,0,1,
6536,114,114,0,1,
6537,114,114,0,1,
6538,118,118,0,1,
6539,111,111,0,1,
6540,120,120,0,1,
6541,118,118,0,1,
6542,110,110,0,1,
6543,116,116,0,1,
6544,109,109,0,1,
6545,123,123,0,1,
6546,108,108,0,1,
6547,115,115,0,1,
6548,120,120,0,1,
6549,115,115,0,1,
6550,132,132,0,1,
6551,119,119,0,1,
6552,109,109,0,1,
6553,111,111,0,1,
6554,113,113,0,1,
6555,112,112,0,1,
6556,105,105,0,1,
6557,115,115,0,1,
6558,113,113,0,1,
6559,116,116,0,1,
6560,111,111,0,1,
6561,127,127,0,1,
6562,119,119,0,1,
6563,115,115,0,1,
6564,123,123,0,1,
6565,116,116,0,1,
6566,107,107,0,1,
6567,116,116,0,1,
6568,106,106,0,1,
6569,108,108,0,1,
6570,109,109,0,1,
6571,115,115,0,1,
6572,124,124,0,1,
6573,107,107,0,1,
6574,117,117,0,1,
6575,110,110,0,1,
6576,110,110,0,1,
6577,116,116,0,1,
6578,106,106,0,1,
6579,113,113,0,1,
6580,120,120,0,1,
6581,110,110,0,1,
6582,117,117,0,1,
6583,114,114,0,1,
6584,113,113,0,1,
6585,118,118,0,1,
6586,115,115,0,1,
6587,126,126,0,1,
6588,121,121,0,1,
6589,107,107,0,1,
6590,110,110,0,1,
6591,113,113,0,1,
6592,111,111,0,1,
6593,123,123,0,1,
6594,127,127,0,1,
6595,119,119,0,1,
6596,115,115,0,1,
6597,109,109,0,1,
6598,111,111,0,1,
6599,118,118,0,1,
6600,110,110,0,1,
6601,106,106,0,1,
6602,129,129,0,1,
6603,123,123,0,1,
6604,116,116,0,1,
6605,114,114,0,1,
6606,122,122,0,1,
6607,117,117,0,1,
6608,112,112,0,1,
6609,117,117,0,1,
6610,131,131,0,1,
6611,115,115,0,1,
6612,124,124,0,1,
6613,117,117,0,1,
6614,123,123,0,1,
6615,104,104,0,1,
6616,109,109,0,1,
6617,114,114,0,1,
6618,123,123,0,1,
6619,106,106,0,1,
6620,109,109,0,1,
6621,113,113,0,1,
6622,122,122,0,1,
6623,107,107,0,1,
6624,112,112,0,1,
6625,118,118,0,1,
6626,119,119,0,1,
6627,110,110,0,1,
6628,111,111,0,1,
6629,118,118,0,1,
6630,114,114,0,1,
6631,111,111,0,1,
6632,118,118,0,1,
6633,113,113,0,1,
6634,107,107,0,1,
6635,114,114,0,1,
6636,120,120,0,1,
6637,107,107,0,1,
6638,111,111,0,1,
6639,117,117,0,1,
6640,112,112,0,1,
6641,115,115,0,1,
6642,103,103,0,1,
6643,121,121,0,1,
6644,117,117,0,1,
6645,127,127,0,1,
6646,113,113,0,1,
6647,120,120,0,1,
6648,118,118,0,1,
6649,123,123,0,1,
6650,118,118,0,1,
6651,120,120,0,1,
6652,113,113,0,1,
6653,114,114,0,1,
6654,127,127,0,1,
6655,118,118,0,1,
6656,117,117,0,1,
6657,112,112,0,1,
6658,114,114,0,1,
6659,111,111,0,1,
6660,104,104,0,1,
6661,120,120,0,1,
6662,118,118,0,1,
6663,122,122,0,1,
6664,113,113,0,1,
6665,111,111,0,1,
6666,113,113,0,1,
6667,110,110,0,1,
6668,114,114,0,1,
6669,113,113,0,1,
6670,117,117,0,1,
6671,113,113,0,1,
6672,112,112,0,1,
6673,113,113,0,1,
6674,124,124,0,1,
6675,109,109,0,1,
6676,112,112,0,1,
6677,120,120,0,1,
6678,103,103,0,1,
6679,107,107,0,1,
6680,117,117,0,1,
6681,117,117,0,1,
6682,108,108,0,1,
6683,111,111,0,1,
6684,113,113,0,1,
6685,117,117,0,1,
6686,130,130,0,1,
6687,102,102,0,1,
6688,109,109,0,1,
6689,116,116,0,1,
6690,109,109,0,1,
6691,110,110,0,1,
6692,117,117,0,1,
6693,117,117,0,1,
6694,120,120,0,1,
6695,108,108,0,1,
6696,112,112,0,1,
6697,130,130,0,1,
6698,107,107,0,1,
6699,125,125,0,1,
6700,107,107,0,1,
6701,109,109,0,1,
6702,119,119,0,1,
6703,112,112,0,1,
6704,112,112,0,1,
6705,117,117,0,1,
6706,110,110,0,1,
6707,103,103,0,1,
6708,107,107,0,1,
6709,108,108,0,1,
6710,117,117,0,1,
6711,117,117,0,1,
6712,114,114,0,1,
6713,111,111,0,1,
6714,107,107,0,1,
6715,120,120,0,1,
6716,116,116,0,1,
6717,108,108,0,1,
6718,123,123,0,1,
6719,114,114,0,1,
6720,125,125,0,1,
6721,111,111,0,1,
6722,126,126,0,1,
6723,127,127,0,1,
6724,116,116,0,1,
6725,120,120,0,1,
6726,113,113,0,1,
6727,113,113,0,1,
6728,113,113,0,1,
6729,113,113,0,1,
6730,112,112,0,1,
6731,122,122,0,1,
6732,112,112,0,1,
6733,108,108,0,1,
6734,113,113,0,1,
6735,112,112,0,1,
6736,127,127,0,1,
6737,118,118,0,1,
6738,114,114,0,1,
6739,122,122,0,1,
6740,112,112,0,1,
6741,120,120,0,1,
6742,116,116,0,1,
6743,129,129,0,1,
6744,114,114,0,1,
6745,106,106,0,1,
6746,117,117,0,1,
6747,106,106,0,1,
6748,110,110,0,1,
6749,117,117,0,1,
6750,108,108,0,1,
6751,104,104,0,1,
6752,125,125,0,1,
6753,115,115,0,1,
6754,113,113,0,1,
6755,126,126,0,1,
6756,111,111,0,1,
6757,124,124,0,1,
6758,116,116,0,1,
6759,113,113,0,1,
6760,107,107,0,1,
6761,119,119,0,1,
6762,119,119,0,1,
6763,117,117,0,1,
6764,106,106,0,1,
6765,110,110,0,1,
6766,117,117,0,1,
6767,116,116,0,1,
6768,125,125,0,1,
6769,118,118,0,1,
6770,109,109,0,1,
6771,124,124,0,1,
6772,104,104,0,1,
6773,124,124,0,1,
6774,124,124,0,1,
6775,114,114,0,1,
6776,113,113,0,1,
6777,111,111,0,1,
6778,103,103,0,1,
6779,117,117,0,1,
6780,111,111,0,1,
6781,118,118,0,1,
6782,113,113,0,1,
6783,119,119,0,1,
6784,123,123,0,1,
6785,108,108,0,1,
6786,123,123,0,1,
6787,126,126,0,1,
6788,108,108,0,1,
6789,115,115,0,1,
6790,111,111,0,1,
6791,130,130,0,1,
6792,110,110,0,1,
6793,124,124,0,1,
6794,125,125,0,1,
6795,113,113,0,1,
6796,118,118,0,1,
6797,129,129,0,1,
6798,122,122,0,1,
6799,111,111,0,1,
6800,109,109,0,1,
6801,102,102,0,1,
6802,106,106,0,1,
6803,113,113,0,1,
6804,127,127,0,1,
6805,116,116,0,1,
6806,109,109,0,1,
6807,117,117,0,1,
6808,129,129,0,1,
6809,117,117,0,1,
6810,115,115,0,1,
6811,114,114,0,1,
6812,119,119,0,1,
6813,126,126,0,1,
6814,113,113,0,1,
6815,118,118,0,1,
6816,110,110,0,1,
6817,120,120,0,1,
6818,119,119,0,1,
6819,115,115,0,1,
6820,111,111,0,1,
6821,119,119,0,1,
6822,118,118,0,1,
6823,119,119,0,1,
6824,119,119,0,1,
6825,106,106,0,1,
6826,111,111,0,1,
6827,119,119,0,1,
6828,108,108,0,1,
6829,123,123,0,1,
6830,129,129,0,1,
6831,106,106,0,1,
6832,129,129,0,1,
6833,115,115,0,1,
6834,117,117,0,1,
6835,114,114,0,1,
6836,107,107,0,1,
6837,112,112,0,1,
6838,106,106,0,1,
6839,116,116,0,1,
6840,117,117,0,1,
6841,124,124,0,1,
6842,119,119,0,1,
6843,115,115,0,1,
6844,106,106,0,1,
6845,107,107,0,1,
6846,112,112,0,1,
6847,127,127,0,1,
6848,105,105,0,1,
6849,107,107,0,1,
6850,112,112,0,1,
6851,106,106,0,1,
6852,130,130,0,1,
6853,112,112,0,1,
6854,125,125,0,1,
6855,115,115,0,1,
6856,110,110,0,1,
6857,125,125,0,1,
6858,118,118,0,1,
6859,115,115,0,1,
6860,124,124,0,1,
6861,105,105,0,1,
6862,99,99,0,1,
6863,113,113,0,1,
6864,115,115,0,1,
6865,119,119,0,1,
6866,115,115,0,1,
6867,113,113,0,1,
6868,114,114,0,1,
6869,114,114,0,1,
6870,117,117,0,1,
6871,108,108,0,1,
6872,107,107,0,1,
6873,115,115,0,1,
6874,113,113,0,1,
6875,104,104,0,1,
6876,107,107,0,1,
6877,101,101,0,1,
6878,113,113,0,1,
6879,109,109,0,1,
6880,112,112,0,1,
6881,126,126,0,1,
6882,114,114,0,1,
6883,110,110,0,1,
6884,110,110,0,1,
6885,117,117,0,1,
6886,112,112,0,1,
6887,118,118,0,1,
6888,113,113,0,1,
6889,111,111,0,1,
6890,114,114,0,1,
6891,108,108,0,1,
6892,114,114,0,1,
6893,111,111,0,1,
6894,123,123,0,1,
6895,109,109,0,1,
6896,120,120,0,1,
6897,122,122,0,1,
6898,113,113,0,1,
6899,106,106,0,1,
6900,118,118,0,1,
6901,105,105,0,1,
6902,112,112,0,1,
6903,112,112,0,1,
6904,120,120,0,1,
6905,111,111,0,1,
6906,115,115,0,1,
6907,116,116,0,1,
6908,126,126,0,1,
6909,118,118,0,1,
6910,116,116,0,1,
6911,115,115,0,1,
6912,118,118,0,1,
6913,112,112,0,1,
6914,115,115,0,1,
6915,121,121,0,1,
6916,117,117,0,1,
6917,111,111,0,1,
6918,130,130,0,1,
6919,117,117,0,1,
6920,119,119,0,1,
6921,113,113,0,1,
6922,112,112,0,1,
6923,111,111,0,1,
6924,113,113,0,1,
6925,109,109,0,1,
6926,122,122,0,1,
6927,114,114,0,1,
6928,114,114,0,1,
6929,107,107,0,1,
6930,109,109,0,1,
6931,109,109,0,1,
6932,109,109,0,1,
6933,106,106,0,1,
6934,123,123,0,1,
6935,128,128,0,1,
6936,120,120,0,1,
6937,112,112,0,1,
6938,113,113,0,1,
6939,118,118,0,1,
6940,125,125,0,1,
6941,119,119,0,1,
6942,114,114,0,1,
6943,118,118,0,1,
6944,118,118,0,1,
6945,105,105,0,1,
6946,112,112,0,1,
6947,110,110,0,1,
6948,115,115,0,1,
6949,107,107,0,1,
6950,114,114,0,1,
6951,115,115,0,1,
6952,109,109,0,1,
6953,115,115,0,1,
6954,116,116,0,1,
6955,109,109,0,1,
6956,106,106,0,1,
6957,111,111,0,1,
6958,122,122,0,1,
6959,116,116,0,1,
6960,117,117,0,1,
6961,122,122,0,1,
6962,122,122,0,1,
6963,115,115,0,1,
6964,118,118,0,1,
6965,119,119,0,1,
6966,114,114,0,1,
6967,115,115,0,1,
6968,110,110,0,1,
6969,106,106,0,1,
6970,113,113,0,1,
6971,110,110,0,1,
6972,114,114,0,1,
6973,112,112,0,1,
6974,118,118,0,1,
6975,106,106,0,1,
6976,110,110,0,1,
6977,124,124,0,1,
6978,115,115,0,1,
6979,126,126,0,1,
6980,117,117,0,1,
6981,107,107,0,1,
6982,133,133,0,1,
6983,112,112,0,1,
6984,109,109,0,1,
6985,113,113,0,1,
6986,124,124,0,1,
6987,118,118,0,1,
6988,117,117,0,1,
6989,114,114,0,1,
6990,121,121,0,1,
6991,120,120,0,1,
6992,106,106,0,1,
6993,125,125,0,1,
6994,121,121,0,1,
6995,107,107,0,1,
6996,118,118,0,1,
6997,126,126,0,1,
6998,110,110,0,1,
6999,120,120,0,1,
7000,119,119,0,1,
7001,119,119,0,1,
7002,123,123,0,1,
7003,121,121,0,1,
7004,107,107,0,1,
7005,120,120,0,1,
7006,121,121,0,1,
7007,117,117,0,1,
7008,112,112,0,1,
7009,107,107,0,1,
7010,122,122,0,1,
7011,118,118,0,1,
7012,115,115,0,1,
7013,120,120,0,1,
7014,116,116,0,1,
7015,121,121,0,1,
7016,110,110,0,1,
7017,122,122,0,1,
7018,111,111,0,1,
7019,116,116,0,1,
7020,115,115,0,1,
7021,118,118,0,1,
7022,117,117,0,1,
7023,111,111,0,1,
7024,110,110,0,1,
7025,129,129,0,1,
7026,118,118,0,1,
7027,123,123,0,1,
7028,107,107,0,1,
7029,110,110,0,1,
7030,120,120,0,1,
7031,106,106,0,1,
7032,133,133,0,1,
7033,123,123,0,1,
7034,118,118,0,1,
7035,124,124,0,1,
7036,120,120,0,1,
7037,104,104,0,1,
7038,121,121,0,1,
7039,101,101,0,1,
7040,110,110,0,1,
7041,113,113,0,1,
7042,112,112,0,1,
7043,119,119,0,1,
7044,104,104,0,1,
7045,119,119,0,1,
7046,115,115,0,1,
7047,112,112,0,1,
7048,119,119,0,1,
7049,106,106,0,1,
7050,124,124,0,1,
7051,115,115,0,1,
7052,103,103,0,1,
7053,112,112,0,1,
7054,114,114,0,1,
7055,111,111,0,1,
7056,113,113,0,1,
7057,107,107,0,1,
7058,122,122,0,1,
7059,108,108,0,1,
7060,116,116,0,1,
7061,119,119,0,1,
7062,112,112,0,1,
7063,128,128,0,1,
7064,124,124,0,1,
7065,116,116,0,1,
7066,112,112,0,1,
7067,106,106,0,1,
7068,111,111,0,1,
7069,113,113,0,1,
7070,116,116,0,1,
7071,119,119,0,1,
7072,115,115,0,1,
7073,106,106,0,1,
7074,115,115,0,1,
7075,110,110,0,1,
7076,109,109,0,1,
7077,117,117,0,1,
7078,121,121,0,1,
7079,123,123,0,1,
7080,115,115,0,1,
7081,112,112,0,1,
7082,119,119,0,1,
7083,118,118,0,1,
7084,114,114,0,1,
7085,116,116,0,1,
7086,119,119,0,1,
7087,113,113,0,1,
7088,118,118,0,1,
7089,111,111,0,1,
7090,114,114,0,1,
7091,115,115,0,1,
7092,122,122,0,1,
7093,107,107,0,1,
7094,114,114,0,1,
7095,115,115,0,1,
7096,110,110,0,1,
7097,116,116,0,1,
7098,122,122,0,1,
7099,117,117,0,1,
7100,108,108,0,1,
7101,122,122,0,1,
7102,117,117,0,1,
7103,108,108,0,1,
7104,116,116,0,1,
7105,112,112,0,1,
7106,110,110,0,1,
7107,129,129,0,1,
7108,115,115,0,1,
7109,116,116,0,1,
7110,115,115,0,1,
7111,119,119,0,1,
7112,111,111,0,1,
7113,117,117,0,1,
7114,108,108,0,1,
7115,114,114,0,1,
7116,113,113,0,1,
7117,121,121,0,1,
7118,111,111,0,1,
7119,131,131,0,1,
7120,118,118,0,1,
7121,113,113,0,1,
7122,119,119,0,1,
7123,117,117,0,1,
7124,122,122,0,1,
7125,118,118,0,1,
7126,124,124,0,1,
7127,115,115,0,1,
7128,117,117,0,1,
7129,111,111,0,1,
7130,128,128,0,1,
7131,123,123,0,1,
7132,109,109,0,1,
7133,117,117,0,1,
7134,111,111,0,1,
7135,114,114,0,1,
7136,107,107,0,1,
7137,108,108,0,1,
7138,119,119,0,1,
7139,118,118,0,1,
7140,126,126,0,1,
7141,121,121,0,1,
7142,116,116,0,1,
7143,115,115,0,1,
7144,107,107,0,1,
7145,120,120,0,1,
7146,124,124,0,1,
7147,110,110,0,1,
7148,114,114,0,1,
7149,115,115,0,1,
7150,112,112,0,1,
7151,125,125,0,1,
7152,119,119,0,1,
7153,118,118,0,1,
7154,118,118,0,1,
7155,121,121,0,1,
7156,115,115,0,1,
7157,112,112,0,1,
7158,108,108,0,1,
7159,119,119,0,1,
7160,110,110,0,1,
7161,102,102,0,1,
7162,110,110,0,1,
7163,112,112,0,1,
7164,117,117,0,1,
7165,120,120,0,1,
7166,115,115,0,1,
7167,113,113,0,1,
7168,120,120,0,1,
7169,108,108,0,1,
7170,108,108,0,1,
7171,114,114,0,1,
7172,127,127,0,1,
7173,121,121,0,1,
7174,114,114,0,1,
7175,111,111,0,1,
7176,111,111,0,1,
7177,118,118,0,1,
7178,124,124,0,1,
7179,117,117,0,1,
7180,115,115,0,1,
7181,109,109,0,1,
7182,113,113,0,1,
7183,109,109,0,1,
7184,113,113,0,1,
7185,120,120,0,1,
7186,111,111,0,1,
7187,115,115,0,1,
7188,118,118,0,1,
7189,126,126,0,1,
7190,119,119,0,1,
7191,118,118,0,1,
7192,116,116,0,1,
7193,121,121,0,1,
7194,125,125,0,1,
7195,119,119,0,1,
7196,109,109,0,1,
7197,120,120,0,1,
7198,110,110,0,1,
7199,115,115,0,1,
7200,116,116,0,1,
7201,123,123,0,1,
7202,114,114,0,1,
7203,115,115,0,1,
7204,115,115,0,1,
7205,118,118,0,1,
7206,124,124,0,1,
7207,120,120,0,1,
7208,107,107,0,1,
7209,126,126,0,1,
7210,108,108,0,1,
7211,116,116,0,1,
7212,120,120,0,1,
7213,125,125,0,1,
7214,118,118,0,1,
7215,116,116,0,1,
7216,108,108,0,1,
7217,113,113,0,1,
7218,110,110,0,1,
7219,113,113,0,1,
7220,112,112,0,1,
7221,107,107,0,1,
7222,125,125,0,1,
7223,121,121,0,1,
7224,118,118,0,1,
7225,111,111,0,1,
7226,119,119,0,1,
7227,114,114,0,1,
7228,113,113,0,1,
7229,113,113,0,1,
7230,116,116,0,1,
7231,110,110,0,1,
7232,113,113,0,1,
7233,106,106,0,1,
7234,113,113,0,1,
7235,114,114,0,1,
7236,113,113,0,1,
7237,113,113,0,1,
7238,122,122,0,1,
7239,110,110,0,1,
7240,118,118,0,1,
7241,114,114,0,1,
7242,118,118,0,1,
7243,111,111,0,1,
7244,109,109,0,1,
7245,112,112,0,1,
7246,121,121,0,1,
7247,118,118,0,1,
7248,107,107,0,1,
7249,117,117,0,1,
7250,110,110,0,1,
7251,109,109,0,1,
7252,104,104,0,1,
7253,123,123,0,1,
7254,110,110,0,1,
7255,117,117,0,1,
7256,122,122,0,1,
7257,125,125,0,1,
7258,127,127,0,1,
7259,120,120,0,1,
7260,115,115,0,1,
7261,120,120,0,1,
7262,125,125,0,1,
7263,125,125,0,1,
7264,105,105,0,1,
7265,114,114,0,1,
7266,130,130,0,1,
7267,115,115,0,1,
7268,111,111,0,1,
7269,108,108,0,1,
7270,117,117,0,1,
7271,105,105,0,1,
7272,111,111,0,1,
7273,124,124,0,1,
7274,106,106,0,1,
7275,119,119,0,1,
7276,106,106,0,1,
7277,113,113,0,1,
7278,113,113,0,1,
7279,121,121,0,1,
7280,108,108,0,1,
7281,125,125,0,1,
7282,111,111,0,1,
7283,114,114,0,1,
7284,114,114,0,1,
7285,114,114,0,1,
7286,113,113,0,1,
7287,106,106,0,1,
7288,113,113,0,1,
7289,117,117,0,1,
7290,111,111,0,1,
7291,108,108,0,1,
7292,109,109,0,1,
7293,118,118,0,1,
7294,128,128,0,1,
7295,114,114,0,1,
7296,105,105,0,1,
7297,112,112,0,1,
7298,111,111,0,1,
7299,107,107,0,1,
7300,113,113,0,1,
7301,125,125,0,1,
7302,110,110,0,1,
7303,114,114,0,1,
7304,106,106,0,1,
7305,111,111,0,1,
7306,120,120,0,1,
7307,112,112,0,1,
7308,108,108,0,1,
7309,116,116,0,1,
7310,116,116,0,1,
7311,122,122,0,1,
7312,106,106,0,1,
7313,112,112,0,1,
7314,110,110,0,1,
7315,118,118,0,1,
7316,118,118,0,1,
7317,123,123,0,1,
7318,110,110,0,1,
7319,120,120,0,1,
7320,120,120,0,1,
7321,113,113,0,1,
7322,119,119,0,1,
7323,125,125,0,1,
7324,122,122,0,1,
7325,112,112,0,1,
7326,124,124,0,1,
7327,122,122,0,1,
7328,114,114,0,1,
7329,109,109,0,1,
7330,122,122,0,1,
7331,118,118,0,1,
7332,115,115,0,1,
7333,118,118,0,1,
7334,117,117,0,1,
7335,108,108,0,1,
7336,124,124,0,1,
7337,113,113,0,1,
7338,118,118,0,1,
7339,120,120,0,1,
7340,110,110,0,1,
7341,120,120,0,1,
7342,115,115,0,1,
7343,125,125,0,1,
7344,111,111,0,1,
7345,118,118,0,1,
7346,106,106,0,1,
7347,109,109,0,1,
7348,124,124,0,1,
7349,121,121,0,1,
7350,121,121,0,1,
7351,124,124,0,1,
7352,114,114,0,1,
7353,125,125,0,1,
7354,113,113,0,1,
7355,116,116,0,1,
7356,109,109,0,1,
7357,109,109,0,1,
7358,122,122,0,1,
7359,114,114,0,1,
7360,115,115,0,1,
7361,118,118,0,1,
7362,123,123,0,1,
7363,114,114,0,1,
7364,113,113,0,1,
7365,107,107,0,1,
7366,109,109,0,1,
7367,100,100,0,1,
7368,116,116,0,1,
7369,107,107,0,1,
7370,105,105,0,1,
7371,116,116,0,1,
7372,118,118,0,1,
7373,127,127,0,1,
7374,109,109,0,1,
7375,115,115,0,1,
7376,129,129,0,1,
7377,112,112,0,1,
7378,119,119,0,1,
7379,117,117,0,1,
7380,107,107,0,1,
7381,116,116,0,1,
7382,121,121,0,1,
7383,123,123,0,1,
7384,119,119,0,1,
7385,108,108,0,1,
7386,118,118,0,1,
7387,118,118,0,1,
7388,115,115,0,1,
7389,120,120,0,1,
7390,121,121,0,1,
7391,123,123,0,1,
7392,112,112,0,1,
7393,110,110,0,1,
7394,117,117,0,1,
7395,114,114,0,1,
7396,118,118,0,1,
7397,116,116,0,1,
7398,111,111,0,1,
7399,116,116,0,1,
7400,116,116,0,1,
7401,112,112,0,1,
7402,111,111,0,1,
7403,114,114,0,1,
7404,110,110,0,1,
7405,118,118,0,1,
7406,102,102,0,1,
7407,126,126,0,1,
7408,124,124,0,1,
7409,109,109,0,1,
7410,120,120,0,1,
7411,123,123,0,1,
7412,105,105,0,1,
7413,109,109,0,1,
7414,126,126,0,1,
7415,117,117,0,1,
7416,121,121,0,1,
7417,118,118,0,1,
7418,118,118,0,1,
7419,124,124,0,1,
7420,113,113,0,1,
7421,114,114,0,1,
7422,121,121,0,1,
7423,114,114,0,1,
7424,111,111,0,1,
7425,109,109,0,1,
7426,125,125,0,1,
7427,126,126,0,1,
7428,122,122,0,1,
7429,110,110,0,1,
7430,111,111,0,1,
7431,109,109,0,1,
7432,114,114,0,1,
7433,121,121,0,1,
7434,127,127,0,1,
7435,117,117,0,1,
7436,114,114,0,1,
7437,115,115,0,1,
7438,121,121,0,1,
7439,108,108,0,1,
7440,112,112,0,1,
7441,111,111,0,1,
7442,110,110,0,1,
7443,119,119,0,1,
7444,109,109,0,1,
7445,107,107,0,1,
7446,107,107,0,1,
7447,116,116,0,1,
7448,110,110,0,1,
7449,117,117,0,1,
7450,124,124,0,1,
7451,118,118,0,1,
7452,110,110,0,1,
7453,118,118,0,1,
7454,112,112,0,1,
7455,120,120,0,1,
7456,121,121,0,1,
7457,119,119,0,1,
7458,110,110,0,1,
7459,111,111,0,1,
7460,120,120,0,1,
7461,118,118,0,1,
7462,111,111,0,1,
7463,111,111,0,1,
7464,110,110,0,1,
7465,114,114,0,1,
7466,107,107,0,1,
7467,115,115,0,1,
7468,109,109,0,1,
7469,122,122,0,1,
7470,113,113,0,1,
7471,117,117,0,1,
7472,129,129,0,1,
7473,114,114,0,1,
7474,109,109,0,1,
7475,108,108,0,1,
7476,125,125,0,1,
7477,111,111,0,1,
7478,109,109,0,1,
7479,106,106,0,1,
7480,127,127,0,1,
7481,105,105,0,1,
7482,124,124,0,1,
7483,118,118,0,1,
7484,114,114,0,1,
7485,111,111,0,1,
7486,109,109,0,1,
7487,123,123,0,1,
7488,109,109,0,1,
7489,116,116,0,1,
7490,110,110,0,1,
7491,113,113,0,1,
7492,120,120,0,1,
7493,122,122,0,1,
7494,112,112,0,1,
7495,116,116,0,1,
7496,107,107,0,1,
7497,118,118,0,1,
7498,114,114,0,1,
7499,129,129,0,1,
7500,119,119,0,1,
7501,117,117,0,1,
7502,114,114,0,1,
7503,106,106,0,1,
7504,110,110,0,1,
7505,117,117,0,1,
7506,110,110,0,1,
7507,111,111,0,1,
7508,114,114,0,1,
7509,120,120,0,1,
7510,122,122,0,1,
7511,111,111,0,1,
7512,119,119,0,1,
7513,108,108,0,1,
7514,116,116,0,1,
7515,118,118,0,1,
7516,110,110,0,1,
7517,112,112,0,1,
7518,108,108,0,1,
7519,113,113,0,1,
7520,113,113,0,1,
7521,122,122,0,1,
7522,114,114,0,1,
7523,114,114,0,1,
7524,123,123,0,1,
7525,116,116,0,1,
7526,112,112,0,1,
7527,115,115,0,1,
7528,113,113,0,1,
7529,106,106,0,1,
7530,122,122,0,1,
7531,117,117,0,1,
7532,120,120,0,1,
7533,117,117,0,1,
7534,125,125,0,1,
7535,117,117,0,1,
7536,110,110,0,1,
7537,108,108,0,1,
7538,120,120,0,1,
7539,117,117,0,1,
7540,113,113,0,1,
7541,114,114,0,1,
7542,115,115,0,1,
7543,127,127,0,1,
7544,107,107,0,1,
7545,118,118,0,1,
7546,110,110,0,1,
7547,115,115,0,1,
7548,119,119,0,1,
7549,126,126,0,1,
7550,131,131,0,1,
7551,108,108,0,1,
7552,106,106,0,1,
7553,123,123,0,1,
7554,124,124,0,1,
7555,113,113,0,1,
7556,117,117,0,1,
7557,106,106,0,1,
7558,117,117,0,1,
7559,126,126,0,1,
7560,105,105,0,1,
7561,117,117,0,1,
7562,115,115,0,1,
7563,121,121,0,1,
7564,115,115,0,1,
7565,108,108,0,1,
7566,119,119,0,1,
7567,111,111,0,1,
7568,108,108,0,1,
7569,122,122,0,1,
7570,102,102,0,1,
7571,104,104,0,1,
7572,118,118,0,1,
7573,109,109,0,1,
7574,125,125,0,1,
7575,111,111,0,1,
7576,102,102,0,1,
7577,107,107,0,1,
7578,109,109,0,1,
7579,112,112,0,1,
7580,110,110,0,1,
7581,118,118,0,1,
7582,111,111,0,1,
7583,112,112,0,1,
7584,117,117,0,1,
7585,122,122,0,1,
7586,108,108,0,1,
7587,110,110,0,1,
7588,113,113,0,1,
7589,109,109,0,1,
7590,109,109,0,1,
7591,110,110,0,1,
7592,118,118,0,1,
7593,108,108,0,1,
7594,123,123,0,1,
7595,108,108,0,1,
7596,117,117,0,1,
7597,109,109,0,1,
7598,119,119,0,1,
7599,112,112,0,1,
7600,110,110,0,1,
7601,119,119,0,1,
7602,123,123,0,1,
7603,120,120,0,1,
7604,114,114,0,1,
7605,127,127,0,1,
7606,126,126,0,1,
7607,120,120,0,1,
7608,109,109,0,1,
7609,124,124,0,1,
7610,121,121,0,1,
7611,115,115,0,1,
7612,116,116,0,1,
7613,116,116,0,1,
7614,115,115,0,1,
7615,110,110,0,1,
7616,115,115,0,1,
7617,118,118,0,1,
7618,113,113,0,1,
7619,109,109,0,1,
7620,111,111,0,1,
7621,122,122,0,1,
7622,107,107,0,1,
7623,117,117,0,1,
7624,117,117,0,1,
7625,124,124,0,1,
7626,118,118,0,1,
7627,120,120,0,1,
7628,113,113,0,1,
7629,108,108,0,1,
7630,123,123,0,1,
7631,114,114,0,1,
7632,130,130,0,1,
7633,117,117,0,1,
7634,115,115,0,1,
7635,110,110,0,1,
7636,123,123,0,1,
7637,115,115,0,1,
7638,118,118,0,1,
7639,119,119,0,1,
7640,109,109,0,1,
7641,113,113,0,1,
7642,114,114,0,1,
7643,125,125,0,1,
7644,116,116,0,1,
7645,129,129,0,1,
7646,105,105,0,1,
7647,112,112,0,1,
7648,110,110,0,1,
7649,110,110,0,1,
7650,123,123,0,1,
7651,114,114,0,1,
7652,122,122,0,1,
7653,114,114,0,1,
7654,109,109,0,1,
7655,123,123,0,1,
7656,118,118,0,1,
7657,120,120,0,1,
7658,121,121,0,1,
7659,111,111,0,1,
7660,117,117,0,1,
7661,108,108,0,1,
7662,112,112,0,1,
7663,112,112,0,1,
7664,124,124,0,1,
7665,125,125,0,1,
7666,122,122,0,1,
7667,106,106,0,1,
7668,110,110,0,1,
7669,129,129,0,1,
7670,109,109,0,1,
7671,117,117,0,1,
7672,122,122,0,1,
7673,115,115,0,1,
7674,109,109,0,1,
7675,117,117,0,1,
7676,106,106,0,1,
7677,107,107,0,1,
7678,112,112,0,1,
7679,116,116,0,1,
7680,116,116,0,1,
7681,115,115,0,1,
7682,116,116,0,1,
7683,115,115,0,1,
7684,119,119,0,1,
7685,113,113,0,1,
7686,119,119,0,1,
7687,112,112,0,1,
7688,109,109,0,1,
7689,106,106,0,1,
7690,107,107,0,1,
7691,124,124,0,1,
7692,119,119,0,1,
7693,117,117,0,1,
7694,112,112,0,1,
7695,124,124,0,1,
7696,115,115,0,1,
7697,121,121,0,1,
7698,118,118,0,1,
7699,109,109,0,1,
7700,110,110,0,1,
7701,108,108,0,1,
7702,117,117,0,1,
7703,113,113,0,1,
7704,121,121,0,1,
7705,116,116,0,1,
7706,116,116,0,1,
7707,110,110,0,1,
7708,116,116,0,1,
7709,109,109,0,1,
7710,128,128,0,1,
7711,127,127,0,1,
7712,112,112,0,1,
7713,125,125,0,1,
7714,122,122,0,1,
7715,115,115,0,1,
7716,109,109,0,1,
7717,118,118,0,1,
7718,109,109,0,1,
7719,107,107,0,1,
7720,121,121,0,1,
7721,111,111,0,1,
7722,120,120,0,1,
7723,110,110,0,1,
7724,116,116,0,1,
7725,109,109,0,1,
7726,117,117,0,1,
7727,120,120,0,1,
7728,129,129,0,1,
7729,122,122,0,1,
7730,124,124,0,1,
7731,122,122,0,1,
7732,106,106,0,1,
7733,127,127,0,1,
7734,117,117,0,1,
7735,111,111,0,1,
7736,116,116,0,1,
7737,115,115,0,1,
7738,111,111,0,1,
7739,113,113,0,1,
7740,105,105,0,1,
7741,117,117,0,1,
7742,114,114,0,1,
7743,110,110,0,1,
7744,112,112,0,1,
7745,124,124,0,1,
7746,124,124,0,1,
7747,126,126,0,1,
7748,111,111,0,1,
7749,115,115,0,1,
7750,122,122,0,1,
7751,121,121,0,1,
7752,105,105,0,1,
7753,107,107,0,1,
7754,114,114,0,1,
7755,115,115,0,1,
7756,121,121,0,1,
7757,108,108,0,1,
7758,115,115,0,1,
7759,123,123,0,1,
7760,117,117,0,1,
7761,113,113,0,1,
7762,122,122,0,1,
7763,121,121,0,1,
7764,114,114,0,1,
7765,126,126,0,1,
7766,109,109,0,1,
7767,106,106,0,1,
7768,116,116,0,1,
7769,116,116,0,1,
7770,120,120,0,1,
7771,112,112,0,1,
7772,128,128,0,1,
7773,101,101,0,1,
7774,110,110,0,1,
7775,110,110,0,1,
7776,106,106,0,1,
7777,115,115,0,1,
7778,119,119,0,1,
7779,115,115,0,1,
7780,122,122,0,1,
7781,123,123,0,1,
7782,110,110,0,1,
7783,118,118,0,1,
7784,122,122,0,1,
7785,123,123,0,1,
7786,113,113,0,1,
7787,116,116,0,1,
7788,114,114,0,1,
7789,105,105,0,1,
7790,122,122,0,1,
7791,125,125,0,1,
7792,120,120,0,1,
7793,111,111,0,1,
7794,122,122,0,1,
7795,117,117,0,1,
7796,115,115,0,1,
7797,128,128,0,1,
7798,125,125,0,1,
7799,105,105,0,1,
7800,106,106,0,1,
7801,109,109,0,1,
7802,116,116,0,1,
7803,114,114,0,1,
7804,118,118,0,1,
7805,119,119,0,1,
7806,110,110,0,1,
7807,124,124,0,1,
7808,119,119,0,1,
7809,110,110,0,1,
7810,105,105,0,1,
7811,105,105,0,1,
7812,117,117,0,1,
7813,122,122,0,1,
7814,126,126,0,1,
7815,116,116,0,1,
7816,115,115,0,1,
7817,117,117,0,1,
7818,123,123,0,1,
7819,117,117,0,1,
7820,115,115,0,1,
7821,119,119,0,1,
7822,109,109,0,1,
7823,116,116,0,1,
7824,105,105,0,1,
7825,112,112,0,1,
7826,122,122,0,1,
7827,126,126,0,1,
7828,122,122,0,1,
7829,119,119,0,1,
7830,118,118,0,1,
7831,113,113,0,1,
7832,112,112,0,1,
7833,106,106,0,1,
7834,119,119,0,1,
7835,118,118,0,1,
7836,120,120,0,1,
7837,117,117,0,1,
7838,126,126,0,1,
7839,123,123,0,1,
7840,127,127,0,1,
7841,119,119,0,1,
7842,116,116,0,1,
7843,109,109,0,1,
7844,109,109,0,1,
7845,122,122,0,1,
7846,120,120,0,1,
7847,122,122,0,1,
7848,122,122,0,1,
7849,113,113,0,1,
7850,102,102,0,1,
7851,121,121,0,1,
7852,122,122,0,1,
7853,116,116,0,1,
7854,125,125,0,1,
7855,112,112,0,1,
7856,117,117,0,1,
7857,126,126,0,1,
7858,116,116,0,1,
7859,115,115,0,1,
7860,111,111,0,1,
7861,121,121,0,1,
7862,118,118,0,1,
7863,108,108,0,1,
7864,110,110,0,1,
7865,112,112,0,1,
7866,123,123,0,1,
7867,119,119,0,1,
7868,118,118,0,1,
7869,121,121,0,1,
7870,116,116,0,1,
7871,114,114,0,1,
7872,125,125,0,1,
7873,120,120,0,1,
7874,113,113,0,1,
7875,104,104,0,1,
7876,122,122,0,1,
7877,120,120,0,1,
7878,110,110,0,1,
7879,116,116,0,1,
7880,106,106,0,1,
7881,122,122,0,1,
7882,109,109,0,1,
7883,128,128,0,1,
7884,114,114,0,1,
7885,107,107,0,1,
7886,123,123,0,1,
7887,113,113,0,1,
7888,116,116,0,1,
7889,112,112,0,1,
7890,115,115,0,1,
7891,122,122,0,1,
7892,116,116,0,1,
7893,123,123,0,1,
7894,111,111,0,1,
7895,110,110,0,1,
7896,111,111,0,1,
7897,112,112,0,1,
7898,123,123,0,1,
7899,108,108,0,1,
7900,119,119,0,1,
7901,110,110,0,1,
7902,107,107,0,1,
7903,111,111,0,1,
7904,118,118,0,1,
7905,119,119,0,1,
7906,108,108,0,1,
7907,111,111,0,1,
7908,121,121,0,1,
7909,120,120,0,1,
7910,119,119,0,1,
7911,106,106,0,1,
7912,123,123,0,1,
7913,118,118,0,1,
7914,108,108,0,1,
7915,127,127,0,1,
7916,119,119,0,1,
7917,114,114,0,1,
7918,120,120,0,1,
7919,117,117,0,1,
7920,129,129,0,1,
7921,114,114,0,1,
7922,119,119,0,1,
7923,111,111,0,1,
7924,112,112,0,1,
7925,117,117,0,1,
7926,114,114,0,1,
7927,111,111,0,1,
7928,110,110,0,1,
7929,113,113,0,1,
7930,118,118,0,1,
7931,123,123,0,1,
7932,110,110,0,1,
7933,123,123,0,1,
7934,103,103,0,1,
7935,106,106,0,1,
7936,118,118,0,1,
7937,110,110,0,1,
7938,114,114,0,1,
7939,113,113,0,1,
7940,125,125,0,1,
7941,116,116,0,1,
7942,104,104,0,1,
7943,113,113,0,1,
7944,106,106,0,1,
7945,124,124,0,1,
7946,119,119,0,1,
7947,122,122,0,1,
7948,112,112,0,1,
7949,106,106,0,1,
7950,112,112,0,1,
7951,115,115,0,1,
7952,116,116,0,1,
7953,117,117,0,1,
7954,114,114,0,1,
7955,119,119,0,1,
7956,122,122,0,1,
7957,107,107,0,1,
7958,117,117,0,1,
7959,128,128,0,1,
7960,108,108,0,1,
7961,124,124,0,1,
7962,110,110,0,1,
7963,119,119,0,1,
7964,119,119,0,1,
7965,118,118,0,1,
7966,121,121,0,1,
7967,113,113,0,1,
7968,118,118,0,1,
7969,113,113,0,1,
7970,114,114,0,1,
7971,108,108,0,1,
7972,112,112,0,1,
7973,127,127,0,1,
7974,104,104,0,1,
7975,112,112,0,1,
7976,127,127,0,1,
7977,126,126,0,1,
7978,112,112,0,1,
7979,112,112,0,1,
7980,118,118,0,1,
7981,116,116,0,1,
7982,113,113,0,1,
7983,114,114,0,1,
7984,123,123,0,1,
7985,120,120,0,1,
7986,110,110,0,1,
7987,132,132,0,1,
7988,122,122,0,1,
7989,117,117,0,1,
7990,132,132,0,1,
7991,111,111,0,1,
7992,106,106,0,1,
7993,117,117,0,1,
7994,113,113,0,1,
7995,103,103,0,1,
7996,104,104,0,1,
7997,115,115,0,1,
7998,123,123,0,1,
7999,125,125,0,1,
8000,117,117,0,1,
8001,115,115,0,1,
8002,114,114,0,1,
8003,116,116,0,1,
8004,118,118,0,1,
8005,121,121,0,1,
8006,119,119,0,1,
8007,118,118,0,1,
8008,109,109,0,1,
8009,118,118,0,1,
8010,120,120,0,1,
8011,121,121,0,1,
8012,109,109,0,1,
8013,113,113,0,1,
8014,106,106,0,1,
8015,121,121,0,1,
8016,122,122,0,1,
8017,118,118,0,1,
8018,110,110,0,1,
8019,110,110,0,1,
8020,109,109,0,1,
8021,117,117,0,1,
8022,117,117,0,1,
8023,119,119,0,1,
8024,106,106,0,1,
8025,124,124,0,1,
8026,108,108,0,1,
8027,123,123,0,1,
8028,113,113,0,1,
8029,112,112,0,1,
8030,110,110,0,1,
8031,108,108,0,1,
8032,122,122,0,1,
8033,122,122,0,1,
8034,117,117,0,1,
8035,110,110,0,1,
8036,112,112,0,1,
8037,111,111,0,1,
8038,121,121,0,1,
8039,112,112,0,1,
8040,123,123,0,1,
8041,113,113,0,1,
8042,112,112,0,1,
8043,104,104,0,1,
8044,119,119,0,1,
8045,105,105,0,1,
8046,124,124,0,1,
8047,111,111,0,1,
8048,126,126,0,1,
8049,116,116,0,1,
8050,123,123,0,1,
8051,112,112,0,1,
8052,110,110,0,1,
8053,111,111,0,1,
8054,116,116,0,1,
8055,111,111,0,1,
8056,115,115,0,1,
8057,107,107,0,1,
8058,107,107,0,1,
8059,118,118,0,1,
8060,120,120,0,1,
8061,106,106,0,1,
8062,113,113,0,1,
8063,109,109,0,1,
8064,117,117,0,1,
8065,120,120,0,1,
8066,118,118,0,1,
8067,125,125,0,1,
8068,125,125,0,1,
8069,119,119,0,1,
8070,106,106,0,1,
8071,118,118,0,1,
8072,114,114,0,1,
8073,123,123,0,1,
8074,113,113,0,1,
8075,108,108,0,1,
8076,115,115,0,1,
8077,107,107,0,1,
8078,129,129,0,1,
8079,125,125,0,1,
8080,120,120,0,1,
8081,121,121,0,1,
8082,119,119,0,1,
8083,122,122,0,1,
8084,113,113,0,1,
8085,111,111,0,1,
8086,117,117,0,1,
8087,122,122,0,1,
8088,109,109,0,1,
8089,124,124,0,1,
8090,115,115,0,1,
8091,117,117,0,1,
8092,113,113,0,1,
8093,109,109,0,1,
8094,109,109,0,1,
8095,126,126,0,1,
8096,111,111,0,1,
8097,114,114,0,1,
8098,110,110,0,1,
8099,111,111,0,1,
8100,120,120,0,1,
8101,104,104,0,1,
8102,114,114,0,1,
8103,120,120,0,1,
8104,115,115,0,1,
8105,111,111,0,1,
8106,113,113,0,1,
8107,113,113,0,1,
8108,124,124,0,1,
8109,117,117,0,1,
8110,109,109,0,1,
8111,114,114,0,1,
8112,111,111,0,1,
8113,124,124,0,1,
8114,116,116,0,1,
8115,108,108,0,1,
8116,129,129,0,1,
8117,106,106,0,1,
8118,121,121,0,1,
8119,117,117,0,1,
8120,117,117,0,1,
8121,109,109,0,1,
8122,123,123,0,1,
8123,122,122,0,1,
8124,109,109,0,1,
8125,120,120,0,1,
8126,105,105,0,1,
8127,116,116,0,1,
8128,119,119,0,1,
8129,116,116,0,1,
8130,113,113,0,1,
8131,109,109,0,1,
8132,116,116,0,1,
8133,114,114,0,1,
8134,114,114,0,1,
8135,109,109,0,1,
8136,112,112,0,1,
8137,112,112,0,1,
8138,120,120,0,1,
8139,108,108,0,1,
8140,116,116,0,1,
8141,110,110,0,1,
8142,109,109,0,1,
8143,114,114,0,1,
8144,111,111,0,1,
8145,107,107,0,1,
8146,123,123,0,1,
8147,106,106,0,1,
8148,112,112,0,1,
8149,106,106,0,1,
8150,112,112,0,1,
8151,108,108,0,1,
8152,115,115,0,1,
8153,120,120,0,1,
8154,123,123,0,1,
8155,123,123,0,1,
8156,107,107,0,1,
8157,118,118,0,1,
8158,112,112,0,1,
8159,123,123,0,1,
8160,113,113,0,1,
8161,108,108,0,1,
8162,124,124,0,1,
8163,110,110,0,1,
8164,116,116,0,1,
8165,114,114,0,1,
8166,110,110,0,1,
8167,105,105,0,1,
8168,116,116,0,1,
8169,115,115,0,1,
8170,111,111,0,1,
8171,119,119,0,1,
8172,116,116,0,1,
8173,109,109,0,1,
8174,112,112,0,1,
8175,110,110,0,1,
8176,114,114,0,1,
8177,105,105,0,1,
8178,124,124,0,1,
8179,115,115,0,1,
8180,119,119,0,1,
8181,121,121,0,1,
8182,104,104,0,1,
8183,128,128,0,1,
8184,110,110,0,1,
8185,118,118,0,1,
8186,120,120,0,1,
8187,120,120,0,1,
8188,121,121,0,1,
8189,107,107,0,1,
8190,105,105,0,1,
8191,109,109,0,1,
8192,119,119,0,1,
8193,109,109,0,1,
8194,124,124,0,1,
8195,110,110,0,1,
8196,111,111,0,1,
8197,111,111,0,1,
8198,105,105,0,1,
8199,121,121,0,1,
8200,116,116,0,1,
8201,111,111,0,1,
8202,122,122,0,1,
8203,111,111,0,1,
8204,108,108,0,1,
8205,110,110,0,1,
8206,123,123,0,1,
8207,119,119,0,1,
8208,109,109,0,1,
8209,113,113,0,1,
8210,111,111,0,1,
8211,114,114,0,1,
8212,104,104,0,1,
8213,115,115,0,1,
8214,121,121,0,1,
8215,110,110,0,1,
8216,124,124,0,1,
8217,119,119,0,1,
8218,124,124,0,1,
8219,105,105,0,1,
8220,130,130,0,1,
8221,105,105,0,1,
8222,114,114,0,1,
8223,118,118,0,1,
8224,121,121,0,1,
8225,108,108,0,1,
8226,126,126,0,1,
8227,117,117,0,1,
8228,121,121,0,1,
8229,112,112,0,1,
8230,121,121,0,1,
8231,108,108,0,1,
8232,125,125,0,1,
8233,126,126,0,1,
8234,120,120,0,1,
8235,126,126,0,1,
8236,128,128,0,1,
8237,115,115,0,1,
8238,112,112,0,1,
8239,118,118,0,1,
8240,119,119,0,1,
8241,106,106,0,1,
8242,124,124,0,1,
8243,112,112,0,1,
8244,115,115,0,1,
8245,125,125,0,1,
8246,115,115,0,1,
8247,117,117,0,1,
8248,117,117,0,1,
8249,100,100,0,1,
8250,118,118,0,1,
8251,108,108,0,1,
8252,117,117,0,1,
8253,124,124,0,1,
8254,116,116,0,1,
8255,127,127,0,1,
8256,113,113,0,1,
8257,116,116,0,1,
8258,119,119,0,1,
8259,122,122,0,1,
8260,103,103,0,1,
8261,114,114,0,1,
8262,115,115,0,1,
8263,113,113,0,1,
8264,116,116,0,1,
8265,119,119,0,1,
8266,123,123,0,1,
8267,117,117,0,1,
8268,105,105,0,1,
8269,110,110,0,1,
8270,112,112,0,1,
8271,114,114,0,1,
8272,121,121,0,1,
8273,113,113,0,1,
8274,112,112,0,1,
8275,107,107,0,1,
8276,116,116,0,1,
8277,113,113,0,1,
8278,110,110,0,1,
8279,107,107,0,1,
8280,106,106,0,1,
8281,112,112,0,1,
8282,110,110,0,1,
8283,113,113,0,1,
8284,125,125,0,1,
8285,120,120,0,1,
8286,117,117,0,1,
8287,115,115,0,1,
8288,107,107,0,1,
8289,115,115,0,1,
8290,112,112,0,1,
8291,119,119,0,1,
8292,109,109,0,1,
8293,122,122,0,1,
8294,116,116,0,1,
8295,121,121,0,1,
8296,119,119,0,1,
8297,115,115,0,1,
8298,127,127,0,1,
8299,119,119,0,1,
8300,112,112,0,1,
8301,110,110,0,1,
8302,121,121,0,1,
8303,110,110,0,1,
8304,103,103,0,1,
8305,115,115,0,1,
8306,115,115,0,1,
8307,118,118,0,1,
8308,112,112,0,1,
8309,111,111,0,1,
8310,112,112,0,1,
8311,123,123,0,1,
8312,122,122,0,1,
8313,122,122,0,1,
8314,114,114,0,1,
8315,117,117,0,1,
8316,107,107,0,1,
8317,110,110,0,1,
8318,116,116,0,1,
8319,113,113,0,1,
8320,125,125,0,1,
8321,112,112,0,1,
8322,104,104,0,1,
8323,109,109,0,1,
8324,128,128,0,1,
8325,119,119,0,1,
8326,124,124,0,1,
8327,118,118,0,1,
8328,132,132,0,1,
8329,113,113,0,1,
8330,118,118,0,1,
8331,123,123,0,1,
8332,119,119,0,1,
8333,109,109,0,1,
8334,114,114,0,1,
8335,112,112,0,1,
8336,112,112,0,1,
8337,114,114,0,1,
8338,129,129,0,1,
8339,120,120,0,1,
8340,105,105,0,1,
8341,114,114,0,1,
8342,121,121,0,1,
8343,123,123,0,1,
8344,115,115,0,1,
8345,127,127,0,1,
8346,117,117,0,1,
8347,110,110,0,1,
8348,117,117,0,1,
8349,108,108,0,1,
8350,117,117,0,1,
8351,113,113,0,1,
8352,107,107,0,1,
8353,110,110,0,1,
8354,116,116,0,1,
8355,107,107,0,1,
8356,120,120,0,1,
8357,105,105,0,1,
8358,112,112,0,1,
8359,113,113,0,1,
8360,120,120,0,1,
8361,108,108,0,1,
8362,119,119,0,1,
8363,126,126,0,1,
8364,126,126,0,1,
8365,113,113,0,1,
8366,110,110,0,1,
8367,119,119,0,1,
8368,116,116,0,1,
8369,118,118,0,1,
8370,113,113,0,1,
8371,112,112,0,1,
8372,126,126,0,1,
8373,116,116,0,1,
8374,118,118,0,1,
8375,113,113,0,1,
8376,124,124,0,1,
8377,106,106,0,1,
8378,107,107,0,1,
8379,116,116,0,1,
8380,125,125,0,1,
8381,111,111,0,1,
8382,116,116,0,1,
8383,106,106,0,1,
8384,106,106,0,1,
8385,120,120,0,1,
8386,115,115,0,1,
8387,110,110,0,1,
8388,120,120,0,1,
8389,109,109,0,1,
8390,118,118,0,1,
8391,122,122,0,1,
8392,106,106,0,1,
8393,120,120,0,1,
8394,117,117,0,1,
8395,112,112,0,1,
8396,115,115,0,1,
8397,121,121,0,1,
8398,107,107,0,1,
8399,114,114,0,1,
8400,117,117,0,1,
8401,121,121,0,1,
8402,102,102,0,1,
8403,108,108,0,1,
8404,102,102,0,1,
8405,115,115,0,1,
8406,115,115,0,1,
8407,120,120,0,1,
8408,106,106,0,1,
8409,112,112,0,1,
8410,119,119,0,1,
8411,116,116,0,1,
8412,108,108,0,1,
8413,118,118,0,1,
8414,111,111,0,1,
8415,108,108,0,1,
8416,105,105,0,1,
8417,110,110,0,1,
8418,115,115,0,1,
8419,122,122,0,1,
8420,109,109,0,1,
8421,115,115,0,1,
8422,119,119,0,1,
8423,116,116,0,1,
8424,110,110,0,1,
8425,126,126,0,1,
8426,111,111,0,1,
8427,126,126,0,1,
8428,120,120,0,1,
8429,119,119,0,1,
8430,116,116,0,1,
8431,119,119,0,1,
8432,112,112,0,1,
8433,106,106,0,1,
8434,107,107,0,1,
8435,123,123,0,1,
8436,118,118,0,1,
8437,113,113,0,1,
8438,117,117,0,1,
8439,115,115,0,1,
8440,123,123,0,1,
8441,115,115,0,1,
8442,116,116,0,1,
8443,115,115,0,1,
8444,120,120,0,1,
8445,119,119,0,1,
8446,120,120,0,1,
8447,117,117,0,1,
8448,118,118,0,1,
8449,109,109,0,1,
8450,115,115,0,1,
8451,120,120,0,1,
8452,115,115,0,1,
8453,115,115,0,1,
8454,125,125,0,1,
8455,108,108,0,1,
8456,115,115,0,1,
8457,108,108,0,1,
8458,116,116,0,1,
8459,118,118,0,1,
8460,111,111,0,1,
8461,126,126,0,1,
8462,114,114,0,1,
8463,117,117,0,1,
8464,128,128,0,1,
8465,126,126,0,1,
8466,113,113,0,1,
8467,110,110,0,1,
8468,109,109,0,1,
8469,109,109,0,1,
8470,105,105,0,1,
8471,119,119,0,1,
8472,108,108,0,1,
8473,100,100,0,1,
8474,118,118,0,1,
8475,109,109,0,1,
8476,107,107,0,1,
8477,115,115,0,1,
8478,118,118,0,1,
8479,122,122,0,1,
8480,121,121,0,1,
8481,113,113,0,1,
8482,112,112,0,1,
8483,110,110,0,1,
8484,119,119,0,1,
8485,111,111,0,1,
8486,116,116,0,1,
8487,119,119,0,1,
8488,125,125,0,1,
8489,121,121,0,1,
8490,118,118,0,1,
8491,113,113,0,1,
8492,123,123,0,1,
8493,113,113,0,1,
8494,108,108,0,1,
8495,115,115,0,1,
8496,122,122,0,1,
8497,123,123,0,1,
8498,128,128,0,1,
8499,122,122,0,1,
8500,114,114,0,1,
8501,118,118,0,1,
8502,113,113,0,1,
8503,106,106,0,1,
8504,115,115,0,1,
8505,112,112,0,1,
8506,128,128,0,1,
8507,114,114,0,1,
8508,108,108,0,1,
8509,114,114,0,1,
8510,115,115,0,1,
8511,123,123,0,1,
8512,109,109,0,1,
8513,120,120,0,1,
8514,108,108,0,1,
8515,115,115,0,1,
8516,117,117,0,1,
8517,110,110,0,1,
8518,115,115,0,1,
8519,100,100,0,1,
8520,113,113,0,1,
8521,111,111,0,1,
8522,120,120,0,1,
8523,115,115,0,1,
8524,123,123,0,1,
8525,110,110,0,1,
8526,112,112,0,1,
8527,112,112,0,1,
8528,119,119,0,1,
8529,117,117,0,1,
8530,112,112,0,1,
8531,111,111,0,1,
8532,110,110,0,1,
8533,110,110,0,1,
8534,120,120,0,1,
8535,122,122,0,1,
8536,118,118,0,1,
8537,118,118,0,1,
8538,124,124,0,1,
8539,111,111,0,1,
8540,118,118,0,1,
8541,126,126,0,1,
8542,115,115,0,1,
8543,118,118,0,1,
8544,106,106,0,1,
8545,122,122,0,1,
8546,110,110,0,1,
8547,108,108,0,1,
8548,116,116,0,1,
8549,107,107,0,1,
8550,126,126,0,1,
8551,109,109,0,1,
8552,117,117,0,1,
8553,118,118,0,1,
8554,117,117,0,1,
8555,112,112,0,1,
8556,120,120,0,1,
8557,120,120,0,1,
8558,111,111,0,1,
8559,120,120,0,1,
8560,125,125,0,1,
8561,125,125,0,1,
8562,109,109,0,1,
8563,115,115,0,1,
8564,113,113,0,1,
8565,115,115,0,1,
8566,118,118,0,1,
8567,114,114,0,1,
8568,112,112,0,1,
8569,122,122,0,1,
8570,107,107,0,1,
8571,111,111,0,1,
8572,111,111,0,1,
8573,123,123,0,1,
8574,114,114,0,1,
8575,130,130,0,1,
8576,106,106,0,1,
8577,115,115,0,1,
8578,114,114,0,1,
8579,116,116,0,1,
8580,113,113,0,1,
8581,109,109,0,1,
8582,121,121,0,1,
8583,120,120,0,1,
8584,122,122,0,1,
8585,108,108,0,1,
8586,108,108,0,1,
8587,112,112,0,1,
8588,126,126,0,1,
8589,112,112,0,1,
8590,103,103,0,1,
8591,121,121,0,1,
8592,118,118,0,1,
8593,113,113,0,1,
8594,110,110,0,1,
8595,112,112,0,1,
8596,125,125,0,1,
8597,107,107,0,1,
8598,124,124,0,1,
8599,120,120,0,1,
8600,102,102,0,1,
8601,116,116,0,1,
8602,117,117,0,1,
8603,126,126,0,1,
8604,110,110,0,1,
8605,105,105,0,1,
8606,110,110,0,1,
8607,106,106,0,1,
8608,118,118,0,1,
8609,104,104,0,1,
8610,120,120,0,1,
8611,115,115,0,1,
8612,105,105,0,1,
8613,128,128,0,1,
8614,110,110,0,1,
8615,112,112,0,1,
8616,121,121,0,1,
8617,112,112,0,1,
8618,106,106,0,1,
8619,107,107,0,1,
8620,109,109,0,1,
8621,110,110,0,1,
8622,113,113,0,1,
8623,112,112,0,1,
8624,120,120,0,1,
8625,118,118,0,1,
8626,119,119,0,1,
8627,125,125,0,1,
8628,116,116,0,1,
8629,111,111,0,1,
8630,130,130,0,1,
8631,127,127,0,1,
8632,116,116,0,1,
8633,125,125,0,1,
8634,115,115,0,1,
8635,116,116,0,1,
8636,105,105,0,1,
8637,122,122,0,1,
8638,107,107,0,1,
8639,116,116,0,1,
8640,105,105,0,1,
8641,116,116,0,1,
8642,110,110,0,1,
8643,118,118,0,1,
8644,114,114,0,1,
8645,118,118,0,1,
8646,118,118,0,1,
8647,125,125,0,1,
8648,110,110,0,1,
8649,122,122,0,1,
8650,109,109,0,1,
8651,124,124,0,1,
8652,114,114,0,1,
8653,121,121,0,1,
8654,116,116,0,1,
8655,125,125,0,1,
8656,121,121,0,1,
8657,108,108,0,1,
8658,111,111,0,1,
8659,113,113,0,1,
8660,124,124,0,1,
8661,115,115,0,1,
8662,120,120,0,1,
8663,118,118,0,1,
8664,112,112,0,1,
8665,106,106,0,1,
8666,115,115,0,1,
8667,113,113,0,1,
8668,109,109,0,1,
8669,122,122,0,1,
8670,126,126,0,1,
8671,122,122,0,1,
8672,122,122,0,1,
8673,109,109,0,1,
8674,112,112,0,1,
8675,104,104,0,1,
8676,118,118,0,1,
8677,105,105,0,1,
8678,113,113,0,1,
8679,106,106,0,1,
8680,107,107,0,1,
8681,106,106,0,1,
8682,114,114,0,1,
8683,114,114,0,1,
8684,113,113,0,1,
8685,123,123,0,1,
8686,107,107,0,1,
8687,113,113,0,1,
8688,111,111,0,1,
8689,122,122,0,1,
8690,114,114,0,1,
8691,115,115,0,1,
8692,111,111,0,1,
8693,112,112,0,1,
8694,107,107,0,1,
8695,113,113,0,1,
8696,117,117,0,1,
8697,109,109,0,1,
8698,111,111,0,1,
8699,122,122,0,1,
8700,126,126,0,1,
8701,107,107,0,1,
8702,125,125,0,1,
8703,116,116,0,1,
8704,128,128,0,1,
8705,125,125,0,1,
8706,111,111,0,1,
8707,107,107,0,1,
8708,114,114,0,1,
8709,124,124,0,1,
8710,110,110,0,1,
8711,110,110,0,1,
8712,114,114,0,1,
8713,117,117,0,1,
8714,122,122,0,1,
8715,119,119,0,1,
8716,110,110,0,1,
8717,117,117,0,1,
8718,105,105,0,1,
8719,108,108,0,1,
8720,108,108,0,1,
8721,116,116,0,1,
8722,119,119,0,1,
8723,108,108,0,1,
8724,115,115,0,1,
8725,111,111,0,1,
8726,110,110,0,1,
8727,113,113,0,1,
8728,111,111,0,1,
8729,107,107,0,1,
8730,115,115,0,1,
8731,106,106,0,1,
8732,115,115,0,1,
8733,121,121,0,1,
8734,114,114,0,1,
8735,114,114,0,1,
8736,104,104,0,1,
8737,106,106,0,1,
8738,127,127,0,1,
8739,106,106,0,1,
8740,115,115,0,1,
8741,109,109,0,1,
8742,112,112,0,1,
8743,116,116,0,1,
8744,108,108,0,1,
8745,118,118,0,1,
8746,115,115,0,1,
8747,109,109,0,1,
8748,110,110,0,1,
8749,112,112,0,1,
8750,123,123,0,1,
8751,115,115,0,1,
8752,106,106,0,1,
8753,132,132,0,1,
8754,115,115,0,1,
8755,117,117,0,1,
8756,113,113,0,1,
8757,120,120,0,1,
8758,111,111,0,1,
8759,103,103,0,1,
8760,108,108,0,1,
8761,110,110,0,1,
8762,115,115,0,1,
8763,115,115,0,1,
8764,120,120,0,1,
8765,125,125,0,1,
8766,123,123,0,1,
8767,125,125,0,1,
8768,107,107,0,1,
8769,114,114,0,1,
8770,119,119,0,1,
8771,107,107,0,1,
8772,111,111,0,1,
8773,123,123,0,1,
8774,111,111,0,1,
8775,113,113,0,1,
8776,114,114,0,1,
8777,111,111,0,1,
8778,122,122,0,1,
8779,117,117,0,1,
8780,113,113,0,1,
8781,120,120,0,1,
8782,108,108,0,1,
8783,107,107,0,1,
8784,116,116,0,1,
8785,112,112,0,1,
8786,124,124,0,1,
8787,105,105,0,1,
8788,120,120,0,1,
8789,108,108,0,1,
8790,113,113,0,1,
8791,120,120,0,1,
8792,102,102,0,1,
8793,118,118,0,1,
8794,111,111,0,1,
8795,120,120,0,1,
8796,116,116,0,1,
8797,114,114,0,1,
8798,123,123,0,1,
8799,121,121,0,1,
8800,105,105,0,1,
8801,110,110,0,1,
8802,121,121,0,1,
8803,116,116,0,1,
8804,117,117,0,1,
8805,121,121,0,1,
8806,108,108,0,1,
8807,106,106,0,1,
8808,102,102,0,1,
8809,102,102,0,1,
8810,121,121,0,1,
8811,124,124,0,1,
8812,120,120,0,1,
8813,111,111,0,1,
8814,105,105,0,1,
8815,119,119,0,1,
8816,123,123,0,1,
8817,109,109,0,1,
8818,121,121,0,1,
8819,130,130,0,1,
8820,104,104,0,1,
8821,116,116,0,1,
8822,105,105,0,1,
8823,114,114,0,1,
8824,112,112,0,1,
8825,116,116,0,1,
8826,119,119,0,1,
8827,109,109,0,1,
8828,126,126,0,1,
8829,124,124,0,1,
8830,108,108,0,1,
8831,117,117,0,1,
8832,125,125,0,1,
8833,116,116,0,1,
8834,110,110,0,1,
8835,115,115,0,1,
8836,108,108,0,1,
8837,104,104,0,1,
8838,107,107,0,1,
8839,116,116,0,1,
8840,124,124,0,1,
8841,112,112,0,1,
8842,106,106,0,1,
8843,114,114,0,1,
8844,105,105,0,1,
8845,106,106,0,1,
8846,125,125,0,1,
8847,124,124,0,1,
8848,110,110,0,1,
8849,113,113,0,1,
8850,119,119,0,1,
8851,109,109,0,1,
8852,118,118,0,1,
8853,108,108,0,1,
8854,102,102,0,1,
8855,112,112,0,1,
8856,116,116,0,1,
8857,112,112,0,1,
8858,104,104,0,1,
8859,113,113,0,1,
8860,107,107,0,1,
8861,115,115,0,1,
8862,121,121,0,1,
8863,117,117,0,1,
8864,119,119,0,1,
8865,117,117,0,1,
8866,129,129,0,1,
8867,116,116,0,1,
8868,120,120,0,1,
8869,108,108,0,1,
8870,126,126,0,1,
8871,120,120,0,1,
8872,112,112,0,1,
8873,108,108,0,1,
8874,112,112,0,1,
8875,124,124,0,1,
8876,121,121,0,1,
8877,111,111,0,1,
8878,125,125,0,1,
8879,123,123,0,1,
8880,130,130,0,1,
8881,112,112,0,1,
8882,108,108,0,1,
8883,112,112,0,1,
8884,117,117,0,1,
8885,114,114,0,1,
8886,122,122,0,1,
8887,117,117,0,1,
8888,113,113,0,1,
8889,119,119,0,1,
8890,134,134,0,1,
8891,107,107,0,1,
8892,127,127,0,1,
8893,114,114,0,1,
8894,117,117,0,1,
8895,113,113,0,1,
8896,116,116,0,1,
8897,114,114,0,1,
8898,112,112,0,1,
8899,116,116,0,1,
8900,115,115,0,1,
8901,110,110,0,1,
8902,111,111,0,1,
8903,116,116,0,1,
8904,128,128,0,1,
8905,121,121,0,1,
8906,124,124,0,1,
8907,111,111,0,1,
8908,121,121,0,1,
8909,106,106,0,1,
8910,118,118,0,1,
8911,115,115,0,1,
8912,119,119,0,1,
8913,111,111,0,1,
8914,133,133,0,1,
8915,114,114,0,1,
8916,110,110,0,1,
8917,114,114,0,1,
8918,112,112,0,1,
8919,110,110,0,1,
8920,116,116,0,1,
8921,112,112,0,1,
8922,114,114,0,1,
8923,114,114,0,1,
8924,124,124,0,1,
8925,119,119,0,1,
8926,117,117,0,1,
8927,115,115,0,1,
8928,109,109,0,1,
8929,114,114,0,1,
8930,110,110,0,1,
8931,130,130,0,1,
8932,116,116,0,1,
8933,127,127,0,1,
8934,107,107,0,1,
8935,117,117,0,1,
8936,114,114,0,1,
8937,114,114,0,1,
8938,116,116,0,1,
8939,125,125,0,1,
8940,121,121,0,1,
8941,118,118,0,1,
8942,118,118,0,1,
8943,116,116,0,1,
8944,114,114,0,1,
8945,108,108,0,1,
8946,124,124,0,1,
8947,110,110,0,1,
8948,109,109,0,1,
8949,116,116,0,1,
8950,118,118,0,1,
8951,108,108,0,1,
8952,114,114,0,1,
8953,116,116,0,1,
8954,114,114,0,1,
8955,114,114,0,1,
8956,120,120,0,1,
8957,114,114,0,1,
8958,117,117,0,1,
8959,116,116,0,1,
8960,124,124,0,1,
8961,128,128,0,1,
8962,122,122,0,1,
8963,104,104,0,1,
8964,125,125,0,1,
8965,119,119,0,1,
8966,110,110,0,1,
8967,108,108,0,1,
8968,113,113,0,1,
8969,109,109,0,1,
8970,117,117,0,1,
8971,122,122,0,1,
8972,129,129,0,1,
8973,109,109,0,1,
8974,124,124,0,1,
8975,110,110,0,1,
8976,110,110,0,1,
8977,109,109,0,1,
8978,108,108,0,1,
8979,110,110,0,1,
8980,122,122,0,1,
8981,108,108,0,1,
8982,118,118,0,1,
8983,123,123,0,1,
8984,128,128,0,1,
8985,115,115,0,1,
8986,115,115,0,1,
8987,112,112,0,1,
8988,112,112,0,1,
8989,108,108,0,1,
8990,112,112,0,1,
8991,117,117,0,1,
8992,116,116,0,1,
8993,103,103,0,1,
8994,109,109,0,1,
8995,116,116,0,1,
8996,121,121,0,1,
8997,106,106,0,1,
8998,128,128,0,1,
8999,112,112,0,1,
9000,112,112,0,1,
9001,107,107,0,1,
9002,115,115,0,1,
9003,107,107,0,1,
9004,114,114,0,1,
9005,118,118,0,1,
9006,119,119,0,1,
9007,115,115,0,1,
9008,111,111,0,1,
9009,129,129,0,1,
9010,117,117,0,1,
9011,118,118,0,1,
9012,113,113,0,1,
9013,108,108,0,1,
9014,126,126,0,1,
9015,118,118,0,1,
9016,106,106,0,1,
9017,116,116,0,1,
9018,115,115,0,1,
9019,123,123,0,1,
9020,121,121,0,1,
9021,110,110,0,1,
9022,120,120,0,1,
9023,127,127,0,1,
9024,119,119,0,1,
9025,120,120,0,1,
9026,117,117,0,1,
9027,116,116,0,1,
9028,103,103,0,1,
9029,122,122,0,1,
9030,112,112,0,1,
9031,107,107,0,1,
9032,125,125,0,1,
9033,122,122,0,1,
9034,113,113,0,1,
9035,127,127,0,1,
9036,118,118,0,1,
9037,128,128,0,1,
9038,126,126,0,1,
9039,110,110,0,1,
9040,116,116,0,1,
9041,113,113,0,1,
9042,109,109,0,1,
9043,105,105,0,1,
9044,111,111,0,1,
9045,114,114,0,1,
9046,116,116,0,1,
9047,121,121,0,1,
9048,107,107,0,1,
9049,113,113,0,1,
9050,112,112,0,1,
9051,117,117,0,1,
9052,121,121,0,1,
9053,111,111,0,1,
9054,108,108,0,1,
9055,115,115,0,1,
9056,118,118,0,1,
9057,121,121,0,1,
9058,105,105,0,1,
9059,127,127,0,1,
9060,115,115,0,1,
9061,111,111,0,1,
9062,110,110,0,1,
9063,125,125,0,1,
9064,120,120,0,1,
9065,110,110,0,1,
9066,113,113,0,1,
9067,112,112,0,1,
9068,114,114,0,1,
9069,117,117,0,1,
9070,124,124,0,1,
9071,117,117,0,1,
9072,109,109,0,1,
9073,114,114,0,1,
9074,110,110,0,1,
9075,116,116,0,1,
9076,108,108,0,1,
9077,114,114,0,1,
9078,116,116,0,1,
9079,119,119,0,1,
9080,120,120,0,1,
9081,106,106,0,1,
9082,109,109,0,1,
9083,108,108,0,1,
9084,113,113,0,1,
9085,112,112,0,1,
9086,123,123,0,1,
9087,114,114,0,1,
9088,107,107,0,1,
9089,108,108,0,1,
9090,114,114,0,1,
9091,120,120,0,1,
9092,120,120,0,1,
9093,118,118,0,1,
9094,122,122,0,1,
9095,107,107,0,1,
9096,119,119,0,1,
9097,111,111,0,1,
9098,111,111,0,1,
9099,112,112,0,1,
9100,107,107,0,1,
9101,114,114,0,1,
9102,106,106,0,1,
9103,115,115,0,1,
9104,114,114,0,1,
9105,119,119,0,1,
9106,118,118,0,1,
9107,118,118,0,1,
9108,126,126,0,1,
9109,112,112,0,1,
9110,113,113,0,1,
9111,122,122,0,1,
9112,126,126,0,1,
9113,114,114,0,1,
9114,109,109,0,1,
9115,107,107,0,1,
9116,120,120,0,1,
9117,112,112,0,1,
9118,107,107,0,1,
9119,113,113,0,1,
9120,102,102,0,1,
9121,109,109,0,1,
9122,110,110,0,1,
9123,124,124,0,1,
9124,122,122,0,1,
9125,124,124,0,1,
9126,116,116,0,1,
9127,121,121,0,1,
9128,111,111,0,1,
9129,113,113,0,1,
9130,115,115,0,1,
9131,121,121,0,1,
9132,114,114,0,1,
9133,119,119,0,1,
9134,110,110,0,1,
9135,109,109,0,1,
9136,110,110,0,1,
9137,111,111,0,1,
9138,116,116,0,1,
9139,121,121,0,1,
9140,107,107,0,1,
9141,123,123,0,1,
9142,127,127,0,1,
9143,120,120,0,1,
9144,118,118,0,1,
9145,120,120,0,1,
9146,110,110,0,1,
9147,117,117,0,1,
9148,118,118,0,1,
9149,109,109,0,1,
9150,118,118,0,1,
9151,119,119,0,1,
9152,119,119,0,1,
9153,112,112,0,1,
9154,112,112,0,1,
9155,110,110,0,1,
9156,105,105,0,1,
9157,117,117,0,1,
9158,129,129,0,1,
9159,133,133,0,1,
9160,124,124,0,1,
9161,110,110,0,1,
9162,119,119,0,1,
9163,108,108,0,1,
9164,110,110,0,1,
9165,113,113,0,1,
9166,110,110,0,1,
9167,112,112,0,1,
9168,112,112,0,1,
9169,118,118,0,1,
9170,122,122,0,1,
9171,107,107,0,1,
9172,112,112,0,1,
9173,119,119,0,1,
9174,121,121,0,1,
9175,110,110,0,1,
9176,124,124,0,1,
9177,125,125,0,1,
9178,115,115,0,1,
9179,119,119,0,1,
9180,104,104,0,1,
9181,125,125,0,1,
9182,109,109,0,1,
9183,107,107,0,1,
9184,107,107,0,1,
9185,119,119,0,1,
9186,118,118,0,1,
9187,107,107,0,1,
9188,117,117,0,1,
9189,107,107,0,1,
9190,123,123,0,1,
9191,115,115,0,1,
9192,115,115,0,1,
9193,113,113,0,1,
9194,108,108,0,1,
9195,105,105,0,1,
9196,121,121,0,1,
9197,119,119,0,1,
9198,107,107,0,1,
9199,113,113,0,1,
9200,116,116,0,1,
9201,116,116,0,1,
9202,113,113,0,1,
9203,115,115,0,1,
9204,105,105,0,1,
9205,113,113,0,1,
9206,110,110,0,1,
9207,117,117,0,1,
9208,110,110,0,1,
9209,120,120,0,1,
9210,123,123,0,1,
9211,112,112,0,1,
9212,111,111,0,1,
9213,105,105,0,1,
9214,124,124,0,1,
9215,120,120,0,1,
9216,123,123,0,1,
9217,110,110,0,1,
9218,108,108,0,1,
9219,105,105,0,1,
9220,107,107,0,1,
9221,114,114,0,1,
9222,111,111,0,1,
9223,116,116,0,1,
9224,104,104,0,1,
9225,117,117,0,1,
9226,112,112,0,1,
9227,115,115,0,1,
9228,118,118,0,1,
9229,109,109,0,1,
9230,118,118,0,1,
9231,114,114,0,1,
9232,109,109,0,1,
9233,122,122,0,1,
9234,111,111,0,1,
9235,116,116,0,1,
9236,104,104,0,1,
9237,119,119,0,1,
9238,110,110,0,1,
9239,118,118,0,1,
9240,125,125,0,1,
9241,119,119,0,1,
9242,116,116,0,1,
9243,127,127,0,1,
9244,121,121,0,1,
9245,116,116,0,1,
9246,113,113,0,1,
9247,121,121,0,1,
9248,113,113,0,1,
9249,115,115,0,1,
9250,113,113,0,1,
9251,121,121,0,1,
9252,115,115,0,1,
9253,119,119,0,1,
9254,122,122,0,1,
9255,118,118,0,1,
9256,116,116,0,1,
9257,123,123,0,1,
9258,107,107,0,1,
9259,117,117,0,1,
9260,106,106,0,1,
9261,112,112,0,1,
9262,112,112,0,1,
9263,116,116,0,1,
9264,116,116,0,1,
9265,106,106,0,1,
9266,111,111,0,1,
9267,108,108,0,1,
9268,120,120,0,1,
9269,116,116,0,1,
9270,111,111,0,1,
9271,107,107,0,1,
9272,117,117,0,1,
9273,119,119,0,1,
9274,112,112,0,1,
9275,120,120,0,1,
9276,118,118,0,1,
9277,118,118,0,1,
9278,112,112,0,1,
9279,117,117,0,1,
9280,119,119,0,1,
9281,117,117,0,1,
9282,125,125,0,1,
9283,121,121,0,1,
9284,116,116,0,1,
9285,112,112,0,1,
9286,116,116,0,1,
9287,114,114,0,1,
9288,112,112,0,1,
9289,120,120,0,1,
9290,109,109,0,1,
9291,118,118,0,1,
9292,116,116,0,1,
9293,110,110,0,1,
9294,121,121,0,1,
9295,116,116,0,1,
9296,109,109,0,1,
9297,108,108,0,1,
9298,106,106,0,1,
9299,110,110,0,1,
9300,119,119,0,1,
9301,116,116,0,1,
9302,114,114,0,1,
9303,114,114,0,1,
9304,103,103,0,1,
9305,115,115,0,1,
9306,110,110,0,1,
9307,118,118,0,1,
9308,109,109,0,1,
9309,115,115,0,1,
9310,109,109,0,1,
9311,111,111,0,1,
9312,112,112,0,1,
9313,104,104,0,1,
9314,125,125,0,1,
9315,118,118,0,1,
9316,124,124,0,1,
9317,117,117,0,1,
9318,114,114,0,1,
9319,124,124,0,1,
9320,123,123,0,1,
9321,120,120,0,1,
9322,121,121,0,1,
9323,132,132,0,1,
9324,113,113,0,1,
9325,107,107,0,1,
9326,111,111,0,1,
9327,113,113,0,1,
9328,111,111,0,1,
9329,114,114,0,1,
9330,112,112,0,1,
9331,107,107,0,1,
9332,104,104,0,1,
9333,113,113,0,1,
9334,107,107,0,1,
9335,110,110,0,1,
9336,115,115,0,1,
9337,116,116,0,1,
9338,116,116,0,1,
9339,121,121,0,1,
9340,119,119,0,1,
9341,115,115,0,1,
9342,119,119,0,1,
9343,110,110,0,1,
9344,112,112,0,1,
9345,105,105,0,1,
9346,109,109,0,1,
9347,120,120,0,1,
9348,119,119,0,1,
9349,107,107,0,1,
9350,113,113,0,1,
9351,116,116,0,1,
9352,123,123,0,1,
9353,119,119,0,1,
9354,121,121,0,1,
9355,106,106,0,1,
9356,109,109,0,1,
9357,114,114,0,1,
9358,120,120,0,1,
9359,114,114,0,1,
9360,123,123,0,1,
9361,105,105,0,1,
9362,116,116,0,1,
9363,115,115,0,1,
9364,111,111,0,1,
9365,119,119,0,1,
9366,106,106,0,1,
9367,113,113,0,1,
9368,111,111,0,1,
9369,100,100,0,1,
9370,109,109,0,1,
9371,126,126,0,1,
9372,114,114,0,1,
9373,130,130,0,1,
9374,108,108,0,1,
9375,117,117,0,1,
9376,108,108,0,1,
9377,118,118,0,1,
9378,106,106,0,1,
9379,114,114,0,1,
9380,118,118,0,1,
9381,127,127,0,1,
9382,101,101,0,1,
9383,112,112,0,1,
9384,104,104,0,1,
9385,119,119,0,1,
9386,120,120,0,1,
9387,116,116,0,1,
9388,124,124,0,1,
9389,121,121,0,1,
9390,117,117,0,1,
9391,122,122,0,1,
9392,120,120,0,1,
9393,116,116,0,1,
9394,111,111,0,1,
9395,107,107,0,1,
9396,118,118,0,1,
9397,117,117,0,1,
9398,110,110,0,1,
9399,110,110,0,1,
9400,119,119,0,1,
9401,117,117,0,1,
9402,114,114,0,1,
9403,115,115,0,1,
9404,113,113,0,1,
9405,114,114,0,1,
9406,118,118,0,1,
9407,114,114,0,1,
9408,117,117,0,1,
9409,129,129,0,1,
9410,119,119,0,1,
9411,115,115,0,1,
9412,101,101,0,1,
9413,110,110,0,1,
9414,116,116,0,1,
9415,116,116,0,1,
9416,120,120,0,1,
9417,117,117,0,1,
9418,122,122,0,1,
9419,118,118,0,1,
9420,115,115,0,1,
9421,120,120,0,1,
9422,119,119,0,1,
9423,114,114,0,1,
9424,115,115,0,1,
9425,124,124,0,1,
9426,121,121,0,1,
9427,120,120,0,1,
9428,120,120,0,1,
9429,124,124,0,1,
9430,117,117,0,1,
9431,115,115,0,1,
9432,110,110,0,1,
9433,117,117,0,1,
9434,106,106,0,1,
9435,110,110,0,1,
9436,108,108,0,1,
9437,114,114,0,1,
9438,117,117,0,1,
9439,117,117,0,1,
9440,103,103,0,1,
9441,114,114,0,1,
9442,108,108,0,1,
9443,112,112,0,1,
9444,111,111,0,1,
9445,117,117,0,1,
9446,121,121,0,1,
9447,113,113,0,1,
9448,112,112,0,1,
9449,117,117,0,1,
9450,113,113,0,1,
9451,122,122,0,1,
9452,115,115,0,1,
9453,111,111,0,1,
9454,108,108,0,1,
9455,106,106,0,1,
9456,116,116,0,1,
9457,103,103,0,1,
9458,124,124,0,1,
9459,113,113,0,1,
9460,107,107,0,1,
9461,129,129,0,1,
9462,119,119,0,1,
9463,115,115,0,1,
9464,109,109,0,1,
9465,113,113,0,1,
9466,114,114,0,1,
9467,107,107,0,1,
9468,116,116,0,1,
9469,113,113,0,1,
9470,121,121,0,1,
9471,119,119,0,1,
9472,114,114,0,1,
9473,107,107,0,1,
9474,108,108,0,1,
9475,110,110,0,1,
9476,118,118,0,1,
9477,122,122,0,1,
9478,121,121,0,1,
9479,112,112,0,1,
9480,108,108,0,1,
9481,112,112,0,1,
9482,117,117,0,1,
9483,110,110,0,1,
9484,121,121,0,1,
9485,120,120,0,1,
9486,106,106,0,1,
9487,116,116,0,1,
9488,111,111,0,1,
9489,128,128,0,1,
9490,104,104,0,1,
9491,112,112,0,1,
9492,116,116,0,1,
9493,119,119,0,1,
9494,114,114,0,1,
9495,113,113,0,1,
9496,114,114,0,1,
9497,117,117,0,1,
9498,109,109,0,1,
9499,109,109,0,1,
9500,121,121,0,1,
9501,121,121,0,1,
9502,121,121,0,1,
9503,107,107,0,1,
9504,126,126,0,1,
9505,113,113,0,1,
9506,124,124,0,1,
9507,120,120,0,1,
9508,120,120,0,1,
9509,110,110,0,1,
9510,112,112,0,1,
9511,109,109,0,1,
9512,109,109,0,1,
9513,118,118,0,1,
9514,108,108,0,1,
9515,116,116,0,1,
9516,112,112,0,1,
9517,116,116,0,1,
9518,120,120,0,1,
9519,116,116,0,1,
9520,113,113,0,1,
9521,106,106,0,1,
9522,111,111,0,1,
9523,110,110,0,1,
9524,112,112,0,1,
9525,107,107,0,1,
9526,113,113,0,1,
9527,108,108,0,1,
9528,114,114,0,1,
9529,115,115,0,1,
9530,108,108,0,1,
9531,108,108,0,1,
9532,113,113,0,1,
9533,107,107,0,1,
9534,114,114,0,1,
9535,105,105,0,1,
9536,118,118,0,1,
9537,106,106,0,1,
9538,108,108,0,1,
9539,116,116,0,1,
9540,121,121,0,1,
9541,111,111,0,1,
9542,116,116,0,1,
9543,112,112,0,1,
9544,115,115,0,1,
9545,120,120,0,1,
9546,119,119,0,1,
9547,118,118,0,1,
9548,120,120,0,1,
9549,110,110,0,1,
9550,108,108,0,1,
9551,121,121,0,1,
9552,108,108,0,1,
9553,111,111,0,1,
9554,118,118,0,1,
9555,104,104,0,1,
9556,127,127,0,1,
9557,116,116,0,1,
9558,127,127,0,1,
9559,113,113,0,1,
9560,115,115,0,1,
9561,108,108,0,1,
9562,114,114,0,1,
9563,124,124,0,1,
9564,113,113,0,1,
9565,121,121,0,1,
9566,118,118,0,1,
9567,107,107,0,1,
9568,122,122,0,1,
9569,112,112,0,1,
9570,112,112,0,1,
9571,120,120,0,1,
9572,107,107,0,1,
9573,105,105,0,1,
9574,109,109,0,1,
9575,107,107,0,1,
9576,116,116,0,1,
9577,125,125,0,1,
9578,106,106,0,1,
9579,112,112,0,1,
9580,119,119,0,1,
9581,128,128,0,1,
9582,116,116,0,1,
9583,113,113,0,1,
9584,115,115,0,1,
9585,107,107,0,1,
9586,119,119,0,1,
9587,124,124,0,1,
9588,124,124,0,1,
9589,120,120,0,1,
9590,111,111,0,1,
9591,119,119,0,1,
9592,104,104,0,1,
9593,123,123,0,1,
9594,120,120,0,1,
9595,117,117,0,1,
9596,126,126,0,1,
9597,121,121,0,1,
9598,108,108,0,1,
9599,112,112,0,1,
9600,112,112,0,1,
9601,127,127,0,1,
9602,123,123,0,1,
9603,124,124,0,1,
9604,125,125,0,1,
9605,127,127,0,1,
9606,114,114,0,1,
9607,115,115,0,1,
9608,115,115,0,1,
9609,119,119,0,1,
9610,124,124,0,1,
9611,112,112,0,1,
9612,115,115,0,1,
9613,109,109,0,1,
9614,118,118,0,1,
9615,115,115,0,1,
9616,114,114,0,1,
9617,112,112,0,1,
9618,117,117,0,1,
9619,110,110,0,1,
9620,111,111,0,1,
9621,106,106,0,1,
9622,110,110,0,1,
9623,119,119,0,1,
9624,112,112,0,1,
9625,109,109,0,1,
9626,117,117,0,1,
9627,121,121,0,1,
9628,105,105,0,1,
9629,120,120,0,1,
9630,111,111,0,1,
9631,111,111,0,1,
9632,121,121,0,1,
9633,123,123,0,1,
9634,134,134,0,1,
9635,122,122,0,1,
9636,125,125,0,1,
9637,116,116,0,1,
9638,109,109,0,1,
9639,116,116,0,1,
9640,116,116,0,1,
9641,124,124,0,1,
9642,116,116,0,1,
9643,116,116,0,1,
9644,118,118,0,1,
9645,116,116,0,1,
9646,115,115,0,1,
9647,113,113,0,1,
9648,111,111,0,1,
9649,105,105,0,1,
9650,122,122,0,1,
9651,124,124,0,1,
9652,110,110,0,1,
9653,117,117,0,1,
9654,109,109,0,1,
9655,130,130,0,1,
9656,111,111,0,1,
9657,112,112,0,1,
9658,111,111,0,1,
9659,112,112,0,1,
9660,120,120,0,1,
9661,122,122,0,1,
9662,120,120,0,1,
9663,120,120,0,1,
9664,104,104,0,1,
9665,119,119,0,1,
9666,110,110,0,1,
9667,114,114,0,1,
9668,113,113,0,1,
9669,122,122,0,1,
9670,121,121,0,1,
9671,111,111,0,1,
9672,105,105,0,1,
9673,127,127,0,1,
9674,105,105,0,1,
9675,120,120,0,1,
9676,105,105,0,1,
9677,110,110,0,1,
9678,109,109,0,1,
9679,115,115,0,1,
9680,117,117,0,1,
9681,118,118,0,1,
9682,126,126,0,1,
9683,116,116,0,1,
9684,125,125,0,1,
9685,125,125,0,1,
9686,115,115,0,1,
9687,115,115,0,1,
9688,115,115,0,1,
9689,110,110,0,1,
9690,125,125,0,1,
9691,117,117,0,1,
9692,116,116,0,1,
9693,107,107,0,1,
9694,112,112,0,1,
9695,111,111,0,1,
9696,124,124,0,1,
9697,109,109,0,1,
9698,118,118,0,1,
9699,113,113,0,1,
9700,126,126,0,1,
9701,115,115,0,1,
9702,103,103,0,1,
9703,116,116,0,1,
9704,124,124,0,1,
9705,116,116,0,1,
9706,124,124,0,1,
9707,110,110,0,1,
9708,105,105,0,1,
9709,121,121,0,1,
9710,109,109,0,1,
9711,113,113,0,1,
9712,108,108,0,1,
9713,112,112,0,1,
9714,109,109,0,1,
9715,111,111,0,1,
9716,121,121,0,1,
9717,113,113,0,1,
9718,115,115,0,1,
9719,117,117,0,1,
9720,127,127,0,1,
9721,120,120,0,1,
9722,115,115,0,1,
9723,111,111,0,1,
9724,111,111,0,1,
9725,107,107,0,1,
9726,106,106,0,1,
9727,120,120,0,1,
9728,107,107,0,1,
9729,129,129,0,1,
9730,111,111,0,1,
9731,128,128,0,1,
9732,110,110,0,1,
9733,115,115,0,1,
9734,109,109,0,1,
9735,128,128,0,1,
9736,111,111,0,1,
9737,116,116,0,1,
9738,118,118,0,1,
9739,129,129,0,1,
9740,121,121,0,1,
9741,117,117,0,1,
9742,117,117,0,1,
9743,119,119,0,1,
9744,110,110,0,1,
9745,120,120,0,1,
9746,121,121,0,1,
9747,106,106,0,1,
9748,112,112,0,1,
9749,119,119,0,1,
9750,109,109,0,1,
9751,109,109,0,1,
9752,131,131,0,1,
9753,111,111,0,1,
9754,124,124,0,1,
9755,114,114,0,1,
9756,112,112,0,1,
9757,120,120,0,1,
9758,117,117,0,1,
9759,119,119,0,1,
9760,128,128,0,1,
9761,113,113,0,1,
9762,118,118,0,1,
9763,120,120,0,1,
9764,128,128,0,1,
9765,116,116,0,1,
9766,116,116,0,1,
9767,116,116,0,1,
9768,108,108,0,1,
9769,105,105,0,1,
9770,121,121,0,1,
9771,121,121,0,1,
9772,111,111,0,1,
9773,130,130,0,1,
9774,111,111,0,1,
9775,119,119,0,1,
9776,105,105,0,1,
9777,107,107,0,1,
9778,122,122,0,1,
9779,109,109,0,1,
9780,110,110,0,1,
9781,116,116,0,1,
9782,107,107,0,1,
9783,114,114,0,1,
9784,119,119,0,1,
9785,120,120,0,1,
9786,104,104,0,1,
9787,124,124,0,1,
9788,114,114,0,1,
9789,113,113,0,1,
9790,117,117,0,1,
9791,116,116,0,1,
9792,104,104,0,1,
9793,116,116,0,1,
9794,116,116,0,1,
9795,102,102,0,1,
9796,116,116,0,1,
9797,115,115,0,1,
9798,119,119,0,1,
9799,114,114,0,1,
9800,111,111,0,1,
9801,127,127,0,1,
9802,131,131,0,1,
9803,110,110,0,1,
9804,114,114,0,1,
9805,124,124,0,1,
9806,111,111,0,1,
9807,114,114,0,1,
9808,122,122,0,1,
9809,107,107,0,1,
9810,114,114,0,1,
9811,113,113,0,1,
9812,135,135,0,1,
9813,115,115,0,1,
9814,109,109,0,1,
9815,111,111,0,1,
9816,114,114,0,1,
9817,112,112,0,1,
9818,108,108,0,1,
9819,113,113,0,1,
9820,115,115,0,1,
9821,123,123,0,1,
9822,124,124,0,1,
9823,109,109,0,1,
9824,109,109,0,1,
9825,124,124,0,1,
9826,109,109,0,1,
9827,129,129,0,1,
9828,105,105,0,1,
9829,116,116,0,1,
9830,114,114,0,1,
9831,118,118,0,1,
9832,123,123,0,1,
9833,124,124,0,1,
9834,115,115,0,1,
9835,132,132,0,1,
9836,112,112,0,1,
9837,121,121,0,1,
9838,120,120,0,1,
9839,113,113,0,1,
9840,111,111,0,1,
9841,113,113,0,1,
9842,117,117,0,1,
9843,109,109,0,1,
9844,122,122,0,1,
9845,125,125,0,1,
9846,113,113,0,1,
9847,114,114,0,1,
9848,120,120,0,1,
9849,126,126,0,1,
9850,128,128,0,1,
9851,109,109,0,1,
9852,107,107,0,1,
9853,119,119,0,1,
9854,122,122,0,1,
9855,113,113,0,1,
9856,120,120,0,1,
9857,112,112,0,1,
9858,114,114,0,1,
9859,120,120,0,1,
9860,114,114,0,1,
9861,113,113,0,1,
9862,125,125,0,1,
9863,110,110,0,1,
9864,110,110,0,1,
9865,113,113,0,1,
9866,120,120,0,1,
9867,118,118,0,1,
9868,107,107,0,1,
9869,120,120,0,1,
9870,117,117,0,1,
9871,115,115,0,1,
9872,108,108,0,1,
9873,112,112,0,1,
9874,123,123,0,1,
9875,117,117,0,1,
9876,116,116,0,1,
9877,115,115,0,1,
9878,111,111,0,1,
9879,115,115,0,1,
9880,115,115,0,1,
9881,110,110,0,1,
9882,109,109,0,1,
9883,109,109,0,1,
9884,110,110,0,1,
9885,113,113,0,1,
9886,105,105,0,1,
9887,115,115,0,1,
9888,115,115,0,1,
9889,110,110,0,1,
9890,120,120,0,1,
9891,116,116,0,1,
9892,119,119,0,1,
9893,109,109,0,1,
9894,110,110,0,1,
9895,113,113,0,1,
9896,108,108,0,1,
9897,122,122,0,1,
9898,119,119,0,1,
9899,128,128,0,1,
9900,122,122,0,1,
9901,122,122,0,1,
9902,114,114,0,1,
9903,119,119,0,1,
9904,115,115,0,1,
9905,118,118,0,1,
9906,113,113,0,1,
9907,120,120,0,1,
9908,110,110,0,1,
9909,114,114,0,1,
9910,110,110,0,1,
9911,111,111,0,1,
9912,120,120,0,1,
9913,117,117,0,1,
9914,122,122,0,1,
9915,115,115,0,1,
9916,112,112,0,1,
9917,115,115,0,1,
9918,111,111,0,1,
9919,114,114,0,1,
9920,123,123,0,1,
9921,109,109,0,1,
9922,111,111,0,1,
9923,103,103,0,1,
9924,119,119,0,1,
9925,122,122,0,1,
9926,115,115,0,1,
9927,125,125,0,1,
9928,126,126,0,1,
9929,112,112,0,1,
9930,106,106,0,1,
9931,128,128,0,1,
9932,114,114,0,1,
9933,123,123,0,1,
9934,111,111,0,1,
9935,112,112,0,1,
9936,119,119,0,1,
9937,117,117,0,1,
9938,112,112,0,1,
9939,105,105,0,1,
9940,107,107,0,1,
9941,120,120,0,1,
9942,114,114,0,1,
9943,119,119,0,1,
9944,110,110,0,1,
9945,120,120,0,1,
9946,110,110,0,1,
9947,113,113,0,1,
9948,105,105,0,1,
9949,111,111,0,1,
9950,106,106,0,1,
9951,106,106,0,1,
9952,122,122,0,1,
9953,121,121,0,1,
9954,116,116,0,1,
9955,112,112,0,1,
9956,118,118,0,1,
9957,114,114,0,1,
9958,109,109,0,1,
9959,106,106,0,1,
9960,113,113,0,1,
9961,117,117,0,1,
9962,126,126,0,1,
9963,109,109,0,1,
9964,119,119,0,1,
9965,120,120,0,1,
9966,105,105,0,1,
9967,130,130,0,1,
9968,115,115,0,1,
9969,108,108,0,1,
9970,109,109,0,1,
9971,115,115,0,1,
9972,126,126,0,1,
9973,114,114,0,1,
9974,106,106,0,1,
9975,117,117,0,1,
9976,114,114,0,1,
9977,104,104,0,1,
9978,106,106,0,1,
9979,119,119,0,1,
9980,123,123,0,1,
9981,107,107,0,1,
9982,115,115,0,1,
9983,119,119,0,1,
9984,115,115,0,1,
9985,119,119,0,1,
9986,115,115,0,1,
9987,114,114,0,1,
9988,119,119,0,1,
9989,111,111,0,1,
9990,127,127,0,1,
9991,120,120,0,1,
9992,111,111,0,1,
9993,117,117,0,1,
9994,105,105,0,1,
9995,116,116,0,1,
9996,109,109,0,1,
9997,112,112,0,1,
9998,114,114,0,1,
9999,121,121,0,1,
10000,105,105,0,1,
10001,117,117,0,1,
10002,126,126,0,1,
10003,115,115,0,1,
10004,109,109,0,1,
10005,118,118,0,1,
10006,119,119,0,1,
10007,112,112,0,1,
10008,107,107,0,1,
10009,123,123,0,1,
10010,115,115,0,1,
10011,107,107,0,1,
10012,107,107,0,1,
10013,116,116,0,1,
10014,119,119,0,1,
10015,121,121,0,1,
10016,128,128,0,1,
10017,114,114,0,1,
10018,116,116,0,1,
10019,121,121,0,1,
10020,109,109,0,1,
10021,111,111,0,1,
10022,109,109,0,1,
10023,124,124,0,1,
10024,116,116,0,1,
10025,110,110,0,1,
10026,116,116,0,1,
10027,123,123,0,1,
10028,109,109,0,1,
10029,115,115,0,1,
10030,117,117,0,1,
10031,123,123,0,1,
10032,123,123,0,1,
10033,108,108,0,1,
10034,117,117,0,1,
10035,114,114,0,1,
10036,121,121,0,1,
10037,121,121,0,1,
10038,117,117,0,1,
10039,116,116,0,1,
10040,115,115,0,1,
10041,113,113,0,1,
10042,117,117,0,1,
10043,119,119,0,1,
10044,107,107,0,1,
10045,118,118,0,1,
10046,111,111,0,1,
10047,120,120,0,1,
10048,109,109,0,1,
10049,119,119,0,1,
10050,119,119,0,1,
10051,114,114,0,1,
10052,121,121,0,1,
10053,114,114,0,1,
10054,121,121,0,1,
10055,126,126,0,1,
10056,123,123,0,1,
10057,117,117,0,1,
10058,114,114,0,1,
10059,125,125,0,1,
10060,115,115,0,1,
10061,115,115,0,1,
10062,105,105,0,1,
10063,122,122,0,1,
10064,117,117,0,1,
10065,119,119,0,1,
10066,126,126,0,1,
10067,106,106,0,1,
10068,110,110,0,1,
10069,105,105,0,1,
10070,126,126,0,1,
10071,109,109,0,1,
10072,114,114,0,1,
10073,111,111,0,1,
10074,123,123,0,1,
10075,116,116,0,1,
10076,122,122,0,1,
10077,108,108,0,1,
10078,118,118,0,1,
10079,109,109,0,1,
10080,110,110,0,1,
10081,110,110,0,1,
10082,118,118,0,1,
10083,109,109,0,1,
10084,106,106,0,1,
10085,112,112,0,1,
10086,122,122,0,1,
10087,111,111,0,1,
10088,123,123,0,1,
10089,109,109,0,1,
10090,114,114,0,1,
10091,128,128,0,1,
10092,112,112,0,1,
10093,122,122,0,1,
10094,108,108,0,1,
10095,108,108,0,1,
10096,105,105,0,1,
10097,121,121,0,1,
10098,120,120,0,1,
10099,107,107,0,1,
10100,112,112,0,1,
10101,111,111,0,1,
10102,122,122,0,1,
10103,113,113,0,1,
10104,113,113,0,1,
10105,116,116,0,1,
10106,117,117,0,1,
10107,122,122,0,1,
10108,113,113,0,1,
10109,116,116,0,1,
10110,114,114,0,1,
10111,108,108,0,1,
10112,118,118,0,1,
10113,108,108,0,1,
10114,115,115,0,1,
10115,113,113,0,1,
10116,110,110,0,1,
10117,115,115,0,1,
10118,119,119,0,1,
10119,119,119,0,1,
10120,108,108,0,1,
10121,117,117,0,1,
10122,111,111,0,1,
10123,114,114,0,1,
10124,124,124,0,1,
10125,111,111,0,1,
10126,116,116,0,1,
10127,116,116,0,1,
10128,125,125,0,1,
10129,110,110,0,1,
10130,112,112,0,1,
10131,112,112,0,1,
10132,115,115,0,1,
10133,111,111,0,1,
10134,115,115,0,1,
10135,111,111,0,1,
10136,115,115,0,1,
10137,108,108,0,1,
10138,114,114,0,1,
10139,131,131,0,1,
10140,126,126,0,1,
10141,108,108,0,1,
10142,117,117,0,1,
10143,104,104,0,1,
10144,107,107,0,1,
10145,117,117,0,1,
10146,115,115,0,1,
10147,116,116,0,1,
10148,122,122,0,1,
10149,109,109,0,1,
10150,114,114,0,1,
10151,117,117,0,1,
10152,124,124,0,1,
10153,124,124,0,1,
10154,122,122,0,1,
10155,120,120,0,1,
10156,120,120,0,1,
10157,125,125,0,1,
10158,107,107,0,1,
10159,122,122,0,1,
10160,115,115,0,1,
10161,114,114,0,1,
10162,110,110,0,1,
10163,123,123,0,1,
10164,117,117,0,1,
10165,119,119,0,1,
10166,109,109,0,1,
10167,113,113,0,1,
10168,108,108,0,1,
10169,112,112,0,1,
10170,113,113,0,1,
10171,119,119,0,1,
10172,105,105,0,1,
10173,112,112,0,1,
10174,115,115,0,1,
10175,110,110,0,1,
10176,111,111,0,1,
10177,118,118,0,1,
10178,125,125,0,1,
10179,120,120,0,1,
10180,110,110,0,1,
10181,106,106,0,1,
10182,115,115,0,1,
10183,109,109,0,1,
10184,128,128,0,1,
10185,108,108,0,1,
10186,117,117,0,1,
10187,114,114,0,1,
10188,118,118,0,1,
10189,130,130,0,1,
10190,106,106,0,1,
10191,115,115,0,1,
10192,111,111,0,1,
10193,115,115,0,1,
10194,114,114,0,1,
10195,133,133,0,1,
10196,121,121,0,1,
10197,122,122,0,1,
10198,125,125,0,1,
10199,113,113,0,1,
10200,114,114,0,1,
10201,111,111,0,1,
10202,117,117,0,1,
10203,113,113,0,1,
10204,108,108,0,1,
10205,111,111,0,1,
10206,118,118,0,1,
10207,119,119,0,1,
10208,115,115,0,1,
10209,120,120,0,1,
10210,123,123,0,1,
10211,121,121,0,1,
10212,111,111,0,1,
10213,107,107,0,1,
10214,117,117,0,1,
10215,116,116,0,1,
10216,110,110,0,1,
10217,109,109,0,1,
10218,119,119,0,1,
10219,108,108,0,1,
10220,112,112,0,1,
10221,108,108,0,1,
10222,112,112,0,1,
10223,113,113,0,1,
10224,113,113,0,1,
10225,118,118,0,1,
10226,112,112,0,1,
10227,121,121,0,1,
10228,123,123,0,1,
10229,128,128,0,1,
10230,110,110,0,1,
10231,108,108,0,1,
10232,106,106,0,1,
10233,107,107,0,1,
10234,130,130,0,1,
10235,108,108,0,1,
10236,118,118,0,1,
10237,121,121,0,1,
10238,111,111,0,1,
10239,112,112,0,1,
10240,118,118,0,1,
10241,114,114,0,1,
10242,105,105,0,1,
10243,110,110,0,1,
10244,116,116,0,1,
10245,117,117,0,1,
10246,105,105,0,1,
10247,127,127,0,1,
10248,112,112,0,1,
10249,113,113,0,1,
10250,126,126,0,1,
10251,105,105,0,1,
10252,105,105,0,1,
10253,123,123,0,1,
10254,119,119,0,1,
10255,128,128,0,1,
10256,108,108,0,1,
10257,129,129,0,1,
10258,120,120,0,1,
10259,112,112,0,1,
10260,113,113,0,1,
10261,110,110,0,1,
10262,119,119,0,1,
10263,118,118,0,1,
10264,121,121,0,1,
10265,121,121,0,1,
10266,106,106,0,1,
10267,117,117,0,1,
10268,127,127,0,1,
10269,118,118,0,1,
10270,118,118,0,1,
10271,115,115,0,1,
10272,113,113,0,1,
10273,123,123,0,1,
10274,103,103,0,1,
10275,115,115,0,1,
10276,115,115,0,1,
10277,118,118,0,1,
10278,113,113,0,1,
10279,111,111,0,1,
10280,120,120,0,1,
10281,106,106,0,1,
10282,118,118,0,1,
10283,115,115,0,1,
10284,117,117,0,1,
10285,112,112,0,1,
10286,119,119,0,1,
10287,109,109,0,1,
10288,127,127,0,1,
10289,115,115,0,1,
10290,124,124,0,1,
10291,116,116,0,1,
10292,124,124,0,1,
10293,121,121,0,1,
10294,126,126,0,1,
10295,117,117,0,1,
10296,112,112,0,1,
10297,116,116,0,1,
10298,115,115,0,1,
10299,119,119,0,1,
10300,124,124,0,1,
10301,113,113,0,1,
10302,110,110,0,1,
10303,112,112,0,1,
10304,127,127,0,1,
10305,105,105,0,1,
10306,116,116,0,1,
10307,124,124,0,1,
10308,113,113,0,1,
10309,118,118,0,1,
10310,114,114,0,1,
10311,116,116,0,1,
10312,106,106,0,1,
10313,124,124,0,1,
10314,116,116,0,1,
10315,116,116,0,1,
10316,116,116,0,1,
10317,107,107,0,1,
10318,117,117,0,1,
10319,119,119,0,1,
10320,121,121,0,1,
10321,114,114,0,1,
10322,110,110,0,1,
10323,127,127,0,1,
10324,121,121,0,1,
10325,113,113,0,1,
10326,111,111,0,1,
10327,106,106,0,1,
10328,111,111,0,1,
10329,112,112,0,1,
10330,107,107,0,1,
10331,117,117,0,1,
10332,109,109,0,1,
10333,112,112,0,1,
10334,124,124,0,1,
10335,124,124,0,1,
10336,105,105,0,1,
10337,111,111,0,1,
10338,125,125,0,1,
10339,116,116,0,1,
10340,116,116,0,1,
10341,124,124,0,1,
10342,111,111,0,1,
10343,115,115,0,1,
10344,113,113,0,1,
10345,122,122,0,1,
10346,123,123,0,1,
10347,109,109,0,1,
10348,116,116,0,1,
10349,116,116,0,1,
10350,117,117,0,1,
10351,113,113,0,1,
10352,120,120,0,1,
10353,115,115,0,1,
10354,120,120,0,1,
10355,129,129,0,1,
10356,120,120,0,1,
10357,109,109,0,1,
10358,118,118,0,1,
10359,112,112,0,1,
10360,117,117,0,1,
10361,109,109,0,1,
10362,112,112,0,1,
10363,107,107,0,1,
10364,116,116,0,1,
10365,111,111,0,1,
10366,106,106,0,1,
10367,110,110,0,1,
10368,110,110,0,1,
10369,111,111,0,1,
10370,115,115,0,1,
10371,118,118,0,1,
10372,130,130,0,1,
10373,116,116,0,1,
10374,111,111,0,1,
10375,116,116,0,1,
10376,119,119,0,1,
10377,117,117,0,1,
10378,124,124,0,1,
10379,123,123,0,1,
10380,116,116,0,1,
10381,131,131,0,1,
10382,113,113,0,1,
10383,113,113,0,1,
10384,108,108,0,1,
10385,118,118,0,1,
10386,108,108,0,1,
10387,122,122,0,1,
10388,117,117,0,1,
10389,120,120,0,1,
10390,127,127,0,1,
10391,122,122,0,1,
10392,111,111,0,1,
10393,122,122,0,1,
10394,117,117,0,1,
10395,124,124,0,1,
10396,117,117,0,1,
10397,113,113,0,1,
10398,116,116,0,1,
10399,101,101,0,1,
10400,118,118,0,1,
10401,114,114,0,1,
10402,130,130,0,1,
10403,117,117,0,1,
10404,110,110,0,1,
10405,104,104,0,1,
10406,122,122,0,1,
10407,115,115,0,1,
10408,120,120,0,1,
10409,115,115,0,1,
10410,116,116,0,1,
10411,117,117,0,1,
10412,112,112,0,1,
10413,117,117,0,1,
10414,101,101,0,1,
10415,120,120,0,1,
10416,118,118,0,1,
10417,113,113,0,1,
10418,104,104,0,1,
10419,105,105,0,1,
10420,106,106,0,1,
10421,115,115,0,1,
10422,108,108,0,1,
10423,123,123,0,1,
10424,114,114,0,1,
10425,126,126,0,1,
10426,119,119,0,1,
10427,109,109,0,1,
10428,120,120,0,1,
10429,117,117,0,1,
10430,108,108,0,1,
10431,121,121,0,1,
10432,113,113,0,1,
10433,130,130,0,1,
10434,107,107,0,1,
10435,128,128,0,1,
10436,109,109,0,1,
10437,120,120,0,1,
10438,114,114,0,1,
10439,105,105,0,1,
10440,118,118,0,1,
10441,116,116,0,1,
10442,105,105,0,1,
10443,107,107,0,1,
10444,110,110,0,1,
10445,124,124,0,1,
10446,115,115,0,1,
10447,116,116,0,1,
10448,116,116,0,1,
10449,112,112,0,1,
10450,118,118,0,1,
10451,113,113,0,1,
10452,115,115,0,1,
10453,120,120,0,1,
10454,111,111,0,1,
10455,113,113,0,1,
10456,114,114,0,1,
10457,120,120,0,1,
10458,107,107,0,1,
10459,105,105,0,1,
10460,129,129,0,1,
10461,106,106,0,1,
10462,112,112,0,1,
10463,122,122,0,1,
10464,111,111,0,1,
10465,107,107,0,1,
10466,100,100,0,1,
10467,128,128,0,1,
10468,112,112,0,1,
10469,107,107,0,1,
10470,113,113,0,1,
10471,111,111,0,1,
10472,121,121,0,1,
10473,121,121,0,1,
10474,119,119,0,1,
10475,114,114,0,1,
10476,121,121,0,1,
10477,115,115,0,1,
10478,112,112,0,1,
10479,120,120,0,1,
10480,109,109,0,1,
10481,106,106,0,1,
10482,117,117,0,1,
10483,110,110,0,1,
10484,121,121,0,1,
10485,114,114,0,1,
10486,109,109,0,1,
10487,122,122,0,1,
10488,118,118,0,1,
10489,113,113,0,1,
10490,119,119,0,1,
10491,111,111,0,1,
10492,115,115,0,1,
10493,113,113,0,1,
10494,108,108,0,1,
10495,120,120,0,1,
10496,109,109,0,1,
10497,115,115,0,1,
10498,113,113,0,1,
10499,111,111,0,1,
10500,114,114,0,1,
10501,119,119,0,1,
10502,105,105,0,1,
10503,105,105,0,1,
10504,109,109,0,1,
10505,110,110,0,1,
10506,115,115,0,1,
10507,129,129,0,1,
10508,115,115,0,1,
10509,130,130,0,1,
10510,112,112,0,1,
10511,115,115,0,1,
10512,115,115,0,1,
10513,114,114,0,1,
10514,120,120,0,1,
10515,115,115,0,1,
10516,115,115,0,1,
10517,124,124,0,1,
10518,113,113,0,1,
10519,114,114,0,1,
10520,121,121,0,1,
10521,123,123,0,1,
10522,110,110,0,1,
10523,112,112,0,1,
10524,107,107,0,1,
10525,106,106,0,1,
10526,110,110,0,1,
10527,107,107,0,1,
10528,120,120,0,1,
10529,107,107,0,1,
10530,114,114,0,1,
10531,127,127,0,1,
10532,114,114,0,1,
10533,119,119,0,1,
10534,119,119,0,1,
10535,112,112,0,1,
10536,124,124,0,1,
10537,109,109,0,1,
10538,118,118,0,1,
10539,117,117,0,1,
10540,123,123,0,1,
10541,126,126,0,1,
10542,118,118,0,1,
10543,114,114,0,1,
10544,115,115,0,1,
10545,110,110,0,1,
10546,125,125,0,1,
10547,109,109,0,1,
10548,109,109,0,1,
10549,112,112,0,1,
10550,108,108,0,1,
10551,126,126,0,1,
10552,112,112,0,1,
10553,112,112,0,1,
10554,122,122,0,1,
10555,119,119,0,1,
10556,110,110,0,1,
10557,109,109,0,1,
10558,123,123,0,1,
10559,109,109,0,1,
10560,119,119,0,1,
10561,106,106,0,1,
10562,114,114,0,1,
10563,110,110,0,1,
10564,124,124,0,1,
10565,129,129,0,1,
10566,112,112,0,1,
10567,117,117,0,1,
10568,103,103,0,1,
10569,108,108,0,1,
10570,107,107,0,1,
10571,109,109,0,1,
10572,112,112,0,1,
10573,118,118,0,1,
10574,108,108,0,1,
10575,115,115,0,1,
10576,116,116,0,1,
10577,111,111,0,1,
10578,118,118,0,1,
10579,116,116,0,1,
10580,110,110,0,1,
10581,119,119,0,1,
10582,115,115,0,1,
10583,122,122,0,1,
10584,106,106,0,1,
10585,109,109,0,1,
10586,110,110,0,1,
10587,121,121,0,1,
10588,132,132,0,1,
10589,113,113,0,1,
10590,111,111,0,1,
10591,114,114,0,1,
10592,113,113,0,1,
10593,115,115,0,1,
10594,109,109,0,1,
10595,119,119,0,1,
10596,107,107,0,1,
10597,120,120,0,1,
10598,122,122,0,1,
10599,115,115,0,1,
10600,122,122,0,1,
10601,119,119,0,1,
10602,114,114,0,1,
10603,120,120,0,1,
10604,116,116,0,1,
10605,109,109,0,1,
10606,109,109,0,1,
10607,106,106,0,1,
10608,112,112,0,1,
10609,123,123,0,1,
10610,110,110,0,1,
10611,119,119,0,1,
10612,114,114,0,1,
10613,124,124,0,1,
10614,113,113,0,1,
10615,110,110,0,1,
10616,120,120,0,1,
10617,124,124,0,1,
10618,110,110,0,1,
10619,121,121,0,1,
10620,115,115,0,1,
10621,113,113,0,1,
10622,120,120,0,1,
10623,124,124,0,1,
10624,110,110,0,1,
10625,116,116,0,1,
10626,120,120,0,1,
10627,128,128,0,1,
10628,128,128,0,1,
10629,116,116,0,1,
10630,119,119,0,1,
10631,105,105,0,1,
10632,113,113,0,1,
10633,110,110,0,1,
10634,109,109,0,1,
10635,112,112,0,1,
10636,117,117,0,1,
10637,126,126,0,1,
10638,106,106,0,1,
10639,110,110,0,1,
10640,112,112,0,1,
10641,113,113,0,1,
10642,111,111,0,1,
10643,121,121,0,1,
10644,110,110,0,1,
10645,123,123,0,1,
10646,122,122,0,1,
10647,116,116,0,1,
10648,106,106,0,1,
10649,117,117,0,1,
10650,123,123,0,1,
10651,124,124,0,1,
10652,119,119,0,1,
10653,106,106,0,1,
10654,111,111,0,1,
10655,131,131,0,1,
10656,115,115,0,1,
10657,114,114,0,1,
10658,116,116,0,1,
10659,105,105,0,1,
10660,109,109,0,1,
10661,127,127,0,1,
10662,109,109,0,1,
10663,114,114,0,1,
10664,115,115,0,1,
10665,115,115,0,1,
10666,109,109,0,1,
10667,107,107,0,1,
10668,107,107,0,1,
10669,103,103,0,1,
10670,115,115,0,1,
10671,110,110,0,1,
10672,123,123,0,1,
10673,104,104,0,1,
10674,130,130,0,1,
10675,106,106,0,1,
10676,112,112,0,1,
10677,116,116,0,1,
10678,121,121,0,1,
10679,104,104,0,1,
10680,118,118,0,1,
10681,116,116,0,1,
10682,110,110,0,1,
10683,119,119,0,1,
10684,105,105,0,1,
10685,129,129,0,1,
10686,120,120,0,1,
10687,125,125,0,1,
10688,120,120,0,1,
10689,126,126,0,1,
10690,122,122,0,1,
10691,127,127,0,1,
10692,118,118,0,1,
10693,101,101,0,1,
10694,119,119,0,1,
10695,116,116,0,1,
10696,116,116,0,1,
10697,107,107,0,1,
10698,107,107,0,1,
10699,124,124,0,1,
10700,112,112,0,1,
10701,117,117,0,1,
10702,122,122,0,1,
10703,115,115,0,1,
10704,116,116,0,1,
10705,103,103,0,1,
10706,120,120,0,1,
10707,111,111,0,1,
10708,111,111,0,1,
10709,115,115,0,1,
10710,116,116,0,1,
10711,116,116,0,1,
10712,102,102,0,1,
10713,108,108,0,1,
10714,114,114,0,1,
10715,109,109,0,1,
10716,119,119,0,1,
10717,119,119,0,1,
10718,108,108,0,1,
10719,115,115,0,1,
10720,109,109,0,1,
10721,117,117,0,1,
10722,112,112,0,1,
10723,123,123,0,1,
10724,110,110,0,1,
10725,126,126,0,1,
10726,116,116,0,1,
10727,115,115,0,1,
10728,116,116,0,1,
10729,107,107,0,1,
10730,119,119,0,1,
10731,123,123,0,1,
10732,115,115,0,1,
10733,119,119,0,1,
10734,113,113,0,1,
10735,121,121,0,1,
10736,107,107,0,1,
10737,113,113,0,1,
10738,121,121,0,1,
10739,126,126,0,1,
10740,114,114,0,1,
10741,123,123,0,1,
10742,114,114,0,1,
10743,123,123,0,1,
10744,111,111,0,1,
10745,115,115,0,1,
10746,113,113,0,1,
10747,116,116,0,1,
10748,103,103,0,1,
10749,117,117,0,1,
10750,119,119,0,1,
10751,122,122,0,1,
10752,117,117,0,1,
10753,102,102,0,1,
10754,115,115,0,1,
10755,121,121,0,1,
10756,123,123,0,1,
10757,106,106,0,1,
10758,108,108,0,1,
10759,119,119,0,1,
10760,114,114,0,1,
10761,115,115,0,1,
10762,112,112,0,1,
10763,121,121,0,1,
10764,125,125,0,1,
10765,110,110,0,1,
10766,129,129,0,1,
10767,113,113,0,1,
10768,113,113,0,1,
10769,125,125,0,1,
10770,119,119,0,1,
10771,104,104,0,1,
10772,110,110,0,1,
10773,117,117,0,1,
10774,112,112,0,1,
10775,122,122,0,1,
10776,110,110,0,1,
10777,116,116,0,1,
10778,119,119,0,1,
10779,116,116,0,1,
10780,123,123,0,1,
10781,111,111,0,1,
10782,119,119,0,1,
10783,111,111,0,1,
10784,112,112,0,1,
10785,115,115,0,1,
10786,107,107,0,1,
10787,116,116,0,1,
10788,113,113,0,1,
10789,119,119,0,1,
10790,117,117,0,1,
10791,128,128,0,1,
10792,123,123,0,1,
10793,130,130,0,1,
10794,117,117,0,1,
10795,119,119,0,1,
10796,122,122,0,1,
10797,119,119,0,1,
10798,115,115,0,1,
10799,119,119,0,1,
10800,112,112,0,1,
10801,112,112,0,1,
10802,105,105,0,1,
10803,109,109,0,1,
10804,130,130,0,1,
10805,115,115,0,1,
10806,120,120,0,1,
10807,119,119,0,1,
10808,114,114,0,1,
10809,104,104,0,1,
10810,112,112,0,1,
10811,112,112,0,1,
10812,124,124,0,1,
10813,117,117,0,1,
10814,113,113,0,1,
10815,120,120,0,1,
10816,110,110,0,1,
10817,114,114,0,1,
10818,118,118,0,1,
10819,104,104,0,1,
10820,112,112,0,1,
10821,128,128,0,1,
10822,121,121,0,1,
10823,114,114,0,1,
10824,109,109,0,1,
10825,126,126,0,1,
10826,110,110,0,1,
10827,120,120,0,1,
10828,116,116,0,1,
10829,111,111,0,1,
10830,102,102,0,1,
10831,111,111,0,1,
10832,118,118,0,1,
10833,119,119,0,1,
10834,125,125,0,1,
10835,118,118,0,1,
10836,119,119,0,1,
10837,120,120,0,1,
10838,114,114,0,1,
10839,117,117,0,1,
10840,117,117,0,1,
10841,125,125,0,1,
10842,109,109,0,1,
10843,107,107,0,1,
10844,106,106,0,1,
10845,112,112,0,1,
10846,125,125,0,1,
10847,120,120,0,1,
10848,119,119,0,1,
10849,127,127,0,1,
10850,127,127,0,1,
10851,107,107,0,1,
10852,112,112,0,1,
10853,109,109,0,1,
10854,103,103,0,1,
10855,114,114,0,1,
10856,111,111,0,1,
10857,131,131,0,1,
10858,125,125,0,1,
10859,117,117,0,1,
10860,106,106,0,1,
10861,119,119,0,1,
10862,106,106,0,1,
10863,121,121,0,1,
10864,106,106,0,1,
10865,118,118,0,1,
10866,116,116,0,1,
10867,115,115,0,1,
10868,106,106,0,1,
10869,110,110,0,1,
10870,115,115,0,1,
10871,115,115,0,1,
10872,120,120,0,1,
10873,114,114,0,1,
10874,119,119,0,1,
10875,119,119,0,1,
10876,109,109,0,1,
10877,112,112,0,1,
10878,114,114,0,1,
10879,121,121,0,1,
10880,110,110,0,1,
10881,114,114,0,1,
10882,125,125,0,1,
10883,112,112,0,1,
10884,118,118,0,1,
10885,107,107,0,1,
10886,114,114,0,1,
10887,111,111,0,1,
10888,114,114,0,1,
10889,108,108,0,1,
10890,116,116,0,1,
10891,118,118,0,1,
10892,99,99,0,1,
10893,110,110,0,1,
10894,114,114,0,1,
10895,112,112,0,1,
10896,110,110,0,1,
10897,115,115,0,1,
10898,112,112,0,1,
10899,113,113,0,1,
10900,116,116,0,1,
10901,111,111,0,1,
10902,120,120,0,1,
10903,113,113,0,1,
10904,126,126,0,1,
10905,122,122,0,1,
10906,116,116,0,1,
10907,124,124,0,1,
10908,108,108,0,1,
10909,120,120,0,1,
10910,107,107,0,1,
10911,126,126,0,1,
10912,120,120,0,1,
10913,125,125,0,1,
10914,114,114,0,1,
10915,119,119,0,1,
10916,125,125,0,1,
10917,122,122,0,1,
10918,123,123,0,1,
10919,123,123,0,1,
10920,107,107,0,1,
10921,110,110,0,1,
10922,120,120,0,1,
10923,122,122,0,1,
10924,117,117,0,1,
10925,118,118,0,1,
10926,107,107,0,1,
10927,116,116,0,1,
10928,108,108,0,1,
10929,108,108,0,1,
10930,108,108,0,1,
10931,114,114,0,1,
10932,114,114,0,1,
10933,110,110,0,1,
10934,111,111,0,1,
10935,111,111,0,1,
10936,128,128,0,1,
10937,126,126,0,1,
10938,118,118,0,1,
10939,111,111,0,1,
10940,118,118,0,1,
10941,119,119,0,1,
10942,125,125,0,1,
10943,110,110,0,1,
10944,120,120,0,1,
10945,122,122,0,1,
10946,114,114,0,1,
10947,105,105,0,1,
10948,117,117,0,1,
10949,115,115,0,1,
10950,113,113,0,1,
10951,115,115,0,1,
10952,116,116,0,1,
10953,113,113,0,1,
10954,122,122,0,1,
10955,122,122,0,1,
10956,115,115,0,1,
10957,112,112,0,1,
10958,118,118,0,1,
10959,110,110,0,1,
10960,120,120,0,1,
10961,120,120,0,1,
10962,112,112,0,1,
10963,127,127,0,1,
10964,108,108,0,1,
10965,108,108,0,1,
10966,116,116,0,1,
10967,111,111,0,1,
10968,121,121,0,1,
10969,111,111,0,1,
10970,110,110,0,1,
10971,117,117,0,1,
10972,122,122,0,1,
10973,120,120,0,1,
10974,115,115,0,1,
10975,108,108,0,1,
10976,113,113,0,1,
10977,110,110,0,1,
10978,116,116,0,1,
10979,115,115,0,1,
10980,106,106,0,1,
10981,107,107,0,1,
10982,114,114,0,1,
10983,123,123,0,1,
10984,117,117,0,1,
10985,113,113,0,1,
10986,118,118,0,1,
10987,117,117,0,1,
10988,118,118,0,1,
10989,103,103,0,1,
10990,119,119,0,1,
10991,113,113,0,1,
10992,107,107,0,1,
10993,110,110,0,1,
10994,116,116,0,1,
10995,112,112,0,1,
10996,114,114,0,1,
10997,121,121,0,1,
10998,108,108,0,1,
10999,120,120,0,1,
11000,115,115,0,1,
11001,127,127,0,1,
11002,119,119,0,1,
11003,116,116,0,1,
11004,113,113,0,1,
11005,112,112,0,1,
11006,117,117,0,1,
11007,108,108,0,1,
11008,117,117,0,1,
11009,111,111,0,1,
11010,106,106,0,1,
11011,119,119,0,1,
11012,121,121,0,1,
11013,120,120,0,1,
11014,110,110,0,1,
11015,117,117,0,1,
11016,111,111,0,1,
11017,112,112,0,1,
11018,115,115,0,1,
11019,112,112,0,1,
11020,110,110,0,1,
11021,107,107,0,1,
11022,117,117,0,1,
11023,119,119,0,1,
11024,108,108,0,1,
11025,114,114,0,1,
11026,117,117,0,1,
11027,104,104,0,1,
11028,116,116,0,1,
11029,115,115,0,1,
11030,121,121,0,1,
11031,104,104,0,1,
11032,107,107,0,1,
11033,119,119,0,1,
11034,108,108,0,1,
11035,103,103,0,1,
11036,113,113,0,1,
11037,113,113,0,1,
11038,121,121,0,1,
11039,115,115,0,1,
11040,118,118,0,1,
11041,123,123,0,1,
11042,108,108,0,1,
11043,117,117,0,1,
11044,109,109,0,1,
11045,119,119,0,1,
11046,115,115,0,1,
11047,122,122,0,1,
11048,118,118,0,1,
11049,114,114,0,1,
11050,113,113,0,1,
11051,115,115,0,1,
11052,115,115,0,1,
11053,123,123,0,1,
11054,124,124,0,1,
11055,114,114,0,1,
11056,116,116,0,1,
11057,114,114,0,1,
11058,120,120,0,1,
11059,120,120,0,1,
11060,112,112,0,1,
11061,125,125,0,1,
11062,118,118,0,1,
11063,111,111,0,1,
11064,110,110,0,1,
11065,121,121,0,1,
11066,119,119,0,1,
11067,105,105,0,1,
11068,116,116,0,1,
11069,117,117,0,1,
11070,113,113,0,1,
11071,110,110,0,1,
11072,108,108,0,1,
11073,108,108,0,1,
11074,123,123,0,1,
11075,112,112,0,1,
11076,109,109,0,1,
11077,115,115,0,1,
11078,111,111,0,1,
11079,121,121,0,1,
11080,104,104,0,1,
11081,113,113,0,1,
11082,108,108,0,1,
11083,110,110,0,1,
11084,116,116,0,1,
11085,113,113,0,1,
11086,122,122,0,1,
11087,114,114,0,1,
11088,122,122,0,1,
11089,122,122,0,1,
11090,111,111,0,1,
11091,114,114,0,1,
11092,125,125,0,1,
11093,102,102,0,1,
11094,110,110,0,1,
11095,107,107,0,1,
11096,110,110,0,1,
11097,113,113,0,1,
11098,106,106,0,1,
11099,112,112,0,1,
11100,129,129,0,1,
11101,122,122,0,1,
11102,112,112,0,1,
11103,114,114,0,1,
11104,110,110,0,1,
11105,108,108,0,1,
11106,113,113,0,1,
11107,117,117,0,1,
11108,120,120,0,1,
11109,122,122,0,1,
11110,109,109,0,1,
11111,115,115,0,1,
11112,115,115,0,1,
11113,116,116,0,1,
11114,113,113,0,1,
11115,102,102,0,1,
11116,113,113,0,1,
11117,117,117,0,1,
11118,123,123,0,1,
11119,111,111,0,1,
11120,124,124,0,1,
11121,113,113,0,1,
11122,118,118,0,1,
11123,116,116,0,1,
11124,116,116,0,1,
11125,117,117,0,1,
11126,116,116,0,1,
11127,120,120,0,1,
11128,108,108,0,1,
11129,114,114,0,1,
11130,117,117,0,1,
11131,116,116,0,1,
11132,111,111,0,1,
11133,116,116,0,1,
11134,110,110,0,1,
11135,114,114,0,1,
11136,106,106,0,1,
11137,127,127,0,1,
11138,120,120,0,1,
11139,113,113,0,1,
11140,108,108,0,1,
11141,124,124,0,1,
11142,115,115,0,1,
11143,108,108,0,1,
11144,108,108,0,1,
11145,110,110,0,1,
11146,110,110,0,1,
11147,106,106,0,1,
11148,118,118,0,1,
11149,109,109,0,1,
11150,109,109,0,1,
11151,119,119,0,1,
11152,117,117,0,1,
11153,130,130,0,1,
11154,124,124,0,1,
11155,112,112,0,1,
11156,112,112,0,1,
11157,125,125,0,1,
11158,116,116,0,1,
11159,120,120,0,1,
11160,123,123,0,1,
11161,108,108,0,1,
11162,120,120,0,1,
11163,121,121,0,1,
11164,113,113,0,1,
11165,116,116,0,1,
11166,116,116,0,1,
11167,122,122,0,1,
11168,113,113,0,1,
11169,121,121,0,1,
11170,104,104,0,1,
11171,114,114,0,1,
11172,111,111,0,1,
11173,111,111,0,1,
11174,122,122,0,1,
11175,127,127,0,1,
11176,115,115,0,1,
11177,107,107,0,1,
11178,118,118,0,1,
11179,118,118,0,1,
11180,117,117,0,1,
11181,110,110,0,1,
11182,128,128,0,1,
11183,108,108,0,1,
11184,111,111,0,1,
11185,118,118,0,1,
11186,104,104,0,1,
11187,127,127,0,1,
11188,111,111,0,1,
11189,113,113,0,1,
11190,118,118,0,1,
11191,118,118,0,1,
11192,124,124,0,1,
11193,115,115,0,1,
11194,104,104,0,1,
11195,104,104,0,1,
11196,112,112,0,1,
11197,118,118,0,1,
11198,118,118,0,1,
11199,106,106,0,1,
11200,112,112,0,1,
11201,109,109,0,1,
11202,102,102,0,1,
11203,120,120,0,1,
11204,115,115,0,1,
11205,117,117,0,1,
11206,122,122,0,1,
11207,127,127,0,1,
11208,119,119,0,1,
11209,126,126,0,1,
11210,117,117,0,1,
11211,109,109,0,1,
11212,107,107,0,1,
11213,109,109,0,1,
11214,122,122,0,1,
11215,114,114,0,1,
11216,115,115,0,1,
11217,109,109,0,1,
11218,112,112,0,1,
11219,118,118,0,1,
11220,112,112,0,1,
11221,109,109,0,1,
11222,117,117,0,1,
11223,110,110,0,1,
11224,124,124,0,1,
11225,109,109,0,1,
11226,97,97,0,1,
11227,115,115,0,1,
11228,121,121,0,1,
11229,116,116,0,1,
11230,115,115,0,1,
11231,106,106,0,1,
11232,126,126,0,1,
11233,111,111,0,1,
11234,104,104,0,1,
11235,107,107,0,1,
11236,107,107,0,1,
11237,108,108,0,1,
11238,113,113,0,1,
11239,116,116,0,1,
11240,117,117,0,1,
11241,116,116,0,1,
11242,125,125,0,1,
11243,107,107,0,1,
11244,118,118,0,1,
11245,116,116,0,1,
11246,112,112,0,1,
11247,115,115,0,1,
11248,107,107,0,1,
11249,105,105,0,1,
11250,119,119,0,1,
11251,118,118,0,1,
11252,115,115,0,1,
11253,106,106,0,1,
11254,125,125,0,1,
11255,124,124,0,1,
11256,113,113,0,1,
11257,124,124,0,1,
11258,111,111,0,1,
11259,118,118,0,1,
11260,113,113,0,1,
11261,123,123,0,1,
11262,113,113,0,1,
11263,116,116,0,1,
11264,109,109,0,1,
11265,120,120,0,1,
11266,124,124,0,1,
11267,124,124,0,1,
11268,114,114,0,1,
11269,110,110,0,1,
11270,112,112,0,1,
11271,113,113,0,1,
11272,129,129,0,1,
11273,121,121,0,1,
11274,113,113,0,1,
11275,109,109,0,1,
11276,113,113,0,1,
11277,105,105,0,1,
11278,119,119,0,1,
11279,119,119,0,1,
11280,116,116,0,1,
11281,115,115,0,1,
11282,102,102,0,1,
11283,121,121,0,1,
11284,108,108,0,1,
11285,105,105,0,1,
11286,111,111,0,1,
11287,115,115,0,1,
11288,107,107,0,1,
11289,108,108,0,1,
11290,121,121,0,1,
11291,112,112,0,1,
11292,117,117,0,1,
11293,118,118,0,1,
11294,112,112,0,1,
11295,114,114,0,1,
11296,124,124,0,1,
11297,109,109,0,1,
11298,114,114,0,1,
11299,111,111,0,1,
11300,108,108,0,1,
11301,110,110,0,1,
11302,114,114,0,1,
11303,112,112,0,1,
11304,109,109,0,1,
11305,117,117,0,1,
11306,114,114,0,1,
11307,107,107,0,1,
11308,131,131,0,1,
11309,108,108,0,1,
11310,122,122,0,1,
11311,110,110,0,1,
11312,121,121,0,1,
11313,105,105,0,1,
11314,121,121,0,1,
11315,118,118,0,1,
11316,107,107,0,1,
11317,113,113,0,1,
11318,106,106,0,1,
11319,113,113,0,1,
11320,115,115,0,1,
11321,122,122,0,1,
11322,114,114,0,1,
11323,107,107,0,1,
11324,111,111,0,1,
11325,131,131,0,1,
11326,123,123,0,1,
11327,111,111,0,1,
11328,111,111,0,1,
11329,103,103,0,1,
11330,102,102,0,1,
11331,108,108,0,1,
11332,105,105,0,1,
11333,116,116,0,1,
11334,108,108,0,1,
11335,104,104,0,1,
11336,118,118,0,1,
11337,113,113,0,1,
11338,119,119,0,1,
11339,110,110,0,1,
11340,122,122,0,1,
11341,110,110,0,1,
11342,112,112,0,1,
11343,124,124,0,1,
11344,112,112,0,1,
11345,115,115,0,1,
11346,112,112,0,1,
11347,113,113,0,1,
11348,129,129,0,1,
11349,119,119,0,1,
11350,116,116,0,1,
11351,122,122,0,1,
11352,102,102,0,1,
11353,115,115,0,1,
11354,117,117,0,1,
11355,108,108,0,1,
11356,122,122,0,1,
11357,118,118,0,1,
11358,108,108,0,1,
11359,115,115,0,1,
11360,125,125,0,1,
11361,107,107,0,1,
11362,117,117,0,1,
11363,124,124,0,1,
11364,121,121,0,1,
11365,118,118,0,1,
11366,115,115,0,1,
11367,116,116,0,1,
11368,120,120,0,1,
11369,116,116,0,1,
11370,111,111,0,1,
11371,120,120,0,1,
11372,112,112,0,1,
11373,117,117,0,1,
11374,106,106,0,1,
11375,124,124,0,1,
11376,125,125,0,1,
11377,119,119,0,1,
11378,109,109,0,1,
11379,117,117,0,1,
11380,118,118,0,1,
11381,120,120,0,1,
11382,111,111,0,1,
11383,106,106,0,1,
11384,123,123,0,1,
11385,118,118,0,1,
11386,111,111,0,1,
11387,107,107,0,1,
11388,110,110,0,1,
11389,122,122,0,1,
11390,114,114,0,1,
11391,109,109,0,1,
11392,121,121,0,1,
11393,118,118,0,1,
11394,110,110,0,1,
11395,115,115,0,1,
11396,126,126,0,1,
11397,118,118,0,1,
11398,105,105,0,1,
11399,114,114,0,1,
11400,114,114,0,1,
11401,119,119,0,1,
11402,126,126,0,1,
11403,108,108,0,1,
11404,108,108,0,1,
11405,116,116,0,1,
11406,109,109,0,1,
11407,110,110,0,1,
11408,114,114,0,1,
11409,119,119,0,1,
11410,111,111,0,1,
11411,111,111,0,1,
11412,110,110,0,1,
11413,112,112,0,1,
11414,115,115,0,1,
11415,108,108,0,1,
11416,125,125,0,1,
11417,118,118,0,1,
11418,120,120,0,1,
11419,107,107,0,1,
11420,120,120,0,1,
11421,110,110,0,1,
11422,106,106,0,1,
11423,118,118,0,1,
11424,112,112,0,1,
11425,116,116,0,1,
11426,122,122,0,1,
11427,104,104,0,1,
11428,111,111,0,1,
11429,118,118,0,1,
11430,111,111,0,1,
11431,120,120,0,1,
11432,114,114,0,1,
11433,112,112,0,1,
11434,130,130,0,1,
11435,122,122,0,1,
11436,127,127,0,1,
11437,122,122,0,1,
11438,115,115,0,1,
11439,117,117,0,1,
11440,130,130,0,1,
11441,121,121,0,1,
11442,117,117,0,1,
11443,112,112,0,1,
11444,105,105,0,1,
11445,121,121,0,1,
11446,115,115,0,1,
11447,121,121,0,1,
11448,113,113,0,1,
11449,118,118,0,1,
11450,120,120,0,1,
11451,112,112,0,1,
11452,106,106,0,1,
11453,118,118,0,1,
11454,107,107,0,1,
11455,123,123,0,1,
11456,132,132,0,1,
11457,114,114,0,1,
11458,121,121,0,1,
11459,112,112,0,1,
11460,110,110,0,1,
11461,114,114,0,1,
11462,114,114,0,1,
11463,108,108,0,1,
11464,111,111,0,1,
11465,112,112,0,1,
11466,109,109,0,1,
11467,113,113,0,1,
11468,119,119,0,1,
11469,118,118,0,1,
11470,116,116,0,1,
11471,120,120,0,1,
11472,109,109,0,1,
11473,113,113,0,1,
11474,126,126,0,1,
11475,122,122,0,1,
11476,110,110,0,1,
11477,111,111,0,1,
11478,107,107,0,1,
11479,105,105,0,1,
11480,120,120,0,1,
11481,111,111,0,1,
11482,111,111,0,1,
11483,110,110,0,1,
11484,117,117,0,1,
11485,103,103,0,1,
11486,116,116,0,1,
11487,118,118,0,1,
11488,108,108,0,1,
11489,109,109,0,1,
11490,123,123,0,1,
11491,110,110,0,1,
11492,111,111,0,1,
11493,114,114,0,1,
11494,116,116,0,1,
11495,109,109,0,1,
11496,114,114,0,1,
11497,115,115,0,1,
11498,127,127,0,1,
11499,115,115,0,1,
11500,114,114,0,1,
11501,110,110,0,1,
11502,114,114,0,1,
11503,122,122,0,1,
11504,103,103,0,1,
11505,110,110,0,1,
11506,128,128,0,1,
11507,109,109,0,1,
11508,114,114,0,1,
11509,121,121,0,1,
11510,107,107,0,1,
11511,126,126,0,1,
11512,131,131,0,1,
11513,111,111,0,1,
11514,118,118,0,1,
11515,113,113,0,1,
11516,104,104,0,1,
11517,118,118,0,1,
11518,117,117,0,1,
11519,134,134,0,1,
11520,116,116,0,1,
11521,113,113,0,1,
11522,123,123,0,1,
11523,110,110,0,1,
11524,124,124,0,1,
11525,108,108,0,1,
11526,109,109,0,1,
11527,118,118,0,1,
11528,110,110,0,1,
11529,121,121,0,1,
11530,120,120,0,1,
11531,114,114,0,1,
11532,114,114,0,1,
11533,115,115,0,1,
11534,116,116,0,1,
11535,109,109,0,1,
11536,116,116,0,1,
11537,103,103,0,1,
11538,113,113,0,1,
11539,120,120,0,1,
11540,123,123,0,1,
11541,120,120,0,1,
11542,109,109,0,1,
11543,114,114,0,1,
11544,106,106,0,1,
11545,114,114,0,1,
11546,122,122,0,1,
11547,117,117,0,1,
11548,109,109,0,1,
11549,111,111,0,1,
11550,110,110,0,1,
11551,107,107,0,1,
11552,120,120,0,1,
11553,112,112,0,1,
11554,109,109,0,1,
11555,107,107,0,1,
11556,113,113,0,1,
11557,118,118,0,1,
11558,120,120,0,1,
11559,128,128,0,1,
11560,113,113,0,1,
11561,121,121,0,1,
11562,123,123,0,1,
11563,114,114,0,1,
11564,116,116,0,1,
11565,109,109,0,1,
11566,124,124,0,1,
11567,117,117,0,1,
11568,108,108,0,1,
11569,122,122,0,1,
11570,116,116,0,1,
11571,115,115,0,1,
11572,113,113,0,1,
11573,110,110,0,1,
11574,115,115,0,1,
11575,116,116,0,1,
11576,117,117,0,1,
11577,108,108,0,1,
11578,130,130,0,1,
11579,117,117,0,1,
11580,116,116,0,1,
11581,117,117,0,1,
11582,108,108,0,1,
11583,109,109,0,1,
11584,123,123,0,1,
11585,121,121,0,1,
11586,116,116,0,1,
11587,109,109,0,1,
11588,113,113,0,1,
11589,126,126,0,1,
11590,121,121,0,1,
11591,109,109,0,1,
11592,123,123,0,1,
11593,127,127,0,1,
11594,115,115,0,1,
11595,124,124,0,1,
11596,111,111,0,1,
11597,113,113,0,1,
11598,129,129,0,1,
11599,112,112,0,1,
11600,105,105,0,1,
11601,110,110,0,1,
11602,125,125,0,1,
11603,121,121,0,1,
11604,115,115,0,1,
11605,110,110,0,1,
11606,121,121,0,1,
11607,121,121,0,1,
11608,107,107,0,1,
11609,117,117,0,1,
11610,109,109,0,1,
11611,117,117,0,1,
11612,116,116,0,1,
11613,112,112,0,1,
11614,116,116,0,1,
11615,111,111,0,1,
11616,118,118,0,1,
11617,115,115,0,1,
11618,117,117,0,1,
11619,114,114,0,1,
11620,115,115,0,1,
11621,115,115,0,1,
11622,116,116,0,1,
11623,115,115,0,1,
11624,115,115,0,1,
11625,120,120,0,1,
11626,117,117,0,1,
11627,115,115,0,1,
11628,107,107,0,1,
11629,116,116,0,1,
11630,116,116,0,1,
11631,123,123,0,1,
11632,125,125,0,1,
11633,121,121,0,1,
11634,116,116,0,1,
11635,119,119,0,1,
11636,120,120,0,1,
11637,109,109,0,1,
11638,118,118,0,1,
11639,113,113,0,1,
11640,118,118,0,1,
11641,115,115,0,1,
11642,110,110,0,1,
11643,120,120,0,1,
11644,120,120,0,1,
11645,110,110,0,1,
11646,114,114,0,1,
11647,126,126,0,1,
11648,118,118,0,1,
11649,116,116,0,1,
11650,109,109,0,1,
11651,120,120,0,1,
11652,110,110,0,1,
11653,108,108,0,1,
11654,110,110,0,1,
11655,123,123,0,1,
11656,104,104,0,1,
11657,115,115,0,1,
11658,109,109,0,1,
11659,123,123,0,1,
11660,116,116,0,1,
11661,117,117,0,1,
11662,109,109,0,1,
11663,114,114,0,1,
11664,126,126,0,1,
11665,115,115,0,1,
11666,103,103,0,1,
11667,112,112,0,1,
11668,107,107,0,1,
11669,121,121,0,1,
11670,118,118,0,1,
11671,105,105,0,1,
11672,125,125,0,1,
11673,113,113,0,1,
11674,119,119,0,1,
11675,115,115,0,1,
11676,110,110,0,1,
11677,122,122,0,1,
11678,123,123,0,1,
11679,120,120,0,1,
11680,123,123,0,1,
11681,115,115,0,1,
11682,110,110,0,1,
11683,112,112,0,1,
11684,116,116,0,1,
11685,117,117,0,1,
11686,121,121,0,1,
11687,113,113,0,1,
11688,114,114,0,1,
11689,114,114,0,1,
11690,109,109,0,1,
11691,121,121,0,1,
11692,110,110,0,1,
11693,118,118,0,1,
11694,113,113,0,1,
11695,111,111,0,1,
11696,122,122,0,1,
11697,114,114,0,1,
11698,122,122,0,1,
11699,112,112,0,1,
11700,117,117,0,1,
11701,119,119,0,1,
11702,119,119,0,1,
11703,112,112,0,1,
11704,120,120,0,1,
11705,112,112,0,1,
11706,129,129,0,1,
11707,113,113,0,1,
11708,125,125,0,1,
11709,125,125,0,1,
11710,109,109,0,1,
11711,114,114,0,1,
11712,100,100,0,1,
11713,112,112,0,1,
11714,120,120,0,1,
11715,108,108,0,1,
11716,108,108,0,1,
11717,122,122,0,1,
11718,107,107,0,1,
11719,124,124,0,1,
11720,121,121,0,1,
11721,112,112,0,1,
11722,111,111,0,1,
11723,114,114,0,1,
11724,120,120,0,1,
11725,114,114,0,1,
11726,120,120,0,1,
11727,118,118,0,1,
11728,106,106,0,1,
11729,122,122,0,1,
11730,108,108,0,1,
11731,118,118,0,1,
11732,114,114,0,1,
11733,121,121,0,1,
11734,107,107,0,1,
11735,125,125,0,1,
11736,117,117,0,1,
11737,108,108,0,1,
11738,117,117,0,1,
11739,123,123,0,1,
11740,111,111,0,1,
11741,117,117,0,1,
11742,104,104,0,1,
11743,110,110,0,1,
11744,121,121,0,1,
11745,120,120,0,1,
11746,111,111,0,1,
11747,122,122,0,1,
11748,111,111,0,1,
11749,121,121,0,1,
11750,119,119,0,1,
11751,119,119,0,1,
11752,122,122,0,1,
11753,117,117,0,1,
11754,110,110,0,1,
11755,122,122,0,1,
11756,121,121,0,1,
11757,114,114,0,1,
11758,116,116,0,1,
11759,105,105,0,1,
11760,108,108,0,1,
11761,104,104,0,1,
11762,117,117,0,1,
11763,111,111,0,1,
11764,124,124,0,1,
11765,118,118,0,1,
11766,131,131,0,1,
11767,126,126,0,1,
11768,125,125,0,1,
11769,123,123,0,1,
11770,107,107,0,1,
11771,112,112,0,1,
11772,105,105,0,1,
11773,120,120,0,1,
11774,112,112,0,1,
11775,113,113,0,1,
11776,111,111,0,1,
11777,126,126,0,1,
11778,112,112,0,1,
11779,112,112,0,1,
11780,114,114,0,1,
11781,115,115,0,1,
11782,106,106,0,1,
11783,112,112,0,1,
11784,115,115,0,1,
11785,112,112,0,1,
11786,120,120,0,1,
11787,112,112,0,1,
11788,110,110,0,1,
11789,119,119,0,1,
11790,115,115,0,1,
11791,111,111,0,1,
11792,113,113,0,1,
11793,120,120,0,1,
11794,117,117,0,1,
11795,113,113,0,1,
11796,116,116,0,1,
11797,112,112,0,1,
11798,111,111,0,1,
11799,111,111,0,1,
11800,109,109,0,1,
11801,108,108,0,1,
11802,108,108,0,1,
11803,117,117,0,1,
11804,114,114,0,1,
11805,111,111,0,1,
11806,123,123,0,1,
11807,116,116,0,1,
11808,108,108,0,1,
11809,110,110,0,1,
11810,108,108,0,1,
11811,120,120,0,1,
11812,111,111,0,1,
11813,114,114,0,1,
11814,125,125,0,1,
11815,123,123,0,1,
11816,112,112,0,1,
11817,112,112,0,1,
11818,109,109,0,1,
11819,114,114,0,1,
11820,111,111,0,1,
11821,125,125,0,1,
11822,125,125,0,1,
11823,115,115,0,1,
11824,116,116,0,1,
11825,110,110,0,1,
11826,117,117,0,1,
11827,120,120,0,1,
11828,120,120,0,1,
11829,113,113,0,1,
11830,107,107,0,1,
11831,119,119,0,1,
11832,109,109,0,1,
11833,122,122,0,1,
11834,126,126,0,1,
11835,116,116,0,1,
11836,113,113,0,1,
11837,121,121,0,1,
11838,109,109,0,1,
11839,115,115,0,1,
11840,115,115,0,1,
11841,121,121,0,1,
11842,112,112,0,1,
11843,110,110,0,1,
11844,111,111,0,1,
11845,105,105,0,1,
11846,107,107,0,1,
11847,118,118,0,1,
11848,117,117,0,1,
11849,116,116,0,1,
11850,125,125,0,1,
11851,108,108,0,1,
11852,127,127,0,1,
11853,111,111,0,1,
11854,126,126,0,1,
11855,120,120,0,1,
11856,112,112,0,1,
11857,113,113,0,1,
11858,132,132,0,1,
11859,112,112,0,1,
11860,113,113,0,1,
11861,126,126,0,1,
11862,113,113,0,1,
11863,105,105,0,1,
11864,115,115,0,1,
11865,119,119,0,1,
11866,112,112,0,1,
11867,106,106,0,1,
11868,122,122,0,1,
11869,112,112,0,1,
11870,115,115,0,1,
11871,115,115,0,1,
11872,113,113,0,1,
11873,121,121,0,1,
11874,113,113,0,1,
11875,108,108,0,1,
11876,126,126,0,1,
11877,116,116,0,1,
11878,109,109,0,1,
11879,131,131,0,1,
11880,121,121,0,1,
11881,109,109,0,1,
11882,120,120,0,1,
11883,126,126,0,1,
11884,108,108,0,1,
11885,107,107,0,1,
11886,120,120,0,1,
11887,107,107,0,1,
11888,114,114,0,1,
11889,113,113,0,1,
11890,125,125,0,1,
11891,116,116,0,1,
11892,129,129,0,1,
11893,112,112,0,1,
11894,109,109,0,1,
11895,112,112,0,1,
11896,117,117,0,1,
11897,116,116,0,1,
11898,103,103,0,1,
11899,114,114,0,1,
11900,110,110,0,1,
11901,118,118,0,1,
11902,113,113,0,1,
11903,107,107,0,1,
11904,121,121,0,1,
11905,115,115,0,1,
11906,121,121,0,1,
11907,108,108,0,1,
11908,125,125,0,1,
11909,111,111,0,1,
11910,115,115,0,1,
11911,107,107,0,1,
11912,114,114,0,1,
11913,121,121,0,1,
11914,112,112,0,1,
11915,104,104,0,1,
11916,114,114,0,1,
11917,106,106,0,1,
11918,113,113,0,1,
11919,101,101,0,1,
11920,121,121,0,1,
11921,117,117,0,1,
11922,114,114,0,1,
11923,115,115,0,1,
11924,108,108,0,1,
11925,117,117,0,1,
11926,125,125,0,1,
11927,108,108,0,1,
11928,114,114,0,1,
11929,113,113,0,1,
11930,106,106,0,1,
11931,112,112,0,1,
11932,119,119,0,1,
11933,120,120,0,1,
11934,118,118,0,1,
11935,107,107,0,1,
11936,117,117,0,1,
11937,118,118,0,1,
11938,127,127,0,1,
11939,118,118,0,1,
11940,111,111,0,1,
11941,107,107,0,1,
11942,104,104,0,1,
11943,112,112,0,1,
11944,116,116,0,1,
11945,127,127,0,1,
11946,113,113,0,1,
11947,114,114,0,1,
11948,111,111,0,1,
11949,104,104,0,1,
11950,110,110,0,1,
11951,116,116,0,1,
11952,110,110,0,1,
11953,112,112,0,1,
11954,110,110,0,1,
11955,111,111,0,1,
11956,107,107,0,1,
11957,111,111,0,1,
11958,114,114,0,1,
11959,113,113,0,1,
11960,113,113,0,1,
11961,122,122,0,1,
11962,119,119,0,1,
11963,119,119,0,1,
11964,109,109,0,1,
11965,121,121,0,1,
11966,104,104,0,1,
11967,112,112,0,1,
11968,110,110,0,1,
11969,109,109,0,1,
11970,122,122,0,1,
11971,106,106,0,1,
11972,103,103,0,1,
11973,110,110,0,1,
11974,114,114,0,1,
11975,122,122,0,1,
11976,115,115,0,1,
11977,112,112,0,1,
11978,105,105,0,1,
11979,126,126,0,1,
11980,120,120,0,1,
11981,113,113,0,1,
11982,113,113,0,1,
11983,114,114,0,1,
11984,106,106,0,1,
11985,113,113,0,1,
11986,111,111,0,1,
11987,115,115,0,1,
11988,105,105,0,1,
11989,116,116,0,1,
11990,127,127,0,1,
11991,122,122,0,1,
11992,112,112,0,1,
11993,106,106,0,1,
11994,114,114,0,1,
11995,112,112,0,1,
11996,122,122,0,1,
11997,121,121,0,1,
11998,115,115,0,1,
11999,115,115,0,1,
12000,108,108,0,1,
12001,116,116,0,1,
12002,107,107,0,1,
12003,124,124,0,1,
12004,116,116,0,1,
12005,123,123,0,1,
12006,106,106,0,1,
12007,118,118,0,1,
12008,124,124,0,1,
12009,119,119,0,1,
12010,125,125,0,1,
12011,127,127,0,1,
12012,109,109,0,1,
12013,117,117,0,1,
12014,119,119,0,1,
12015,116,116,0,1,
12016,108,108,0,1,
12017,109,109,0,1,
12018,122,122,0,1,
12019,109,109,0,1,
12020,123,123,0,1,
12021,112,112,0,1,
12022,118,118,0,1,
12023,112,112,0,1,
12024,107,107,0,1,
12025,117,117,0,1,
12026,108,108,0,1,
12027,123,123,0,1,
12028,123,123,0,1,
12029,112,112,0,1,
12030,124,124,0,1,
12031,124,124,0,1,
12032,107,107,0,1,
12033,123,123,0,1,
12034,116,116,0,1,
12035,105,105,0,1,
12036,126,126,0,1,
12037,106,106,0,1,
12038,119,119,0,1,
12039,116,116,0,1,
12040,123,123,0,1,
12041,118,118,0,1,
12042,108,108,0,1,
12043,123,123,0,1,
12044,111,111,0,1,
12045,113,113,0,1,
12046,110,110,0,1,
12047,112,112,0,1,
12048,106,106,0,1,
12049,122,122,0,1,
12050,120,120,0,1,
12051,123,123,0,1,
12052,111,111,0,1,
12053,117,117,0,1,
12054,121,121,0,1,
12055,110,110,0,1,
12056,112,112,0,1,
12057,116,116,0,1,
12058,114,114,0,1,
12059,115,115,0,1,
12060,115,115,0,1,
12061,122,122,0,1,
12062,109,109,0,1,
12063,112,112,0,1,
12064,124,124,0,1,
12065,113,113,0,1,
12066,112,112,0,1,
12067,108,108,0,1,
12068,117,117,0,1,
12069,123,123,0,1,
12070,108,108,0,1,
12071,124,124,0,1,
12072,117,117,0,1,
12073,120,120,0,1,
12074,106,106,0,1,
12075,116,116,0,1,
12076,116,116,0,1,
12077,109,109,0,1,
12078,118,118,0,1,
12079,113,113,0,1,
12080,114,114,0,1,
12081,107,107,0,1,
12082,126,126,0,1,
12083,113,113,0,1,
12084,104,104,0,1,
12085,123,123,0,1,
12086,120,120,0,1,
12087,116,116,0,1,
12088,118,118,0,1,
12089,117,117,0,1,
12090,122,122,0,1,
12091,110,110,0,1,
12092,109,109,0,1,
12093,110,110,0,1,
12094,110,110,0,1,
12095,119,119,0,1,
12096,114,114,0,1,
12097,107,107,0,1,
12098,131,131,0,1,
12099,121,121,0,1,
12100,117,117,0,1,
12101,115,115,0,1,
12102,119,119,0,1,
12103,109,109,0,1,
12104,112,112,0,1,
12105,111,111,0,1,
12106,128,128,0,1,
12107,106,106,0,1,
12108,122,122,0,1,
12109,119,119,0,1,
12110,108,108,0,1,
12111,113,113,0,1,
12112,107,107,0,1,
12113,118,118,0,1,
12114,106,106,0,1,
12115,114,114,0,1,
12116,114,114,0,1,
12117,124,124,0,1,
12118,117,117,0,1,
12119,126,126,0,1,
12120,119,119,0,1,
12121,105,105,0,1,
12122,117,117,0,1,
12123,112,112,0,1,
12124,116,116,0,1,
12125,122,122,0,1,
12126,115,115,0,1,
12127,108,108,0,1,
12128,125,125,0,1,
12129,116,116,0,1,
12130,108,108,0,1,
12131,109,109,0,1,
12132,113,113,0,1,
12133,108,108,0,1,
12134,109,109,0,1,
12135,121,121,0,1,
12136,107,107,0,1,
12137,110,110,0,1,
12138,109,109,0,1,
12139,115,115,0,1,
12140,118,118,0,1,
12141,131,131,0,1,
12142,122,122,0,1,
12143,116,116,0,1,
12144,112,112,0,1,
12145,118,118,0,1,
12146,121,121,0,1,
12147,112,112,0,1,
12148,117,117,0,1,
12149,128,128,0,1,
12150,117,117,0,1,
12151,115,115,0,1,
12152,121,121,0,1,
12153,113,113,0,1,
12154,112,112,0,1,
12155,119,119,0,1,
12156,121,121,0,1,
12157,121,121,0,1,
12158,110,110,0,1,
12159,116,116,0,1,
12160,112,112,0,1,
12161,113,113,0,1,
12162,114,114,0,1,
12163,109,109,0,1,
12164,117,117,0,1,
12165,114,114,0,1,
12166,125,125,0,1,
12167,125,125,0,1,
12168,118,118,0,1,
12169,113,113,0,1,
12170,123,123,0,1,
12171,117,117,0,1,
12172,117,117,0,1,
12173,112,112,0,1,
12174,107,107,0,1,
12175,102,102,0,1,
12176,116,116,0,1,
12177,124,124,0,1,
12178,114,114,0,1,
12179,108,108,0,1,
12180,119,119,0,1,
12181,119,119,0,1,
12182,111,111,0,1,
12183,122,122,0,1,
12184,121,121,0,1,
12185,120,120,0,1,
12186,129,129,0,1,
12187,114,114,0,1,
12188,121,121,0,1,
12189,111,111,0,1,
12190,123,123,0,1,
12191,109,109,0,1,
12192,109,109,0,1,
12193,108,108,0,1,
12194,125,125,0,1,
12195,114,114,0,1,
12196,113,113,0,1,
12197,116,116,0,1,
12198,112,112,0,1,
12199,115,115,0,1,
12200,118,118,0,1,
12201,112,112,0,1,
12202,112,112,0,1,
12203,109,109,0,1,
12204,112,112,0,1,
12205,114,114,0,1,
12206,110,110,0,1,
12207,120,120,0,1,
12208,125,125,0,1,
12209,114,114,0,1,
12210,106,106,0,1,
12211,115,115,0,1,
12212,112,112,0,1,
12213,105,105,0,1,
12214,121,121,0,1,
12215,118,118,0,1,
12216,108,108,0,1,
12217,113,113,0,1,
12218,106,106,0,1,
12219,124,124,0,1,
12220,120,120,0,1,
12221,113,113,0,1,
12222,113,113,0,1,
12223,120,120,0,1,
12224,120,120,0,1,
12225,110,110,0,1,
12226,125,125,0,1,
12227,116,116,0,1,
12228,111,111,0,1,
12229,127,127,0,1,
12230,115,115,0,1,
12231,113,113,0,1,
12232,118,118,0,1,
12233,113,113,0,1,
12234,123,123,0,1,
12235,108,108,0,1,
12236,117,117,0,1,
12237,120,120,0,1,
12238,113,113,0,1,
12239,124,124,0,1,
12240,120,120,0,1,
12241,113,113,0,1,
12242,113,113,0,1,
12243,114,114,0,1,
12244,119,119,0,1,
12245,114,114,0,1,
12246,115,115,0,1,
12247,108,108,0,1,
12248,107,107,0,1,
12249,106,106,0,1,
12250,116,116,0,1,
12251,108,108,0,1,
12252,114,114,0,1,
12253,111,111,0,1,
12254,122,122,0,1,
12255,114,114,0,1,
12256,114,114,0,1,
12257,117,117,0,1,
12258,108,108,0,1,
12259,114,114,0,1,
12260,120,120,0,1,
12261,122,122,0,1,
12262,110,110,0,1,
12263,104,104,0,1,
12264,123,123,0,1,
12265,113,113,0,1,
12266,112,112,0,1,
12267,113,113,0,1,
12268,116,116,0,1,
12269,127,127,0,1,
12270,119,119,0,1,
12271,115,115,0,1,
12272,116,116,0,1,
12273,123,123,0,1,
12274,121,121,0,1,
12275,110,110,0,1,
12276,125,125,0,1,
12277,113,113,0,1,
12278,118,118,0,1,
12279,109,109,0,1,
12280,121,121,0,1,
12281,113,113,0,1,
12282,127,127,0,1,
12283,109,109,0,1,
12284,115,115,0,1,
12285,114,114,0,1,
12286,111,111,0,1,
12287,125,125,0,1,
12288,113,113,0,1,
12289,106,106,0,1,
12290,119,119,0,1,
12291,112,112,0,1,
12292,113,113,0,1,
12293,105,105,0,1,
12294,119,119,0,1,
12295,119,119,0,1,
12296,121,121,0,1,
12297,113,113,0,1,
12298,108,108,0,1,
12299,111,111,0,1,
12300,127,127,0,1,
12301,112,112,0,1,
12302,105,105,0,1,
12303,109,109,0,1,
12304,124,124,0,1,
12305,120,120,0,1,
12306,106,106,0,1,
12307,121,121,0,1,
12308,115,115,0,1,
12309,121,121,0,1,
12310,119,119,0,1,
12311,115,115,0,1,
12312,121,121,0,1,
12313,113,113,0,1,
12314,114,114,0,1,
12315,117,117,0,1,
12316,105,105,0,1,
12317,121,121,0,1,
12318,117,117,0,1,
12319,110,110,0,1,
12320,120,120,0,1,
12321,109,109,0,1,
12322,119,119,0,1,
12323,124,124,0,1,
12324,110,110,0,1,
12325,112,112,0,1,
12326,119,119,0,1,
12327,123,123,0,1,
12328,111,111,0,1,
12329,121,121,0,1,
12330,120,120,0,1,
12331,110,110,0,1,
12332,110,110,0,1,
12333,117,117,0,1,
12334,119,119,0,1,
12335,120,120,0,1,
12336,108,108,0,1,
12337,122,122,0,1,
12338,122,122,0,1,
12339,122,122,0,1,
12340,123,123,0,1,
12341,112,112,0,1,
12342,119,119,0,1,
12343,120,120,0,1,
12344,118,118,0,1,
12345,129,129,0,1,
12346,124,124,0,1,
12347,117,117,0,1,
12348,119,119,0,1,
12349,108,108,0,1,
12350,103,103,0,1,
12351,113,113,0,1,
12352,124,124,0,1,
12353,113,113,0,1,
12354,122,122,0,1,
12355,116,116,0,1,
12356,117,117,0,1,
12357,112,112,0,1,
12358,111,111,0,1,
12359,107,107,0,1,
12360,130,130,0,1,
12361,123,123,0,1,
12362,107,107,0,1,
12363,115,115,0,1,
12364,114,114,0,1,
12365,108,108,0,1,
12366,116,116,0,1,
12367,110,110,0,1,
12368,116,116,0,1,
12369,126,126,0,1,
12370,113,113,0,1,
12371,110,110,0,1,
12372,112,112,0,1,
12373,113,113,0,1,
12374,106,106,0,1,
12375,105,105,0,1,
12376,128,128,0,1,
12377,123,123,0,1,
12378,119,119,0,1,
12379,127,127,0,1,
12380,120,120,0,1,
12381,117,117,0,1,
12382,117,117,0,1,
12383,110,110,0,1,
12384,112,112,0,1,
12385,123,123,0,1,
12386,111,111,0,1,
12387,115,115,0,1,
12388,100,100,0,1,
12389,105,105,0,1,
12390,111,111,0,1,
12391,129,129,0,1,
12392,105,105,0,1,
12393,115,115,0,1,
12394,118,118,0,1,
12395,119,119,0,1,
12396,117,117,0,1,
12397,112,112,0,1,
12398,119,119,0,1,
12399,114,114,0,1,
12400,106,106,0,1,
12401,112,112,0,1,
12402,112,112,0,1,
12403,122,122,0,1,
12404,133,133,0,1,
12405,109,109,0,1,
12406,113,113,0,1,
12407,122,122,0,1,
12408,118,118,0,1,
12409,126,126,0,1,
12410,112,112,0,1,
12411,112,112,0,1,
12412,114,114,0,1,
12413,118,118,0,1,
12414,105,105,0,1,
12415,114,114,0,1,
12416,116,116,0,1,
12417,111,111,0,1,
12418,127,127,0,1,
12419,111,111,0,1,
12420,105,105,0,1,
12421,109,109,0,1,
12422,107,107,0,1,
12423,115,115,0,1,
12424,107,107,0,1,
12425,125,125,0,1,
12426,114,114,0,1,
12427,118,118,0,1,
12428,107,107,0,1,
12429,112,112,0,1,
12430,124,124,0,1,
12431,117,117,0,1,
12432,110,110,0,1,
12433,111,111,0,1,
12434,113,113,0,1,
12435,108,108,0,1,
12436,124,124,0,1,
12437,114,114,0,1,
12438,121,121,0,1,
12439,118,118,0,1,
12440,111,111,0,1,
12441,109,109,0,1,
12442,112,112,0,1,
12443,114,114,0,1,
12444,106,106,0,1,
12445,113,113,0,1,
12446,116,116,0,1,
12447,115,115,0,1,
12448,112,112,0,1,
12449,109,109,0,1,
12450,111,111,0,1,
12451,109,109,0,1,
12452,122,122,0,1,
12453,105,105,0,1,
12454,129,129,0,1,
12455,117,117,0,1,
12456,120,120,0,1,
12457,118,118,0,1,
12458,128,128,0,1,
12459,118,118,0,1,
12460,119,119,0,1,
12461,110,110,0,1,
12462,111,111,0,1,
12463,112,112,0,1,
12464,122,122,0,1,
12465,120,120,0,1,
12466,118,118,0,1,
12467,127,127,0,1,
12468,115,115,0,1,
12469,104,104,0,1,
12470,119,119,0,1,
12471,115,115,0,1,
12472,109,109,0,1,
12473,112,112,0,1,
12474,126,126,0,1,
12475,117,117,0,1,
12476,115,115,0,1,
12477,117,117,0,1,
12478,123,123,0,1,
12479,104,104,0,1,
12480,122,122,0,1,
12481,125,125,0,1,
12482,113,113,0,1,
12483,119,119,0,1,
12484,115,115,0,1,
12485,119,119,0,1,
12486,114,114,0,1,
12487,124,124,0,1,
12488,109,109,0,1,
12489,112,112,0,1,
12490,112,112,0,1,
12491,122,122,0,1,
12492,113,113,0,1,
12493,105,105,0,1,
12494,115,115,0,1,
12495,112,112,0,1,
12496,115,115,0,1,
12497,117,117,0,1,
12498,105,105,0,1,
12499,112,112,0,1,
12500,110,110,0,1,
12501,107,107,0,1,
12502,110,110,0,1,
12503,109,109,0,1,
12504,112,112,0,1,
12505,114,114,0,1,
12506,110,110,0,1,
12507,118,118,0,1,
12508,114,114,0,1,
12509,119,119,0,1,
12510,113,113,0,1,
12511,108,108,0,1,
12512,117,117,0,1,
12513,111,111,0,1,
12514,128,128,0,1,
12515,114,114,0,1,
12516,118,118,0,1,
12517,109,109,0,1,
12518,124,124,0,1,
12519,110,110,0,1,
12520,113,113,0,1,
12521,126,126,0,1,
12522,108,108,0,1,
12523,118,118,0,1,
12524,113,113,0,1,
12525,118,118,0,1,
12526,108,108,0,1,
12527,112,112,0,1,
12528,118,118,0,1,
12529,111,111,0,1,
12530,123,123,0,1,
12531,115,115,0,1,
12532,119,119,0,1,
12533,112,112,0,1,
12534,117,117,0,1,
12535,132,132,0,1,
12536,110,110,0,1,
12537,112,112,0,1,
12538,116,116,0,1,
12539,127,127,0,1,
12540,111,111,0,1,
12541,105,105,0,1,
12542,127,127,0,1,
12543,119,119,0,1,
12544,124,124,0,1,
12545,115,115,0,1,
12546,115,115,0,1,
12547,116,116,0,1,
12548,105,105,0,1,
12549,113,113,0,1,
12550,121,121,0,1,
12551,111,111,0,1,
12552,124,124,0,1,
12553,108,108,0,1,
12554,113,113,0,1,
12555,109,109,0,1,
12556,107,107,0,1,
12557,128,128,0,1,
12558,118,118,0,1,
12559,109,109,0,1,
12560,112,112,0,1,
12561,118,118,0,1,
12562,117,117,0,1,
12563,110,110,0,1,
12564,109,109,0,1,
12565,116,116,0,1,
12566,117,117,0,1,
12567,125,125,0,1,
12568,109,109,0,1,
12569,118,118,0,1,
12570,111,111,0,1,
12571,114,114,0,1,
12572,116,116,0,1,
12573,118,118,0,1,
12574,110,110,0,1,
12575,123,123,0,1,
12576,119,119,0,1,
12577,106,106,0,1,
12578,116,116,0,1,
12579,114,114,0,1,
12580,107,107,0,1,
12581,119,119,0,1,
12582,122,122,0,1,
12583,115,115,0,1,
12584,108,108,0,1,
12585,111,111,0,1,
12586,124,124,0,1,
12587,121,121,0,1,
12588,114,114,0,1,
12589,112,112,0,1,
12590,113,113,0,1,
12591,113,113,0,1,
12592,109,109,0,1,
12593,113,113,0,1,
12594,108,108,0,1,
12595,109,109,0,1,
12596,116,116,0,1,
12597,124,124,0,1,
12598,120,120,0,1,
12599,122,122,0,1,
12600,114,114,0,1,
12601,119,119,0,1,
12602,104,104,0,1,
12603,121,121,0,1,
12604,124,124,0,1,
12605,129,129,0,1,
12606,116,116,0,1,
12607,120,120,0,1,
12608,118,118,0,1,
12609,122,122,0,1,
12610,116,116,0,1,
12611,108,108,0,1,
12612,111,111,0,1,
12613,119,119,0,1,
12614,111,111,0,1,
12615,111,111,0,1,
12616,129,129,0,1,
12617,115,115,0,1,
12618,113,113,0,1,
12619,114,114,0,1,
12620,119,119,0,1,
12621,109,109,0,1,
12622,121,121,0,1,
12623,104,104,0,1,
12624,131,131,0,1,
12625,106,106,0,1,
12626,105,105,0,1,
12627,122,122,0,1,
12628,119,119,0,1,
12629,104,104,0,1,
12630,108,108,0,1,
12631,109,109,0,1,
12632,111,111,0,1,
12633,126,126,0,1,
12634,117,117,0,1,
12635,111,111,0,1,
12636,120,120,0,1,
12637,114,114,0,1,
12638,108,108,0,1,
12639,120,120,0,1,
12640,117,117,0,1,
12641,113,113,0,1,
12642,111,111,0,1,
12643,129,129,0,1,
12644,121,121,0,1,
12645,107,107,0,1,
12646,116,116,0,1,
12647,105,105,0,1,
12648,116,116,0,1,
12649,111,111,0,1,
12650,119,119,0,1,
12651,121,121,0,1,
12652,112,112,0,1,
12653,115,115,0,1,
12654,123,123,0,1,
12655,113,113,0,1,
12656,117,117,0,1,
12657,126,126,0,1,
12658,112,112,0,1,
12659,115,115,0,1,
12660,114,114,0,1,
12661,114,114,0,1,
12662,123,123,0,1,
12663,117,117,0,1,
12664,121,121,0,1,
12665,113,113,0,1,
12666,119,119,0,1,
12667,103,103,0,1,
12668,122,122,0,1,
12669,122,122,0,1,
12670,124,124,0,1,
12671,117,117,0,1,
12672,116,116,0,1,
12673,124,124,0,1,
12674,123,123,0,1,
12675,108,108,0,1,
12676,128,128,0,1,
12677,122,122,0,1,
12678,121,121,0,1,
12679,109,109,0,1,
12680,120,120,0,1,
12681,112,112,0,1,
12682,110,110,0,1,
12683,112,112,0,1,
12684,113,113,0,1,
12685,128,128,0,1,
12686,108,108,0,1,
12687,114,114,0,1,
12688,117,117,0,1,
12689,115,115,0,1,
12690,120,120,0,1,
12691,114,114,0,1,
12692,104,104,0,1,
12693,127,127,0,1,
12694,121,121,0,1,
12695,110,110,0,1,
12696,114,114,0,1,
12697,120,120,0,1,
12698,114,114,0,1,
12699,111,111,0,1,
12700,118,118,0,1,
12701,110,110,0,1,
12702,116,116,0,1,
12703,120,120,0,1,
12704,125,125,0,1,
12705,115,115,0,1,
12706,109,109,0,1,
12707,119,119,0,1,
12708,116,116,0,1,
12709,124,124,0,1,
12710,109,109,0,1,
12711,117,117,0,1,
12712,116,116,0,1,
12713,114,114,0,1,
12714,129,129,0,1,
12715,119,119,0,1,
12716,108,108,0,1,
12717,114,114,0,1,
12718,113,113,0,1,
12719,108,108,0,1,
12720,110,110,0,1,
12721,126,126,0,1,
12722,126,126,0,1,
12723,125,125,0,1,
12724,110,110,0,1,
12725,125,125,0,1,
12726,129,129,0,1,
12727,120,120,0,1,
12728,125,125,0,1,
12729,103,103,0,1,
12730,107,107,0,1,
12731,125,125,0,1,
12732,111,111,0,1,
12733,112,112,0,1,
12734,107,107,0,1,
12735,117,117,0,1,
12736,124,124,0,1,
12737,107,107,0,1,
12738,113,113,0,1,
12739,115,115,0,1,
12740,106,106,0,1,
12741,122,122,0,1,
12742,108,108,0,1,
12743,123,123,0,1,
12744,108,108,0,1,
12745,126,126,0,1,
12746,120,120,0,1,
12747,112,112,0,1,
12748,109,109,0,1,
12749,112,112,0,1,
12750,108,108,0,1,
12751,122,122,0,1,
12752,113,113,0,1,
12753,117,117,0,1,
12754,112,112,0,1,
12755,115,115,0,1,
12756,113,113,0,1,
12757,116,116,0,1,
12758,110,110,0,1,
12759,116,116,0,1,
12760,125,125,0,1,
12761,110,110,0,1,
12762,108,108,0,1,
12763,110,110,0,1,
12764,109,109,0,1,
12765,115,115,0,1,
12766,110,110,0,1,
12767,106,106,0,1,
12768,115,115,0,1,
12769,107,107,0,1,
12770,113,113,0,1,
12771,108,108,0,1,
12772,114,114,0,1,
12773,119,119,0,1,
12774,114,114,0,1,
12775,117,117,0,1,
12776,128,128,0,1,
12777,113,113,0,1,
12778,109,109,0,1,
12779,123,123,0,1,
12780,115,115,0,1,
12781,115,115,0,1,
12782,116,116,0,1,
12783,117,117,0,1,
12784,107,107,0,1,
12785,124,124,0,1,
12786,118,118,0,1,
12787,109,109,0,1,
12788,115,115,0,1,
12789,110,110,0,1,
12790,109,109,0,1,
12791,109,109,0,1,
12792,116,116,0,1,
12793,108,108,0,1,
12794,111,111,0,1,
12795,103,103,0,1,
12796,111,111,0,1,
12797,121,121,0,1,
12798,119,119,0,1,
12799,112,112,0,1,
12800,109,109,0,1,
12801,110,110,0,1,
12802,116,116,0,1,
12803,118,118,0,1,
12804,117,117,0,1,
12805,120,120,0,1,
12806,113,113,0,1,
12807,114,114,0,1,
12808,115,115,0,1,
12809,123,123,0,1,
12810,112,112,0,1,
12811,125,125,0,1,
12812,113,113,0,1,
12813,119,119,0,1,
12814,108,108,0,1,
12815,121,121,0,1,
12816,115,115,0,1,
12817,109,109,0,1,
12818,108,108,0,1,
12819,105,105,0,1,
12820,114,114,0,1,
12821,118,118,0,1,
12822,119,119,0,1,
12823,126,126,0,1,
12824,110,110,0,1,
12825,118,118,0,1,
12826,120,120,0,1,
12827,114,114,0,1,
12828,125,125,0,1,
12829,122,122,0,1,
12830,107,107,0,1,
12831,125,125,0,1,
12832,109,109,0,1,
12833,106,106,0,1,
12834,113,113,0,1,
12835,123,123,0,1,
12836,113,113,0,1,
12837,111,111,0,1,
12838,111,111,0,1,
12839,111,111,0,1,
12840,109,109,0,1,
12841,130,130,0,1,
12842,119,119,0,1,
12843,110,110,0,1,
12844,121,121,0,1,
12845,108,108,0,1,
12846,106,106,0,1,
12847,126,126,0,1,
12848,122,122,0,1,
12849,109,109,0,1,
12850,120,120,0,1,
12851,109,109,0,1,
12852,125,125,0,1,
12853,115,115,0,1,
12854,112,112,0,1,
12855,118,118,0,1,
12856,119,119,0,1,
12857,109,109,0,1,
12858,109,109,0,1,
12859,116,116,0,1,
12860,112,112,0,1,
12861,120,120,0,1,
12862,125,125,0,1,
12863,125,125,0,1,
12864,121,121,0,1,
12865,121,121,0,1,
12866,114,114,0,1,
12867,113,113,0,1,
12868,118,118,0,1,
12869,116,116,0,1,
12870,116,116,0,1,
12871,120,120,0,1,
12872,109,109,0,1,
12873,114,114,0,1,
12874,119,119,0,1,
12875,109,109,0,1,
12876,114,114,0,1,
12877,104,104,0,1,
12878,114,114,0,1,
12879,115,115,0,1,
12880,115,115,0,1,
12881,112,112,0,1,
12882,120,120,0,1,
12883,121,121,0,1,
12884,114,114,0,1,
12885,120,120,0,1,
12886,121,121,0,1,
12887,120,120,0,1,
12888,114,114,0,1,
12889,119,119,0,1,
12890,107,107,0,1,
12891,123,123,0,1,
12892,124,124,0,1,
12893,111,111,0,1,
12894,122,122,0,1,
12895,126,126,0,1,
12896,106,106,0,1,
12897,112,112,0,1,
12898,122,122,0,1,
12899,110,110,0,1,
12900,108,108,0,1,
12901,113,113,0,1,
12902,120,120,0,1,
12903,127,127,0,1,
12904,121,121,0,1,
12905,114,114,0,1,
12906,115,115,0,1,
12907,124,124,0,1,
12908,107,107,0,1,
12909,116,116,0,1,
12910,116,116,0,1,
12911,119,119,0,1,
12912,120,120,0,1,
12913,111,111,0,1,
12914,122,122,0,1,
12915,111,111,0,1,
12916,110,110,0,1,
12917,110,110,0,1,
12918,116,116,0,1,
12919,112,112,0,1,
12920,112,112,0,1,
12921,105,105,0,1,
12922,112,112,0,1,
12923,126,126,0,1,
12924,119,119,0,1,
12925,108,108,0,1,
12926,121,121,0,1,
12927,117,117,0,1,
12928,109,109,0,1,
12929,120,120,0,1,
12930,107,107,0,1,
12931,115,115,0,1,
12932,120,120,0,1,
12933,118,118,0,1,
12934,127,127,0,1,
12935,109,109,0,1,
12936,117,117,0,1,
12937,120,120,0,1,
12938,119,119,0,1,
12939,111,111,0,1,
12940,122,122,0,1,
12941,120,120,0,1,
12942,104,104,0,1,
12943,116,116,0,1,
12944,109,109,0,1,
12945,107,107,0,1,
12946,108,108,0,1,
12947,110,110,0,1,
12948,107,107,0,1,
12949,115,115,0,1,
12950,118,118,0,1,
12951,110,110,0,1,
12952,114,114,0,1,
12953,109,109,0,1,
12954,109,109,0,1,
12955,120,120,0,1,
12956,112,112,0,1,
12957,113,113,0,1,
12958,131,131,0,1,
12959,121,121,0,1,
12960,125,125,0,1,
12961,116,116,0,1,
12962,111,111,0,1,
12963,122,122,0,1,
12964,115,115,0,1,
12965,126,126,0,1,
12966,114,114,0,1,
12967,114,114,0,1,
12968,114,114,0,1,
12969,109,109,0,1,
12970,127,127,0,1,
12971,115,115,0,1,
12972,114,114,0,1,
12973,119,119,0,1,
12974,118,118,0,1,
12975,123,123,0,1,
12976,123,123,0,1,
12977,118,118,0,1,
12978,122,122,0,1,
12979,109,109,0,1,
12980,106,106,0,1,
12981,117,117,0,1,
12982,123,123,0,1,
12983,111,111,0,1,
12984,115,115,0,1,
12985,115,115,0,1,
12986,115,115,0,1,
12987,116,116,0,1,
12988,121,121,0,1,
12989,114,114,0,1,
12990,106,106,0,1,
12991,110,110,0,1,
12992,124,124,0,1,
12993,123,123,0,1,
12994,109,109,0,1,
12995,110,110,0,1,
12996,126,126,0,1,
12997,108,108,0,1,
12998,124,124,0,1,
12999,109,109,0,1,
13000,119,119,0,1,
13001,102,102,0,1,
13002,117,117,0,1,
13003,119,119,0,1,
13004,117,117,0,1,
13005,111,111,0,1,
13006,119,119,0,1,
13007,120,120,0,1,
13008,107,107,0,1,
13009,107,107,0,1,
13010,107,107,0,1,
13011,114,114,0,1,
13012,116,116,0,1,
13013,120,120,0,1,
13014,114,114,0,1,
13015,125,125,0,1,
13016,108,108,0,1,
13017,118,118,0,1,
13018,111,111,0,1,
13019,112,112,0,1,
13020,122,122,0,1,
13021,111,111,0,1,
13022,109,109,0,1,
13023,116,116,0,1,
13024,117,117,0,1,
13025,116,116,0,1,
13026,118,118,0,1,
13027,112,112,0,1,
13028,111,111,0,1,
13029,119,119,0,1,
13030,110,110,0,1,
13031,109,109,0,1,
13032,113,113,0,1,
13033,116,116,0,1,
13034,113,113,0,1,
13035,117,117,0,1,
13036,107,107,0,1,
13037,118,118,0,1,
13038,122,122,0,1,
13039,117,117,0,1,
13040,110,110,0,1,
13041,107,107,0,1,
13042,111,111,0,1,
13043,107,107,0,1,
13044,110,110,0,1,
13045,111,111,0,1,
13046,118,118,0,1,
13047,119,119,0,1,
13048,119,119,0,1,
13049,119,119,0,1,
13050,121,121,0,1,
13051,112,112,0,1,
13052,118,118,0,1,
13053,124,124,0,1,
13054,108,108,0,1,
13055,108,108,0,1,
13056,127,127,0,1,
13057,110,110,0,1,
13058,120,120,0,1,
13059,115,115,0,1,
13060,117,117,0,1,
13061,113,113,0,1,
13062,117,117,0,1,
13063,108,108,0,1,
13064,116,116,0,1,
13065,116,116,0,1,
13066,116,116,0,1,
13067,106,106,0,1,
13068,109,109,0,1,
13069,109,109,0,1,
13070,120,120,0,1,
13071,112,112,0,1,
13072,106,106,0,1,
13073,112,112,0,1,
13074,113,113,0,1,
13075,111,111,0,1,
13076,112,112,0,1,
13077,122,122,0,1,
13078,120,120,0,1,
13079,102,102,0,1,
13080,113,113,0,1,
13081,116,116,0,1,
13082,118,118,0,1,
13083,114,114,0,1,
13084,118,118,0,1,
13085,110,110,0,1,
13086,111,111,0,1,
13087,113,113,0,1,
13088,123,123,0,1,
13089,123,123,0,1,
13090,120,120,0,1,
13091,117,117,0,1,
13092,113,113,0,1,
13093,121,121,0,1,
13094,107,107,0,1,
13095,105,105,0,1,
13096,104,104,0,1,
13097,119,119,0,1,
13098,113,113,0,1,
13099,106,106,0,1,
13100,120,120,0,1,
13101,105,105,0,1,
13102,116,116,0,1,
13103,122,122,0,1,
13104,113,113,0,1,
13105,109,109,0,1,
13106,123,123,0,1,
13107,106,106,0,1,
13108,110,110,0,1,
13109,110,110,0,1,
13110,117,117,0,1,
13111,112,112,0,1,
13112,118,118,0,1,
13113,120,120,0,1,
13114,114,114,0,1,
13115,112,112,0,1,
13116,116,116,0,1,
13117,117,117,0,1,
13118,107,107,0,1,
13119,107,107,0,1,
13120,106,106,0,1,
13121,115,115,0,1,
13122,115,115,0,1,
13123,112,112,0,1,
13124,119,119,0,1,
13125,105,105,0,1,
13126,115,115,0,1,
13127,126,126,0,1,
13128,117,117,0,1,
13129,117,117,0,1,
13130,102,102,0,1,
13131,105,105,0,1,
13132,117,117,0,1,
13133,110,110,0,1,
13134,121,121,0,1,
13135,104,104,0,1,
13136,116,116,0,1,
13137,112,112,0,1,
13138,119,119,0,1,
13139,112,112,0,1,
13140,127,127,0,1,
13141,114,114,0,1,
13142,122,122,0,1,
13143,115,115,0,1,
13144,111,111,0,1,
13145,120,120,0,1,
13146,112,112,0,1,
13147,112,112,0,1,
13148,114,114,0,1,
13149,125,125,0,1,
13150,115,115,0,1,
13151,112,112,0,1,
13152,117,117,0,1,
13153,120,120,0,1,
13154,117,117,0,1,
13155,109,109,0,1,
13156,118,118,0,1,
13157,126,126,0,1,
13158,114,114,0,1,
13159,117,117,0,1,
13160,122,122,0,1,
13161,115,115,0,1,
13162,123,123,0,1,
13163,128,128,0,1,
13164,103,103,0,1,
13165,121,121,0,1,
13166,107,107,0,1,
13167,111,111,0,1,
13168,122,122,0,1,
13169,126,126,0,1,
13170,122,122,0,1,
13171,113,113,0,1,
13172,108,108,0,1,
13173,132,132,0,1,
13174,115,115,0,1,
13175,132,132,0,1,
13176,113,113,0,1,
13177,126,126,0,1,
13178,120,120,0,1,
13179,104,104,0,1,
13180,118,118,0,1,
13181,111,111,0,1,
13182,107,107,0,1,
13183,119,119,0,1,
13184,118,118,0,1,
13185,107,107,0,1,
13186,128,128,0,1,
13187,126,126,0,1,
13188,106,106,0,1,
13189,111,111,0,1,
13190,113,113,0,1,
13191,122,122,0,1,
13192,118,118,0,1,
13193,110,110,0,1,
13194,114,114,0,1,
13195,122,122,0,1,
13196,126,126,0,1,
13197,127,127,0,1,
13198,129,129,0,1,
13199,114,114,0,1,
13200,122,122,0,1,
13201,122,122,0,1,
13202,115,115,0,1,
13203,101,101,0,1,
13204,112,112,0,1,
13205,107,107,0,1,
13206,110,110,0,1,
13207,103,103,0,1,
13208,119,119,0,1,
13209,118,118,0,1,
13210,108,108,0,1,
13211,124,124,0,1,
13212,107,107,0,1,
13213,114,114,0,1,
13214,120,120,0,1,
13215,127,127,0,1,
13216,109,109,0,1,
13217,116,116,0,1,
13218,110,110,0,1,
13219,114,114,0,1,
13220,114,114,0,1,
13221,119,119,0,1,
13222,115,115,0,1,
13223,119,119,0,1,
13224,115,115,0,1,
13225,131,131,0,1,
13226,120,120,0,1,
13227,114,114,0,1,
13228,112,112,0,1,
13229,103,103,0,1,
13230,106,106,0,1,
13231,111,111,0,1,
13232,112,112,0,1,
13233,118,118,0,1,
13234,105,105,0,1,
13235,113,113,0,1,
13236,116,116,0,1,
13237,119,119,0,1,
13238,118,118,0,1,
13239,108,108,0,1,
13240,121,121,0,1,
13241,114,114,0,1,
13242,111,111,0,1,
13243,108,108,0,1,
13244,121,121,0,1,
13245,113,113,0,1,
13246,114,114,0,1,
13247,114,114,0,1,
13248,122,122,0,1,
13249,111,111,0,1,
13250,107,107,0,1,
13251,115,115,0,1,
13252,105,105,0,1,
13253,120,120,0,1,
13254,119,119,0,1,
13255,116,116,0,1,
13256,116,116,0,1,
13257,121,121,0,1,
13258,113,113,0,1,
13259,113,113,0,1,
13260,107,107,0,1,
13261,122,122,0,1,
13262,111,111,0,1,
13263,123,123,0,1,
13264,123,123,0,1,
13265,125,125,0,1,
13266,121,121,0,1,
13267,119,119,0,1,
13268,116,116,0,1,
13269,113,113,0,1,
13270,110,110,0,1,
13271,111,111,0,1,
13272,120,120,0,1,
13273,118,118,0,1,
13274,121,121,0,1,
13275,110,110,0,1,
13276,108,108,0,1,
13277,119,119,0,1,
13278,113,113,0,1,
13279,104,104,0,1,
13280,112,112,0,1,
13281,122,122,0,1,
13282,114,114,0,1,
13283,118,118,0,1,
13284,127,127,0,1,
13285,107,107,0,1,
13286,114,114,0,1,
13287,112,112,0,1,
13288,116,116,0,1,
13289,109,109,0,1,
13290,115,115,0,1,
13291,99,99,0,1,
13292,108,108,0,1,
13293,110,110,0,1,
13294,104,104,0,1,
13295,123,123,0,1,
13296,126,126,0,1,
13297,115,115,0,1,
13298,114,114,0,1,
13299,120,120,0,1,
13300,112,112,0,1,
13301,109,109,0,1,
13302,108,108,0,1,
13303,115,115,0,1,
13304,107,107,0,1,
13305,113,113,0,1,
13306,111,111,0,1,
13307,107,107,0,1,
13308,112,112,0,1,
13309,112,112,0,1,
13310,108,108,0,1,
13311,113,113,0,1,
13312,122,122,0,1,
13313,115,115,0,1,
13314,117,117,0,1,
13315,111,111,0,1,
13316,113,113,0,1,
13317,111,111,0,1,
13318,118,118,0,1,
13319,133,133,0,1,
13320,109,109,0,1,
13321,119,119,0,1,
13322,117,117,0,1,
13323,112,112,0,1,
13324,107,107,0,1,
13325,108,108,0,1,
13326,106,106,0,1,
13327,113,113,0,1,
13328,129,129,0,1,
13329,124,124,0,1,
13330,124,124,0,1,
13331,120,120,0,1,
13332,125,125,0,1,
13333,114,114,0,1,
13334,112,112,0,1,
13335,120,120,0,1,
13336,102,102,0,1,
13337,119,119,0,1,
13338,113,113,0,1,
13339,119,119,0,1,
13340,124,124,0,1,
13341,107,107,0,1,
13342,122,122,0,1,
13343,107,107,0,1,
13344,114,114,0,1,
13345,109,109,0,1,
13346,109,109,0,1,
13347,114,114,0,1,
13348,115,115,0,1,
13349,117,117,0,1,
13350,107,107,0,1,
13351,115,115,0,1,
13352,118,118,0,1,
13353,124,124,0,1,
13354,125,125,0,1,
13355,120,120,0,1,
13356,126,126,0,1,
13357,130,130,0,1,
13358,119,119,0,1,
13359,119,119,0,1,
13360,116,116,0,1,
13361,125,125,0,1,
13362,105,105,0,1,
13363,124,124,0,1,
13364,110,110,0,1,
13365,113,113,0,1,
13366,123,123,0,1,
13367,114,114,0,1,
13368,129,129,0,1,
13369,104,104,0,1,
13370,112,112,0,1,
13371,120,120,0,1,
13372,118,118,0,1,
13373,108,108,0,1,
13374,110,110,0,1,
13375,112,112,0,1,
13376,117,117,0,1,
13377,105,105,0,1,
13378,111,111,0,1,
13379,113,113,0,1,
13380,113,113,0,1,
13381,119,119,0,1,
13382,112,112,0,1,
13383,112,112,0,1,
13384,111,111,0,1,
13385,120,120,0,1,
13386,114,114,0,1,
13387,123,123,0,1,
13388,109,109,0,1,
13389,110,110,0,1,
13390,106,106,0,1,
13391,105,105,0,1,
13392,110,110,0,1,
13393,110,110,0,1,
13394,121,121,0,1,
13395,102,102,0,1,
13396,115,115,0,1,
13397,121,121,0,1,
13398,118,118,0,1,
13399,121,121,0,1,
13400,123,123,0,1,
13401,113,113,0,1,
13402,117,117,0,1,
13403,121,121,0,1,
13404,118,118,0,1,
13405,115,115,0,1,
13406,109,109,0,1,
13407,119,119,0,1,
13408,113,113,0,1,
13409,114,114,0,1,
13410,109,109,0,1,
13411,107,107,0,1,
13412,117,117,0,1,
13413,127,127,0,1,
13414,113,113,0,1,
13415,114,114,0,1,
13416,108,108,0,1,
13417,106,106,0,1,
13418,106,106,0,1,
13419,114,114,0,1,
13420,125,125,0,1,
13421,110,110,0,1,
13422,110,110,0,1,
13423,118,118,0,1,
13424,112,112,0,1,
13425,118,118,0,1,
13426,110,110,0,1,
13427,117,117,0,1,
13428,122,122,0,1,
13429,111,111,0,1,
13430,114,114,0,1,
13431,115,115,0,1,
13432,120,120,0,1,
13433,122,122,0,1,
13434,103,103,0,1,
13435,112,112,0,1,
13436,122,122,0,1,
13437,110,110,0,1,
13438,118,118,0,1,
13439,124,124,0,1,
13440,109,109,0,1,
13441,117,117,0,1,
13442,106,106,0,1,
13443,118,118,0,1,
13444,107,107,0,1,
13445,118,118,0,1,
13446,110,110,0,1,
13447,107,107,0,1,
13448,114,114,0,1,
13449,115,115,0,1,
13450,115,115,0,1,
13451,119,119,0,1,
13452,104,104,0,1,
13453,108,108,0,1,
13454,122,122,0,1,
13455,119,119,0,1,
13456,117,117,0,1,
13457,114,114,0,1,
13458,120,120,0,1,
13459,114,114,0,1,
13460,107,107,0,1,
13461,114,114,0,1,
13462,111,111,0,1,
13463,121,121,0,1,
13464,113,113,0,1,
13465,131,131,0,1,
13466,116,116,0,1,
13467,116,116,0,1,
13468,115,115,0,1,
13469,108,108,0,1,
13470,113,113,0,1,
13471,121,121,0,1,
13472,108,108,0,1,
13473,119,119,0,1,
13474,115,115,0,1,
13475,112,112,0,1,
13476,113,113,0,1,
13477,122,122,0,1,
13478,111,111,0,1,
13479,112,112,0,1,
13480,121,121,0,1,
13481,102,102,0,1,
13482,110,110,0,1,
13483,123,123,0,1,
13484,116,116,0,1,
13485,126,126,0,1,
13486,110,110,0,1,
13487,111,111,0,1,
13488,108,108,0,1,
13489,106,106,0,1,
13490,125,125,0,1,
13491,122,122,0,1,
13492,113,113,0,1,
13493,111,111,0,1,
13494,109,109,0,1,
13495,112,112,0,1,
13496,109,109,0,1,
13497,125,125,0,1,
13498,118,118,0,1,
13499,108,108,0,1,
13500,119,119,0,1,
13501,115,115,0,1,
13502,112,112,0,1,
13503,120,120,0,1,
13504,110,110,0,1,
13505,111,111,0,1,
13506,119,119,0,1,
13507,122,122,0,1,
13508,109,109,0,1,
13509,125,125,0,1,
13510,129,129,0,1,
13511,112,112,0,1,
13512,112,112,0,1,
13513,110,110,0,1,
13514,122,122,0,1,
13515,117,117,0,1,
13516,118,118,0,1,
13517,113,113,0,1,
13518,107,107,0,1,
13519,117,117,0,1,
13520,106,106,0,1,
13521,113,113,0,1,
13522,112,112,0,1,
13523,112,112,0,1,
13524,109,109,0,1,
13525,121,121,0,1,
13526,111,111,0,1,
13527,119,119,0,1,
13528,111,111,0,1,
13529,115,115,0,1,
13530,107,107,0,1,
13531,119,119,0,1,
13532,118,118,0,1,
13533,114,114,0,1,
13534,127,127,0,1,
13535,119,119,0,1,
13536,119,119,0,1,
13537,103,103,0,1,
13538,103,103,0,1,
13539,124,124,0,1,
13540,122,122,0,1,
13541,115,115,0,1,
13542,111,111,0,1,
13543,107,107,0,1,
13544,102,102,0,1,
13545,119,119,0,1,
13546,119,119,0,1,
13547,115,115,0,1,
13548,121,121,0,1,
13549,113,113,0,1,
13550,115,115,0,1,
13551,109,109,0,1,
13552,101,101,0,1,
13553,120,120,0,1,
13554,111,111,0,1,
13555,123,123,0,1,
13556,103,103,0,1,
13557,121,121,0,1,
13558,114,114,0,1,
13559,116,116,0,1,
13560,113,113,0,1,
13561,107,107,0,1,
13562,121,121,0,1,
13563,112,112,0,1,
13564,108,108,0,1,
13565,123,123,0,1,
13566,128,128,0,1,
13567,115,115,0,1,
13568,127,127,0,1,
13569,110,110,0,1,
13570,109,109,0,1,
13571,113,113,0,1,
13572,108,108,0,1,
13573,125,125,0,1,
13574,115,115,0,1,
13575,118,118,0,1,
13576,111,111,0,1,
13577,108,108,0,1,
13578,118,118,0,1,
13579,115,115,0,1,
13580,113,113,0,1,
13581,114,114,0,1,
13582,127,127,0,1,
13583,119,119,0,1,
13584,109,109,0,1,
13585,121,121,0,1,
13586,126,126,0,1,
13587,107,107,0,1,
13588,115,115,0,1,
13589,110,110,0,1,
13590,126,126,0,1,
13591,120,120,0,1,
13592,117,117,0,1,
13593,117,117,0,1,
13594,116,116,0,1,
13595,111,111,0,1,
13596,124,124,0,1,
13597,116,116,0,1,
13598,114,114,0,1,
13599,128,128,0,1,
13600,117,117,0,1,
13601,110,110,0,1,
13602,107,107,0,1,
13603,114,114,0,1,
13604,116,116,0,1,
13605,120,120,0,1,
13606,126,126,0,1,
13607,117,117,0,1,
13608,121,121,0,1,
13609,117,117,0,1,
13610,113,113,0,1,
13611,110,110,0,1,
13612,113,113,0,1,
13613,123,123,0,1,
13614,123,123,0,1,
13615,103,103,0,1,
13616,118,118,0,1,
13617,114,114,0,1,
13618,110,110,0,1,
13619,104,104,0,1,
13620,106,106,0,1,
13621,114,114,0,1,
13622,116,116,0,1,
13623,125,125,0,1,
13624,109,109,0,1,
13625,110,110,0,1,
13626,114,114,0,1,
13627,120,120,0,1,
13628,124,124,0,1,
13629,109,109,0,1,
13630,106,106,0,1,
13631,131,131,0,1,
13632,111,111,0,1,
13633,114,114,0,1,
13634,111,111,0,1,
13635,112,112,0,1,
13636,116,116,0,1,
13637,108,108,0,1,
13638,121,121,0,1,
13639,123,123,0,1,
13640,113,113,0,1,
13641,112,112,0,1,
13642,113,113,0,1,
13643,113,113,0,1,
13644,108,108,0,1,
13645,102,102,0,1,
13646,109,109,0,1,
13647,114,114,0,1,
13648,116,116,0,1,
13649,107,107,0,1,
13650,120,120,0,1,
13651,111,111,0,1,
13652,128,128,0,1,
13653,105,105,0,1,
13654,114,114,0,1,
13655,114,114,0,1,
13656,115,115,0,1,
13657,127,127,0,1,
13658,116,116,0,1,
13659,112,112,0,1,
13660,119,119,0,1,
13661,110,110,0,1,
13662,118,118,0,1,
13663,117,117,0,1,
13664,123,123,0,1,
13665,112,112,0,1,
13666,112,112,0,1,
13667,112,112,0,1,
13668,115,115,0,1,
13669,125,125,0,1,
13670,109,109,0,1,
13671,110,110,0,1,
13672,106,106,0,1,
13673,123,123,0,1,
13674,112,112,0,1,
13675,117,117,0,1,
13676,106,106,0,1,
13677,108,108,0,1,
13678,115,115,0,1,
13679,113,113,0,1,
13680,116,116,0,1,
13681,114,114,0,1,
13682,109,109,0,1,
13683,114,114,0,1,
13684,118,118,0,1,
13685,106,106,0,1,
13686,116,116,0,1,
13687,105,105,0,1,
13688,114,114,0,1,
13689,128,128,0,1,
13690,118,118,0,1,
13691,109,109,0,1,
13692,117,117,0,1,
13693,116,116,0,1,
13694,111,111,0,1,
13695,115,115,0,1,
13696,108,108,0,1,
13697,127,127,0,1,
13698,116,116,0,1,
13699,118,118,0,1,
13700,113,113,0,1,
13701,109,109,0,1,
13702,109,109,0,1,
13703,118,118,0,1,
13704,109,109,0,1,
13705,121,121,0,1,
13706,111,111,0,1,
13707,118,118,0,1,
13708,122,122,0,1,
13709,111,111,0,1,
13710,115,115,0,1,
13711,126,126,0,1,
13712,114,114,0,1,
13713,103,103,0,1,
13714,124,124,0,1,
13715,107,107,0,1,
13716,114,114,0,1,
13717,112,112,0,1,
13718,114,114,0,1,
13719,116,116,0,1,
13720,124,124,0,1,
13721,116,116,0,1,
13722,112,112,0,1,
13723,117,117,0,1,
13724,119,119,0,1,
13725,112,112,0,1,
13726,123,123,0,1,
13727,126,126,0,1,
13728,124,124,0,1,
13729,121,121,0,1,
13730,109,109,0,1,
13731,105,105,0,1,
13732,113,113,0,1,
13733,113,113,0,1,
13734,117,117,0,1,
13735,122,122,0,1,
13736,121,121,0,1,
13737,126,126,0,1,
13738,118,118,0,1,
13739,111,111,0,1,
13740,110,110,0,1,
13741,116,116,0,1,
13742,112,112,0,1,
13743,124,124,0,1,
13744,111,111,0,1,
13745,111,111,0,1,
13746,120,120,0,1,
13747,123,123,0,1,
13748,111,111,0,1,
13749,114,114,0,1,
13750,126,126,0,1,
13751,123,123,0,1,
13752,118,118,0,1,
13753,117,117,0,1,
13754,122,122,0,1,
13755,113,113,0,1,
13756,112,112,0,1,
13757,101,101,0,1,
13758,113,113,0,1,
13759,116,116,0,1,
13760,133,133,0,1,
13761,116,116,0,1,
13762,118,118,0,1,
13763,111,111,0,1,
13764,115,115,0,1,
13765,120,120,0,1,
13766,119,119,0,1,
13767,116,116,0,1,
13768,114,114,0,1,
13769,119,119,0,1,
13770,110,110,0,1,
13771,116,116,0,1,
13772,116,116,0,1,
13773,116,116,0,1,
13774,116,116,0,1,
13775,113,113,0,1,
13776,125,125,0,1,
13777,114,114,0,1,
13778,118,118,0,1,
13779,113,113,0,1,
13780,119,119,0,1,
13781,117,117,0,1,
13782,110,110,0,1,
13783,105,105,0,1,
13784,119,119,0,1,
13785,112,112,0,1,
13786,106,106,0,1,
13787,115,115,0,1,
13788,113,113,0,1,
13789,123,123,0,1,
13790,121,121,0,1,
13791,121,121,0,1,
13792,113,113,0,1,
13793,116,116,0,1,
13794,111,111,0,1,
13795,112,112,0,1,
13796,110,110,0,1,
13797,110,110,0,1,
13798,112,112,0,1,
13799,126,126,0,1,
13800,118,118,0,1,
13801,121,121,0,1,
13802,106,106,0,1,
13803,119,119,0,1,
13804,114,114,0,1,
13805,105,105,0,1,
13806,108,108,0,1,
13807,122,122,0,1,
13808,119,119,0,1,
13809,116,116,0,1,
13810,113,113,0,1,
13811,106,106,0,1,
13812,117,117,0,1,
13813,111,111,0,1,
13814,114,114,0,1,
13815,120,120,0,1,
13816,114,114,0,1,
13817,117,117,0,1,
13818,114,114,0,1,
13819,109,109,0,1,
13820,123,123,0,1,
13821,117,117,0,1,
13822,116,116,0,1,
13823,112,112,0,1,
13824,125,125,0,1,
13825,122,122,0,1,
13826,118,118,0,1,
13827,109,109,0,1,
13828,112,112,0,1,
13829,114,114,0,1,
13830,116,116,0,1,
13831,113,113,0,1,
13832,117,117,0,1,
13833,107,107,0,1,
13834,108,108,0,1,
13835,116,116,0,1,
13836,109,109,0,1,
13837,114,114,0,1,
13838,109,109,0,1,
13839,110,110,0,1,
13840,131,131,0,1,
13841,111,111,0,1,
13842,117,117,0,1,
13843,120,120,0,1,
13844,117,117,0,1,
13845,102,102,0,1,
13846,113,113,0,1,
13847,113,113,0,1,
13848,108,108,0,1,
13849,118,118,0,1,
13850,113,113,0,1,
13851,116,116,0,1,
13852,112,112,0,1,
13853,123,123,0,1,
13854,123,123,0,1,
13855,116,116,0,1,
13856,111,111,0,1,
13857,117,117,0,1,
13858,128,128,0,1,
13859,120,120,0,1,
13860,123,123,0,1,
13861,106,106,0,1,
13862,118,118,0,1,
13863,118,118,0,1,
13864,118,118,0,1,
13865,117,117,0,1,
13866,122,122,0,1,
13867,113,113,0,1,
13868,115,115,0,1,
13869,114,114,0,1,
13870,122,122,0,1,
13871,109,109,0,1,
13872,115,115,0,1,
13873,119,119,0,1,
13874,116,116,0,1,
13875,122,122,0,1,
13876,115,115,0,1,
13877,121,121,0,1,
13878,119,119,0,1,
13879,124,124,0,1,
13880,109,109,0,1,
13881,104,104,0,1,
13882,128,128,0,1,
13883,108,108,0,1,
13884,117,117,0,1,
13885,109,109,0,1,
13886,121,121,0,1,
13887,115,115,0,1,
13888,111,111,0,1,
13889,107,107,0,1,
13890,109,109,0,1,
13891,106,106,0,1,
13892,111,111,0,1,
13893,121,121,0,1,
13894,117,117,0,1,
13895,121,121,0,1,
13896,119,119,0,1,
13897,116,116,0,1,
13898,115,115,0,1,
13899,125,125,0,1,
13900,111,111,0,1,
13901,118,118,0,1,
13902,103,103,0,1,
13903,123,123,0,1,
13904,121,121,0,1,
13905,104,104,0,1,
13906,107,107,0,1,
13907,115,115,0,1,
13908,119,119,0,1,
13909,106,106,0,1,
13910,112,112,0,1,
13911,113,113,0,1,
13912,108,108,0,1,
13913,112,112,0,1,
13914,115,115,0,1,
13915,109,109,0,1,
13916,124,124,0,1,
13917,121,121,0,1,
13918,117,117,0,1,
13919,107,107,0,1,
13920,127,127,0,1,
13921,117,117,0,1,
13922,116,116,0,1,
13923,115,115,0,1,
13924,124,124,0,1,
13925,116,116,0,1,
13926,126,126,0,1,
13927,117,117,0,1,
13928,119,119,0,1,
13929,117,117,0,1,
13930,124,124,0,1,
13931,106,106,0,1,
13932,116,116,0,1,
13933,118,118,0,1,
13934,115,115,0,1,
13935,119,119,0,1,
13936,108,108,0,1,
13937,120,120,0,1,
13938,111,111,0,1,
13939,114,114,0,1,
13940,112,112,0,1,
13941,118,118,0,1,
13942,114,114,0,1,
13943,115,115,0,1,
13944,121,121,0,1,
13945,122,122,0,1,
13946,115,115,0,1,
13947,113,113,0,1,
13948,123,123,0,1,
13949,114,114,0,1,
13950,107,107,0,1,
13951,105,105,0,1,
13952,118,118,0,1,
13953,109,109,0,1,
13954,109,109,0,1,
13955,108,108,0,1,
13956,121,121,0,1,
13957,117,117,0,1,
13958,123,123,0,1,
13959,111,111,0,1,
13960,125,125,0,1,
13961,119,119,0,1,
13962,118,118,0,1,
13963,129,129,0,1,
13964,109,109,0,1,
13965,115,115,0,1,
13966,110,110,0,1,
13967,105,105,0,1,
13968,115,115,0,1,
13969,123,123,0,1,
13970,129,129,0,1,
13971,108,108,0,1,
13972,115,115,0,1,
13973,115,115,0,1,
13974,120,120,0,1,
13975,116,116,0,1,
13976,108,108,0,1,
13977,117,117,0,1,
13978,117,117,0,1,
13979,120,120,0,1,
13980,114,114,0,1,
13981,106,106,0,1,
13982,107,107,0,1,
13983,113,113,0,1,
13984,111,111,0,1,
13985,118,118,0,1,
13986,111,111,0,1,
13987,121,121,0,1,
13988,119,119,0,1,
13989,112,112,0,1,
13990,110,110,0,1,
13991,123,123,0,1,
13992,125,125,0,1,
13993,106,106,0,1,
13994,114,114,0,1,
13995,127,127,0,1,
13996,112,112,0,1,
13997,115,115,0,1,
13998,116,116,0,1,
13999,121,121,0,1,
14000,106,106,0,1,
14001,116,116,0,1,
14002,116,116,0,1,
14003,111,111,0,1,
14004,112,112,0,1,
14005,118,118,0,1,
14006,116,116,0,1,
14007,111,111,0,1,
14008,112,112,0,1,
14009,114,114,0,1,
14010,116,116,0,1,
14011,117,117,0,1,
14012,111,111,0,1,
14013,106,106,0,1,
14014,115,115,0,1,
14015,116,116,0,1,
14016,114,114,0,1,
14017,118,118,0,1,
14018,113,113,0,1,
14019,108,108,0,1,
14020,126,126,0,1,
14021,111,111,0,1,
14022,114,114,0,1,
14023,120,120,0,1,
14024,115,115,0,1,
14025,114,114,0,1,
14026,114,114,0,1,
14027,111,111,0,1,
14028,112,112,0,1,
14029,116,116,0,1,
14030,113,113,0,1,
14031,112,112,0,1,
14032,126,126,0,1,
14033,122,122,0,1,
14034,106,106,0,1,
14035,118,118,0,1,
14036,123,123,0,1,
14037,106,106,0,1,
14038,113,113,0,1,
14039,125,125,0,1,
14040,117,117,0,1,
14041,114,114,0,1,
14042,111,111,0,1,
14043,121,121,0,1,
14044,124,124,0,1,
14045,108,108,0,1,
14046,111,111,0,1,
14047,112,112,0,1,
14048,124,124,0,1,
14049,104,104,0,1,
14050,108,108,0,1,
14051,115,115,0,1,
14052,115,115,0,1,
14053,117,117,0,1,
14054,115,115,0,1,
14055,127,127,0,1,
14056,114,114,0,1,
14057,120,120,0,1,
14058,117,117,0,1,
14059,115,115,0,1,
14060,127,127,0,1,
14061,107,107,0,1,
14062,114,114,0,1,
14063,115,115,0,1,
14064,110,110,0,1,
14065,113,113,0,1,
14066,120,120,0,1,
14067,109,109,0,1,
14068,120,120,0,1,
14069,110,110,0,1,
14070,111,111,0,1,
14071,108,108,0,1,
14072,121,121,0,1,
14073,116,116,0,1,
14074,126,126,0,1,
14075,115,115,0,1,
14076,108,108,0,1,
14077,115,115,0,1,
14078,126,126,0,1,
14079,119,119,0,1,
14080,108,108,0,1,
14081,110,110,0,1,
14082,109,109,0,1,
14083,117,117,0,1,
14084,119,119,0,1,
14085,111,111,0,1,
14086,112,112,0,1,
14087,128,128,0,1,
14088,120,120,0,1,
14089,117,117,0,1,
14090,107,107,0,1,
14091,112,112,0,1,
14092,113,113,0,1,
14093,125,125,0,1,
14094,117,117,0,1,
14095,111,111,0,1,
14096,120,120,0,1,
14097,124,124,0,1,
14098,115,115,0,1,
14099,114,114,0,1,
14100,124,124,0,1,
14101,121,121,0,1,
14102,119,119,0,1,
14103,110,110,0,1,
14104,119,119,0,1,
14105,109,109,0,1,
14106,106,106,0,1,
14107,106,106,0,1,
14108,114,114,0,1,
14109,112,112,0,1,
14110,110,110,0,1,
14111,118,118,0,1,
14112,117,117,0,1,
14113,114,114,0,1,
14114,107,107,0,1,
14115,108,108,0,1,
14116,124,124,0,1,
14117,117,117,0,1,
14118,109,109,0,1,
14119,116,116,0,1,
14120,112,112,0,1,
14121,122,122,0,1,
14122,108,108,0,1,
14123,117,117,0,1,
14124,127,127,0,1,
14125,109,109,0,1,
14126,114,114,0,1,
14127,121,121,0,1,
14128,114,114,0,1,
14129,112,112,0,1,
14130,119,119,0,1,
14131,116,116,0,1,
14132,105,105,0,1,
14133,109,109,0,1,
14134,112,112,0,1,
14135,121,121,0,1,
14136,114,114,0,1,
14137,112,112,0,1,
14138,105,105,0,1,
14139,126,126,0,1,
14140,120,120,0,1,
14141,115,115,0,1,
14142,121,121,0,1,
14143,120,120,0,1,
14144,119,119,0,1,
14145,124,124,0,1,
14146,108,108,0,1,
14147,123,123,0,1,
14148,117,117,0,1,
14149,124,124,0,1,
14150,119,119,0,1,
14151,121,121,0,1,
14152,111,111,0,1,
14153,118,118,0,1,
14154,105,105,0,1,
14155,110,110,0,1,
14156,105,105,0,1,
14157,115,115,0,1,
14158,115,115,0,1,
14159,110,110,0,1,
14160,118,118,0,1,
14161,113,113,0,1,
14162,118,118,0,1,
14163,117,117,0,1,
14164,127,127,0,1,
14165,115,115,0,1,
14166,119,119,0,1,
14167,109,109,0,1,
14168,108,108,0,1,
14169,123,123,0,1,
14170,124,124,0,1,
14171,116,116,0,1,
14172,120,120,0,1,
14173,127,127,0,1,
14174,118,118,0,1,
14175,119,119,0,1,
14176,128,128,0,1,
14177,115,115,0,1,
14178,116,116,0,1,
14179,113,113,0,1,
14180,130,130,0,1,
14181,118,118,0,1,
14182,112,112,0,1,
14183,119,119,0,1,
14184,122,122,0,1,
14185,113,113,0,1,
14186,112,112,0,1,
14187,111,111,0,1,
14188,125,125,0,1,
14189,112,112,0,1,
14190,117,117,0,1,
14191,118,118,0,1,
14192,124,124,0,1,
14193,112,112,0,1,
14194,106,106,0,1,
14195,112,112,0,1,
14196,116,116,0,1,
14197,116,116,0,1,
14198,110,110,0,1,
14199,123,123,0,1,
14200,110,110,0,1,
14201,108,108,0,1,
14202,112,112,0,1,
14203,113,113,0,1,
14204,113,113,0,1,
14205,113,113,0,1,
14206,112,112,0,1,
14207,114,114,0,1,
14208,107,107,0,1,
14209,112,112,0,1,
14210,132,132,0,1,
14211,120,120,0,1,
14212,109,109,0,1,
14213,119,119,0,1,
14214,113,113,0,1,
14215,109,109,0,1,
14216,116,116,0,1,
14217,111,111,0,1,
14218,120,120,0,1,
14219,109,109,0,1,
14220,119,119,0,1,
14221,106,106,0,1,
14222,121,121,0,1,
14223,103,103,0,1,
14224,116,116,0,1,
14225,109,109,0,1,
14226,109,109,0,1,
14227,124,124,0,1,
14228,105,105,0,1,
14229,112,112,0,1,
14230,108,108,0,1,
14231,122,122,0,1,
14232,117,117,0,1,
14233,121,121,0,1,
14234,108,108,0,1,
14235,117,117,0,1,
14236,104,104,0,1,
14237,127,127,0,1,
14238,120,120,0,1,
14239,105,105,0,1,
14240,109,109,0,1,
14241,115,115,0,1,
14242,114,114,0,1,
14243,119,119,0,1,
14244,111,111,0,1,
14245,111,111,0,1,
14246,113,113,0,1,
14247,113,113,0,1,
14248,111,111,0,1,
14249,110,110,0,1,
14250,126,126,0,1,
14251,117,117,0,1,
14252,121,121,0,1,
14253,113,113,0,1,
14254,111,111,0,1,
14255,122,122,0,1,
14256,119,119,0,1,
14257,125,125,0,1,
14258,110,110,0,1,
14259,114,114,0,1,
14260,113,113,0,1,
14261,113,113,0,1,
14262,119,119,0,1,
14263,105,105,0,1,
14264,126,126,0,1,
14265,117,117,0,1,
14266,119,119,0,1,
14267,117,117,0,1,
14268,128,128,0,1,
14269,105,105,0,1,
14270,114,114,0,1,
14271,109,109,0,1,
14272,115,115,0,1,
14273,113,113,0,1,
14274,121,121,0,1,
14275,116,116,0,1,
14276,114,114,0,1,
14277,111,111,0,1,
14278,108,108,0,1,
14279,111,111,0,1,
14280,120,120,0,1,
14281,114,114,0,1,
14282,117,117,0,1,
14283,114,114,0,1,
14284,127,127,0,1,
14285,122,122,0,1,
14286,112,112,0,1,
14287,107,107,0,1,
14288,114,114,0,1,
14289,123,123,0,1,
14290,114,114,0,1,
14291,109,109,0,1,
14292,121,121,0,1,
14293,114,114,0,1,
14294,122,122,0,1,
14295,109,109,0,1,
14296,124,124,0,1,
14297,113,113,0,1,
14298,107,107,0,1,
14299,125,125,0,1,
14300,110,110,0,1,
14301,118,118,0,1,
14302,114,114,0,1,
14303,105,105,0,1,
14304,118,118,0,1,
14305,124,124,0,1,
14306,124,124,0,1,
14307,119,119,0,1,
14308,123,123,0,1,
14309,117,117,0,1,
14310,110,110,0,1,
14311,108,108,0,1,
14312,106,106,0,1,
14313,113,113,0,1,
14314,120,120,0,1,
14315,111,111,0,1,
14316,113,113,0,1,
14317,109,109,0,1,
14318,106,106,0,1,
14319,122,122,0,1,
14320,110,110,0,1,
14321,109,109,0,1,
14322,117,117,0,1,
14323,108,108,0,1,
14324,116,116,0,1,
14325,109,109,0,1,
14326,118,118,0,1,
14327,124,124,0,1,
14328,112,112,0,1,
14329,110,110,0,1,
14330,117,117,0,1,
14331,114,114,0,1,
14332,122,122,0,1,
14333,124,124,0,1,
14334,125,125,0,1,
14335,124,124,0,1,
14336,110,110,0,1,
14337,114,114,0,1,
14338,112,112,0,1,
14339,108,108,0,1,
14340,111,111,0,1,
14341,109,109,0,1,
14342,105,105,0,1,
14343,109,109,0,1,
14344,111,111,0,1,
14345,119,119,0,1,
14346,117,117,0,1,
14347,121,121,0,1,
14348,126,126,0,1,
14349,117,117,0,1,
14350,108,108,0,1,
14351,111,111,0,1,
14352,117,117,0,1,
14353,119,119,0,1,
14354,107,107,0,1,
14355,124,124,0,1,
14356,108,108,0,1,
14357,126,126,0,1,
14358,116,116,0,1,
14359,134,134,0,1,
14360,105,105,0,1,
14361,111,111,0,1,
14362,113,113,0,1,
14363,115,115,0,1,
14364,125,125,0,1,
14365,120,120,0,1,
14366,109,109,0,1,
14367,108,108,0,1,
14368,119,119,0,1,
14369,106,106,0,1,
14370,112,112,0,1,
14371,112,112,0,1,
14372,113,113,0,1,
14373,109,109,0,1,
14374,106,106,0,1,
14375,111,111,0,1,
14376,109,109,0,1,
14377,118,118,0,1,
14378,117,117,0,1,
14379,122,122,0,1,
14380,120,120,0,1,
14381,109,109,0,1,
14382,122,122,0,1,
14383,119,119,0,1,
14384,113,113,0,1,
14385,117,117,0,1,
14386,122,122,0,1,
14387,122,122,0,1,
14388,120,120,0,1,
14389,114,114,0,1,
14390,119,119,0,1,
14391,115,115,0,1,
14392,116,116,0,1,
14393,114,114,0,1,
14394,114,114,0,1,
14395,116,116,0,1,
14396,119,119,0,1,
14397,104,104,0,1,
14398,110,110,0,1,
14399,112,112,0,1,
14400,110,110,0,1,
14401,115,115,0,1,
14402,106,106,0,1,
14403,109,109,0,1,
14404,121,121,0,1,
14405,109,109,0,1,
14406,115,115,0,1,
14407,123,123,0,1,
14408,114,114,0,1,
14409,117,117,0,1,
14410,127,127,0,1,
14411,117,117,0,1,
14412,112,112,0,1,
14413,114,114,0,1,
14414,121,121,0,1,
14415,110,110,0,1,
14416,121,121,0,1,
14417,109,109,0,1,
14418,119,119,0,1,
14419,107,107,0,1,
14420,122,122,0,1,
14421,106,106,0,1,
14422,114,114,0,1,
14423,120,120,0,1,
14424,112,112,0,1,
14425,114,114,0,1,
14426,117,117,0,1,
14427,118,118,0,1,
14428,110,110,0,1,
14429,129,129,0,1,
14430,119,119,0,1,
14431,111,111,0,1,
14432,115,115,0,1,
14433,125,125,0,1,
14434,107,107,0,1,
14435,121,121,0,1,
14436,103,103,0,1,
14437,119,119,0,1,
14438,124,124,0,1,
14439,110,110,0,1,
14440,113,113,0,1,
14441,118,118,0,1,
14442,111,111,0,1,
14443,119,119,0,1,
14444,109,109,0,1,
14445,112,112,0,1,
14446,122,122,0,1,
14447,118,118,0,1,
14448,108,108,0,1,
14449,109,109,0,1,
14450,112,112,0,1,
14451,110,110,0,1,
14452,105,105,0,1,
14453,115,115,0,1,
14454,116,116,0,1,
14455,115,115,0,1,
14456,112,112,0,1,
14457,107,107,0,1,
14458,113,113,0,1,
14459,104,104,0,1,
14460,103,103,0,1,
14461,114,114,0,1,
14462,114,114,0,1,
14463,110,110,0,1,
14464,121,121,0,1,
14465,109,109,0,1,
14466,113,113,0,1,
14467,105,105,0,1,
14468,107,107,0,1,
14469,127,127,0,1,
14470,124,124,0,1,
14471,107,107,0,1,
14472,114,114,0,1,
14473,114,114,0,1,
14474,106,106,0,1,
14475,109,109,0,1,
14476,110,110,0,1,
14477,132,132,0,1,
14478,125,125,0,1,
14479,123,123,0,1,
14480,124,124,0,1,
14481,121,121,0,1,
14482,114,114,0,1,
14483,110,110,0,1,
14484,114,114,0,1,
14485,116,116,0,1,
14486,117,117,0,1,
14487,131,131,0,1,
14488,123,123,0,1,
14489,118,118,0,1,
14490,104,104,0,1,
14491,110,110,0,1,
14492,125,125,0,1,
14493,122,122,0,1,
14494,116,116,0,1,
14495,120,120,0,1,
14496,122,122,0,1,
14497,109,109,0,1,
14498,117,117,0,1,
14499,119,119,0,1,
14500,109,109,0,1,
14501,121,121,0,1,
14502,118,118,0,1,
14503,115,115,0,1,
14504,120,120,0,1,
14505,110,110,0,1,
14506,107,107,0,1,
14507,112,112,0,1,
14508,118,118,0,1,
14509,115,115,0,1,
14510,132,132,0,1,
14511,118,118,0,1,
14512,114,114,0,1,
14513,116,116,0,1,
14514,109,109,0,1,
14515,122,122,0,1,
14516,115,115,0,1,
14517,105,105,0,1,
14518,111,111,0,1,
14519,117,117,0,1,
14520,110,110,0,1,
14521,112,112,0,1,
14522,124,124,0,1,
14523,109,109,0,1,
14524,120,120,0,1,
14525,109,109,0,1,
14526,108,108,0,1,
14527,113,113,0,1,
14528,120,120,0,1,
14529,112,112,0,1,
14530,120,120,0,1,
14531,128,128,0,1,
14532,117,117,0,1,
14533,115,115,0,1,
14534,123,123,0,1,
14535,108,108,0,1,
14536,118,118,0,1,
14537,106,106,0,1,
14538,119,119,0,1,
14539,129,129,0,1,
14540,115,115,0,1,
14541,113,113,0,1,
14542,118,118,0,1,
14543,122,122,0,1,
14544,122,122,0,1,
14545,116,116,0,1,
14546,121,121,0,1,
14547,113,113,0,1,
14548,115,115,0,1,
14549,120,120,0,1,
14550,112,112,0,1,
14551,124,124,0,1,
14552,116,116,0,1,
14553,122,122,0,1,
14554,118,118,0,1,
14555,122,122,0,1,
14556,116,116,0,1,
14557,118,118,0,1,
14558,104,104,0,1,
14559,123,123,0,1,
14560,126,126,0,1,
14561,108,108,0,1,
14562,114,114,0,1,
14563,115,115,0,1,
14564,112,112,0,1,
14565,107,107,0,1,
14566,117,117,0,1,
14567,117,117,0,1,
14568,123,123,0,1,
14569,105,105,0,1,
14570,113,113,0,1,
14571,102,102,0,1,
14572,115,115,0,1,
14573,105,105,0,1,
14574,113,113,0,1,
14575,108,108,0,1,
14576,107,107,0,1,
14577,115,115,0,1,
14578,104,104,0,1,
14579,102,102,0,1,
14580,128,128,0,1,
14581,109,109,0,1,
14582,119,119,0,1,
14583,106,106,0,1,
14584,116,116,0,1,
14585,120,120,0,1,
14586,127,127,0,1,
14587,115,115,0,1,
14588,106,106,0,1,
14589,113,113,0,1,
14590,116,116,0,1,
14591,107,107,0,1,
14592,107,107,0,1,
14593,115,115,0,1,
14594,114,114,0,1,
14595,106,106,0,1,
14596,111,111,0,1,
14597,127,127,0,1,
14598,112,112,0,1,
14599,114,114,0,1,
14600,123,123,0,1,
14601,117,117,0,1,
14602,117,117,0,1,
14603,104,104,0,1,
14604,118,118,0,1,
14605,115,115,0,1,
14606,119,119,0,1,
14607,113,113,0,1,
14608,108,108,0,1,
14609,122,122,0,1,
14610,120,120,0,1,
14611,112,112,0,1,
14612,117,117,0,1,
14613,129,129,0,1,
14614,116,116,0,1,
14615,122,122,0,1,
14616,121,121,0,1,
14617,113,113,0,1,
14618,105,105,0,1,
14619,126,126,0,1,
14620,112,112,0,1,
14621,115,115,0,1,
14622,115,115,0,1,
14623,119,119,0,1,
14624,118,118,0,1,
14625,114,114,0,1,
14626,118,118,0,1,
14627,116,116,0,1,
14628,110,110,0,1,
14629,106,106,0,1,
14630,109,109,0,1,
14631,103,103,0,1,
14632,113,113,0,1,
14633,116,116,0,1,
14634,121,121,0,1,
14635,123,123,0,1,
14636,111,111,0,1,
14637,115,115,0,1,
14638,113,113,0,1,
14639,103,103,0,1,
14640,116,116,0,1,
14641,111,111,0,1,
14642,107,107,0,1,
14643,121,121,0,1,
14644,118,118,0,1,
14645,123,123,0,1,
14646,108,108,0,1,
14647,110,110,0,1,
14648,109,109,0,1,
14649,121,121,0,1,
14650,112,112,0,1,
14651,113,113,0,1,
14652,114,114,0,1,
14653,116,116,0,1,
14654,118,118,0,1,
14655,113,113,0,1,
14656,110,110,0,1,
14657,116,116,0,1,
14658,113,113,0,1,
14659,112,112,0,1,
14660,127,127,0,1,
14661,114,114,0,1,
14662,121,121,0,1,
14663,108,108,0,1,
14664,115,115,0,1,
14665,117,117,0,1,
14666,116,116,0,1,
14667,122,122,0,1,
14668,118,118,0,1,
14669,110,110,0,1,
14670,103,103,0,1,
14671,119,119,0,1,
14672,111,111,0,1,
14673,119,119,0,1,
14674,114,114,0,1,
14675,113,113,0,1,
14676,115,115,0,1,
14677,127,127,0,1,
14678,122,122,0,1,
14679,121,121,0,1,
14680,111,111,0,1,
14681,117,117,0,1,
14682,104,104,0,1,
14683,111,111,0,1,
14684,124,124,0,1,
14685,119,119,0,1,
14686,123,123,0,1,
14687,113,113,0,1,
14688,120,120,0,1,
14689,113,113,0,1,
14690,118,118,0,1,
14691,111,111,0,1,
14692,121,121,0,1,
14693,119,119,0,1,
14694,110,110,0,1,
14695,117,117,0,1,
14696,114,114,0,1,
14697,126,126,0,1,
14698,110,110,0,1,
14699,113,113,0,1,
14700,112,112,0,1,
14701,118,118,0,1,
14702,106,106,0,1,
14703,116,116,0,1,
14704,110,110,0,1,
14705,109,109,0,1,
14706,111,111,0,1,
14707,109,109,0,1,
14708,116,116,0,1,
14709,116,116,0,1,
14710,129,129,0,1,
14711,111,111,0,1,
14712,117,117,0,1,
14713,116,116,0,1,
14714,115,115,0,1,
14715,116,116,0,1,
14716,127,127,0,1,
14717,103,103,0,1,
14718,119,119,0,1,
14719,120,120,0,1,
14720,116,116,0,1,
14721,117,117,0,1,
14722,118,118,0,1,
14723,111,111,0,1,
14724,112,112,0,1,
14725,111,111,0,1,
14726,108,108,0,1,
14727,115,115,0,1,
14728,121,121,0,1,
14729,128,128,0,1,
14730,112,112,0,1,
14731,119,119,0,1,
14732,120,120,0,1,
14733,133,133,0,1,
14734,109,109,0,1,
14735,109,109,0,1,
14736,110,110,0,1,
14737,115,115,0,1,
14738,116,116,0,1,
14739,109,109,0,1,
14740,116,116,0,1,
14741,112,112,0,1,
14742,117,117,0,1,
14743,122,122,0,1,
14744,112,112,0,1,
14745,116,116,0,1,
14746,108,108,0,1,
14747,112,112,0,1,
14748,126,126,0,1,
14749,106,106,0,1,
14750,120,120,0,1,
14751,116,116,0,1,
14752,131,131,0,1,
14753,110,110,0,1,
14754,114,114,0,1,
14755,117,117,0,1,
14756,110,110,0,1,
14757,123,123,0,1,
14758,101,101,0,1,
14759,122,122,0,1,
14760,114,114,0,1,
14761,116,116,0,1,
14762,120,120,0,1,
14763,115,115,0,1,
14764,113,113,0,1,
14765,110,110,0,1,
14766,116,116,0,1,
14767,109,109,0,1,
14768,116,116,0,1,
14769,115,115,0,1,
14770,113,113,0,1,
14771,114,114,0,1,
14772,125,125,0,1,
14773,109,109,0,1,
14774,122,122,0,1,
14775,118,118,0,1,
14776,105,105,0,1,
14777,114,114,0,1,
14778,117,117,0,1,
14779,113,113,0,1,
14780,105,105,0,1,
14781,119,119,0,1,
14782,124,124,0,1,
14783,120,120,0,1,
14784,124,124,0,1,
14785,114,114,0,1,
14786,124,124,0,1,
14787,116,116,0,1,
14788,110,110,0,1,
14789,119,119,0,1,
14790,110,110,0,1,
14791,116,116,0,1,
14792,111,111,0,1,
14793,113,113,0,1,
14794,121,121,0,1,
14795,105,105,0,1,
14796,99,99,0,1,
14797,107,107,0,1,
14798,111,111,0,1,
14799,121,121,0,1,
14800,114,114,0,1,
14801,111,111,0,1,
14802,115,115,0,1,
14803,120,120,0,1,
14804,103,103,0,1,
14805,114,114,0,1,
14806,108,108,0,1,
14807,114,114,0,1,
14808,115,115,0,1,
14809,110,110,0,1,
14810,116,116,0,1,
14811,106,106,0,1,
14812,114,114,0,1,
14813,125,125,0,1,
14814,108,108,0,1,
14815,116,116,0,1,
14816,127,127,0,1,
14817,115,115,0,1,
14818,119,119,0,1,
14819,118,118,0,1,
14820,113,113,0,1,
14821,131,131,0,1,
14822,118,118,0,1,
14823,111,111,0,1,
14824,117,117,0,1,
14825,118,118,0,1,
14826,112,112,0,1,
14827,114,114,0,1,
14828,116,116,0,1,
14829,110,110,0,1,
14830,121,121,0,1,
14831,111,111,0,1,
14832,108,108,0,1,
14833,118,118,0,1,
14834,127,127,0,1,
14835,112,112,0,1,
14836,118,118,0,1,
14837,114,114,0,1,
14838,120,120,0,1,
14839,117,117,0,1,
14840,121,121,0,1,
14841,115,115,0,1,
14842,114,114,0,1,
14843,123,123,0,1,
14844,115,115,0,1,
14845,114,114,0,1,
14846,119,119,0,1,
14847,108,108,0,1,
14848,121,121,0,1,
14849,119,119,0,1,
14850,114,114,0,1,
14851,118,118,0,1,
14852,119,119,0,1,
14853,118,118,0,1,
14854,120,120,0,1,
14855,125,125,0,1,
14856,116,116,0,1,
14857,108,108,0,1,
14858,114,114,0,1,
14859,117,117,0,1,
14860,119,119,0,1,
14861,115,115,0,1,
14862,117,117,0,1,
14863,108,108,0,1,
14864,110,110,0,1,
14865,106,106,0,1,
14866,113,113,0,1,
14867,114,114,0,1,
14868,102,102,0,1,
14869,106,106,0,1,
14870,119,119,0,1,
14871,122,122,0,1,
14872,109,109,0,1,
14873,115,115,0,1,
14874,107,107,0,1,
14875,112,112,0,1,
14876,111,111,0,1,
14877,111,111,0,1,
14878,118,118,0,1,
14879,114,114,0,1,
14880,118,118,0,1,
14881,120,120,0,1,
14882,108,108,0,1,
14883,106,106,0,1,
14884,112,112,0,1,
14885,113,113,0,1,
14886,118,118,0,1,
14887,116,116,0,1,
14888,120,120,0,1,
14889,111,111,0,1,
14890,124,124,0,1,
14891,113,113,0,1,
14892,121,121,0,1,
14893,112,112,0,1,
14894,115,115,0,1,
14895,125,125,0,1,
14896,118,118,0,1,
14897,116,116,0,1,
14898,124,124,0,1,
14899,104,104,0,1,
14900,107,107,0,1,
14901,112,112,0,1,
14902,110,110,0,1,
14903,111,111,0,1,
14904,105,105,0,1,
14905,110,110,0,1,
14906,120,120,0,1,
14907,112,112,0,1,
14908,127,127,0,1,
14909,113,113,0,1,
14910,116,116,0,1,
14911,115,115,0,1,
14912,120,120,0,1,
14913,125,125,0,1,
14914,117,117,0,1,
14915,116,116,0,1,
14916,117,117,0,1,
14917,112,112,0,1,
14918,107,107,0,1,
14919,123,123,0,1,
14920,113,113,0,1,
14921,110,110,0,1,
14922,114,114,0,1,
14923,124,124,0,1,
14924,118,118,0,1,
14925,108,108,0,1,
14926,113,113,0,1,
14927,116,116,0,1,
14928,120,120,0,1,
14929,118,118,0,1,
14930,107,107,0,1,
14931,112,112,0,1,
14932,131,131,0,1,
14933,119,119,0,1,
14934,114,114,0,1,
14935,111,111,0,1,
14936,127,127,0,1,
14937,107,107,0,1,
14938,126,126,0,1,
14939,109,109,0,1,
14940,119,119,0,1,
14941,106,106,0,1,
14942,122,122,0,1,
14943,110,110,0,1,
14944,121,121,0,1,
14945,112,112,0,1,
14946,117,117,0,1,
14947,121,121,0,1,
14948,124,124,0,1,
14949,125,125,0,1,
14950,125,125,0,1,
14951,117,117,0,1,
14952,112,112,0,1,
14953,113,113,0,1,
14954,110,110,0,1,
14955,115,115,0,1,
14956,120,120,0,1,
14957,125,125,0,1,
14958,125,125,0,1,
14959,121,121,0,1,
14960,118,118,0,1,
14961,114,114,0,1,
14962,114,114,0,1,
14963,117,117,0,1,
14964,104,104,0,1,
14965,115,115,0,1,
14966,112,112,0,1,
14967,122,122,0,1,
14968,112,112,0,1,
14969,116,116,0,1,
14970,118,118,0,1,
14971,110,110,0,1,
14972,116,116,0,1,
14973,109,109,0,1,
14974,123,123,0,1,
14975,129,129,0,1,
14976,113,113,0,1,
14977,111,111,0,1,
14978,115,115,0,1,
14979,105,105,0,1,
14980,120,120,0,1,
14981,109,109,0,1,
14982,113,113,0,1,
14983,124,124,0,1,
14984,126,126,0,1,
14985,125,125,0,1,
14986,113,113,0,1,
14987,108,108,0,1,
14988,113,113,0,1,
14989,121,121,0,1,
14990,111,111,0,1,
14991,112,112,0,1,
14992,109,109,0,1,
14993,103,103,0,1,
14994,113,113,0,1,
14995,106,106,0,1,
14996,114,114,0,1,
14997,113,113,0,1,
14998,116,116,0,1,
14999,118,118,0,1,
15000,113,113,0,1,
15001,122,122,0,1,
15002,131,131,0,1,
15003,120,120,0,1,
15004,115,115,0,1,
15005,112,112,0,1,
15006,108,108,0,1,
15007,109,109,0,1,
15008,109,109,0,1,
15009,115,115,0,1,
15010,130,130,0,1,
15011,107,107,0,1,
15012,127,127,0,1,
15013,117,117,0,1,
15014,109,109,0,1,
15015,118,118,0,1,
15016,119,119,0,1,
15017,110,110,0,1,
15018,111,111,0,1,
15019,118,118,0,1,
15020,120,120,0,1,
15021,112,112,0,1,
15022,117,117,0,1,
15023,117,117,0,1,
15024,121,121,0,1,
15025,111,111,0,1,
15026,120,120,0,1,
15027,116,116,0,1,
15028,120,120,0,1,
15029,124,124,0,1,
15030,121,121,0,1,
15031,110,110,0,1,
15032,106,106,0,1,
15033,120,120,0,1,
15034,119,119,0,1,
15035,111,111,0,1,
15036,103,103,0,1,
15037,113,113,0,1,
15038,109,109,0,1,
15039,112,112,0,1,
15040,118,118,0,1,
15041,106,106,0,1,
15042,114,114,0,1,
15043,110,110,0,1,
15044,117,117,0,1,
15045,115,115,0,1,
15046,113,113,0,1,
15047,116,116,0,1,
15048,115,115,0,1,
15049,109,109,0,1,
15050,120,120,0,1,
15051,111,111,0,1,
15052,123,123,0,1,
15053,111,111,0,1,
15054,116,116,0,1,
15055,115,115,0,1,
15056,127,127,0,1,
15057,122,122,0,1,
15058,125,125,0,1,
15059,105,105,0,1,
15060,117,117,0,1,
15061,112,112,0,1,
15062,120,120,0,1,
15063,117,117,0,1,
15064,118,118,0,1,
15065,110,110,0,1,
15066,118,118,0,1,
15067,108,108,0,1,
15068,106,106,0,1,
15069,117,117,0,1,
15070,124,124,0,1,
15071,109,109,0,1,
15072,123,123,0,1,
15073,113,113,0,1,
15074,104,104,0,1,
15075,110,110,0,1,
15076,116,116,0,1,
15077,116,116,0,1,
15078,115,115,0,1,
15079,110,110,0,1,
15080,134,134,0,1,
15081,103,103,0,1,
15082,121,121,0,1,
15083,109,109,0,1,
15084,117,117,0,1,
15085,111,111,0,1,
15086,106,106,0,1,
15087,115,115,0,1,
15088,110,110,0,1,
15089,105,105,0,1,
15090,123,123,0,1,
15091,112,112,0,1,
15092,111,111,0,1,
15093,114,114,0,1,
15094,115,115,0,1,
15095,107,107,0,1,
15096,114,114,0,1,
15097,113,113,0,1,
15098,126,126,0,1,
15099,115,115,0,1,
15100,126,126,0,1,
15101,111,111,0,1,
15102,113,113,0,1,
15103,112,112,0,1,
15104,131,131,0,1,
15105,110,110,0,1,
15106,123,123,0,1,
15107,123,123,0,1,
15108,119,119,0,1,
15109,112,112,0,1,
15110,127,127,0,1,
15111,118,118,0,1,
15112,128,128,0,1,
15113,118,118,0,1,
15114,118,118,0,1,
15115,109,109,0,1,
15116,115,115,0,1,
15117,117,117,0,1,
15118,103,103,0,1,
15119,109,109,0,1,
15120,105,105,0,1,
15121,108,108,0,1,
15122,119,119,0,1,
15123,105,105,0,1,
15124,112,112,0,1,
15125,110,110,0,1,
15126,118,118,0,1,
15127,119,119,0,1,
15128,115,115,0,1,
15129,127,127,0,1,
15130,112,112,0,1,
15131,106,106,0,1,
15132,119,119,0,1,
15133,122,122,0,1,
15134,110,110,0,1,
15135,114,114,0,1,
15136,122,122,0,1,
15137,106,106,0,1,
15138,115,115,0,1,
15139,121,121,0,1,
15140,114,114,0,1,
15141,113,113,0,1,
15142,119,119,0,1,
15143,123,123,0,1,
15144,116,116,0,1,
15145,120,120,0,1,
15146,111,111,0,1,
15147,116,116,0,1,
15148,108,108,0,1,
15149,116,116,0,1,
15150,112,112,0,1,
15151,114,114,0,1,
15152,115,115,0,1,
15153,119,119,0,1,
15154,127,127,0,1,
15155,116,116,0,1,
15156,120,120,0,1,
15157,113,113,0,1,
15158,134,134,0,1,
15159,113,113,0,1,
15160,114,114,0,1,
15161,110,110,0,1,
15162,115,115,0,1,
15163,109,109,0,1,
15164,109,109,0,1,
15165,117,117,0,1,
15166,115,115,0,1,
15167,109,109,0,1,
15168,107,107,0,1,
15169,107,107,0,1,
15170,126,126,0,1,
15171,114,114,0,1,
15172,122,122,0,1,
15173,103,103,0,1,
15174,110,110,0,1,
15175,113,113,0,1,
15176,120,120,0,1,
15177,114,114,0,1,
15178,117,117,0,1,
15179,108,108,0,1,
15180,112,112,0,1,
15181,117,117,0,1,
15182,124,124,0,1,
15183,112,112,0,1,
15184,110,110,0,1,
15185,113,113,0,1,
15186,117,117,0,1,
15187,119,119,0,1,
15188,121,121,0,1,
15189,115,115,0,1,
15190,117,117,0,1,
15191,112,112,0,1,
15192,122,122,0,1,
15193,114,114,0,1,
15194,120,120,0,1,
15195,116,116,0,1,
15196,109,109,0,1,
15197,122,122,0,1,
15198,109,109,0,1,
15199,117,117,0,1,
15200,123,123,0,1,
15201,112,112,0,1,
15202,115,115,0,1,
15203,114,114,0,1,
15204,117,117,0,1,
15205,122,122,0,1,
15206,118,118,0,1,
15207,107,107,0,1,
15208,113,113,0,1,
15209,112,112,0,1,
15210,122,122,0,1,
15211,118,118,0,1,
15212,107,107,0,1,
15213,119,119,0,1,
15214,110,110,0,1,
15215,116,116,0,1,
15216,109,109,0,1,
15217,110,110,0,1,
15218,122,122,0,1,
15219,104,104,0,1,
15220,125,125,0,1,
15221,109,109,0,1,
15222,120,120,0,1,
15223,106,106,0,1,
15224,110,110,0,1,
15225,115,115,0,1,
15226,131,131,0,1,
15227,109,109,0,1,
15228,114,114,0,1,
15229,130,130,0,1,
15230,120,120,0,1,
15231,106,106,0,1,
15232,115,115,0,1,
15233,106,106,0,1,
15234,123,123,0,1,
15235,113,113,0,1,
15236,113,113,0,1,
15237,107,107,0,1,
15238,118,118,0,1,
15239,113,113,0,1,
15240,115,115,0,1,
15241,107,107,0,1,
15242,120,120,0,1,
15243,119,119,0,1,
15244,129,129,0,1,
15245,104,104,0,1,
15246,110,110,0,1,
15247,119,119,0,1,
15248,105,105,0,1,
15249,118,118,0,1,
15250,106,106,0,1,
15251,112,112,0,1,
15252,116,116,0,1,
15253,117,117,0,1,
15254,118,118,0,1,
15255,115,115,0,1,
15256,116,116,0,1,
15257,107,107,0,1,
15258,118,118,0,1,
15259,126,126,0,1,
15260,123,123,0,1,
15261,113,113,0,1,
15262,116,116,0,1,
15263,110,110,0,1,
15264,112,112,0,1,
15265,119,119,0,1,
15266,110,110,0,1,
15267,106,106,0,1,
15268,116,116,0,1,
15269,124,124,0,1,
15270,116,116,0,1,
15271,124,124,0,1,
15272,109,109,0,1,
15273,113,113,0,1,
15274,112,112,0,1,
15275,115,115,0,1,
15276,109,109,0,1,
15277,123,123,0,1,
15278,125,125,0,1,
15279,111,111,0,1,
15280,119,119,0,1,
15281,106,106,0,1,
15282,123,123,0,1,
15283,114,114,0,1,
15284,122,122,0,1,
15285,117,117,0,1,
15286,121,121,0,1,
15287,105,105,0,1,
15288,114,114,0,1,
15289,126,126,0,1,
15290,115,115,0,1,
15291,113,113,0,1,
15292,115,115,0,1,
15293,120,120,0,1,
15294,120,120,0,1,
15295,118,118,0,1,
15296,105,105,0,1,
15297,118,118,0,1,
15298,123,123,0,1,
15299,114,114,0,1,
15300,122,122,0,1,
15301,116,116,0,1,
15302,116,116,0,1,
15303,119,119,0,1,
15304,116,116,0,1,
15305,128,128,0,1,
15306,111,111,0,1,
15307,124,124,0,1,
15308,117,117,0,1,
15309,105,105,0,1,
15310,120,120,0,1,
15311,120,120,0,1,
15312,116,116,0,1,
15313,112,112,0,1,
15314,113,113,0,1,
15315,114,114,0,1,
15316,115,115,0,1,
15317,106,106,0,1,
15318,116,116,0,1,
15319,106,106,0,1,
15320,113,113,0,1,
15321,113,113,0,1,
15322,117,117,0,1,
15323,123,123,0,1,
15324,107,107,0,1,
15325,110,110,0,1,
15326,120,120,0,1,
15327,113,113,0,1,
15328,118,118,0,1,
15329,105,105,0,1,
15330,124,124,0,1,
15331,107,107,0,1,
15332,109,109,0,1,
15333,119,119,0,1,
15334,115,115,0,1,
15335,115,115,0,1,
15336,117,117,0,1,
15337,105,105,0,1,
15338,118,118,0,1,
15339,125,125,0,1,
15340,118,118,0,1,
15341,109,109,0,1,
15342,113,113,0,1,
15343,121,121,0,1,
15344,115,115,0,1,
15345,125,125,0,1,
15346,113,113,0,1,
15347,105,105,0,1,
15348,107,107,0,1,
15349,123,123,0,1,
15350,114,114,0,1,
15351,101,101,0,1,
15352,114,114,0,1,
15353,117,117,0,1,
15354,118,118,0,1,
15355,123,123,0,1,
15356,117,117,0,1,
15357,117,117,0,1,
15358,126,126,0,1,
15359,122,122,0,1,
15360,108,108,0,1,
15361,119,119,0,1,
15362,124,124,0,1,
15363,112,112,0,1,
15364,128,128,0,1,
15365,105,105,0,1,
15366,120,120,0,1,
15367,119,119,0,1,
15368,107,107,0,1,
15369,128,128,0,1,
15370,117,117,0,1,
15371,119,119,0,1,
15372,113,113,0,1,
15373,120,120,0,1,
15374,124,124,0,1,
15375,111,111,0,1,
15376,113,113,0,1,
15377,113,113,0,1,
15378,118,118,0,1,
15379,107,107,0,1,
15380,114,114,0,1,
15381,113,113,0,1,
15382,120,120,0,1,
15383,113,113,0,1,
15384,112,112,0,1,
15385,121,121,0,1,
15386,115,115,0,1,
15387,111,111,0,1,
15388,120,120,0,1,
15389,110,110,0,1,
15390,111,111,0,1,
15391,121,121,0,1,
15392,109,109,0,1,
15393,112,112,0,1,
15394,118,118,0,1,
15395,110,110,0,1,
15396,119,119,0,1,
15397,125,125,0,1,
15398,108,108,0,1,
15399,113,113,0,1,
15400,116,116,0,1,
15401,120,120,0,1,
15402,124,124,0,1,
15403,115,115,0,1,
15404,117,117,0,1,
15405,129,129,0,1,
15406,119,119,0,1,
15407,114,114,0,1,
15408,113,113,0,1,
15409,110,110,0,1,
15410,108,108,0,1,
15411,114,114,0,1,
15412,111,111,0,1,
15413,111,111,0,1,
15414,115,115,0,1,
15415,111,111,0,1,
15416,122,122,0,1,
15417,106,106,0,1,
15418,110,110,0,1,
15419,116,116,0,1,
15420,106,106,0,1,
15421,124,124,0,1,
15422,128,128,0,1,
15423,122,122,0,1,
15424,107,107,0,1,
15425,127,127,0,1,
15426,108,108,0,1,
15427,131,131,0,1,
15428,121,121,0,1,
15429,109,109,0,1,
15430,113,113,0,1,
15431,113,113,0,1,
15432,109,109,0,1,
15433,123,123,0,1,
15434,113,113,0,1,
15435,116,116,0,1,
15436,108,108,0,1,
15437,105,105,0,1,
15438,118,118,0,1,
15439,112,112,0,1,
15440,112,112,0,1,
15441,118,118,0,1,
15442,112,112,0,1,
15443,113,113,0,1,
15444,112,112,0,1,
15445,108,108,0,1,
15446,120,120,0,1,
15447,106,106,0,1,
15448,113,113,0,1,
15449,119,119,0,1,
15450,115,115,0,1,
15451,108,108,0,1,
15452,112,112,0,1,
15453,124,124,0,1,
15454,118,118,0,1,
15455,107,107,0,1,
15456,117,117,0,1,
15457,107,107,0,1,
15458,106,106,0,1,
15459,114,114,0,1,
15460,111,111,0,1,
15461,116,116,0,1,
15462,106,106,0,1,
15463,103,103,0,1,
15464,117,117,0,1,
15465,110,110,0,1,
15466,119,119,0,1,
15467,111,111,0,1,
15468,121,121,0,1,
15469,110,110,0,1,
15470,109,109,0,1,
15471,115,115,0,1,
15472,112,112,0,1,
15473,105,105,0,1,
15474,113,113,0,1,
15475,132,132,0,1,
15476,110,110,0,1,
15477,110,110,0,1,
15478,117,117,0,1,
15479,123,123,0,1,
15480,111,111,0,1,
15481,128,128,0,1,
15482,111,111,0,1,
15483,119,119,0,1,
15484,118,118,0,1,
15485,110,110,0,1,
15486,118,118,0,1,
15487,112,112,0,1,
15488,125,125,0,1,
15489,102,102,0,1,
15490,107,107,0,1,
15491,127,127,0,1,
15492,119,119,0,1,
15493,124,124,0,1,
15494,121,121,0,1,
15495,105,105,0,1,
15496,123,123,0,1,
15497,123,123,0,1,
15498,117,117,0,1,
15499,113,113,0,1,
15500,113,113,0,1,
15501,105,105,0,1,
15502,123,123,0,1,
15503,107,107,0,1,
15504,123,123,0,1,
15505,107,107,0,1,
15506,111,111,0,1,
15507,110,110,0,1,
15508,111,111,0,1,
15509,115,115,0,1,
15510,108,108,0,1,
15511,110,110,0,1,
15512,108,108,0,1,
15513,127,127,0,1,
15514,114,114,0,1,
15515,128,128,0,1,
15516,100,100,0,1,
15517,112,112,0,1,
15518,127,127,0,1,
15519,128,128,0,1,
15520,113,113,0,1,
15521,115,115,0,1,
15522,111,111,0,1,
15523,115,115,0,1,
15524,122,122,0,1,
15525,119,119,0,1,
15526,106,106,0,1,
15527,105,105,0,1,
15528,106,106,0,1,
15529,123,123,0,1,
15530,124,124,0,1,
15531,117,117,0,1,
15532,106,106,0,1,
15533,116,116,0,1,
15534,113,113,0,1,
15535,112,112,0,1,
15536,108,108,0,1,
15537,119,119,0,1,
15538,119,119,0,1,
15539,113,113,0,1,
15540,114,114,0,1,
15541,122,122,0,1,
15542,119,119,0,1,
15543,104,104,0,1,
15544,121,121,0,1,
15545,106,106,0,1,
15546,110,110,0,1,
15547,120,120,0,1,
15548,110,110,0,1,
15549,110,110,0,1,
15550,119,119,0,1,
15551,113,113,0,1,
15552,114,114,0,1,
15553,110,110,0,1,
15554,116,116,0,1,
15555,113,113,0,1,
15556,123,123,0,1,
15557,124,124,0,1,
15558,125,125,0,1,
15559,116,116,0,1,
15560,121,121,0,1,
15561,122,122,0,1,
15562,112,112,0,1,
15563,121,121,0,1,
15564,110,110,0,1,
15565,121,121,0,1,
15566,123,123,0,1,
15567,118,118,0,1,
15568,123,123,0,1,
15569,117,117,0,1,
15570,108,108,0,1,
15571,113,113,0,1,
15572,115,115,0,1,
15573,118,118,0,1,
15574,115,115,0,1,
15575,124,124,0,1,
15576,123,123,0,1,
15577,122,122,0,1,
15578,113,113,0,1,
15579,111,111,0,1,
15580,119,119,0,1,
15581,108,108,0,1,
15582,107,107,0,1,
15583,108,108,0,1,
15584,124,124,0,1,
15585,120,120,0,1,
15586,111,111,0,1,
15587,110,110,0,1,
15588,114,114,0,1,
15589,119,119,0,1,
15590,108,108,0,1,
15591,106,106,0,1,
15592,121,121,0,1,
15593,120,120,0,1,
15594,125,125,0,1,
15595,131,131,0,1,
15596,115,115,0,1,
15597,127,127,0,1,
15598,113,113,0,1,
15599,131,131,0,1,
15600,124,124,0,1,
15601,117,117,0,1,
15602,106,106,0,1,
15603,105,105,0,1,
15604,118,118,0,1,
15605,126,126,0,1,
15606,109,109,0,1,
15607,111,111,0,1,
15608,129,129,0,1,
15609,121,121,0,1,
15610,111,111,0,1,
15611,111,111,0,1,
15612,113,113,0,1,
15613,106,106,0,1,
15614,119,119,0,1,
15615,121,121,0,1,
15616,127,127,0,1,
15617,114,114,0,1,
15618,109,109,0,1,
15619,119,119,0,1,
15620,119,119,0,1,
15621,126,126,0,1,
15622,107,107,0,1,
15623,108,108,0,1,
15624,115,115,0,1,
15625,120,120,0,1,
15626,126,126,0,1,
15627,122,122,0,1,
15628,118,118,0,1,
15629,107,107,0,1,
15630,109,109,0,1,
15631,100,100,0,1,
15632,109,109,0,1,
15633,115,115,0,1,
15634,113,113,0,1,
15635,121,121,0,1,
15636,107,107,0,1,
15637,120,120,0,1,
15638,104,104,0,1,
15639,99,99,0,1,
15640,123,123,0,1,
15641,105,105,0,1,
15642,106,106,0,1,
15643,110,110,0,1,
15644,104,104,0,1,
15645,110,110,0,1,
15646,108,108,0,1,
15647,115,115,0,1,
15648,117,117,0,1,
15649,113,113,0,1,
15650,119,119,0,1,
15651,121,121,0,1,
15652,112,112,0,1,
15653,115,115,0,1,
15654,118,118,0,1,
15655,116,116,0,1,
15656,112,112,0,1,
15657,107,107,0,1,
15658,117,117,0,1,
15659,120,120,0,1,
15660,126,126,0,1,
15661,120,120,0,1,
15662,118,118,0,1,
15663,118,118,0,1,
15664,112,112,0,1,
15665,128,128,0,1,
15666,109,109,0,1,
15667,125,125,0,1,
15668,122,122,0,1,
15669,117,117,0,1,
15670,113,113,0,1,
15671,125,125,0,1,
15672,114,114,0,1,
15673,112,112,0,1,
15674,117,117,0,1,
15675,105,105,0,1,
15676,112,112,0,1,
15677,125,125,0,1,
15678,126,126,0,1,
15679,115,115,0,1,
15680,117,117,0,1,
15681,117,117,0,1,
15682,121,121,0,1,
15683,125,125,0,1,
15684,125,125,0,1,
15685,121,121,0,1,
15686,119,119,0,1,
15687,111,111,0,1,
15688,122,122,0,1,
15689,126,126,0,1,
15690,116,116,0,1,
15691,125,125,0,1,
15692,110,110,0,1,
15693,111,111,0,1,
15694,116,116,0,1,
15695,118,118,0,1,
15696,114,114,0,1,
15697,118,118,0,1,
15698,117,117,0,1,
15699,114,114,0,1,
15700,119,119,0,1,
15701,123,123,0,1,
15702,117,117,0,1,
15703,115,115,0,1,
15704,106,106,0,1,
15705,116,116,0,1,
15706,109,109,0,1,
15707,119,119,0,1,
15708,108,108,0,1,
15709,121,121,0,1,
15710,120,120,0,1,
15711,110,110,0,1,
15712,120,120,0,1,
15713,113,113,0,1,
15714,118,118,0,1,
15715,117,117,0,1,
15716,104,104,0,1,
15717,115,115,0,1,
15718,112,112,0,1,
15719,107,107,0,1,
15720,110,110,0,1,
15721,108,108,0,1,
15722,112,112,0,1,
15723,116,116,0,1,
15724,112,112,0,1,
15725,116,116,0,1,
15726,121,121,0,1,
15727,114,114,0,1,
15728,113,113,0,1,
15729,117,117,0,1,
15730,115,115,0,1,
15731,120,120,0,1,
15732,112,112,0,1,
15733,122,122,0,1,
15734,126,126,0,1,
15735,117,117,0,1,
15736,111,111,0,1,
15737,113,113,0,1,
15738,115,115,0,1,
15739,110,110,0,1,
15740,111,111,0,1,
15741,125,125,0,1,
15742,105,105,0,1,
15743,108,108,0,1,
15744,119,119,0,1,
15745,117,117,0,1,
15746,114,114,0,1,
15747,118,118,0,1,
15748,103,103,0,1,
15749,116,116,0,1,
15750,116,116,0,1,
15751,110,110,0,1,
15752,118,118,0,1,
15753,116,116,0,1,
15754,110,110,0,1,
15755,121,121,0,1,
15756,120,120,0,1,
15757,111,111,0,1,
15758,107,107,0,1,
15759,118,118,0,1,
15760,121,121,0,1,
15761,118,118,0,1,
15762,114,114,0,1,
15763,104,104,0,1,
15764,115,115,0,1,
15765,110,110,0,1,
15766,117,117,0,1,
15767,113,113,0,1,
15768,116,116,0,1,
15769,111,111,0,1,
15770,133,133,0,1,
15771,109,109,0,1,
15772,103,103,0,1,
15773,111,111,0,1,
15774,118,118,0,1,
15775,110,110,0,1,
15776,114,114,0,1,
15777,125,125,0,1,
15778,122,122,0,1,
15779,124,124,0,1,
15780,107,107,0,1,
15781,122,122,0,1,
15782,108,108,0,1,
15783,117,117,0,1,
15784,105,105,0,1,
15785,109,109,0,1,
15786,121,121,0,1,
15787,115,115,0,1,
15788,116,116,0,1,
15789,110,110,0,1,
15790,107,107,0,1,
15791,120,120,0,1,
15792,110,110,0,1,
15793,109,109,0,1,
15794,120,120,0,1,
15795,111,111,0,1,
15796,116,116,0,1,
15797,112,112,0,1,
15798,108,108,0,1,
15799,104,104,0,1,
15800,109,109,0,1,
15801,121,121,0,1,
15802,111,111,0,1,
15803,112,112,0,1,
15804,129,129,0,1,
15805,121,121,0,1,
15806,119,119,0,1,
15807,105,105,0,1,
15808,122,122,0,1,
15809,119,119,0,1,
15810,127,127,0,1,
15811,113,113,0,1,
15812,117,117,0,1,
15813,128,128,0,1,
15814,120,120,0,1,
15815,128,128,0,1,
15816,108,108,0,1,
15817,109,109,0,1,
15818,117,117,0,1,
15819,116,116,0,1,
15820,117,117,0,1,
15821,105,105,0,1,
15822,112,112,0,1,
15823,106,106,0,1,
15824,115,115,0,1,
15825,110,110,0,1,
15826,110,110,0,1,
15827,109,109,0,1,
15828,118,118,0,1,
15829,112,112,0,1,
15830,112,112,0,1,
15831,107,107,0,1,
15832,111,111,0,1,
15833,117,117,0,1,
15834,114,114,0,1,
15835,123,123,0,1,
15836,113,113,0,1,
15837,114,114,0,1,
15838,125,125,0,1,
15839,118,118,0,1,
15840,110,110,0,1,
15841,117,117,0,1,
15842,127,127,0,1,
15843,112,112,0,1,
15844,116,116,0,1,
15845,111,111,0,1,
15846,123,123,0,1,
15847,123,123,0,1,
15848,117,117,0,1,
15849,116,116,0,1,
15850,107,107,0,1,
15851,110,110,0,1,
15852,121,121,0,1,
15853,115,115,0,1,
15854,133,133,0,1,
15855,112,112,0,1,
15856,109,109,0,1,
15857,119,119,0,1,
15858,120,120,0,1,
15859,117,117,0,1,
15860,109,109,0,1,
15861,110,110,0,1,
15862,110,110,0,1,
15863,116,116,0,1,
15864,108,108,0,1,
15865,116,116,0,1,
15866,116,116,0,1,
15867,122,122,0,1,
15868,121,121,0,1,
15869,123,123,0,1,
15870,120,120,0,1,
15871,109,109,0,1,
15872,114,114,0,1,
15873,115,115,0,1,
15874,110,110,0,1,
15875,120,120,0,1,
15876,120,120,0,1,
15877,125,125,0,1,
15878,114,114,0,1,
15879,119,119,0,1,
15880,106,106,0,1,
15881,116,116,0,1,
15882,121,121,0,1,
15883,116,116,0,1,
15884,111,111,0,1,
15885,123,123,0,1,
15886,117,117,0,1,
15887,108,108,0,1,
15888,117,117,0,1,
15889,104,104,0,1,
15890,112,112,0,1,
15891,114,114,0,1,
15892,113,113,0,1,
15893,127,127,0,1,
15894,117,117,0,1,
15895,112,112,0,1,
15896,110,110,0,1,
15897,120,120,0,1,
15898,108,108,0,1,
15899,109,109,0,1,
15900,110,110,0,1,
15901,123,123,0,1,
15902,109,109,0,1,
15903,114,114,0,1,
15904,109,109,0,1,
15905,118,118,0,1,
15906,105,105,0,1,
15907,121,121,0,1,
15908,110,110,0,1,
15909,115,115,0,1,
15910,109,109,0,1,
15911,109,109,0,1,
15912,104,104,0,1,
15913,104,104,0,1,
15914,126,126,0,1,
15915,105,105,0,1,
15916,128,128,0,1,
15917,120,120,0,1,
15918,115,115,0,1,
15919,108,108,0,1,
15920,124,124,0,1,
15921,113,113,0,1,
15922,113,113,0,1,
15923,110,110,0,1,
15924,115,115,0,1,
15925,114,114,0,1,
15926,105,105,0,1,
15927,119,119,0,1,
15928,121,121,0,1,
15929,121,121,0,1,
15930,112,112,0,1,
15931,112,112,0,1,
15932,106,106,0,1,
15933,110,110,0,1,
15934,112,112,0,1,
15935,117,117,0,1,
15936,118,118,0,1,
15937,121,121,0,1,
15938,128,128,0,1,
15939,118,118,0,1,
15940,132,132,0,1,
15941,118,118,0,1,
15942,112,112,0,1,
15943,111,111,0,1,
15944,123,123,0,1,
15945,121,121,0,1,
15946,115,115,0,1,
15947,112,112,0,1,
15948,114,114,0,1,
15949,106,106,0,1,
15950,112,112,0,1,
15951,113,113,0,1,
15952,124,124,0,1,
15953,125,125,0,1,
15954,110,110,0,1,
15955,110,110,0,1,
15956,122,122,0,1,
15957,112,112,0,1,
15958,119,119,0,1,
15959,109,109,0,1,
15960,109,109,0,1,
15961,117,117,0,1,
15962,116,116,0,1,
15963,118,118,0,1,
15964,118,118,0,1,
15965,109,109,0,1,
15966,107,107,0,1,
15967,112,112,0,1,
15968,110,110,0,1,
15969,116,116,0,1,
15970,123,123,0,1,
15971,110,110,0,1,
15972,122,122,0,1,
15973,118,118,0,1,
15974,121,121,0,1,
15975,125,125,0,1,
15976,117,117,0,1,
15977,113,113,0,1,
15978,129,129,0,1,
15979,129,129,0,1,
15980,121,121,0,1,
15981,133,133,0,1,
15982,120,120,0,1,
15983,120,120,0,1,
15984,106,106,0,1,
15985,113,113,0,1,
15986,113,113,0,1,
15987,112,112,0,1,
15988,113,113,0,1,
15989,110,110,0,1,
15990,114,114,0,1,
15991,123,123,0,1,
15992,117,117,0,1,
15993,110,110,0,1,
15994,119,119,0,1,
15995,110,110,0,1,
15996,111,111,0,1,
15997,119,119,0,1,
15998,127,127,0,1,
15999,126,126,0,1,
16000,114,114,0,1,
16001,120,120,0,1,
16002,115,115,0,1,
16003,127,127,0,1,
16004,121,121,0,1,
16005,128,128,0,1,
16006,115,115,0,1,
16007,110,110,0,1,
16008,117,117,0,1,
16009,120,120,0,1,
16010,119,119,0,1,
16011,119,119,0,1,
16012,116,116,0,1,
16013,122,122,0,1,
16014,122,122,0,1,
16015,107,107,0,1,
16016,114,114,0,1,
16017,109,109,0,1,
16018,127,127,0,1,
16019,112,112,0,1,
16020,127,127,0,1,
16021,112,112,0,1,
16022,108,108,0,1,
16023,119,119,0,1,
16024,111,111,0,1,
16025,107,107,0,1,
16026,114,114,0,1,
16027,111,111,0,1,
16028,124,124,0,1,
16029,118,118,0,1,
16030,118,118,0,1,
16031,126,126,0,1,
16032,110,110,0,1,
16033,114,114,0,1,
16034,106,106,0,1,
16035,110,110,0,1,
16036,117,117,0,1,
16037,120,120,0,1,
16038,116,116,0,1,
16039,115,115,0,1,
16040,108,108,0,1,
16041,119,119,0,1,
16042,121,121,0,1,
16043,128,128,0,1,
16044,112,112,0,1,
16045,106,106,0,1,
16046,118,118,0,1,
16047,113,113,0,1,
16048,119,119,0,1,
16049,122,122,0,1,
16050,112,112,0,1,
16051,118,118,0,1,
16052,115,115,0,1,
16053,112,112,0,1,
16054,116,116,0,1,
16055,114,114,0,1,
16056,115,115,0,1,
16057,100,100,0,1,
16058,113,113,0,1,
16059,122,122,0,1,
16060,110,110,0,1,
16061,112,112,0,1,
16062,111,111,0,1,
16063,108,108,0,1,
16064,116,116,0,1,
16065,115,115,0,1,
16066,111,111,0,1,
16067,112,112,0,1,
16068,104,104,0,1,
16069,123,123,0,1,
16070,112,112,0,1,
16071,116,116,0,1,
16072,113,113,0,1,
16073,116,116,0,1,
16074,122,122,0,1,
16075,121,121,0,1,
16076,120,120,0,1,
16077,128,128,0,1,
16078,103,103,0,1,
16079,122,122,0,1,
16080,128,128,0,1,
16081,112,112,0,1,
16082,104,104,0,1,
16083,123,123,0,1,
16084,120,120,0,1,
16085,122,122,0,1,
16086,114,114,0,1,
16087,120,120,0,1,
16088,112,112,0,1,
16089,124,124,0,1,
16090,113,113,0,1,
16091,112,112,0,1,
16092,112,112,0,1,
16093,113,113,0,1,
16094,124,124,0,1,
16095,117,117,0,1,
16096,109,109,0,1,
16097,119,119,0,1,
16098,109,109,0,1,
16099,109,109,0,1,
16100,120,120,0,1,
16101,117,117,0,1,
16102,112,112,0,1,
16103,116,116,0,1,
16104,115,115,0,1,
16105,117,117,0,1,
16106,106,106,0,1,
16107,124,124,0,1,
16108,115,115,0,1,
16109,119,119,0,1,
16110,117,117,0,1,
16111,124,124,0,1,
16112,117,117,0,1,
16113,113,113,0,1,
16114,114,114,0,1,
16115,118,118,0,1,
16116,120,120,0,1,
16117,104,104,0,1,
16118,120,120,0,1,
16119,110,110,0,1,
16120,116,116,0,1,
16121,110,110,0,1,
16122,111,111,0,1,
16123,114,114,0,1,
16124,110,110,0,1,
16125,112,112,0,1,
16126,110,110,0,1,
16127,108,108,0,1,
16128,123,123,0,1,
16129,123,123,0,1,
16130,110,110,0,1,
16131,122,122,0,1,
16132,119,119,0,1,
16133,120,120,0,1,
16134,115,115,0,1,
16135,116,116,0,1,
16136,118,118,0,1,
16137,122,122,0,1,
16138,111,111,0,1,
16139,113,113,0,1,
16140,121,121,0,1,
16141,116,116,0,1,
16142,122,122,0,1,
16143,106,106,0,1,
16144,107,107,0,1,
16145,115,115,0,1,
16146,104,104,0,1,
16147,118,118,0,1,
16148,111,111,0,1,
16149,111,111,0,1,
16150,110,110,0,1,
16151,109,109,0,1,
16152,114,114,0,1,
16153,120,120,0,1,
16154,118,118,0,1,
16155,119,119,0,1,
16156,110,110,0,1,
16157,106,106,0,1,
16158,110,110,0,1,
16159,109,109,0,1,
16160,118,118,0,1,
16161,117,117,0,1,
16162,115,115,0,1,
16163,116,116,0,1,
16164,125,125,0,1,
16165,112,112,0,1,
16166,109,109,0,1,
16167,112,112,0,1,
16168,118,118,0,1,
16169,121,121,0,1,
16170,115,115,0,1,
16171,105,105,0,1,
16172,118,118,0,1,
16173,119,119,0,1,
16174,132,132,0,1,
16175,121,121,0,1,
16176,109,109,0,1,
16177,112,112,0,1,
16178,112,112,0,1,
16179,114,114,0,1,
16180,112,112,0,1,
16181,114,114,0,1,
16182,122,122,0,1,
16183,123,123,0,1,
16184,130,130,0,1,
16185,127,127,0,1,
16186,110,110,0,1,
16187,126,126,0,1,
16188,110,110,0,1,
16189,120,120,0,1,
16190,113,113,0,1,
16191,115,115,0,1,
16192,114,114,0,1,
16193,115,115,0,1,
16194,110,110,0,1,
16195,112,112,0,1,
16196,136,136,0,1,
16197,119,119,0,1,
16198,115,115,0,1,
16199,111,111,0,1,
16200,118,118,0,1,
16201,122,122,0,1,
16202,107,107,0,1,
16203,116,116,0,1,
16204,115,115,0,1,
16205,122,122,0,1,
16206,117,117,0,1,
16207,118,118,0,1,
16208,114,114,0,1,
16209,119,119,0,1,
16210,126,126,0,1,
16211,121,121,0,1,
16212,116,116,0,1,
16213,108,108,0,1,
16214,112,112,0,1,
16215,108,108,0,1,
16216,106,106,0,1,
16217,112,112,0,1,
16218,108,108,0,1,
16219,116,116,0,1,
16220,115,115,0,1,
16221,117,117,0,1,
16222,110,110,0,1,
16223,103,103,0,1,
16224,110,110,0,1,
16225,115,115,0,1,
16226,108,108,0,1,
16227,114,114,0,1,
16228,114,114,0,1,
16229,110,110,0,1,
16230,109,109,0,1,
16231,116,116,0,1,
16232,111,111,0,1,
16233,115,115,0,1,
16234,113,113,0,1,
16235,105,105,0,1,
16236,107,107,0,1,
16237,111,111,0,1,
16238,111,111,0,1,
16239,118,118,0,1,
16240,115,115,0,1,
16241,109,109,0,1,
16242,105,105,0,1,
16243,119,119,0,1,
16244,118,118,0,1,
16245,111,111,0,1,
16246,110,110,0,1,
16247,109,109,0,1,
16248,123,123,0,1,
16249,129,129,0,1,
16250,107,107,0,1,
16251,118,118,0,1,
16252,131,131,0,1,
16253,109,109,0,1,
16254,117,117,0,1,
16255,122,122,0,1,
16256,123,123,0,1,
16257,113,113,0,1,
16258,120,120,0,1,
16259,108,108,0,1,
16260,117,117,0,1,
16261,130,130,0,1,
16262,111,111,0,1,
16263,121,121,0,1,
16264,108,108,0,1,
16265,123,123,0,1,
16266,115,115,0,1,
16267,116,116,0,1,
16268,130,130,0,1,
16269,123,123,0,1,
16270,116,116,0,1,
16271,125,125,0,1,
16272,106,106,0,1,
16273,119,119,0,1,
16274,115,115,0,1,
16275,104,104,0,1,
16276,126,126,0,1,
16277,103,103,0,1,
16278,110,110,0,1,
16279,114,114,0,1,
16280,117,117,0,1,
16281,116,116,0,1,
16282,110,110,0,1,
16283,115,115,0,1,
16284,110,110,0,1,
16285,117,117,0,1,
16286,108,108,0,1,
16287,117,117,0,1,
16288,113,113,0,1,
16289,116,116,0,1,
16290,127,127,0,1,
16291,120,120,0,1,
16292,115,115,0,1,
16293,114,114,0,1,
16294,117,117,0,1,
16295,105,105,0,1,
16296,112,112,0,1,
16297,113,113,0,1,
16298,102,102,0,1,
16299,106,106,0,1,
16300,109,109,0,1,
16301,107,107,0,1,
16302,110,110,0,1,
16303,112,112,0,1,
16304,120,120,0,1,
16305,112,112,0,1,
16306,114,114,0,1,
16307,118,118,0,1,
16308,122,122,0,1,
16309,122,122,0,1,
16310,109,109,0,1,
16311,117,117,0,1,
16312,111,111,0,1,
16313,120,120,0,1,
16314,115,115,0,1,
16315,107,107,0,1,
16316,108,108,0,1,
16317,115,115,0,1,
16318,116,116,0,1,
16319,118,118,0,1,
16320,116,116,0,1,
16321,108,108,0,1,
16322,113,113,0,1,
16323,123,123,0,1,
16324,119,119,0,1,
16325,110,110,0,1,
16326,114,114,0,1,
16327,122,122,0,1,
16328,110,110,0,1,
16329,111,111,0,1,
16330,128,128,0,1,
16331,114,114,0,1,
16332,125,125,0,1,
16333,117,117,0,1,
16334,120,120,0,1,
16335,105,105,0,1,
16336,118,118,0,1,
16337,110,110,0,1,
16338,106,106,0,1,
16339,106,106,0,1,
16340,110,110,0,1,
16341,121,121,0,1,
16342,114,114,0,1,
16343,128,128,0,1,
16344,111,111,0,1,
16345,112,112,0,1,
16346,126,126,0,1,
16347,130,130,0,1,
16348,119,119,0,1,
16349,109,109,0,1,
16350,127,127,0,1,
16351,116,116,0,1,
16352,104,104,0,1,
16353,123,123,0,1,
16354,114,114,0,1,
16355,104,104,0,1,
16356,123,123,0,1,
16357,112,112,0,1,
16358,116,116,0,1,
16359,108,108,0,1,
16360,114,114,0,1,
16361,112,112,0,1,
16362,121,121,0,1,
16363,109,109,0,1,
16364,110,110,0,1,
16365,120,120,0,1,
16366,113,113,0,1,
16367,114,114,0,1,
16368,122,122,0,1,
16369,114,114,0,1,
16370,119,119,0,1,
16371,120,120,0,1,
16372,121,121,0,1,
16373,116,116,0,1,
16374,112,112,0,1,
16375,124,124,0,1,
16376,121,121,0,1,
16377,112,112,0,1,
16378,103,103,0,1,
16379,125,125,0,1,
16380,110,110,0,1,
16381,107,107,0,1,
16382,115,115,0,1,
16383,119,119,0,1,
16384,118,118,0,1,
16385,121,121,0,1,
16386,106,106,0,1,
16387,116,116,0,1,
16388,112,112,0,1,
16389,116,116,0,1,
16390,108,108,0,1,
16391,110,110,0,1,
16392,111,111,0,1,
16393,108,108,0,1,
16394,117,117,0,1,
16395,123,123,0,1,
16396,117,117,0,1,
16397,118,118,0,1,
16398,123,123,0,1,
16399,114,114,0,1,
16400,107,107,0,1,
16401,114,114,0,1,
16402,119,119,0,1,
16403,111,111,0,1,
16404,112,112,0,1,
16405,124,124,0,1,
16406,115,115,0,1,
16407,110,110,0,1,
16408,113,113,0,1,
16409,116,116,0,1,
16410,115,115,0,1,
16411,112,112,0,1,
16412,109,109,0,1,
16413,116,116,0,1,
16414,119,119,0,1,
16415,121,121,0,1,
16416,111,111,0,1,
16417,112,112,0,1,
16418,107,107,0,1,
16419,118,118,0,1,
16420,116,116,0,1,
16421,112,112,0,1,
16422,118,118,0,1,
16423,109,109,0,1,
16424,120,120,0,1,
16425,110,110,0,1,
16426,114,114,0,1,
16427,119,119,0,1,
16428,130,130,0,1,
16429,118,118,0,1,
16430,118,118,0,1,
16431,113,113,0,1,
16432,119,119,0,1,
16433,119,119,0,1,
16434,113,113,0,1,
16435,117,117,0,1,
16436,126,126,0,1,
16437,115,115,0,1,
16438,104,104,0,1,
16439,112,112,0,1,
16440,117,117,0,1,
16441,114,114,0,1,
16442,107,107,0,1,
16443,122,122,0,1,
16444,112,112,0,1,
16445,121,121,0,1,
16446,109,109,0,1,
16447,114,114,0,1,
16448,117,117,0,1,
16449,121,121,0,1,
16450,114,114,0,1,
16451,112,112,0,1,
16452,120,120,0,1,
16453,111,111,0,1,
16454,121,121,0,1,
16455,119,119,0,1,
16456,129,129,0,1,
16457,113,113,0,1,
16458,101,101,0,1,
16459,111,111,0,1,
16460,106,106,0,1,
16461,118,118,0,1,
16462,116,116,0,1,
16463,113,113,0,1,
16464,124,124,0,1,
16465,112,112,0,1,
16466,109,109,0,1,
16467,104,104,0,1,
16468,110,110,0,1,
16469,125,125,0,1,
16470,128,128,0,1,
16471,114,114,0,1,
16472,109,109,0,1,
16473,122,122,0,1,
16474,106,106,0,1,
16475,121,121,0,1,
16476,110,110,0,1,
16477,119,119,0,1,
16478,123,123,0,1,
16479,114,114,0,1,
16480,106,106,0,1,
16481,110,110,0,1,
16482,108,108,0,1,
16483,117,117,0,1,
16484,126,126,0,1,
16485,121,121,0,1,
16486,109,109,0,1,
16487,113,113,0,1,
16488,116,116,0,1,
16489,122,122,0,1,
16490,113,113,0,1,
16491,107,107,0,1,
16492,119,119,0,1,
16493,109,109,0,1,
16494,122,122,0,1,
16495,123,123,0,1,
16496,109,109,0,1,
16497,115,115,0,1,
16498,109,109,0,1,
16499,115,115,0,1,
16500,126,126,0,1,
16501,120,120,0,1,
16502,109,109,0,1,
16503,118,118,0,1,
16504,116,116,0,1,
16505,109,109,0,1,
16506,113,113,0,1,
16507,115,115,0,1,
16508,122,122,0,1,
16509,115,115,0,1,
16510,108,108,0,1,
16511,124,124,0,1,
16512,109,109,0,1,
16513,114,114,0,1,
16514,110,110,0,1,
16515,116,116,0,1,
16516,112,112,0,1,
16517,111,111,0,1,
16518,103,103,0,1,
16519,109,109,0,1,
16520,111,111,0,1,
16521,120,120,0,1,
16522,110,110,0,1,
16523,117,117,0,1,
16524,122,122,0,1,
16525,118,118,0,1,
16526,119,119,0,1,
16527,119,119,0,1,
16528,114,114,0,1,
16529,118,118,0,1,
16530,112,112,0,1,
16531,119,119,0,1,
16532,119,119,0,1,
16533,123,123,0,1,
16534,119,119,0,1,
16535,122,122,0,1,
16536,115,115,0,1,
16537,115,115,0,1,
16538,117,117,0,1,
16539,118,118,0,1,
16540,121,121,0,1,
16541,114,114,0,1,
16542,123,123,0,1,
16543,111,111,0,1,
16544,126,126,0,1,
16545,114,114,0,1,
16546,108,108,0,1,
16547,104,104,0,1,
16548,114,114,0,1,
16549,114,114,0,1,
16550,117,117,0,1,
16551,120,120,0,1,
16552,105,105,0,1,
16553,125,125,0,1,
16554,122,122,0,1,
16555,118,118,0,1,
16556,118,118,0,1,
16557,104,104,0,1,
16558,117,117,0,1,
16559,121,121,0,1,
16560,113,113,0,1,
16561,113,113,0,1,
16562,114,114,0,1,
16563,126,126,0,1,
16564,120,120,0,1,
16565,121,121,0,1,
16566,116,116,0,1,
16567,120,120,0,1,
16568,108,108,0,1,
16569,122,122,0,1,
16570,103,103,0,1,
16571,129,129,0,1,
16572,121,121,0,1,
16573,116,116,0,1,
16574,116,116,0,1,
16575,128,128,0,1,
16576,120,120,0,1,
16577,113,113,0,1,
16578,117,117,0,1,
16579,118,118,0,1,
16580,106,106,0,1,
16581,124,124,0,1,
16582,119,119,0,1,
16583,125,125,0,1,
16584,112,112,0,1,
16585,118,118,0,1,
16586,110,110,0,1,
16587,120,120,0,1,
16588,112,112,0,1,
16589,115,115,0,1,
16590,128,128,0,1,
16591,114,114,0,1,
16592,115,115,0,1,
16593,114,114,0,1,
16594,110,110,0,1,
16595,116,116,0,1,
16596,117,117,0,1,
16597,123,123,0,1,
16598,112,112,0,1,
16599,116,116,0,1,
16600,124,124,0,1,
16601,116,116,0,1,
16602,123,123,0,1,
16603,119,119,0,1,
16604,127,127,0,1,
16605,113,113,0,1,
16606,118,118,0,1,
16607,107,107,0,1,
16608,115,115,0,1,
16609,111,111,0,1,
16610,111,111,0,1,
16611,124,124,0,1,
16612,106,106,0,1,
16613,115,115,0,1,
16614,106,106,0,1,
16615,126,126,0,1,
16616,116,116,0,1,
16617,115,115,0,1,
16618,110,110,0,1,
16619,108,108,0,1,
16620,112,112,0,1,
16621,127,127,0,1,
16622,119,119,0,1,
16623,122,122,0,1,
16624,121,121,0,1,
16625,129,129,0,1,
16626,116,116,0,1,
16627,114,114,0,1,
16628,120,120,0,1,
16629,108,108,0,1,
16630,114,114,0,1,
16631,116,116,0,1,
16632,124,124,0,1,
16633,115,115,0,1,
16634,105,105,0,1,
16635,127,127,0,1,
16636,117,117,0,1,
16637,123,123,0,1,
16638,120,120,0,1,
16639,118,118,0,1,
16640,121,121,0,1,
16641,122,122,0,1,
16642,118,118,0,1,
16643,108,108,0,1,
16644,108,108,0,1,
16645,118,118,0,1,
16646,124,124,0,1,
16647,114,114,0,1,
16648,114,114,0,1,
16649,112,112,0,1,
16650,109,109,0,1,
16651,122,122,0,1,
16652,108,108,0,1,
16653,116,116,0,1,
16654,122,122,0,1,
16655,112,112,0,1,
16656,119,119,0,1,
16657,117,117,0,1,
16658,120,120,0,1,
16659,110,110,0,1,
16660,119,119,0,1,
16661,113,113,0,1,
16662,123,123,0,1,
16663,116,116,0,1,
16664,108,108,0,1,
16665,114,114,0,1,
16666,119,119,0,1,
16667,110,110,0,1,
16668,111,111,0,1,
16669,130,130,0,1,
16670,110,110,0,1,
16671,119,119,0,1,
16672,111,111,0,1,
16673,107,107,0,1,
16674,116,116,0,1,
16675,110,110,0,1,
16676,109,109,0,1,
16677,109,109,0,1,
16678,115,115,0,1,
16679,122,122,0,1,
16680,108,108,0,1,
16681,116,116,0,1,
16682,118,118,0,1,
16683,113,113,0,1,
16684,112,112,0,1,
16685,111,111,0,1,
16686,114,114,0,1,
16687,112,112,0,1,
16688,112,112,0,1,
16689,120,120,0,1,
16690,118,118,0,1,
16691,120,120,0,1,
16692,113,113,0,1,
16693,116,116,0,1,
16694,121,121,0,1,
16695,116,116,0,1,
16696,112,112,0,1,
16697,108,108,0,1,
16698,104,104,0,1,
16699,120,120,0,1,
16700,113,113,0,1,
16701,117,117,0,1,
16702,117,117,0,1,
16703,112,112,0,1,
16704,113,113,0,1,
16705,127,127,0,1,
16706,118,118,0,1,
16707,131,131,0,1,
16708,124,124,0,1,
16709,105,105,0,1,
16710,119,119,0,1,
16711,114,114,0,1,
16712,124,124,0,1,
16713,116,116,0,1,
16714,111,111,0,1,
16715,115,115,0,1,
16716,112,112,0,1,
16717,127,127,0,1,
16718,116,116,0,1,
16719,123,123,0,1,
16720,118,118,0,1,
16721,129,129,0,1,
16722,120,120,0,1,
16723,112,112,0,1,
16724,117,117,0,1,
16725,105,105,0,1,
16726,123,123,0,1,
16727,108,108,0,1,
16728,115,115,0,1,
16729,112,112,0,1,
16730,111,111,0,1,
16731,123,123,0,1,
16732,113,113,0,1,
16733,107,107,0,1,
16734,115,115,0,1,
16735,119,119,0,1,
16736,111,111,0,1,
16737,125,125,0,1,
16738,116,116,0,1,
16739,118,118,0,1,
16740,109,109,0,1,
16741,121,121,0,1,
16742,128,128,0,1,
16743,115,115,0,1,
16744,115,115,0,1,
16745,102,102,0,1,
16746,114,114,0,1,
16747,118,118,0,1,
16748,116,116,0,1,
16749,112,112,0,1,
16750,113,113,0,1,
16751,126,126,0,1,
16752,117,117,0,1,
16753,116,116,0,1,
16754,108,108,0,1,
16755,119,119,0,1,
16756,115,115,0,1,
16757,116,116,0,1,
16758,115,115,0,1,
16759,122,122,0,1,
16760,112,112,0,1,
16761,112,112,0,1,
16762,123,123,0,1,
16763,123,123,0,1,
16764,111,111,0,1,
16765,122,122,0,1,
16766,119,119,0,1,
16767,119,119,0,1,
16768,133,133,0,1,
16769,121,121,0,1,
16770,124,124,0,1,
16771,116,116,0,1,
16772,116,116,0,1,
16773,116,116,0,1,
16774,123,123,0,1,
16775,117,117,0,1,
16776,107,107,0,1,
16777,116,116,0,1,
16778,112,112,0,1,
16779,116,116,0,1,
16780,114,114,0,1,
16781,109,109,0,1,
16782,108,108,0,1,
16783,116,116,0,1,
16784,116,116,0,1,
16785,116,116,0,1,
16786,108,108,0,1,
16787,115,115,0,1,
16788,110,110,0,1,
16789,110,110,0,1,
16790,111,111,0,1,
16791,114,114,0,1,
16792,115,115,0,1,
16793,109,109,0,1,
16794,118,118,0,1,
16795,116,116,0,1,
16796,114,114,0,1,
16797,115,115,0,1,
16798,113,113,0,1,
16799,115,115,0,1,
16800,115,115,0,1,
16801,113,113,0,1,
16802,115,115,0,1,
16803,111,111,0,1,
16804,115,115,0,1,
16805,105,105,0,1,
16806,109,109,0,1,
16807,113,113,0,1,
16808,121,121,0,1,
16809,111,111,0,1,
16810,110,110,0,1,
16811,113,113,0,1,
16812,107,107,0,1,
16813,104,104,0,1,
16814,116,116,0,1,
16815,118,118,0,1,
16816,111,111,0,1,
16817,107,107,0,1,
16818,108,108,0,1,
16819,111,111,0,1,
16820,115,115,0,1,
16821,110,110,0,1,
16822,101,101,0,1,
16823,114,114,0,1,
16824,117,117,0,1,
16825,123,123,0,1,
16826,113,113,0,1,
16827,112,112,0,1,
16828,108,108,0,1,
16829,108,108,0,1,
16830,118,118,0,1,
16831,120,120,0,1,
16832,116,116,0,1,
16833,110,110,0,1,
16834,115,115,0,1,
16835,117,117,0,1,
16836,118,118,0,1,
16837,117,117,0,1,
16838,113,113,0,1,
16839,120,120,0,1,
16840,113,113,0,1,
16841,106,106,0,1,
16842,121,121,0,1,
16843,115,115,0,1,
16844,115,115,0,1,
16845,111,111,0,1,
16846,106,106,0,1,
16847,119,119,0,1,
16848,114,114,0,1,
16849,115,115,0,1,
16850,121,121,0,1,
16851,118,118,0,1,
16852,117,117,0,1,
16853,115,115,0,1,
16854,120,120,0,1,
16855,121,121,0,1,
16856,107,107,0,1,
16857,111,111,0,1,
16858,117,117,0,1,
16859,109,109,0,1,
16860,116,116,0,1,
16861,119,119,0,1,
16862,112,112,0,1,
16863,108,108,0,1,
16864,109,109,0,1,
16865,116,116,0,1,
16866,111,111,0,1,
16867,113,113,0,1,
16868,121,121,0,1,
16869,123,123,0,1,
16870,121,121,0,1,
16871,111,111,0,1,
16872,117,117,0,1,
16873,105,105,0,1,
16874,126,126,0,1,
16875,120,120,0,1,
16876,116,116,0,1,
16877,114,114,0,1,
16878,116,116,0,1,
16879,114,114,0,1,
16880,110,110,0,1,
16881,120,120,0,1,
16882,120,120,0,1,
16883,111,111,0,1,
16884,120,120,0,1,
16885,110,110,0,1,
16886,110,110,0,1,
16887,118,118,0,1,
16888,118,118,0,1,
16889,116,116,0,1,
16890,125,125,0,1,
16891,117,117,0,1,
16892,126,126,0,1,
16893,117,117,0,1,
16894,123,123,0,1,
16895,112,112,0,1,
16896,109,109,0,1,
16897,117,117,0,1,
16898,111,111,0,1,
16899,108,108,0,1,
16900,106,106,0,1,
16901,104,104,0,1,
16902,112,112,0,1,
16903,119,119,0,1,
16904,117,117,0,1,
16905,112,112,0,1,
16906,119,119,0,1,
16907,111,111,0,1,
16908,111,111,0,1,
16909,118,118,0,1,
16910,114,114,0,1,
16911,117,117,0,1,
16912,119,119,0,1,
16913,121,121,0,1,
16914,114,114,0,1,
16915,121,121,0,1,
16916,117,117,0,1,
16917,110,110,0,1,
16918,111,111,0,1,
16919,120,120,0,1,
16920,116,116,0,1,
16921,123,123,0,1,
16922,116,116,0,1,
16923,112,112,0,1,
16924,107,107,0,1,
16925,113,113,0,1,
16926,116,116,0,1,
16927,128,128,0,1,
16928,117,117,0,1,
16929,111,111,0,1,
16930,119,119,0,1,
16931,114,114,0,1,
16932,112,112,0,1,
16933,110,110,0,1,
16934,129,129,0,1,
16935,122,122,0,1,
16936,123,123,0,1,
16937,122,122,0,1,
16938,118,118,0,1,
16939,110,110,0,1,
16940,117,117,0,1,
16941,126,126,0,1,
16942,120,120,0,1,
16943,108,108,0,1,
16944,114,114,0,1,
16945,121,121,0,1,
16946,106,106,0,1,
16947,112,112,0,1,
16948,110,110,0,1,
16949,111,111,0,1,
16950,114,114,0,1,
16951,109,109,0,1,
16952,119,119,0,1,
16953,115,115,0,1,
16954,106,106,0,1,
16955,118,118,0,1,
16956,120,120,0,1,
16957,107,107,0,1,
16958,126,126,0,1,
16959,109,109,0,1,
16960,116,116,0,1,
16961,106,106,0,1,
16962,119,119,0,1,
16963,117,117,0,1,
16964,112,112,0,1,
16965,114,114,0,1,
16966,120,120,0,1,
16967,117,117,0,1,
16968,102,102,0,1,
16969,110,110,0,1,
16970,105,105,0,1,
16971,117,117,0,1,
16972,126,126,0,1,
16973,120,120,0,1,
16974,121,121,0,1,
16975,120,120,0,1,
16976,118,118,0,1,
16977,116,116,0,1,
16978,114,114,0,1,
16979,127,127,0,1,
16980,119,119,0,1,
16981,124,124,0,1,
16982,121,121,0,1,
16983,110,110,0,1,
16984,110,110,0,1,
16985,116,116,0,1,
16986,115,115,0,1,
16987,120,120,0,1,
16988,112,112,0,1,
16989,119,119,0,1,
16990,106,106,0,1,
16991,113,113,0,1,
16992,110,110,0,1,
16993,112,112,0,1,
16994,117,117,0,1,
16995,110,110,0,1,
16996,121,121,0,1,
16997,117,117,0,1,
16998,103,103,0,1,
16999,125,125,0,1,
17000,106,106,0,1,
17001,125,125,0,1,
17002,115,115,0,1,
17003,118,118,0,1,
17004,110,110,0,1,
17005,112,112,0,1,
17006,104,104,0,1,
17007,107,107,0,1,
17008,111,111,0,1,
17009,120,120,0,1,
17010,106,106,0,1,
17011,115,115,0,1,
17012,119,119,0,1,
17013,126,126,0,1,
17014,121,121,0,1,
17015,116,116,0,1,
17016,118,118,0,1,
17017,115,115,0,1,
17018,108,108,0,1,
17019,116,116,0,1,
17020,115,115,0,1,
17021,120,120,0,1,
17022,101,101,0,1,
17023,110,110,0,1,
17024,109,109,0,1,
17025,110,110,0,1,
17026,114,114,0,1,
17027,114,114,0,1,
17028,111,111,0,1,
17029,117,117,0,1,
17030,110,110,0,1,
17031,118,118,0,1,
17032,104,104,0,1,
17033,117,117,0,1,
17034,110,110,0,1,
17035,110,110,0,1,
17036,119,119,0,1,
17037,107,107,0,1,
17038,123,123,0,1,
17039,124,124,0,1,
17040,112,112,0,1,
17041,111,111,0,1,
17042,113,113,0,1,
17043,126,126,0,1,
17044,111,111,0,1,
17045,115,115,0,1,
17046,111,111,0,1,
17047,110,110,0,1,
17048,121,121,0,1,
17049,119,119,0,1,
17050,115,115,0,1,
17051,125,125,0,1,
17052,108,108,0,1,
17053,133,133,0,1,
17054,131,131,0,1,
17055,118,118,0,1,
17056,126,126,0,1,
17057,110,110,0,1,
17058,106,106,0,1,
17059,118,118,0,1,
17060,113,113,0,1,
17061,117,117,0,1,
17062,123,123,0,1,
17063,106,106,0,1,
17064,120,120,0,1,
17065,118,118,0,1,
17066,113,113,0,1,
17067,114,114,0,1,
17068,124,124,0,1,
17069,125,125,0,1,
17070,120,120,0,1,
17071,118,118,0,1,
17072,114,114,0,1,
17073,126,126,0,1,
17074,119,119,0,1,
17075,112,112,0,1,
17076,114,114,0,1,
17077,102,102,0,1,
17078,121,121,0,1,
17079,115,115,0,1,
17080,116,116,0,1,
17081,119,119,0,1,
17082,108,108,0,1,
17083,109,109,0,1,
17084,103,103,0,1,
17085,120,120,0,1,
17086,120,120,0,1,
17087,130,130,0,1,
17088,111,111,0,1,
17089,108,108,0,1,
17090,115,115,0,1,
17091,119,119,0,1,
17092,112,112,0,1,
17093,107,107,0,1,
17094,120,120,0,1,
17095,111,111,0,1,
17096,109,109,0,1,
17097,110,110,0,1,
17098,114,114,0,1,
17099,123,123,0,1,
17100,121,121,0,1,
17101,109,109,0,1,
17102,116,116,0,1,
17103,121,121,0,1,
17104,128,128,0,1,
17105,114,114,0,1,
17106,112,112,0,1,
17107,111,111,0,1,
17108,109,109,0,1,
17109,109,109,0,1,
17110,131,131,0,1,
17111,115,115,0,1,
17112,108,108,0,1,
17113,116,116,0,1,
17114,110,110,0,1,
17115,118,118,0,1,
17116,109,109,0,1,
17117,110,110,0,1,
17118,118,118,0,1,
17119,114,114,0,1,
17120,122,122,0,1,
17121,131,131,0,1,
17122,105,105,0,1,
17123,119,119,0,1,
17124,114,114,0,1,
17125,112,112,0,1,
17126,119,119,0,1,
17127,119,119,0,1,
17128,122,122,0,1,
17129,128,128,0,1,
17130,116,116,0,1,
17131,116,116,0,1,
17132,109,109,0,1,
17133,120,120,0,1,
17134,107,107,0,1,
17135,122,122,0,1,
17136,125,125,0,1,
17137,115,115,0,1,
17138,112,112,0,1,
17139,127,127,0,1,
17140,114,114,0,1,
17141,113,113,0,1,
17142,112,112,0,1,
17143,119,119,0,1,
17144,122,122,0,1,
17145,101,101,0,1,
17146,125,125,0,1,
17147,123,123,0,1,
17148,113,113,0,1,
17149,128,128,0,1,
17150,108,108,0,1,
17151,118,118,0,1,
17152,115,115,0,1,
17153,111,111,0,1,
17154,113,113,0,1,
17155,107,107,0,1,
17156,120,120,0,1,
17157,125,125,0,1,
17158,118,118,0,1,
17159,114,114,0,1,
17160,123,123,0,1,
17161,119,119,0,1,
17162,113,113,0,1,
17163,112,112,0,1,
17164,104,104,0,1,
17165,128,128,0,1,
17166,124,124,0,1,
17167,107,107,0,1,
17168,118,118,0,1,
17169,108,108,0,1,
17170,114,114,0,1,
17171,126,126,0,1,
17172,120,120,0,1,
17173,117,117,0,1,
17174,107,107,0,1,
17175,111,111,0,1,
17176,111,111,0,1,
17177,117,117,0,1,
17178,106,106,0,1,
17179,112,112,0,1,
17180,113,113,0,1,
17181,123,123,0,1,
17182,110,110,0,1,
17183,105,105,0,1,
17184,118,118,0,1,
17185,102,102,0,1,
17186,125,125,0,1,
17187,125,125,0,1,
17188,113,113,0,1,
17189,116,116,0,1,
17190,117,117,0,1,
17191,114,114,0,1,
17192,121,121,0,1,
17193,118,118,0,1,
17194,109,109,0,1,
17195,118,118,0,1,
17196,123,123,0,1,
17197,108,108,0,1,
17198,118,118,0,1,
17199,111,111,0,1,
17200,107,107,0,1,
17201,112,112,0,1,
17202,118,118,0,1,
17203,113,113,0,1,
17204,108,108,0,1,
17205,110,110,0,1,
17206,113,113,0,1,
17207,104,104,0,1,
17208,109,109,0,1,
17209,113,113,0,1,
17210,124,124,0,1,
17211,112,112,0,1,
17212,121,121,0,1,
17213,117,117,0,1,
17214,122,122,0,1,
17215,119,119,0,1,
17216,111,111,0,1,
17217,112,112,0,1,
17218,112,112,0,1,
17219,121,121,0,1,
17220,109,109,0,1,
17221,118,118,0,1,
17222,116,116,0,1,
17223,115,115,0,1,
17224,119,119,0,1,
17225,119,119,0,1,
17226,123,123,0,1,
17227,118,118,0,1,
17228,109,109,0,1,
17229,101,101,0,1,
17230,119,119,0,1,
17231,122,122,0,1,
17232,119,119,0,1,
17233,124,124,0,1,
17234,115,115,0,1,
17235,118,118,0,1,
17236,116,116,0,1,
17237,121,121,0,1,
17238,120,120,0,1,
17239,113,113,0,1,
17240,119,119,0,1,
17241,111,111,0,1,
17242,120,120,0,1,
17243,110,110,0,1,
17244,119,119,0,1,
17245,107,107,0,1,
17246,118,118,0,1,
17247,116,116,0,1,
17248,118,118,0,1,
17249,108,108,0,1,
17250,116,116,0,1,
17251,117,117,0,1,
17252,120,120,0,1,
17253,116,116,0,1,
17254,110,110,0,1,
17255,116,116,0,1,
17256,108,108,0,1,
17257,105,105,0,1,
17258,119,119,0,1,
17259,114,114,0,1,
17260,119,119,0,1,
17261,106,106,0,1,
17262,105,105,0,1,
17263,112,112,0,1,
17264,117,117,0,1,
17265,109,109,0,1,
17266,110,110,0,1,
17267,103,103,0,1,
17268,123,123,0,1,
17269,116,116,0,1,
17270,108,108,0,1,
17271,108,108,0,1,
17272,118,118,0,1,
17273,112,112,0,1,
17274,110,110,0,1,
17275,102,102,0,1,
17276,119,119,0,1,
17277,109,109,0,1,
17278,120,120,0,1,
17279,111,111,0,1,
17280,118,118,0,1,
17281,112,112,0,1,
17282,118,118,0,1,
17283,108,108,0,1,
17284,112,112,0,1,
17285,112,112,0,1,
17286,114,114,0,1,
17287,116,116,0,1,
17288,113,113,0,1,
17289,117,117,0,1,
17290,104,104,0,1,
17291,121,121,0,1,
17292,109,109,0,1,
17293,117,117,0,1,
17294,105,105,0,1,
17295,122,122,0,1,
17296,106,106,0,1,
17297,110,110,0,1,
17298,114,114,0,1,
17299,110,110,0,1,
17300,118,118,0,1,
17301,110,110,0,1,
17302,124,124,0,1,
17303,116,116,0,1,
17304,127,127,0,1,
17305,122,122,0,1,
17306,110,110,0,1,
17307,127,127,0,1,
17308,119,119,0,1,
17309,114,114,0,1,
17310,109,109,0,1,
17311,115,115,0,1,
17312,110,110,0,1,
17313,116,116,0,1,
17314,106,106,0,1,
17315,106,106,0,1,
17316,103,103,0,1,
17317,109,109,0,1,
17318,129,129,0,1,
17319,121,121,0,1,
17320,113,113,0,1,
17321,122,122,0,1,
17322,111,111,0,1,
17323,112,112,0,1,
17324,111,111,0,1,
17325,112,112,0,1,
17326,122,122,0,1,
17327,113,113,0,1,
17328,131,131,0,1,
17329,116,116,0,1,
17330,114,114,0,1,
17331,112,112,0,1,
17332,110,110,0,1,
17333,115,115,0,1,
17334,108,108,0,1,
17335,110,110,0,1,
17336,115,115,0,1,
17337,118,118,0,1,
17338,117,117,0,1,
17339,105,105,0,1,
17340,130,130,0,1,
17341,112,112,0,1,
17342,116,116,0,1,
17343,117,117,0,1,
17344,107,107,0,1,
17345,103,103,0,1,
17346,123,123,0,1,
17347,112,112,0,1,
17348,119,119,0,1,
17349,125,125,0,1,
17350,106,106,0,1,
17351,110,110,0,1,
17352,113,113,0,1,
17353,112,112,0,1,
17354,124,124,0,1,
17355,117,117,0,1,
17356,113,113,0,1,
17357,114,114,0,1,
17358,108,108,0,1,
17359,115,115,0,1,
17360,107,107,0,1,
17361,113,113,0,1,
17362,111,111,0,1,
17363,112,112,0,1,
17364,115,115,0,1,
17365,115,115,0,1,
17366,109,109,0,1,
17367,124,124,0,1,
17368,112,112,0,1,
17369,122,122,0,1,
17370,122,122,0,1,
17371,118,118,0,1,
17372,114,114,0,1,
17373,120,120,0,1,
17374,118,118,0,1,
17375,118,118,0,1,
17376,114,114,0,1,
17377,108,108,0,1,
17378,117,117,0,1,
17379,113,113,0,1,
17380,108,108,0,1,
17381,118,118,0,1,
17382,107,107,0,1,
17383,107,107,0,1,
17384,113,113,0,1,
17385,114,114,0,1,
17386,108,108,0,1,
17387,112,112,0,1,
17388,115,115,0,1,
17389,121,121,0,1,
17390,120,120,0,1,
17391,113,113,0,1,
17392,129,129,0,1,
17393,129,129,0,1,
17394,108,108,0,1,
17395,108,108,0,1,
17396,106,106,0,1,
17397,124,124,0,1,
17398,117,117,0,1,
17399,114,114,0,1,
17400,128,128,0,1,
17401,113,113,0,1,
17402,108,108,0,1,
17403,122,122,0,1,
17404,118,118,0,1,
17405,114,114,0,1,
17406,115,115,0,1,
17407,107,107,0,1,
17408,115,115,0,1,
17409,122,122,0,1,
17410,112,112,0,1,
17411,120,120,0,1,
17412,112,112,0,1,
17413,114,114,0,1,
17414,113,113,0,1,
17415,108,108,0,1,
17416,108,108,0,1,
17417,112,112,0,1,
17418,123,123,0,1,
17419,104,104,0,1,
17420,123,123,0,1,
17421,111,111,0,1,
17422,121,121,0,1,
17423,110,110,0,1,
17424,119,119,0,1,
17425,118,118,0,1,
17426,113,113,0,1,
17427,120,120,0,1,
17428,106,106,0,1,
17429,115,115,0,1,
17430,121,121,0,1,
17431,110,110,0,1,
17432,112,112,0,1,
17433,128,128,0,1,
17434,106,106,0,1,
17435,114,114,0,1,
17436,118,118,0,1,
17437,121,121,0,1,
17438,110,110,0,1,
17439,109,109,0,1,
17440,118,118,0,1,
17441,128,128,0,1,
17442,115,115,0,1,
17443,119,119,0,1,
17444,104,104,0,1,
17445,121,121,0,1,
17446,113,113,0,1,
17447,118,118,0,1,
17448,111,111,0,1,
17449,105,105,0,1,
17450,118,118,0,1,
17451,116,116,0,1,
17452,104,104,0,1,
17453,115,115,0,1,
17454,113,113,0,1,
17455,115,115,0,1,
17456,115,115,0,1,
17457,113,113,0,1,
17458,110,110,0,1,
17459,126,126,0,1,
17460,111,111,0,1,
17461,112,112,0,1,
17462,125,125,0,1,
17463,105,105,0,1,
17464,109,109,0,1,
17465,110,110,0,1,
17466,127,127,0,1,
17467,122,122,0,1,
17468,111,111,0,1,
17469,115,115,0,1,
17470,119,119,0,1,
17471,122,122,0,1,
17472,115,115,0,1,
17473,110,110,0,1,
17474,109,109,0,1,
17475,110,110,0,1,
17476,113,113,0,1,
17477,110,110,0,1,
17478,122,122,0,1,
17479,124,124,0,1,
17480,127,127,0,1,
17481,110,110,0,1,
17482,126,126,0,1,
17483,119,119,0,1,
17484,110,110,0,1,
17485,112,112,0,1,
17486,125,125,0,1,
17487,125,125,0,1,
17488,110,110,0,1,
17489,108,108,0,1,
17490,111,111,0,1,
17491,107,107,0,1,
17492,118,118,0,1,
17493,110,110,0,1,
17494,115,115,0,1,
17495,110,110,0,1,
17496,105,105,0,1,
17497,112,112,0,1,
17498,111,111,0,1,
17499,117,117,0,1,
17500,109,109,0,1,
17501,110,110,0,1,
17502,113,113,0,1,
17503,123,123,0,1,
17504,124,124,0,1,
17505,107,107,0,1,
17506,123,123,0,1,
17507,123,123,0,1,
17508,115,115,0,1,
17509,114,114,0,1,
17510,117,117,0,1,
17511,118,118,0,1,
17512,105,105,0,1,
17513,115,115,0,1,
17514,123,123,0,1,
17515,105,105,0,1,
17516,120,120,0,1,
17517,123,123,0,1,
17518,112,112,0,1,
17519,111,111,0,1,
17520,124,124,0,1,
17521,120,120,0,1,
17522,110,110,0,1,
17523,107,107,0,1,
17524,109,109,0,1,
17525,116,116,0,1,
17526,110,110,0,1,
17527,115,115,0,1,
17528,123,123,0,1,
17529,108,108,0,1,
17530,118,118,0,1,
17531,117,117,0,1,
17532,110,110,0,1,
17533,114,114,0,1,
17534,111,111,0,1,
17535,118,118,0,1,
17536,114,114,0,1,
17537,107,107,0,1,
17538,116,116,0,1,
17539,124,124,0,1,
17540,115,115,0,1,
17541,128,128,0,1,
17542,120,120,0,1,
17543,106,106,0,1,
17544,120,120,0,1,
17545,118,118,0,1,
17546,103,103,0,1,
17547,110,110,0,1,
17548,110,110,0,1,
17549,101,101,0,1,
17550,116,116,0,1,
17551,118,118,0,1,
17552,116,116,0,1,
17553,111,111,0,1,
17554,114,114,0,1,
17555,117,117,0,1,
17556,114,114,0,1,
17557,113,113,0,1,
17558,118,118,0,1,
17559,115,115,0,1,
17560,128,128,0,1,
17561,114,114,0,1,
17562,116,116,0,1,
17563,113,113,0,1,
17564,113,113,0,1,
17565,113,113,0,1,
17566,111,111,0,1,
17567,117,117,0,1,
17568,116,116,0,1,
17569,122,122,0,1,
17570,122,122,0,1,
17571,111,111,0,1,
17572,124,124,0,1,
17573,117,117,0,1,
17574,122,122,0,1,
17575,117,117,0,1,
17576,119,119,0,1,
17577,116,116,0,1,
17578,117,117,0,1,
17579,118,118,0,1,
17580,125,125,0,1,
17581,116,116,0,1,
17582,120,120,0,1,
17583,121,121,0,1,
17584,108,108,0,1,
17585,125,125,0,1,
17586,116,116,0,1,
17587,114,114,0,1,
17588,123,123,0,1,
17589,116,116,0,1,
17590,116,116,0,1,
17591,127,127,0,1,
17592,119,119,0,1,
17593,105,105,0,1,
17594,128,128,0,1,
17595,115,115,0,1,
17596,116,116,0,1,
17597,103,103,0,1,
17598,109,109,0,1,
17599,116,116,0,1,
17600,113,113,0,1,
17601,112,112,0,1,
17602,122,122,0,1,
17603,115,115,0,1,
17604,115,115,0,1,
17605,130,130,0,1,
17606,113,113,0,1,
17607,117,117,0,1,
17608,118,118,0,1,
17609,117,117,0,1,
17610,109,109,0,1,
17611,126,126,0,1,
17612,113,113,0,1,
17613,106,106,0,1,
17614,111,111,0,1,
17615,116,116,0,1,
17616,109,109,0,1,
17617,116,116,0,1,
17618,101,101,0,1,
17619,105,105,0,1,
17620,112,112,0,1,
17621,123,123,0,1,
17622,119,119,0,1,
17623,117,117,0,1,
17624,125,125,0,1,
17625,124,124,0,1,
17626,115,115,0,1,
17627,115,115,0,1,
17628,114,114,0,1,
17629,117,117,0,1,
17630,114,114,0,1,
17631,116,116,0,1,
17632,111,111,0,1,
17633,105,105,0,1,
17634,113,113,0,1,
17635,117,117,0,1,
17636,108,108,0,1,
17637,120,120,0,1,
17638,114,114,0,1,
17639,114,114,0,1,
17640,106,106,0,1,
17641,118,118,0,1,
17642,110,110,0,1,
17643,105,105,0,1,
17644,118,118,0,1,
17645,114,114,0,1,
17646,111,111,0,1,
17647,108,108,0,1,
17648,119,119,0,1,
17649,115,115,0,1,
17650,106,106,0,1,
17651,129,129,0,1,
17652,117,117,0,1,
17653,112,112,0,1,
17654,122,122,0,1,
17655,122,122,0,1,
17656,126,126,0,1,
17657,121,121,0,1,
17658,124,124,0,1,
17659,108,108,0,1,
17660,115,115,0,1,
17661,110,110,0,1,
17662,118,118,0,1,
17663,113,113,0,1,
17664,112,112,0,1,
17665,114,114,0,1,
17666,118,118,0,1,
17667,114,114,0,1,
17668,117,117,0,1,
17669,124,124,0,1,
17670,110,110,0,1,
17671,113,113,0,1,
17672,111,111,0,1,
17673,103,103,0,1,
17674,114,114,0,1,
17675,112,112,0,1,
17676,126,126,0,1,
17677,111,111,0,1,
17678,118,118,0,1,
17679,113,113,0,1,
17680,112,112,0,1,
17681,117,117,0,1,
17682,119,119,0,1,
17683,115,115,0,1,
17684,114,114,0,1,
17685,111,111,0,1,
17686,109,109,0,1,
17687,110,110,0,1,
17688,112,112,0,1,
17689,121,121,0,1,
17690,110,110,0,1,
17691,116,116,0,1,
17692,109,109,0,1,
17693,108,108,0,1,
17694,121,121,0,1,
17695,120,120,0,1,
17696,120,120,0,1,
17697,126,126,0,1,
17698,113,113,0,1,
17699,108,108,0,1,
17700,121,121,0,1,
17701,113,113,0,1,
17702,111,111,0,1,
17703,118,118,0,1,
17704,123,123,0,1,
17705,115,115,0,1,
17706,109,109,0,1,
17707,119,119,0,1,
17708,104,104,0,1,
17709,113,113,0,1,
17710,130,130,0,1,
17711,122,122,0,1,
17712,124,124,0,1,
17713,114,114,0,1,
17714,117,117,0,1,
17715,113,113,0,1,
17716,112,112,0,1,
17717,126,126,0,1,
17718,113,113,0,1,
17719,118,118,0,1,
17720,104,104,0,1,
17721,105,105,0,1,
17722,119,119,0,1,
17723,120,120,0,1,
17724,112,112,0,1,
17725,114,114,0,1,
17726,113,113,0,1,
17727,113,113,0,1,
17728,109,109,0,1,
17729,131,131,0,1,
17730,127,127,0,1,
17731,117,117,0,1,
17732,115,115,0,1,
17733,108,108,0,1,
17734,116,116,0,1,
17735,117,117,0,1,
17736,127,127,0,1,
17737,115,115,0,1,
17738,120,120,0,1,
17739,112,112,0,1,
17740,125,125,0,1,
17741,124,124,0,1,
17742,116,116,0,1,
17743,110,110,0,1,
17744,122,122,0,1,
17745,114,114,0,1,
17746,118,118,0,1,
17747,108,108,0,1,
17748,107,107,0,1,
17749,129,129,0,1,
17750,126,126,0,1,
17751,105,105,0,1,
17752,116,116,0,1,
17753,121,121,0,1,
17754,115,115,0,1,
17755,108,108,0,1,
17756,112,112,0,1,
17757,118,118,0,1,
17758,114,114,0,1,
17759,113,113,0,1,
17760,123,123,0,1,
17761,125,125,0,1,
17762,117,117,0,1,
17763,115,115,0,1,
17764,109,109,0,1,
17765,116,116,0,1,
17766,104,104,0,1,
17767,107,107,0,1,
17768,114,114,0,1,
17769,108,108,0,1,
17770,113,113,0,1,
17771,117,117,0,1,
17772,114,114,0,1,
17773,124,124,0,1,
17774,121,121,0,1,
17775,112,112,0,1,
17776,111,111,0,1,
17777,117,117,0,1,
17778,120,120,0,1,
17779,104,104,0,1,
17780,118,118,0,1,
17781,109,109,0,1,
17782,117,117,0,1,
17783,103,103,0,1,
17784,107,107,0,1,
17785,117,117,0,1,
17786,119,119,0,1,
17787,113,113,0,1,
17788,117,117,0,1,
17789,114,114,0,1,
17790,107,107,0,1,
17791,117,117,0,1,
17792,120,120,0,1,
17793,118,118,0,1,
17794,110,110,0,1,
17795,118,118,0,1,
17796,114,114,0,1,
17797,108,108,0,1,
17798,123,123,0,1,
17799,124,124,0,1,
17800,116,116,0,1,
17801,117,117,0,1,
17802,114,114,0,1,
17803,112,112,0,1,
17804,118,118,0,1,
17805,110,110,0,1,
17806,121,121,0,1,
17807,121,121,0,1,
17808,116,116,0,1,
17809,116,116,0,1,
17810,115,115,0,1,
17811,104,104,0,1,
17812,109,109,0,1,
17813,112,112,0,1,
17814,124,124,0,1,
17815,115,115,0,1,
17816,118,118,0,1,
17817,110,110,0,1,
17818,116,116,0,1,
17819,119,119,0,1,
17820,121,121,0,1,
17821,112,112,0,1,
17822,121,121,0,1,
17823,122,122,0,1,
17824,126,126,0,1,
17825,125,125,0,1,
17826,122,122,0,1,
17827,113,113,0,1,
17828,112,112,0,1,
17829,113,113,0,1,
17830,107,107,0,1,
17831,127,127,0,1,
17832,108,108,0,1,
17833,128,128,0,1,
17834,107,107,0,1,
17835,117,117,0,1,
17836,106,106,0,1,
17837,112,112,0,1,
17838,122,122,0,1,
17839,111,111,0,1,
17840,123,123,0,1,
17841,114,114,0,1,
17842,111,111,0,1,
17843,113,113,0,1,
17844,128,128,0,1,
17845,105,105,0,1,
17846,117,117,0,1,
17847,111,111,0,1,
17848,110,110,0,1,
17849,113,113,0,1,
17850,115,115,0,1,
17851,107,107,0,1,
17852,131,131,0,1,
17853,118,118,0,1,
17854,103,103,0,1,
17855,109,109,0,1,
17856,108,108,0,1,
17857,116,116,0,1,
17858,119,119,0,1,
17859,107,107,0,1,
17860,118,118,0,1,
17861,121,121,0,1,
17862,107,107,0,1,
17863,113,113,0,1,
17864,116,116,0,1,
17865,114,114,0,1,
17866,113,113,0,1,
17867,118,118,0,1,
17868,111,111,0,1,
17869,120,120,0,1,
17870,118,118,0,1,
17871,122,122,0,1,
17872,112,112,0,1,
17873,114,114,0,1,
17874,109,109,0,1,
17875,115,115,0,1,
17876,115,115,0,1,
17877,105,105,0,1,
17878,122,122,0,1,
17879,123,123,0,1,
17880,122,122,0,1,
17881,109,109,0,1,
17882,112,112,0,1,
17883,116,116,0,1,
17884,119,119,0,1,
17885,114,114,0,1,
17886,119,119,0,1,
17887,116,116,0,1,
17888,111,111,0,1,
17889,119,119,0,1,
17890,111,111,0,1,
17891,125,125,0,1,
17892,117,117,0,1,
17893,120,120,0,1,
17894,114,114,0,1,
17895,113,113,0,1,
17896,120,120,0,1,
17897,113,113,0,1,
17898,116,116,0,1,
17899,122,122,0,1,
17900,114,114,0,1,
17901,118,118,0,1,
17902,117,117,0,1,
17903,109,109,0,1,
17904,112,112,0,1,
17905,111,111,0,1,
17906,109,109,0,1,
17907,114,114,0,1,
17908,120,120,0,1,
17909,105,105,0,1,
17910,112,112,0,1,
17911,115,115,0,1,
17912,107,107,0,1,
17913,104,104,0,1,
17914,122,122,0,1,
17915,115,115,0,1,
17916,119,119,0,1,
17917,111,111,0,1,
17918,121,121,0,1,
17919,110,110,0,1,
17920,111,111,0,1,
17921,110,110,0,1,
17922,109,109,0,1,
17923,105,105,0,1,
17924,112,112,0,1,
17925,110,110,0,1,
17926,108,108,0,1,
17927,112,112,0,1,
17928,119,119,0,1,
17929,112,112,0,1,
17930,114,114,0,1,
17931,126,126,0,1,
17932,122,122,0,1,
17933,111,111,0,1,
17934,121,121,0,1,
17935,113,113,0,1,
17936,114,114,0,1,
17937,109,109,0,1,
17938,117,117,0,1,
17939,121,121,0,1,
17940,109,109,0,1,
17941,124,124,0,1,
17942,123,123,0,1,
17943,119,119,0,1,
17944,114,114,0,1,
17945,119,119,0,1,
17946,113,113,0,1,
17947,118,118,0,1,
17948,109,109,0,1,
17949,107,107,0,1,
17950,117,117,0,1,
17951,116,116,0,1,
17952,113,113,0,1,
17953,119,119,0,1,
17954,124,124,0,1,
17955,111,111,0,1,
17956,108,108,0,1,
17957,116,116,0,1,
17958,107,107,0,1,
17959,107,107,0,1,
17960,119,119,0,1,
17961,110,110,0,1,
17962,114,114,0,1,
17963,118,118,0,1,
17964,106,106,0,1,
17965,117,117,0,1,
17966,129,129,0,1,
17967,110,110,0,1,
17968,112,112,0,1,
17969,104,104,0,1,
17970,104,104,0,1,
17971,118,118,0,1,
17972,108,108,0,1,
17973,111,111,0,1,
17974,116,116,0,1,
17975,110,110,0,1,
17976,110,110,0,1,
17977,119,119,0,1,
17978,118,118,0,1,
17979,109,109,0,1,
17980,122,122,0,1,
17981,114,114,0,1,
17982,123,123,0,1,
17983,109,109,0,1,
17984,114,114,0,1,
17985,120,120,0,1,
17986,112,112,0,1,
17987,106,106,0,1,
17988,123,123,0,1,
17989,116,116,0,1,
17990,125,125,0,1,
17991,122,122,0,1,
17992,124,124,0,1,
17993,119,119,0,1,
17994,101,101,0,1,
17995,117,117,0,1,
17996,114,114,0,1,
17997,121,121,0,1,
17998,108,108,0,1,
17999,107,107,0,1,
18000,128,128,0,1,
18001,120,120,0,1,
18002,121,121,0,1,
18003,110,110,0,1,
18004,107,107,0,1,
18005,121,121,0,1,
18006,113,113,0,1,
18007,115,115,0,1,
18008,117,117,0,1,
18009,108,108,0,1,
18010,112,112,0,1,
18011,109,109,0,1,
18012,108,108,0,1,
18013,115,115,0,1,
18014,128,128,0,1,
18015,116,116,0,1,
18016,114,114,0,1,
18017,117,117,0,1,
18018,113,113,0,1,
18019,113,113,0,1,
18020,108,108,0,1,
18021,117,117,0,1,
18022,115,115,0,1,
18023,116,116,0,1,
18024,104,104,0,1,
18025,102,102,0,1,
18026,109,109,0,1,
18027,108,108,0,1,
18028,122,122,0,1,
18029,124,124,0,1,
18030,107,107,0,1,
18031,110,110,0,1,
18032,124,124,0,1,
18033,118,118,0,1,
18034,110,110,0,1,
18035,109,109,0,1,
18036,115,115,0,1,
18037,121,121,0,1,
18038,117,117,0,1,
18039,118,118,0,1,
18040,116,116,0,1,
18041,109,109,0,1,
18042,115,115,0,1,
18043,113,113,0,1,
18044,113,113,0,1,
18045,122,122,0,1,
18046,124,124,0,1,
18047,125,125,0,1,
18048,110,110,0,1,
18049,114,114,0,1,
18050,118,118,0,1,
18051,126,126,0,1,
18052,113,113,0,1,
18053,108,108,0,1,
18054,122,122,0,1,
18055,123,123,0,1,
18056,123,123,0,1,
18057,116,116,0,1,
18058,111,111,0,1,
18059,117,117,0,1,
18060,108,108,0,1,
18061,113,113,0,1,
18062,108,108,0,1,
18063,107,107,0,1,
18064,106,106,0,1,
18065,117,117,0,1,
18066,115,115,0,1,
18067,120,120,0,1,
18068,115,115,0,1,
18069,104,104,0,1,
18070,111,111,0,1,
18071,111,111,0,1,
18072,114,114,0,1,
18073,114,114,0,1,
18074,123,123,0,1,
18075,113,113,0,1,
18076,129,129,0,1,
18077,113,113,0,1,
18078,127,127,0,1,
18079,110,110,0,1,
18080,116,116,0,1,
18081,125,125,0,1,
18082,119,119,0,1,
18083,115,115,0,1,
18084,112,112,0,1,
18085,107,107,0,1,
18086,119,119,0,1,
18087,115,115,0,1,
18088,120,120,0,1,
18089,107,107,0,1,
18090,116,116,0,1,
18091,116,116,0,1,
18092,110,110,0,1,
18093,105,105,0,1,
18094,104,104,0,1,
18095,106,106,0,1,
18096,118,118,0,1,
18097,121,121,0,1,
18098,109,109,0,1,
18099,108,108,0,1,
18100,105,105,0,1,
18101,119,119,0,1,
18102,111,111,0,1,
18103,111,111,0,1,
18104,114,114,0,1,
18105,113,113,0,1,
18106,115,115,0,1,
18107,122,122,0,1,
18108,111,111,0,1,
18109,107,107,0,1,
18110,122,122,0,1,
18111,107,107,0,1,
18112,112,112,0,1,
18113,115,115,0,1,
18114,110,110,0,1,
18115,111,111,0,1,
18116,109,109,0,1,
18117,115,115,0,1,
18118,110,110,0,1,
18119,110,110,0,1,
18120,116,116,0,1,
18121,120,120,0,1,
18122,109,109,0,1,
18123,115,115,0,1,
18124,112,112,0,1,
18125,119,119,0,1,
18126,122,122,0,1,
18127,115,115,0,1,
18128,125,125,0,1,
18129,115,115,0,1,
18130,111,111,0,1,
18131,107,107,0,1,
18132,108,108,0,1,
18133,119,119,0,1,
18134,117,117,0,1,
18135,130,130,0,1,
18136,108,108,0,1,
18137,107,107,0,1,
18138,111,111,0,1,
18139,122,122,0,1,
18140,112,112,0,1,
18141,108,108,0,1,
18142,122,122,0,1,
18143,116,116,0,1,
18144,112,112,0,1,
18145,119,119,0,1,
18146,114,114,0,1,
18147,126,126,0,1,
18148,120,120,0,1,
18149,119,119,0,1,
18150,116,116,0,1,
18151,115,115,0,1,
18152,114,114,0,1,
18153,120,120,0,1,
18154,102,102,0,1,
18155,115,115,0,1,
18156,121,121,0,1,
18157,113,113,0,1,
18158,115,115,0,1,
18159,107,107,0,1,
18160,125,125,0,1,
18161,110,110,0,1,
18162,118,118,0,1,
18163,112,112,0,1,
18164,118,118,0,1,
18165,115,115,0,1,
18166,117,117,0,1,
18167,110,110,0,1,
18168,126,126,0,1,
18169,117,117,0,1,
18170,125,125,0,1,
18171,121,121,0,1,
18172,110,110,0,1,
18173,116,116,0,1,
18174,112,112,0,1,
18175,111,111,0,1,
18176,108,108,0,1,
18177,104,104,0,1,
18178,117,117,0,1,
18179,118,118,0,1,
18180,114,114,0,1,
18181,107,107,0,1,
18182,114,114,0,1,
18183,125,125,0,1,
18184,107,107,0,1,
18185,123,123,0,1,
18186,117,117,0,1,
18187,111,111,0,1,
18188,118,118,0,1,
18189,116,116,0,1,
18190,114,114,0,1,
18191,128,128,0,1,
18192,118,118,0,1,
18193,114,114,0,1,
18194,113,113,0,1,
18195,110,110,0,1,
18196,123,123,0,1,
18197,119,119,0,1,
18198,116,116,0,1,
18199,110,110,0,1,
18200,120,120,0,1,
18201,107,107,0,1,
18202,127,127,0,1,
18203,120,120,0,1,
18204,110,110,0,1,
18205,114,114,0,1,
18206,131,131,0,1,
18207,115,115,0,1,
18208,118,118,0,1,
18209,108,108,0,1,
18210,101,101,0,1,
18211,121,121,0,1,
18212,108,108,0,1,
18213,110,110,0,1,
18214,105,105,0,1,
18215,121,121,0,1,
18216,117,117,0,1,
18217,113,113,0,1,
18218,122,122,0,1,
18219,113,113,0,1,
18220,125,125,0,1,
18221,114,114,0,1,
18222,114,114,0,1,
18223,129,129,0,1,
18224,118,118,0,1,
18225,110,110,0,1,
18226,114,114,0,1,
18227,114,114,0,1,
18228,110,110,0,1,
18229,113,113,0,1,
18230,113,113,0,1,
18231,116,116,0,1,
18232,119,119,0,1,
18233,117,117,0,1,
18234,118,118,0,1,
18235,113,113,0,1,
18236,123,123,0,1,
18237,122,122,0,1,
18238,108,108,0,1,
18239,111,111,0,1,
18240,116,116,0,1,
18241,131,131,0,1,
18242,109,109,0,1,
18243,115,115,0,1,
18244,120,120,0,1,
18245,115,115,0,1,
18246,123,123,0,1,
18247,122,122,0,1,
18248,116,116,0,1,
18249,110,110,0,1,
18250,114,114,0,1,
18251,111,111,0,1,
18252,117,117,0,1,
18253,117,117,0,1,
18254,130,130,0,1,
18255,108,108,0,1,
18256,108,108,0,1,
18257,120,120,0,1,
18258,115,115,0,1,
18259,120,120,0,1,
18260,104,104,0,1,
18261,123,123,0,1,
18262,117,117,0,1,
18263,123,123,0,1,
18264,104,104,0,1,
18265,108,108,0,1,
18266,107,107,0,1,
18267,102,102,0,1,
18268,98,98,0,1,
18269,108,108,0,1,
18270,117,117,0,1,
18271,107,107,0,1,
18272,108,108,0,1,
18273,111,111,0,1,
18274,108,108,0,1,
18275,107,107,0,1,
18276,110,110,0,1,
18277,120,120,0,1,
18278,120,120,0,1,
18279,109,109,0,1,
18280,109,109,0,1,
18281,111,111,0,1,
18282,115,115,0,1,
18283,110,110,0,1,
18284,120,120,0,1,
18285,112,112,0,1,
18286,111,111,0,1,
18287,114,114,0,1,
18288,109,109,0,1,
18289,111,111,0,1,
18290,113,113,0,1,
18291,125,125,0,1,
18292,105,105,0,1,
18293,127,127,0,1,
18294,110,110,0,1,
18295,125,125,0,1,
18296,112,112,0,1,
18297,108,108,0,1,
18298,103,103,0,1,
18299,120,120,0,1,
18300,121,121,0,1,
18301,123,123,0,1,
18302,106,106,0,1,
18303,110,110,0,1,
18304,119,119,0,1,
18305,103,103,0,1,
18306,120,120,0,1,
18307,115,115,0,1,
18308,106,106,0,1,
18309,104,104,0,1,
18310,117,117,0,1,
18311,109,109,0,1,
18312,104,104,0,1,
18313,101,101,0,1,
18314,114,114,0,1,
18315,110,110,0,1,
18316,121,121,0,1,
18317,116,116,0,1,
18318,107,107,0,1,
18319,112,112,0,1,
18320,111,111,0,1,
18321,118,118,0,1,
18322,115,115,0,1,
18323,111,111,0,1,
18324,107,107,0,1,
18325,117,117,0,1,
18326,115,115,0,1,
18327,110,110,0,1,
18328,112,112,0,1,
18329,123,123,0,1,
18330,116,116,0,1,
18331,112,112,0,1,
18332,118,118,0,1,
18333,114,114,0,1,
18334,113,113,0,1,
18335,115,115,0,1,
18336,113,113,0,1,
18337,118,118,0,1,
18338,107,107,0,1,
18339,128,128,0,1,
18340,114,114,0,1,
18341,104,104,0,1,
18342,110,110,0,1,
18343,114,114,0,1,
18344,112,112,0,1,
18345,112,112,0,1,
18346,115,115,0,1,
18347,111,111,0,1,
18348,107,107,0,1,
18349,106,106,0,1,
18350,111,111,0,1,
18351,106,106,0,1,
18352,111,111,0,1,
18353,118,118,0,1,
18354,111,111,0,1,
18355,123,123,0,1,
18356,114,114,0,1,
18357,109,109,0,1,
18358,111,111,0,1,
18359,111,111,0,1,
18360,116,116,0,1,
18361,116,116,0,1,
18362,112,112,0,1,
18363,119,119,0,1,
18364,119,119,0,1,
18365,125,125,0,1,
18366,118,118,0,1,
18367,114,114,0,1,
18368,116,116,0,1,
18369,123,123,0,1,
18370,125,125,0,1,
18371,112,112,0,1,
18372,119,119,0,1,
18373,114,114,0,1,
18374,115,115,0,1,
18375,121,121,0,1,
18376,121,121,0,1,
18377,115,115,0,1,
18378,107,107,0,1,
18379,117,117,0,1,
18380,105,105,0,1,
18381,125,125,0,1,
18382,126,126,0,1,
18383,109,109,0,1,
18384,109,109,0,1,
18385,105,105,0,1,
18386,111,111,0,1,
18387,110,110,0,1,
18388,111,111,0,1,
18389,112,112,0,1,
18390,116,116,0,1,
18391,116,116,0,1,
18392,116,116,0,1,
18393,113,113,0,1,
18394,109,109,0,1,
18395,120,120,0,1,
18396,109,109,0,1,
18397,114,114,0,1,
18398,112,112,0,1,
18399,116,116,0,1,
18400,123,123,0,1,
18401,110,110,0,1,
18402,118,118,0,1,
18403,107,107,0,1,
18404,113,113,0,1,
18405,115,115,0,1,
18406,109,109,0,1,
18407,124,124,0,1,
18408,103,103,0,1,
18409,118,118,0,1,
18410,115,115,0,1,
18411,116,116,0,1,
18412,108,108,0,1,
18413,108,108,0,1,
18414,119,119,0,1,
18415,123,123,0,1,
18416,121,121,0,1,
18417,111,111,0,1,
18418,109,109,0,1,
18419,118,118,0,1,
18420,114,114,0,1,
18421,119,119,0,1,
18422,110,110,0,1,
18423,123,123,0,1,
18424,115,115,0,1,
18425,116,116,0,1,
18426,122,122,0,1,
18427,116,116,0,1,
18428,104,104,0,1,
18429,111,111,0,1,
18430,117,117,0,1,
18431,108,108,0,1,
18432,116,116,0,1,
18433,125,125,0,1,
18434,126,126,0,1,
18435,119,119,0,1,
18436,120,120,0,1,
18437,112,112,0,1,
18438,112,112,0,1,
18439,124,124,0,1,
18440,116,116,0,1,
18441,109,109,0,1,
18442,108,108,0,1,
18443,120,120,0,1,
18444,117,117,0,1,
18445,112,112,0,1,
18446,116,116,0,1,
18447,113,113,0,1,
18448,117,117,0,1,
18449,110,110,0,1,
18450,118,118,0,1,
18451,116,116,0,1,
18452,116,116,0,1,
18453,126,126,0,1,
18454,113,113,0,1,
18455,114,114,0,1,
18456,110,110,0,1,
18457,105,105,0,1,
18458,105,105,0,1,
18459,112,112,0,1,
18460,111,111,0,1,
18461,113,113,0,1,
18462,109,109,0,1,
18463,117,117,0,1,
18464,123,123,0,1,
18465,110,110,0,1,
18466,104,104,0,1,
18467,121,121,0,1,
18468,111,111,0,1,
18469,103,103,0,1,
18470,118,118,0,1,
18471,106,106,0,1,
18472,112,112,0,1,
18473,117,117,0,1,
18474,115,115,0,1,
18475,107,107,0,1,
18476,119,119,0,1,
18477,114,114,0,1,
18478,120,120,0,1,
18479,111,111,0,1,
18480,115,115,0,1,
18481,117,117,0,1,
18482,117,117,0,1,
18483,108,108,0,1,
18484,114,114,0,1,
18485,118,118,0,1,
18486,125,125,0,1,
18487,111,111,0,1,
18488,116,116,0,1,
18489,119,119,0,1,
18490,106,106,0,1,
18491,121,121,0,1,
18492,123,123,0,1,
18493,119,119,0,1,
18494,109,109,0,1,
18495,114,114,0,1,
18496,106,106,0,1,
18497,110,110,0,1,
18498,114,114,0,1,
18499,115,115,0,1,
18500,120,120,0,1,
18501,107,107,0,1,
18502,114,114,0,1,
18503,109,109,0,1,
18504,124,124,0,1,
18505,106,106,0,1,
18506,117,117,0,1,
18507,114,114,0,1,
18508,117,117,0,1,
18509,114,114,0,1,
18510,116,116,0,1,
18511,117,117,0,1,
18512,112,112,0,1,
18513,109,109,0,1,
18514,109,109,0,1,
18515,115,115,0,1,
18516,116,116,0,1,
18517,126,126,0,1,
18518,122,122,0,1,
18519,123,123,0,1,
18520,114,114,0,1,
18521,120,120,0,1,
18522,115,115,0,1,
18523,121,121,0,1,
18524,122,122,0,1,
18525,121,121,0,1,
18526,116,116,0,1,
18527,113,113,0,1,
18528,122,122,0,1,
18529,119,119,0,1,
18530,124,124,0,1,
18531,115,115,0,1,
18532,117,117,0,1,
18533,115,115,0,1,
18534,116,116,0,1,
18535,118,118,0,1,
18536,115,115,0,1,
18537,121,121,0,1,
18538,114,114,0,1,
18539,120,120,0,1,
18540,115,115,0,1,
18541,116,116,0,1,
18542,109,109,0,1,
18543,105,105,0,1,
18544,110,110,0,1,
18545,102,102,0,1,
18546,121,121,0,1,
18547,112,112,0,1,
18548,114,114,0,1,
18549,113,113,0,1,
18550,117,117,0,1,
18551,107,107,0,1,
18552,114,114,0,1,
18553,115,115,0,1,
18554,116,116,0,1,
18555,119,119,0,1,
18556,117,117,0,1,
18557,119,119,0,1,
18558,115,115,0,1,
18559,107,107,0,1,
18560,113,113,0,1,
18561,122,122,0,1,
18562,121,121,0,1,
18563,106,106,0,1,
18564,122,122,0,1,
18565,111,111,0,1,
18566,121,121,0,1,
18567,113,113,0,1,
18568,113,113,0,1,
18569,117,117,0,1,
18570,117,117,0,1,
18571,118,118,0,1,
18572,118,118,0,1,
18573,110,110,0,1,
18574,110,110,0,1,
18575,119,119,0,1,
18576,108,108,0,1,
18577,124,124,0,1,
18578,112,112,0,1,
18579,106,106,0,1,
18580,114,114,0,1,
18581,114,114,0,1,
18582,108,108,0,1,
18583,117,117,0,1,
18584,110,110,0,1,
18585,118,118,0,1,
18586,133,133,0,1,
18587,120,120,0,1,
18588,115,115,0,1,
18589,120,120,0,1,
18590,121,121,0,1,
18591,112,112,0,1,
18592,108,108,0,1,
18593,119,119,0,1,
18594,103,103,0,1,
18595,119,119,0,1,
18596,112,112,0,1,
18597,126,126,0,1,
18598,113,113,0,1,
18599,107,107,0,1,
18600,112,112,0,1,
18601,113,113,0,1,
18602,109,109,0,1,
18603,123,123,0,1,
18604,112,112,0,1,
18605,111,111,0,1,
18606,128,128,0,1,
18607,118,118,0,1,
18608,110,110,0,1,
18609,108,108,0,1,
18610,115,115,0,1,
18611,110,110,0,1,
18612,115,115,0,1,
18613,109,109,0,1,
18614,121,121,0,1,
18615,112,112,0,1,
18616,108,108,0,1,
18617,113,113,0,1,
18618,110,110,0,1,
18619,116,116,0,1,
18620,122,122,0,1,
18621,117,117,0,1,
18622,122,122,0,1,
18623,129,129,0,1,
18624,122,122,0,1,
18625,114,114,0,1,
18626,116,116,0,1,
18627,118,118,0,1,
18628,107,107,0,1,
18629,125,125,0,1,
18630,128,128,0,1,
18631,116,116,0,1,
18632,116,116,0,1,
18633,123,123,0,1,
18634,114,114,0,1,
18635,112,112,0,1,
18636,114,114,0,1,
18637,114,114,0,1,
18638,117,117,0,1,
18639,107,107,0,1,
18640,115,115,0,1,
18641,116,116,0,1,
18642,113,113,0,1,
18643,119,119,0,1,
18644,113,113,0,1,
18645,109,109,0,1,
18646,114,114,0,1,
18647,111,111,0,1,
18648,111,111,0,1,
18649,107,107,0,1,
18650,115,115,0,1,
18651,123,123,0,1,
18652,117,117,0,1,
18653,129,129,0,1,
18654,115,115,0,1,
18655,116,116,0,1,
18656,117,117,0,1,
18657,112,112,0,1,
18658,103,103,0,1,
18659,114,114,0,1,
18660,124,124,0,1,
18661,105,105,0,1,
18662,107,107,0,1,
18663,113,113,0,1,
18664,115,115,0,1,
18665,111,111,0,1,
18666,117,117,0,1,
18667,122,122,0,1,
18668,111,111,0,1,
18669,108,108,0,1,
18670,117,117,0,1,
18671,110,110,0,1,
18672,115,115,0,1,
18673,103,103,0,1,
18674,123,123,0,1,
18675,134,134,0,1,
18676,114,114,0,1,
18677,119,119,0,1,
18678,114,114,0,1,
18679,119,119,0,1,
18680,109,109,0,1,
18681,119,119,0,1,
18682,114,114,0,1,
18683,122,122,0,1,
18684,117,117,0,1,
18685,115,115,0,1,
18686,110,110,0,1,
18687,110,110,0,1,
18688,122,122,0,1,
18689,121,121,0,1,
18690,122,122,0,1,
18691,114,114,0,1,
18692,114,114,0,1,
18693,114,114,0,1,
18694,112,112,0,1,
18695,109,109,0,1,
18696,116,116,0,1,
18697,118,118,0,1,
18698,113,113,0,1,
18699,114,114,0,1,
18700,115,115,0,1,
18701,105,105,0,1,
18702,117,117,0,1,
18703,115,115,0,1,
18704,111,111,0,1,
18705,112,112,0,1,
18706,116,116,0,1,
18707,118,118,0,1,
18708,111,111,0,1,
18709,115,115,0,1,
18710,112,112,0,1,
18711,103,103,0,1,
18712,124,124,0,1,
18713,106,106,0,1,
18714,115,115,0,1,
18715,120,120,0,1,
18716,114,114,0,1,
18717,113,113,0,1,
18718,133,133,0,1,
18719,103,103,0,1,
18720,116,116,0,1,
18721,121,121,0,1,
18722,122,122,0,1,
18723,104,104,0,1,
18724,104,104,0,1,
18725,115,115,0,1,
18726,127,127,0,1,
18727,114,114,0,1,
18728,119,119,0,1,
18729,116,116,0,1,
18730,119,119,0,1,
18731,119,119,0,1,
18732,118,118,0,1,
18733,118,118,0,1,
18734,116,116,0,1,
18735,102,102,0,1,
18736,119,119,0,1,
18737,110,110,0,1,
18738,117,117,0,1,
18739,105,105,0,1,
18740,115,115,0,1,
18741,134,134,0,1,
18742,109,109,0,1,
18743,117,117,0,1,
18744,122,122,0,1,
18745,116,116,0,1,
18746,115,115,0,1,
18747,111,111,0,1,
18748,126,126,0,1,
18749,111,111,0,1,
18750,117,117,0,1,
18751,118,118,0,1,
18752,116,116,0,1,
18753,112,112,0,1,
18754,114,114,0,1,
18755,130,130,0,1,
18756,114,114,0,1,
18757,108,108,0,1,
18758,110,110,0,1,
18759,126,126,0,1,
18760,119,119,0,1,
18761,125,125,0,1,
18762,118,118,0,1,
18763,108,108,0,1,
18764,125,125,0,1,
18765,111,111,0,1,
18766,111,111,0,1,
18767,117,117,0,1,
18768,110,110,0,1,
18769,125,125,0,1,
18770,103,103,0,1,
18771,111,111,0,1,
18772,113,113,0,1,
18773,107,107,0,1,
18774,114,114,0,1,
18775,112,112,0,1,
18776,114,114,0,1,
18777,119,119,0,1,
18778,121,121,0,1,
18779,127,127,0,1,
18780,117,117,0,1,
18781,115,115,0,1,
18782,119,119,0,1,
18783,111,111,0,1,
18784,111,111,0,1,
18785,113,113,0,1,
18786,115,115,0,1,
18787,113,113,0,1,
18788,118,118,0,1,
18789,119,119,0,1,
18790,113,113,0,1,
18791,114,114,0,1,
18792,108,108,0,1,
18793,118,118,0,1,
18794,115,115,0,1,
18795,115,115,0,1,
18796,116,116,0,1,
18797,117,117,0,1,
18798,122,122,0,1,
18799,113,113,0,1,
18800,116,116,0,1,
18801,110,110,0,1,
18802,121,121,0,1,
18803,114,114,0,1,
18804,114,114,0,1,
18805,118,118,0,1,
18806,122,122,0,1,
18807,112,112,0,1,
18808,112,112,0,1,
18809,117,117,0,1,
18810,130,130,0,1,
18811,108,108,0,1,
18812,119,119,0,1,
18813,109,109,0,1,
18814,117,117,0,1,
18815,124,124,0,1,
18816,108,108,0,1,
18817,112,112,0,1,
18818,118,118,0,1,
18819,122,122,0,1,
18820,115,115,0,1,
18821,115,115,0,1,
18822,119,119,0,1,
18823,103,103,0,1,
18824,124,124,0,1,
18825,105,105,0,1,
18826,116,116,0,1,
18827,112,112,0,1,
18828,120,120,0,1,
18829,117,117,0,1,
18830,122,122,0,1,
18831,115,115,0,1,
18832,114,114,0,1,
18833,123,123,0,1,
18834,124,124,0,1,
18835,116,116,0,1,
18836,107,107,0,1,
18837,112,112,0,1,
18838,113,113,0,1,
18839,111,111,0,1,
18840,109,109,0,1,
18841,114,114,0,1,
18842,112,112,0,1,
18843,115,115,0,1,
18844,121,121,0,1,
18845,112,112,0,1,
18846,109,109,0,1,
18847,123,123,0,1,
18848,110,110,0,1,
18849,117,117,0,1,
18850,122,122,0,1,
18851,117,117,0,1,
18852,118,118,0,1,
18853,122,122,0,1,
18854,123,123,0,1,
18855,116,116,0,1,
18856,105,105,0,1,
18857,129,129,0,1,
18858,115,115,0,1,
18859,112,112,0,1,
18860,123,123,0,1,
18861,126,126,0,1,
18862,126,126,0,1,
18863,123,123,0,1,
18864,117,117,0,1,
18865,112,112,0,1,
18866,112,112,0,1,
18867,112,112,0,1,
18868,113,113,0,1,
18869,123,123,0,1,
18870,108,108,0,1,
18871,120,120,0,1,
18872,110,110,0,1,
18873,119,119,0,1,
18874,116,116,0,1,
18875,110,110,0,1,
18876,107,107,0,1,
18877,116,116,0,1,
18878,119,119,0,1,
18879,109,109,0,1,
18880,122,122,0,1,
18881,126,126,0,1,
18882,118,118,0,1,
18883,117,117,0,1,
18884,107,107,0,1,
18885,130,130,0,1,
18886,119,119,0,1,
18887,121,121,0,1,
18888,114,114,0,1,
18889,117,117,0,1,
18890,113,113,0,1,
18891,115,115,0,1,
18892,124,124,0,1,
18893,117,117,0,1,
18894,116,116,0,1,
18895,114,114,0,1,
18896,104,104,0,1,
18897,111,111,0,1,
18898,108,108,0,1,
18899,123,123,0,1,
18900,106,106,0,1,
18901,126,126,0,1,
18902,118,118,0,1,
18903,123,123,0,1,
18904,107,107,0,1,
18905,116,116,0,1,
18906,111,111,0,1,
18907,119,119,0,1,
18908,100,100,0,1,
18909,118,118,0,1,
18910,127,127,0,1,
18911,112,112,0,1,
18912,115,115,0,1,
18913,111,111,0,1,
18914,115,115,0,1,
18915,110,110,0,1,
18916,108,108,0,1,
18917,119,119,0,1,
18918,113,113,0,1,
18919,114,114,0,1,
18920,112,112,0,1,
18921,127,127,0,1,
18922,111,111,0,1,
18923,117,117,0,1,
18924,110,110,0,1,
18925,127,127,0,1,
18926,125,125,0,1,
18927,121,121,0,1,
18928,117,117,0,1,
18929,124,124,0,1,
18930,113,113,0,1,
18931,113,113,0,1,
18932,112,112,0,1,
18933,129,129,0,1,
18934,115,115,0,1,
18935,111,111,0,1,
18936,119,119,0,1,
18937,122,122,0,1,
18938,119,119,0,1,
18939,121,121,0,1,
18940,116,116,0,1,
18941,109,109,0,1,
18942,119,119,0,1,
18943,105,105,0,1,
18944,113,113,0,1,
18945,114,114,0,1,
18946,115,115,0,1,
18947,109,109,0,1,
18948,108,108,0,1,
18949,118,118,0,1,
18950,115,115,0,1,
18951,119,119,0,1,
18952,119,119,0,1,
18953,108,108,0,1,
18954,115,115,0,1,
18955,114,114,0,1,
18956,123,123,0,1,
18957,111,111,0,1,
18958,113,113,0,1,
18959,106,106,0,1,
18960,110,110,0,1,
18961,110,110,0,1,
18962,115,115,0,1,
18963,111,111,0,1,
18964,123,123,0,1,
18965,110,110,0,1,
18966,116,116,0,1,
18967,125,125,0,1,
18968,119,119,0,1,
18969,115,115,0,1,
18970,121,121,0,1,
18971,118,118,0,1,
18972,114,114,0,1,
18973,104,104,0,1,
18974,111,111,0,1,
18975,117,117,0,1,
18976,127,127,0,1,
18977,110,110,0,1,
18978,114,114,0,1,
18979,114,114,0,1,
18980,114,114,0,1,
18981,113,113,0,1,
18982,117,117,0,1,
18983,122,122,0,1,
18984,109,109,0,1,
18985,117,117,0,1,
18986,109,109,0,1,
18987,114,114,0,1,
18988,114,114,0,1,
18989,117,117,0,1,
18990,125,125,0,1,
18991,110,110,0,1,
18992,106,106,0,1,
18993,119,119,0,1,
18994,117,117,0,1,
18995,124,124,0,1,
18996,103,103,0,1,
18997,110,110,0,1,
18998,115,115,0,1,
18999,117,117,0,1,
19000,114,114,0,1,
19001,106,106,0,1,
19002,113,113,0,1,
19003,112,112,0,1,
19004,115,115,0,1,
19005,115,115,0,1,
19006,122,122,0,1,
19007,122,122,0,1,
19008,115,115,0,1,
19009,131,131,0,1,
19010,123,123,0,1,
19011,126,126,0,1,
19012,121,121,0,1,
19013,108,108,0,1,
19014,113,113,0,1,
19015,114,114,0,1,
19016,122,122,0,1,
19017,120,120,0,1,
19018,118,118,0,1,
19019,112,112,0,1,
19020,121,121,0,1,
19021,117,117,0,1,
19022,117,117,0,1,
19023,118,118,0,1,
19024,116,116,0,1,
19025,112,112,0,1,
19026,115,115,0,1,
19027,106,106,0,1,
19028,111,111,0,1,
19029,108,108,0,1,
19030,113,113,0,1,
19031,124,124,0,1,
19032,122,122,0,1,
19033,118,118,0,1,
19034,111,111,0,1,
19035,118,118,0,1,
19036,112,112,0,1,
19037,113,113,0,1,
19038,107,107,0,1,
19039,107,107,0,1,
19040,112,112,0,1,
19041,113,113,0,1,
19042,117,117,0,1,
19043,120,120,0,1,
19044,115,115,0,1,
19045,118,118,0,1,
19046,115,115,0,1,
19047,108,108,0,1,
19048,110,110,0,1,
19049,122,122,0,1,
19050,108,108,0,1,
19051,116,116,0,1,
19052,121,121,0,1,
19053,111,111,0,1,
19054,112,112,0,1,
19055,107,107,0,1,
19056,118,118,0,1,
19057,121,121,0,1,
19058,117,117,0,1,
19059,110,110,0,1,
19060,106,106,0,1,
19061,120,120,0,1,
19062,114,114,0,1,
19063,106,106,0,1,
19064,112,112,0,1,
19065,128,128,0,1,
19066,116,116,0,1,
19067,118,118,0,1,
19068,122,122,0,1,
19069,114,114,0,1,
19070,121,121,0,1,
19071,114,114,0,1,
19072,119,119,0,1,
19073,112,112,0,1,
19074,119,119,0,1,
19075,117,117,0,1,
19076,108,108,0,1,
19077,124,124,0,1,
19078,132,132,0,1,
19079,125,125,0,1,
19080,118,118,0,1,
19081,117,117,0,1,
19082,116,116,0,1,
19083,114,114,0,1,
19084,125,125,0,1,
19085,109,109,0,1,
19086,107,107,0,1,
19087,108,108,0,1,
19088,137,137,0,1,
19089,120,120,0,1,
19090,119,119,0,1,
19091,116,116,0,1,
19092,109,109,0,1,
19093,106,106,0,1,
19094,108,108,0,1,
19095,120,120,0,1,
19096,120,120,0,1,
19097,116,116,0,1,
19098,123,123,0,1,
19099,115,115,0,1,
19100,117,117,0,1,
19101,121,121,0,1,
19102,116,116,0,1,
19103,117,117,0,1,
19104,117,117,0,1,
19105,104,104,0,1,
19106,116,116,0,1,
19107,128,128,0,1,
19108,110,110,0,1,
19109,119,119,0,1,
19110,121,121,0,1,
19111,123,123,0,1,
19112,117,117,0,1,
19113,123,123,0,1,
19114,120,120,0,1,
19115,112,112,0,1,
19116,120,120,0,1,
19117,114,114,0,1,
19118,123,123,0,1,
19119,118,118,0,1,
19120,121,121,0,1,
19121,117,117,0,1,
19122,118,118,0,1,
19123,115,115,0,1,
19124,117,117,0,1,
19125,111,111,0,1,
19126,113,113,0,1,
19127,132,132,0,1,
19128,112,112,0,1,
19129,111,111,0,1,
19130,115,115,0,1,
19131,119,119,0,1,
19132,112,112,0,1,
19133,128,128,0,1,
19134,125,125,0,1,
19135,118,118,0,1,
19136,111,111,0,1,
19137,108,108,0,1,
19138,109,109,0,1,
19139,117,117,0,1,
19140,113,113,0,1,
19141,107,107,0,1,
19142,118,118,0,1,
19143,116,116,0,1,
19144,125,125,0,1,
19145,115,115,0,1,
19146,122,122,0,1,
19147,123,123,0,1,
19148,116,116,0,1,
19149,121,121,0,1,
19150,126,126,0,1,
19151,123,123,0,1,
19152,115,115,0,1,
19153,120,120,0,1,
19154,113,113,0,1,
19155,120,120,0,1,
19156,122,122,0,1,
19157,114,114,0,1,
19158,127,127,0,1,
19159,117,117,0,1,
19160,112,112,0,1,
19161,117,117,0,1,
19162,112,112,0,1,
19163,120,120,0,1,
19164,111,111,0,1,
19165,108,108,0,1,
19166,115,115,0,1,
19167,117,117,0,1,
19168,104,104,0,1,
19169,129,129,0,1,
19170,111,111,0,1,
19171,112,112,0,1,
19172,112,112,0,1,
19173,108,108,0,1,
19174,125,125,0,1,
19175,109,109,0,1,
19176,107,107,0,1,
19177,124,124,0,1,
19178,106,106,0,1,
19179,121,121,0,1,
19180,105,105,0,1,
19181,116,116,0,1,
19182,116,116,0,1,
19183,111,111,0,1,
19184,107,107,0,1,
19185,112,112,0,1,
19186,107,107,0,1,
19187,106,106,0,1,
19188,114,114,0,1,
19189,119,119,0,1,
19190,114,114,0,1,
19191,119,119,0,1,
19192,115,115,0,1,
19193,130,130,0,1,
19194,122,122,0,1,
19195,110,110,0,1,
19196,107,107,0,1,
19197,123,123,0,1,
19198,119,119,0,1,
19199,111,111,0,1,
19200,118,118,0,1,
19201,111,111,0,1,
19202,122,122,0,1,
19203,109,109,0,1,
19204,118,118,0,1,
19205,121,121,0,1,
19206,108,108,0,1,
19207,119,119,0,1,
19208,113,113,0,1,
19209,128,128,0,1,
19210,115,115,0,1,
19211,114,114,0,1,
19212,111,111,0,1,
19213,121,121,0,1,
19214,116,116,0,1,
19215,110,110,0,1,
19216,107,107,0,1,
19217,111,111,0,1,
19218,118,118,0,1,
19219,110,110,0,1,
19220,110,110,0,1,
19221,111,111,0,1,
19222,121,121,0,1,
19223,106,106,0,1,
19224,110,110,0,1,
19225,109,109,0,1,
19226,112,112,0,1,
19227,112,112,0,1,
19228,123,123,0,1,
19229,117,117,0,1,
19230,116,116,0,1,
19231,131,131,0,1,
19232,114,114,0,1,
19233,109,109,0,1,
19234,109,109,0,1,
19235,116,116,0,1,
19236,124,124,0,1,
19237,108,108,0,1,
19238,120,120,0,1,
19239,122,122,0,1,
19240,113,113,0,1,
19241,109,109,0,1,
19242,112,112,0,1,
19243,108,108,0,1,
19244,113,113,0,1,
19245,112,112,0,1,
19246,110,110,0,1,
19247,118,118,0,1,
19248,119,119,0,1,
19249,118,118,0,1,
19250,114,114,0,1,
19251,112,112,0,1,
19252,116,116,0,1,
19253,110,110,0,1,
19254,120,120,0,1,
19255,118,118,0,1,
19256,105,105,0,1,
19257,108,108,0,1,
19258,119,119,0,1,
19259,112,112,0,1,
19260,110,110,0,1,
19261,118,118,0,1,
19262,117,117,0,1,
19263,114,114,0,1,
19264,109,109,0,1,
19265,114,114,0,1,
19266,123,123,0,1,
19267,132,132,0,1,
19268,113,113,0,1,
19269,118,118,0,1,
19270,116,116,0,1,
19271,121,121,0,1,
19272,120,120,0,1,
19273,119,119,0,1,
19274,108,108,0,1,
19275,113,113,0,1,
19276,116,116,0,1,
19277,117,117,0,1,
19278,108,108,0,1,
19279,112,112,0,1,
19280,118,118,0,1,
19281,112,112,0,1,
19282,111,111,0,1,
19283,121,121,0,1,
19284,119,119,0,1,
19285,107,107,0,1,
19286,109,109,0,1,
19287,125,125,0,1,
19288,125,125,0,1,
19289,115,115,0,1,
19290,112,112,0,1,
19291,118,118,0,1,
19292,127,127,0,1,
19293,119,119,0,1,
19294,119,119,0,1,
19295,122,122,0,1,
19296,109,109,0,1,
19297,114,114,0,1,
19298,113,113,0,1,
19299,114,114,0,1,
19300,113,113,0,1,
19301,128,128,0,1,
19302,109,109,0,1,
19303,124,124,0,1,
19304,119,119,0,1,
19305,107,107,0,1,
19306,110,110,0,1,
19307,109,109,0,1,
19308,118,118,0,1,
19309,111,111,0,1,
19310,122,122,0,1,
19311,111,111,0,1,
19312,115,115,0,1,
19313,117,117,0,1,
19314,114,114,0,1,
19315,135,135,0,1,
19316,120,120,0,1,
19317,112,112,0,1,
19318,131,131,0,1,
19319,117,117,0,1,
19320,125,125,0,1,
19321,109,109,0,1,
19322,114,114,0,1,
19323,114,114,0,1,
19324,115,115,0,1,
19325,116,116,0,1,
19326,113,113,0,1,
19327,113,113,0,1,
19328,118,118,0,1,
19329,110,110,0,1,
19330,112,112,0,1,
19331,110,110,0,1,
19332,113,113,0,1,
19333,116,116,0,1,
19334,109,109,0,1,
19335,112,112,0,1,
19336,113,113,0,1,
19337,117,117,0,1,
19338,122,122,0,1,
19339,109,109,0,1,
19340,118,118,0,1,
19341,117,117,0,1,
19342,122,122,0,1,
19343,121,121,0,1,
19344,118,118,0,1,
19345,107,107,0,1,
19346,118,118,0,1,
19347,120,120,0,1,
19348,104,104,0,1,
19349,116,116,0,1,
19350,119,119,0,1,
19351,123,123,0,1,
19352,113,113,0,1,
19353,111,111,0,1,
19354,114,114,0,1,
19355,112,112,0,1,
19356,123,123,0,1,
19357,118,118,0,1,
19358,117,117,0,1,
19359,122,122,0,1,
19360,120,120,0,1,
19361,114,114,0,1,
19362,112,112,0,1,
19363,118,118,0,1,
19364,117,117,0,1,
19365,112,112,0,1,
19366,113,113,0,1,
19367,112,112,0,1,
19368,119,119,0,1,
19369,116,116,0,1,
19370,114,114,0,1,
19371,115,115,0,1,
19372,127,127,0,1,
19373,120,120,0,1,
19374,121,121,0,1,
19375,119,119,0,1,
19376,113,113,0,1,
19377,104,104,0,1,
19378,117,117,0,1,
19379,103,103,0,1,
19380,119,119,0,1,
19381,112,112,0,1,
19382,108,108,0,1,
19383,121,121,0,1,
19384,104,104,0,1,
19385,114,114,0,1,
19386,116,116,0,1,
19387,110,110,0,1,
19388,125,125,0,1,
19389,116,116,0,1,
19390,133,133,0,1,
19391,107,107,0,1,
19392,104,104,0,1,
19393,118,118,0,1,
19394,107,107,0,1,
19395,109,109,0,1,
19396,115,115,0,1,
19397,113,113,0,1,
19398,115,115,0,1,
19399,108,108,0,1,
19400,107,107,0,1,
19401,115,115,0,1,
19402,124,124,0,1,
19403,102,102,0,1,
19404,113,113,0,1,
19405,109,109,0,1,
19406,121,121,0,1,
19407,111,111,0,1,
19408,120,120,0,1,
19409,118,118,0,1,
19410,111,111,0,1,
19411,108,108,0,1,
19412,117,117,0,1,
19413,111,111,0,1,
19414,118,118,0,1,
19415,113,113,0,1,
19416,121,121,0,1,
19417,119,119,0,1,
19418,116,116,0,1,
19419,116,116,0,1,
19420,114,114,0,1,
19421,127,127,0,1,
19422,106,106,0,1,
19423,101,101,0,1,
19424,119,119,0,1,
19425,103,103,0,1,
19426,112,112,0,1,
19427,100,100,0,1,
19428,118,118,0,1,
19429,118,118,0,1,
19430,115,115,0,1,
19431,116,116,0,1,
19432,126,126,0,1,
19433,115,115,0,1,
19434,116,116,0,1,
19435,116,116,0,1,
19436,114,114,0,1,
19437,123,123,0,1,
19438,123,123,0,1,
19439,115,115,0,1,
19440,107,107,0,1,
19441,112,112,0,1,
19442,113,113,0,1,
19443,115,115,0,1,
19444,118,118,0,1,
19445,114,114,0,1,
19446,125,125,0,1,
19447,121,121,0,1,
19448,127,127,0,1,
19449,119,119,0,1,
19450,107,107,0,1,
19451,115,115,0,1,
19452,117,117,0,1,
19453,108,108,0,1,
19454,115,115,0,1,
19455,122,122,0,1,
19456,106,106,0,1,
19457,117,117,0,1,
19458,122,122,0,1,
19459,117,117,0,1,
19460,107,107,0,1,
19461,120,120,0,1,
19462,110,110,0,1,
19463,116,116,0,1,
19464,117,117,0,1,
19465,115,115,0,1,
19466,114,114,0,1,
19467,109,109,0,1,
19468,125,125,0,1,
19469,108,108,0,1,
19470,120,120,0,1,
19471,126,126,0,1,
19472,119,119,0,1,
19473,104,104,0,1,
19474,102,102,0,1,
19475,117,117,0,1,
19476,117,117,0,1,
19477,121,121,0,1,
19478,117,117,0,1,
19479,112,112,0,1,
19480,118,118,0,1,
19481,109,109,0,1,
19482,102,102,0,1,
19483,127,127,0,1,
19484,117,117,0,1,
19485,107,107,0,1,
19486,112,112,0,1,
19487,111,111,0,1,
19488,109,109,0,1,
19489,118,118,0,1,
19490,113,113,0,1,
19491,112,112,0,1,
19492,119,119,0,1,
19493,118,118,0,1,
19494,108,108,0,1,
19495,112,112,0,1,
19496,112,112,0,1,
19497,118,118,0,1,
19498,111,111,0,1,
19499,114,114,0,1,
19500,125,125,0,1,
19501,116,116,0,1,
19502,105,105,0,1,
19503,111,111,0,1,
19504,124,124,0,1,
19505,125,125,0,1,
19506,127,127,0,1,
19507,115,115,0,1,
19508,114,114,0,1,
19509,109,109,0,1,
19510,113,113,0,1,
19511,108,108,0,1,
19512,111,111,0,1,
19513,114,114,0,1,
19514,116,116,0,1,
19515,112,112,0,1,
19516,120,120,0,1,
19517,104,104,0,1,
19518,128,128,0,1,
19519,112,112,0,1,
19520,108,108,0,1,
19521,116,116,0,1,
19522,107,107,0,1,
19523,103,103,0,1,
19524,115,115,0,1,
19525,112,112,0,1,
19526,104,104,0,1,
19527,128,128,0,1,
19528,124,124,0,1,
19529,110,110,0,1,
19530,118,118,0,1,
19531,117,117,0,1,
19532,105,105,0,1,
19533,123,123,0,1,
19534,113,113,0,1,
19535,122,122,0,1,
19536,125,125,0,1,
19537,111,111,0,1,
19538,123,123,0,1,
19539,120,120,0,1,
19540,124,124,0,1,
19541,111,111,0,1,
19542,113,113,0,1,
19543,116,116,0,1,
19544,112,112,0,1,
19545,113,113,0,1,
19546,121,121,0,1,
19547,126,126,0,1,
19548,125,125,0,1,
19549,113,113,0,1,
19550,114,114,0,1,
19551,123,123,0,1,
19552,119,119,0,1,
19553,122,122,0,1,
19554,121,121,0,1,
19555,115,115,0,1,
19556,117,117,0,1,
19557,125,125,0,1,
19558,114,114,0,1,
19559,108,108,0,1,
19560,115,115,0,1,
19561,116,116,0,1,
19562,117,117,0,1,
19563,106,106,0,1,
19564,108,108,0,1,
19565,122,122,0,1,
19566,120,120,0,1,
19567,120,120,0,1,
19568,114,114,0,1,
19569,118,118,0,1,
19570,117,117,0,1,
19571,127,127,0,1,
19572,117,117,0,1,
19573,111,111,0,1,
19574,109,109,0,1,
19575,107,107,0,1,
19576,124,124,0,1,
19577,125,125,0,1,
19578,106,106,0,1,
19579,108,108,0,1,
19580,117,117,0,1,
19581,126,126,0,1,
19582,124,124,0,1,
19583,115,115,0,1,
19584,124,124,0,1,
19585,98,98,0,1,
19586,117,117,0,1,
19587,122,122,0,1,
19588,111,111,0,1,
19589,109,109,0,1,
19590,113,113,0,1,
19591,117,117,0,1,
19592,120,120,0,1,
19593,115,115,0,1,
19594,115,115,0,1,
19595,108,108,0,1,
19596,118,118,0,1,
19597,115,115,0,1,
19598,128,128,0,1,
19599,124,124,0,1,
19600,109,109,0,1,
19601,125,125,0,1,
19602,110,110,0,1,
19603,109,109,0,1,
19604,121,121,0,1,
19605,111,111,0,1,
19606,102,102,0,1,
19607,106,106,0,1,
19608,115,115,0,1,
19609,127,127,0,1,
19610,122,122,0,1,
19611,112,112,0,1,
19612,121,121,0,1,
19613,115,115,0,1,
19614,117,117,0,1,
19615,115,115,0,1,
19616,123,123,0,1,
19617,128,128,0,1,
19618,112,112,0,1,
19619,115,115,0,1,
19620,119,119,0,1,
19621,111,111,0,1,
19622,104,104,0,1,
19623,111,111,0,1,
19624,118,118,0,1,
19625,114,114,0,1,
19626,107,107,0,1,
19627,115,115,0,1,
19628,119,119,0,1,
19629,116,116,0,1,
19630,116,116,0,1,
19631,113,113,0,1,
19632,115,115,0,1,
19633,109,109,0,1,
19634,110,110,0,1,
19635,107,107,0,1,
19636,114,114,0,1,
19637,115,115,0,1,
19638,116,116,0,1,
19639,116,116,0,1,
19640,119,119,0,1,
19641,111,111,0,1,
19642,123,123,0,1,
19643,108,108,0,1,
19644,104,104,0,1,
19645,125,125,0,1,
19646,122,122,0,1,
19647,119,119,0,1,
19648,111,111,0,1,
19649,117,117,0,1,
19650,111,111,0,1,
19651,112,112,0,1,
19652,114,114,0,1,
19653,115,115,0,1,
19654,119,119,0,1,
19655,117,117,0,1,
19656,119,119,0,1,
19657,111,111,0,1,
19658,117,117,0,1,
19659,110,110,0,1,
19660,112,112,0,1,
19661,106,106,0,1,
19662,104,104,0,1,
19663,111,111,0,1,
19664,119,119,0,1,
19665,118,118,0,1,
19666,109,109,0,1,
19667,122,122,0,1,
19668,110,110,0,1,
19669,115,115,0,1,
19670,112,112,0,1,
19671,126,126,0,1,
19672,114,114,0,1,
19673,118,118,0,1,
19674,113,113,0,1,
19675,116,116,0,1,
19676,111,111,0,1,
19677,112,112,0,1,
19678,110,110,0,1,
19679,111,111,0,1,
19680,112,112,0,1,
19681,129,129,0,1,
19682,111,111,0,1,
19683,122,122,0,1,
19684,113,113,0,1,
19685,123,123,0,1,
19686,107,107,0,1,
19687,113,113,0,1,
19688,109,109,0,1,
19689,108,108,0,1,
19690,118,118,0,1,
19691,126,126,0,1,
19692,106,106,0,1,
19693,116,116,0,1,
19694,106,106,0,1,
19695,125,125,0,1,
19696,114,114,0,1,
19697,116,116,0,1,
19698,118,118,0,1,
19699,115,115,0,1,
19700,106,106,0,1,
19701,110,110,0,1,
19702,113,113,0,1,
19703,111,111,0,1,
19704,115,115,0,1,
19705,117,117,0,1,
19706,109,109,0,1,
19707,109,109,0,1,
19708,115,115,0,1,
19709,114,114,0,1,
19710,116,116,0,1,
19711,124,124,0,1,
19712,120,120,0,1,
19713,104,104,0,1,
19714,119,119,0,1,
19715,106,106,0,1,
19716,110,110,0,1,
19717,121,121,0,1,
19718,112,112,0,1,
19719,106,106,0,1,
19720,109,109,0,1,
19721,125,125,0,1,
19722,115,115,0,1,
19723,120,120,0,1,
19724,112,112,0,1,
19725,125,125,0,1,
19726,113,113,0,1,
19727,122,122,0,1,
19728,118,118,0,1,
19729,126,126,0,1,
19730,119,119,0,1,
19731,115,115,0,1,
19732,116,116,0,1,
19733,118,118,0,1,
19734,110,110,0,1,
19735,105,105,0,1,
19736,111,111,0,1,
19737,104,104,0,1,
19738,117,117,0,1,
19739,127,127,0,1,
19740,122,122,0,1,
19741,108,108,0,1,
19742,114,114,0,1,
19743,116,116,0,1,
19744,112,112,0,1,
19745,127,127,0,1,
19746,130,130,0,1,
19747,117,117,0,1,
19748,110,110,0,1,
19749,109,109,0,1,
19750,111,111,0,1,
19751,115,115,0,1,
19752,110,110,0,1,
19753,111,111,0,1,
19754,106,106,0,1,
19755,112,112,0,1,
19756,110,110,0,1,
19757,103,103,0,1,
19758,107,107,0,1,
19759,117,117,0,1,
19760,106,106,0,1,
19761,107,107,0,1,
19762,110,110,0,1,
19763,113,113,0,1,
19764,116,116,0,1,
19765,105,105,0,1,
19766,114,114,0,1,
19767,125,125,0,1,
19768,106,106,0,1,
19769,109,109,0,1,
19770,112,112,0,1,
19771,110,110,0,1,
19772,113,113,0,1,
19773,109,109,0,1,
19774,121,121,0,1,
19775,102,102,0,1,
19776,108,108,0,1,
19777,120,120,0,1,
19778,123,123,0,1,
19779,117,117,0,1,
19780,115,115,0,1,
19781,125,125,0,1,
19782,119,119,0,1,
19783,115,115,0,1,
19784,110,110,0,1,
19785,110,110,0,1,
19786,108,108,0,1,
19787,110,110,0,1,
19788,114,114,0,1,
19789,123,123,0,1,
19790,108,108,0,1,
19791,113,113,0,1,
19792,107,107,0,1,
19793,123,123,0,1,
19794,112,112,0,1,
19795,115,115,0,1,
19796,124,124,0,1,
19797,116,116,0,1,
19798,112,112,0,1,
19799,104,104,0,1,
19800,131,131,0,1,
19801,115,115,0,1,
19802,116,116,0,1,
19803,112,112,0,1,
19804,121,121,0,1,
19805,115,115,0,1,
19806,109,109,0,1,
19807,111,111,0,1,
19808,116,116,0,1,
19809,106,106,0,1,
19810,126,126,0,1,
19811,116,116,0,1,
19812,112,112,0,1,
19813,108,108,0,1,
19814,102,102,0,1,
19815,111,111,0,1,
19816,115,115,0,1,
19817,114,114,0,1,
19818,115,115,0,1,
19819,110,110,0,1,
19820,108,108,0,1,
19821,118,118,0,1,
19822,108,108,0,1,
19823,107,107,0,1,
19824,109,109,0,1,
19825,112,112,0,1,
19826,116,116,0,1,
19827,118,118,0,1,
19828,122,122,0,1,
19829,106,106,0,1,
19830,119,119,0,1,
19831,122,122,0,1,
19832,119,119,0,1,
19833,117,117,0,1,
19834,121,121,0,1,
19835,117,117,0,1,
19836,118,118,0,1,
19837,108,108,0,1,
19838,129,129,0,1,
19839,120,120,0,1,
19840,113,113,0,1,
19841,116,116,0,1,
19842,126,126,0,1,
19843,118,118,0,1,
19844,111,111,0,1,
19845,128,128,0,1,
19846,114,114,0,1,
19847,116,116,0,1,
19848,106,106,0,1,
19849,107,107,0,1,
19850,108,108,0,1,
19851,107,107,0,1,
19852,126,126,0,1,
19853,114,114,0,1,
19854,111,111,0,1,
19855,109,109,0,1,
19856,106,106,0,1,
19857,111,111,0,1,
19858,106,106,0,1,
19859,107,107,0,1,
19860,116,116,0,1,
19861,125,125,0,1,
19862,115,115,0,1,
19863,119,119,0,1,
19864,120,120,0,1,
19865,126,126,0,1,
19866,120,120,0,1,
19867,117,117,0,1,
19868,111,111,0,1,
19869,114,114,0,1,
19870,103,103,0,1,
19871,116,116,0,1,
19872,117,117,0,1,
19873,117,117,0,1,
19874,105,105,0,1,
19875,111,111,0,1,
19876,112,112,0,1,
19877,117,117,0,1,
19878,118,118,0,1,
19879,109,109,0,1,
19880,120,120,0,1,
19881,107,107,0,1,
19882,115,115,0,1,
19883,106,106,0,1,
19884,113,113,0,1,
19885,110,110,0,1,
19886,113,113,0,1,
19887,114,114,0,1,
19888,121,121,0,1,
19889,120,120,0,1,
19890,120,120,0,1,
19891,114,114,0,1,
19892,113,113,0,1,
19893,118,118,0,1,
19894,111,111,0,1,
19895,118,118,0,1,
19896,114,114,0,1,
19897,118,118,0,1,
19898,126,126,0,1,
19899,107,107,0,1,
19900,110,110,0,1,
19901,103,103,0,1,
19902,121,121,0,1,
19903,121,121,0,1,
19904,120,120,0,1,
19905,125,125,0,1,
19906,116,116,0,1,
19907,116,116,0,1,
19908,113,113,0,1,
19909,109,109,0,1,
19910,109,109,0,1,
19911,110,110,0,1,
19912,118,118,0,1,
19913,128,128,0,1,
19914,110,110,0,1,
19915,127,127,0,1,
19916,114,114,0,1,
19917,107,107,0,1,
19918,104,104,0,1,
19919,124,124,0,1,
19920,108,108,0,1,
19921,115,115,0,1,
19922,118,118,0,1,
19923,113,113,0,1,
19924,118,118,0,1,
19925,110,110,0,1,
19926,114,114,0,1,
19927,119,119,0,1,
19928,113,113,0,1,
19929,122,122,0,1,
19930,126,126,0,1,
19931,115,115,0,1,
19932,107,107,0,1,
19933,110,110,0,1,
19934,117,117,0,1,
19935,111,111,0,1,
19936,109,109,0,1,
19937,116,116,0,1,
19938,117,117,0,1,
19939,108,108,0,1,
19940,117,117,0,1,
19941,127,127,0,1,
19942,105,105,0,1,
19943,106,106,0,1,
19944,120,120,0,1,
19945,121,121,0,1,
19946,115,115,0,1,
19947,110,110,0,1,
19948,121,121,0,1,
19949,116,116,0,1,
19950,124,124,0,1,
19951,113,113,0,1,
19952,111,111,0,1,
19953,114,114,0,1,
19954,118,118,0,1,
19955,111,111,0,1,
19956,115,115,0,1,
19957,127,127,0,1,
19958,126,126,0,1,
19959,120,120,0,1,
19960,110,110,0,1,
19961,114,114,0,1,
19962,120,120,0,1,
19963,122,122,0,1,
19964,107,107,0,1,
19965,127,127,0,1,
19966,114,114,0,1,
19967,109,109,0,1,
19968,109,109,0,1,
19969,109,109,0,1,
19970,118,118,0,1,
19971,109,109,0,1,
19972,112,112,0,1,
19973,119,119,0,1,
19974,119,119,0,1,
19975,126,126,0,1,
19976,120,120,0,1,
19977,112,112,0,1,
19978,113,113,0,1,
19979,107,107,0,1,
19980,104,104,0,1,
19981,117,117,0,1,
19982,114,114,0,1,
19983,125,125,0,1,
19984,124,124,0,1,
19985,110,110,0,1,
19986,110,110,0,1,
19987,105,105,0,1,
19988,111,111,0,1,
19989,115,115,0,1,
19990,117,117,0,1,
19991,105,105,0,1,
19992,112,112,0,1,
19993,112,112,0,1,
19994,112,112,0,1,
19995,119,119,0,1,
19996,116,116,0,1,
19997,119,119,0,1,
19998,109,109,0,1,
19999,115,115,0,1,
20000,119,119,0,1,
20001,107,107,0,1,
20002,108,108,0,1,
20003,104,104,0,1,
20004,103,103,0,1,
20005,111,111,0,1,
20006,110,110,0,1,
20007,114,114,0,1,
20008,121,121,0,1,
20009,126,126,0,1,
20010,115,115,0,1,
20011,129,129,0,1,
20012,126,126,0,1,
20013,115,115,0,1,
20014,105,105,0,1,
20015,120,120,0,1,
20016,128,128,0,1,
20017,110,110,0,1,
20018,114,114,0,1,
20019,126,126,0,1,
20020,120,120,0,1,
20021,109,109,0,1,
20022,118,118,0,1,
20023,116,116,0,1,
20024,119,119,0,1,
20025,112,112,0,1,
20026,112,112,0,1,
20027,110,110,0,1,
20028,121,121,0,1,
20029,108,108,0,1,
20030,107,107,0,1,
20031,119,119,0,1,
20032,117,117,0,1,
20033,115,115,0,1,
20034,128,128,0,1,
20035,113,113,0,1,
20036,113,113,0,1,
20037,116,116,0,1,
20038,115,115,0,1,
20039,124,124,0,1,
20040,122,122,0,1,
20041,111,111,0,1,
20042,111,111,0,1,
20043,111,111,0,1,
20044,122,122,0,1,
20045,115,115,0,1,
20046,109,109,0,1,
20047,117,117,0,1,
20048,114,114,0,1,
20049,119,119,0,1,
20050,124,124,0,1,
20051,126,126,0,1,
20052,115,115,0,1,
20053,104,104,0,1,
20054,115,115,0,1,
20055,113,113,0,1,
20056,120,120,0,1,
20057,107,107,0,1,
20058,127,127,0,1,
20059,126,126,0,1,
20060,115,115,0,1,
20061,109,109,0,1,
20062,116,116,0,1,
20063,119,119,0,1,
20064,121,121,0,1,
20065,113,113,0,1,
20066,119,119,0,1,
20067,115,115,0,1,
20068,114,114,0,1,
20069,119,119,0,1,
20070,109,109,0,1,
20071,112,112,0,1,
20072,120,120,0,1,
20073,115,115,0,1,
20074,113,113,0,1,
20075,119,119,0,1,
20076,103,103,0,1,
20077,114,114,0,1,
20078,114,114,0,1,
20079,119,119,0,1,
20080,114,114,0,1,
20081,118,118,0,1,
20082,111,111,0,1,
20083,118,118,0,1,
20084,112,112,0,1,
20085,126,126,0,1,
20086,117,117,0,1,
20087,117,117,0,1,
20088,115,115,0,1,
20089,113,113,0,1,
20090,111,111,0,1,
20091,115,115,0,1,
20092,115,115,0,1,
20093,116,116,0,1,
20094,116,116,0,1,
20095,123,123,0,1,
20096,118,118,0,1,
20097,115,115,0,1,
20098,121,121,0,1,
20099,110,110,0,1,
20100,110,110,0,1,
20101,118,118,0,1,
20102,112,112,0,1,
20103,120,120,0,1,
20104,120,120,0,1,
20105,116,116,0,1,
20106,121,121,0,1,
20107,122,122,0,1,
20108,104,104,0,1,
20109,109,109,0,1,
20110,117,117,0,1,
20111,127,127,0,1,
20112,121,121,0,1,
20113,119,119,0,1,
20114,117,117,0,1,
20115,121,121,0,1,
20116,113,113,0,1,
20117,109,109,0,1,
20118,119,119,0,1,
20119,113,113,0,1,
20120,125,125,0,1,
20121,110,110,0,1,
20122,106,106,0,1,
20123,116,116,0,1,
20124,110,110,0,1,
20125,117,117,0,1,
20126,109,109,0,1,
20127,113,113,0,1,
20128,113,113,0,1,
20129,110,110,0,1,
20130,121,121,0,1,
20131,122,122,0,1,
20132,114,114,0,1,
20133,117,117,0,1,
20134,118,118,0,1,
20135,105,105,0,1,
20136,119,119,0,1,
20137,117,117,0,1,
20138,114,114,0,1,
20139,115,115,0,1,
20140,111,111,0,1,
20141,116,116,0,1,
20142,108,108,0,1,
20143,121,121,0,1,
20144,109,109,0,1,
20145,114,114,0,1,
20146,123,123,0,1,
20147,117,117,0,1,
20148,110,110,0,1,
20149,118,118,0,1,
20150,109,109,0,1,
20151,122,122,0,1,
20152,126,126,0,1,
20153,115,115,0,1,
20154,118,118,0,1,
20155,122,122,0,1,
20156,105,105,0,1,
20157,123,123,0,1,
20158,117,117,0,1,
20159,110,110,0,1,
20160,124,124,0,1,
20161,121,121,0,1,
20162,112,112,0,1,
20163,104,104,0,1,
20164,113,113,0,1,
20165,104,104,0,1,
20166,116,116,0,1,
20167,118,118,0,1,
20168,127,127,0,1,
20169,119,119,0,1,
20170,111,111,0,1,
20171,109,109,0,1,
20172,116,116,0,1,
20173,112,112,0,1,
20174,113,113,0,1,
20175,115,115,0,1,
20176,130,130,0,1,
20177,110,110,0,1,
20178,110,110,0,1,
20179,116,116,0,1,
20180,116,116,0,1,
20181,123,123,0,1,
20182,120,120,0,1,
20183,120,120,0,1,
20184,112,112,0,1,
20185,109,109,0,1,
20186,105,105,0,1,
20187,109,109,0,1,
20188,126,126,0,1,
20189,110,110,0,1,
20190,117,117,0,1,
20191,121,121,0,1,
20192,119,119,0,1,
20193,119,119,0,1,
20194,128,128,0,1,
20195,120,120,0,1,
20196,116,116,0,1,
20197,118,118,0,1,
20198,109,109,0,1,
20199,116,116,0,1,
20200,116,116,0,1,
20201,106,106,0,1,
20202,109,109,0,1,
20203,103,103,0,1,
20204,116,116,0,1,
20205,115,115,0,1,
20206,126,126,0,1,
20207,122,122,0,1,
20208,107,107,0,1,
20209,104,104,0,1,
20210,117,117,0,1,
20211,112,112,0,1,
20212,109,109,0,1,
20213,128,128,0,1,
20214,118,118,0,1,
20215,110,110,0,1,
20216,106,106,0,1,
20217,126,126,0,1,
20218,123,123,0,1,
20219,112,112,0,1,
20220,108,108,0,1,
20221,115,115,0,1,
20222,115,115,0,1,
20223,119,119,0,1,
20224,123,123,0,1,
20225,110,110,0,1,
20226,118,118,0,1,
20227,118,118,0,1,
20228,115,115,0,1,
20229,102,102,0,1,
20230,113,113,0,1,
20231,113,113,0,1,
20232,108,108,0,1,
20233,122,122,0,1,
20234,110,110,0,1,
20235,116,116,0,1,
20236,107,107,0,1,
20237,115,115,0,1,
20238,124,124,0,1,
20239,112,112,0,1,
20240,119,119,0,1,
20241,111,111,0,1,
20242,109,109,0,1,
20243,113,113,0,1,
20244,115,115,0,1,
20245,105,105,0,1,
20246,126,126,0,1,
20247,112,112,0,1,
20248,114,114,0,1,
20249,105,105,0,1,
20250,114,114,0,1,
20251,123,123,0,1,
20252,115,115,0,1,
20253,117,117,0,1,
20254,118,118,0,1,
20255,119,119,0,1,
20256,123,123,0,1,
20257,116,116,0,1,
20258,110,110,0,1,
20259,117,117,0,1,
20260,109,109,0,1,
20261,111,111,0,1,
20262,125,125,0,1,
20263,116,116,0,1,
20264,101,101,0,1,
20265,117,117,0,1,
20266,109,109,0,1,
20267,111,111,0,1,
20268,120,120,0,1,
20269,118,118,0,1,
20270,116,116,0,1,
20271,118,118,0,1,
20272,112,112,0,1,
20273,112,112,0,1,
20274,118,118,0,1,
20275,114,114,0,1,
20276,106,106,0,1,
20277,110,110,0,1,
20278,114,114,0,1,
20279,109,109,0,1,
20280,108,108,0,1,
20281,110,110,0,1,
20282,115,115,0,1,
20283,108,108,0,1,
20284,124,124,0,1,
20285,112,112,0,1,
20286,116,116,0,1,
20287,114,114,0,1,
20288,119,119,0,1,
20289,112,112,0,1,
20290,111,111,0,1,
20291,127,127,0,1,
20292,113,113,0,1,
20293,111,111,0,1,
20294,116,116,0,1,
20295,123,123,0,1,
20296,105,105,0,1,
20297,103,103,0,1,
20298,113,113,0,1,
20299,126,126,0,1,
20300,116,116,0,1,
20301,104,104,0,1,
20302,117,117,0,1,
20303,114,114,0,1,
20304,104,104,0,1,
20305,111,111,0,1,
20306,113,113,0,1,
20307,107,107,0,1,
20308,113,113,0,1,
20309,125,125,0,1,
20310,112,112,0,1,
20311,111,111,0,1,
20312,115,115,0,1,
20313,110,110,0,1,
20314,119,119,0,1,
20315,115,115,0,1,
20316,114,114,0,1,
20317,113,113,0,1,
20318,125,125,0,1,
20319,110,110,0,1,
20320,118,118,0,1,
20321,120,120,0,1,
20322,109,109,0,1,
20323,116,116,0,1,
20324,128,128,0,1,
20325,114,114,0,1,
20326,115,115,0,1,
20327,128,128,0,1,
20328,118,118,0,1,
20329,116,116,0,1,
20330,106,106,0,1,
20331,110,110,0,1,
20332,110,110,0,1,
20333,120,120,0,1,
20334,110,110,0,1,
20335,116,116,0,1,
20336,131,131,0,1,
20337,127,127,0,1,
20338,127,127,0,1,
20339,111,111,0,1,
20340,108,108,0,1,
20341,115,115,0,1,
20342,128,128,0,1,
20343,113,113,0,1,
20344,109,109,0,1,
20345,131,131,0,1,
20346,113,113,0,1,
20347,116,116,0,1,
20348,110,110,0,1,
20349,118,118,0,1,
20350,110,110,0,1,
20351,124,124,0,1,
20352,113,113,0,1,
20353,118,118,0,1,
20354,110,110,0,1,
20355,112,112,0,1,
20356,105,105,0,1,
20357,119,119,0,1,
20358,109,109,0,1,
20359,116,116,0,1,
20360,106,106,0,1,
20361,112,112,0,1,
20362,106,106,0,1,
20363,109,109,0,1,
20364,112,112,0,1,
20365,110,110,0,1,
20366,112,112,0,1,
20367,108,108,0,1,
20368,115,115,0,1,
20369,109,109,0,1,
20370,116,116,0,1,
20371,121,121,0,1,
20372,125,125,0,1,
20373,109,109,0,1,
20374,119,119,0,1,
20375,119,119,0,1,
20376,118,118,0,1,
20377,109,109,0,1,
20378,107,107,0,1,
20379,124,124,0,1,
20380,118,118,0,1,
20381,114,114,0,1,
20382,119,119,0,1,
20383,112,112,0,1,
20384,121,121,0,1,
20385,118,118,0,1,
20386,108,108,0,1,
20387,106,106,0,1,
20388,119,119,0,1,
20389,119,119,0,1,
20390,123,123,0,1,
20391,117,117,0,1,
20392,118,118,0,1,
20393,110,110,0,1,
20394,121,121,0,1,
20395,107,107,0,1,
20396,120,120,0,1,
20397,115,115,0,1,
20398,127,127,0,1,
20399,108,108,0,1,
20400,121,121,0,1,
20401,111,111,0,1,
20402,120,120,0,1,
20403,107,107,0,1,
20404,104,104,0,1,
20405,116,116,0,1,
20406,125,125,0,1,
20407,108,108,0,1,
20408,119,119,0,1,
20409,102,102,0,1,
20410,126,126,0,1,
20411,115,115,0,1,
20412,103,103,0,1,
20413,119,119,0,1,
20414,105,105,0,1,
20415,125,125,0,1,
20416,108,108,0,1,
20417,125,125,0,1,
20418,107,107,0,1,
20419,108,108,0,1,
20420,119,119,0,1,
20421,109,109,0,1,
20422,119,119,0,1,
20423,112,112,0,1,
20424,107,107,0,1,
20425,115,115,0,1,
20426,122,122,0,1,
20427,111,111,0,1,
20428,123,123,0,1,
20429,122,122,0,1,
20430,111,111,0,1,
20431,116,116,0,1,
20432,114,114,0,1,
20433,118,118,0,1,
20434,122,122,0,1,
20435,120,120,0,1,
20436,113,113,0,1,
20437,107,107,0,1,
20438,118,118,0,1,
20439,105,105,0,1,
20440,118,118,0,1,
20441,111,111,0,1,
20442,118,118,0,1,
20443,119,119,0,1,
20444,122,122,0,1,
20445,117,117,0,1,
20446,111,111,0,1,
20447,116,116,0,1,
20448,115,115,0,1,
20449,113,113,0,1,
20450,114,114,0,1,
20451,117,117,0,1,
20452,106,106,0,1,
20453,115,115,0,1,
20454,119,119,0,1,
20455,112,112,0,1,
20456,124,124,0,1,
20457,110,110,0,1,
20458,111,111,0,1,
20459,123,123,0,1,
20460,110,110,0,1,
20461,117,117,0,1,
20462,115,115,0,1,
20463,109,109,0,1,
20464,125,125,0,1,
20465,123,123,0,1,
20466,114,114,0,1,
20467,117,117,0,1,
20468,121,121,0,1,
20469,108,108,0,1,
20470,120,120,0,1,
20471,111,111,0,1,
20472,107,107,0,1,
20473,112,112,0,1,
20474,116,116,0,1,
20475,116,116,0,1,
20476,114,114,0,1,
20477,114,114,0,1,
20478,109,109,0,1,
20479,114,114,0,1,
20480,102,102,0,1,
20481,114,114,0,1,
20482,121,121,0,1,
20483,118,118,0,1,
20484,118,118,0,1,
20485,110,110,0,1,
20486,130,130,0,1,
20487,117,117,0,1,
20488,116,116,0,1,
20489,108,108,0,1,
20490,112,112,0,1,
20491,106,106,0,1,
20492,117,117,0,1,
20493,112,112,0,1,
20494,116,116,0,1,
20495,126,126,0,1,
20496,108,108,0,1,
20497,124,124,0,1,
20498,111,111,0,1,
20499,108,108,0,1,
20500,119,119,0,1,
20501,110,110,0,1,
20502,121,121,0,1,
20503,107,107,0,1,
20504,109,109,0,1,
20505,116,116,0,1,
20506,117,117,0,1,
20507,114,114,0,1,
20508,115,115,0,1,
20509,117,117,0,1,
20510,115,115,0,1,
20511,121,121,0,1,
20512,119,119,0,1,
20513,121,121,0,1,
20514,118,118,0,1,
20515,123,123,0,1,
20516,114,114,0,1,
20517,119,119,0,1,
20518,122,122,0,1,
20519,120,120,0,1,
20520,128,128,0,1,
20521,110,110,0,1,
20522,121,121,0,1,
20523,112,112,0,1,
20524,109,109,0,1,
20525,120,120,0,1,
20526,126,126,0,1,
20527,109,109,0,1,
20528,119,119,0,1,
20529,111,111,0,1,
20530,124,124,0,1,
20531,130,130,0,1,
20532,112,112,0,1,
20533,117,117,0,1,
20534,114,114,0,1,
20535,117,117,0,1,
20536,109,109,0,1,
20537,119,119,0,1,
20538,114,114,0,1,
20539,122,122,0,1,
20540,116,116,0,1,
20541,114,114,0,1,
20542,110,110,0,1,
20543,116,116,0,1,
20544,110,110,0,1,
20545,123,123,0,1,
20546,121,121,0,1,
20547,127,127,0,1,
20548,118,118,0,1,
20549,127,127,0,1,
20550,107,107,0,1,
20551,114,114,0,1,
20552,121,121,0,1,
20553,110,110,0,1,
20554,120,120,0,1,
20555,115,115,0,1,
20556,120,120,0,1,
20557,128,128,0,1,
20558,122,122,0,1,
20559,110,110,0,1,
20560,119,119,0,1,
20561,109,109,0,1,
20562,110,110,0,1,
20563,110,110,0,1,
20564,116,116,0,1,
20565,116,116,0,1,
20566,120,120,0,1,
20567,113,113,0,1,
20568,122,122,0,1,
20569,102,102,0,1,
20570,103,103,0,1,
20571,115,115,0,1,
20572,127,127,0,1,
20573,124,124,0,1,
20574,110,110,0,1,
20575,120,120,0,1,
20576,121,121,0,1,
20577,121,121,0,1,
20578,115,115,0,1,
20579,108,108,0,1,
20580,113,113,0,1,
20581,128,128,0,1,
20582,119,119,0,1,
20583,119,119,0,1,
20584,122,122,0,1,
20585,117,117,0,1,
20586,113,113,0,1,
20587,116,116,0,1,
20588,123,123,0,1,
20589,111,111,0,1,
20590,116,116,0,1,
20591,116,116,0,1,
20592,109,109,0,1,
20593,112,112,0,1,
20594,107,107,0,1,
20595,111,111,0,1,
20596,112,112,0,1,
20597,120,120,0,1,
20598,111,111,0,1,
20599,107,107,0,1,
20600,127,127,0,1,
20601,119,119,0,1,
20602,116,116,0,1,
20603,109,109,0,1,
20604,118,118,0,1,
20605,120,120,0,1,
20606,114,114,0,1,
20607,107,107,0,1,
20608,126,126,0,1,
20609,116,116,0,1,
20610,114,114,0,1,
20611,106,106,0,1,
20612,127,127,0,1,
20613,111,111,0,1,
20614,108,108,0,1,
20615,121,121,0,1,
20616,114,114,0,1,
20617,117,117,0,1,
20618,113,113,0,1,
20619,111,111,0,1,
20620,111,111,0,1,
20621,109,109,0,1,
20622,121,121,0,1,
20623,109,109,0,1,
20624,116,116,0,1,
20625,114,114,0,1,
20626,115,115,0,1,
20627,112,112,0,1,
20628,110,110,0,1,
20629,110,110,0,1,
20630,113,113,0,1,
20631,111,111,0,1,
20632,120,120,0,1,
20633,113,113,0,1,
20634,109,109,0,1,
20635,110,110,0,1,
20636,108,108,0,1,
20637,118,118,0,1,
20638,107,107,0,1,
20639,113,113,0,1,
20640,114,114,0,1,
20641,106,106,0,1,
20642,107,107,0,1,
20643,121,121,0,1,
20644,127,127,0,1,
20645,115,115,0,1,
20646,111,111,0,1,
20647,117,117,0,1,
20648,120,120,0,1,
20649,118,118,0,1,
20650,104,104,0,1,
20651,106,106,0,1,
20652,121,121,0,1,
20653,110,110,0,1,
20654,106,106,0,1,
20655,110,110,0,1,
20656,106,106,0,1,
20657,115,115,0,1,
20658,121,121,0,1,
20659,109,109,0,1,
20660,121,121,0,1,
20661,109,109,0,1,
20662,119,119,0,1,
20663,112,112,0,1,
20664,118,118,0,1,
20665,115,115,0,1,
20666,119,119,0,1,
20667,119,119,0,1,
20668,128,128,0,1,
20669,120,120,0,1,
20670,123,123,0,1,
20671,115,115,0,1,
20672,126,126,0,1,
20673,112,112,0,1,
20674,111,111,0,1,
20675,117,117,0,1,
20676,116,116,0,1,
20677,112,112,0,1,
20678,114,114,0,1,
20679,115,115,0,1,
20680,111,111,0,1,
20681,105,105,0,1,
20682,111,111,0,1,
20683,126,126,0,1,
20684,119,119,0,1,
20685,118,118,0,1,
20686,116,116,0,1,
20687,128,128,0,1,
20688,104,104,0,1,
20689,124,124,0,1,
20690,122,122,0,1,
20691,105,105,0,1,
20692,113,113,0,1,
20693,111,111,0,1,
20694,104,104,0,1,
20695,117,117,0,1,
20696,108,108,0,1,
20697,107,107,0,1,
20698,115,115,0,1,
20699,110,110,0,1,
20700,115,115,0,1,
20701,110,110,0,1,
20702,117,117,0,1,
20703,105,105,0,1,
20704,114,114,0,1,
20705,114,114,0,1,
20706,109,109,0,1,
20707,126,126,0,1,
20708,121,121,0,1,
20709,118,118,0,1,
20710,113,113,0,1,
20711,107,107,0,1,
20712,113,113,0,1,
20713,116,116,0,1,
20714,121,121,0,1,
20715,115,115,0,1,
20716,118,118,0,1,
20717,126,126,0,1,
20718,120,120,0,1,
20719,126,126,0,1,
20720,121,121,0,1,
20721,119,119,0,1,
20722,117,117,0,1,
20723,107,107,0,1,
20724,111,111,0,1,
20725,114,114,0,1,
20726,107,107,0,1,
20727,112,112,0,1,
20728,103,103,0,1,
20729,128,128,0,1,
20730,113,113,0,1,
20731,113,113,0,1,
20732,105,105,0,1,
20733,119,119,0,1,
20734,116,116,0,1,
20735,109,109,0,1,
20736,116,116,0,1,
20737,110,110,0,1,
20738,123,123,0,1,
20739,110,110,0,1,
20740,130,130,0,1,
20741,110,110,0,1,
20742,121,121,0,1,
20743,114,114,0,1,
20744,110,110,0,1,
20745,117,117,0,1,
20746,109,109,0,1,
20747,112,112,0,1,
20748,125,125,0,1,
20749,122,122,0,1,
20750,111,111,0,1,
20751,114,114,0,1,
20752,114,114,0,1,
20753,117,117,0,1,
20754,114,114,0,1,
20755,124,124,0,1,
20756,119,119,0,1,
20757,111,111,0,1,
20758,104,104,0,1,
20759,111,111,0,1,
20760,107,107,0,1,
20761,116,116,0,1,
20762,118,118,0,1,
20763,117,117,0,1,
20764,114,114,0,1,
20765,111,111,0,1,
20766,114,114,0,1,
20767,117,117,0,1,
20768,111,111,0,1,
20769,108,108,0,1,
20770,117,117,0,1,
20771,113,113,0,1,
20772,120,120,0,1,
20773,115,115,0,1,
20774,127,127,0,1,
20775,119,119,0,1,
20776,106,106,0,1,
20777,113,113,0,1,
20778,108,108,0,1,
20779,109,109,0,1,
20780,114,114,0,1,
20781,109,109,0,1,
20782,123,123,0,1,
20783,122,122,0,1,
20784,116,116,0,1,
20785,116,116,0,1,
20786,117,117,0,1,
20787,109,109,0,1,
20788,116,116,0,1,
20789,125,125,0,1,
20790,107,107,0,1,
20791,110,110,0,1,
20792,113,113,0,1,
20793,112,112,0,1,
20794,116,116,0,1,
20795,112,112,0,1,
20796,116,116,0,1,
20797,121,121,0,1,
20798,123,123,0,1,
20799,120,120,0,1,
20800,110,110,0,1,
20801,118,118,0,1,
20802,115,115,0,1,
20803,110,110,0,1,
20804,121,121,0,1,
20805,106,106,0,1,
20806,112,112,0,1,
20807,105,105,0,1,
20808,121,121,0,1,
20809,113,113,0,1,
20810,105,105,0,1,
20811,119,119,0,1,
20812,119,119,0,1,
20813,123,123,0,1,
20814,110,110,0,1,
20815,115,115,0,1,
20816,105,105,0,1,
20817,122,122,0,1,
20818,114,114,0,1,
20819,106,106,0,1,
20820,114,114,0,1,
20821,113,113,0,1,
20822,106,106,0,1,
20823,116,116,0,1,
20824,122,122,0,1,
20825,117,117,0,1,
20826,119,119,0,1,
20827,124,124,0,1,
20828,121,121,0,1,
20829,108,108,0,1,
20830,113,113,0,1,
20831,113,113,0,1,
20832,119,119,0,1,
20833,113,113,0,1,
20834,125,125,0,1,
20835,117,117,0,1,
20836,119,119,0,1,
20837,115,115,0,1,
20838,123,123,0,1,
20839,107,107,0,1,
20840,121,121,0,1,
20841,110,110,0,1,
20842,119,119,0,1,
20843,121,121,0,1,
20844,108,108,0,1,
20845,108,108,0,1,
20846,116,116,0,1,
20847,109,109,0,1,
20848,128,128,0,1,
20849,109,109,0,1,
20850,106,106,0,1,
20851,123,123,0,1,
20852,109,109,0,1,
20853,113,113,0,1,
20854,122,122,0,1,
20855,109,109,0,1,
20856,114,114,0,1,
20857,123,123,0,1,
20858,113,113,0,1,
20859,117,117,0,1,
20860,112,112,0,1,
20861,119,119,0,1,
20862,116,116,0,1,
20863,111,111,0,1,
20864,122,122,0,1,
20865,123,123,0,1,
20866,113,113,0,1,
20867,111,111,0,1,
20868,122,122,0,1,
20869,119,119,0,1,
20870,110,110,0,1,
20871,127,127,0,1,
20872,118,118,0,1,
20873,106,106,0,1,
20874,124,124,0,1,
20875,114,114,0,1,
20876,117,117,0,1,
20877,108,108,0,1,
20878,113,113,0,1,
20879,107,107,0,1,
20880,111,111,0,1,
20881,112,112,0,1,
20882,112,112,0,1,
20883,119,119,0,1,
20884,122,122,0,1,
20885,111,111,0,1,
20886,102,102,0,1,
20887,125,125,0,1,
20888,116,116,0,1,
20889,114,114,0,1,
20890,107,107,0,1,
20891,112,112,0,1,
20892,120,120,0,1,
20893,119,119,0,1,
20894,123,123,0,1,
20895,118,118,0,1,
20896,121,121,0,1,
20897,115,115,0,1,
20898,122,122,0,1,
20899,110,110,0,1,
20900,120,120,0,1,
20901,118,118,0,1,
20902,119,119,0,1,
20903,113,113,0,1,
20904,117,117,0,1,
20905,111,111,0,1,
20906,114,114,0,1,
20907,112,112,0,1,
20908,122,122,0,1,
20909,115,115,0,1,
20910,122,122,0,1,
20911,109,109,0,1,
20912,115,115,0,1,
20913,118,118,0,1,
20914,108,108,0,1,
20915,118,118,0,1,
20916,108,108,0,1,
20917,111,111,0,1,
20918,119,119,0,1,
20919,118,118,0,1,
20920,117,117,0,1,
20921,111,111,0,1,
20922,112,112,0,1,
20923,111,111,0,1,
20924,111,111,0,1,
20925,118,118,0,1,
20926,116,116,0,1,
20927,114,114,0,1,
20928,107,107,0,1,
20929,129,129,0,1,
20930,110,110,0,1,
20931,110,110,0,1,
20932,112,112,0,1,
20933,128,128,0,1,
20934,110,110,0,1,
20935,123,123,0,1,
20936,110,110,0,1,
20937,112,112,0,1,
20938,114,114,0,1,
20939,122,122,0,1,
20940,115,115,0,1,
20941,106,106,0,1,
20942,124,124,0,1,
20943,121,121,0,1,
20944,118,118,0,1,
20945,114,114,0,1,
20946,120,120,0,1,
20947,110,110,0,1,
20948,120,120,0,1,
20949,115,115,0,1,
20950,121,121,0,1,
20951,127,127,0,1,
20952,106,106,0,1,
20953,118,118,0,1,
20954,106,106,0,1,
20955,116,116,0,1,
20956,112,112,0,1,
20957,106,106,0,1,
20958,123,123,0,1,
20959,108,108,0,1,
20960,128,128,0,1,
20961,117,117,0,1,
20962,116,116,0,1,
20963,119,119,0,1,
20964,114,114,0,1,
20965,107,107,0,1,
20966,113,113,0,1,
20967,107,107,0,1,
20968,113,113,0,1,
20969,123,123,0,1,
20970,114,114,0,1,
20971,112,112,0,1,
20972,115,115,0,1,
20973,122,122,0,1,
20974,112,112,0,1,
20975,111,111,0,1,
20976,109,109,0,1,
20977,110,110,0,1,
20978,121,121,0,1,
20979,120,120,0,1,
20980,101,101,0,1,
20981,109,109,0,1,
20982,116,116,0,1,
20983,104,104,0,1,
20984,117,117,0,1,
20985,111,111,0,1,
20986,116,116,0,1,
20987,112,112,0,1,
20988,118,118,0,1,
20989,114,114,0,1,
20990,120,120,0,1,
20991,117,117,0,1,
20992,117,117,0,1,
20993,118,118,0,1,
20994,114,114,0,1,
20995,125,125,0,1,
20996,118,118,0,1,
20997,114,114,0,1,
20998,113,113,0,1,
20999,111,111,0,1,
21000,103,103,0,1,
21001,118,118,0,1,
21002,114,114,0,1,
21003,117,117,0,1,
21004,122,122,0,1,
21005,126,126,0,1,
21006,106,106,0,1,
21007,114,114,0,1,
21008,118,118,0,1,
21009,119,119,0,1,
21010,122,122,0,1,
21011,118,118,0,1,
21012,112,112,0,1,
21013,129,129,0,1,
21014,112,112,0,1,
21015,118,118,0,1,
21016,112,112,0,1,
21017,118,118,0,1,
21018,118,118,0,1,
21019,122,122,0,1,
21020,121,121,0,1,
21021,106,106,0,1,
21022,117,117,0,1,
21023,125,125,0,1,
21024,110,110,0,1,
21025,112,112,0,1,
21026,110,110,0,1,
21027,116,116,0,1,
21028,117,117,0,1,
21029,112,112,0,1,
21030,114,114,0,1,
21031,109,109,0,1,
21032,108,108,0,1,
21033,116,116,0,1,
21034,109,109,0,1,
21035,107,107,0,1,
21036,120,120,0,1,
21037,111,111,0,1,
21038,110,110,0,1,
21039,119,119,0,1,
21040,105,105,0,1,
21041,119,119,0,1,
21042,106,106,0,1,
21043,110,110,0,1,
21044,113,113,0,1,
21045,113,113,0,1,
21046,122,122,0,1,
21047,114,114,0,1,
21048,117,117,0,1,
21049,119,119,0,1,
21050,118,118,0,1,
21051,112,112,0,1,
21052,109,109,0,1,
21053,116,116,0,1,
21054,108,108,0,1,
21055,109,109,0,1,
21056,110,110,0,1,
21057,121,121,0,1,
21058,124,124,0,1,
21059,110,110,0,1,
21060,121,121,0,1,
21061,109,109,0,1,
21062,109,109,0,1,
21063,116,116,0,1,
21064,102,102,0,1,
21065,111,111,0,1,
21066,101,101,0,1,
21067,119,119,0,1,
21068,115,115,0,1,
21069,130,130,0,1,
21070,122,122,0,1,
21071,112,112,0,1,
21072,100,100,0,1,
21073,115,115,0,1,
21074,107,107,0,1,
21075,108,108,0,1,
21076,116,116,0,1,
21077,117,117,0,1,
21078,121,121,0,1,
21079,113,113,0,1,
21080,127,127,0,1,
21081,110,110,0,1,
21082,113,113,0,1,
21083,122,122,0,1,
21084,124,124,0,1,
21085,125,125,0,1,
21086,113,113,0,1,
21087,107,107,0,1,
21088,110,110,0,1,
21089,111,111,0,1,
21090,102,102,0,1,
21091,110,110,0,1,
21092,111,111,0,1,
21093,112,112,0,1,
21094,115,115,0,1,
21095,107,107,0,1,
21096,114,114,0,1,
21097,120,120,0,1,
21098,104,104,0,1,
21099,106,106,0,1,
21100,124,124,0,1,
21101,123,123,0,1,
21102,112,112,0,1,
21103,121,121,0,1,
21104,108,108,0,1,
21105,113,113,0,1,
21106,114,114,0,1,
21107,116,116,0,1,
21108,106,106,0,1,
21109,123,123,0,1,
21110,112,112,0,1,
21111,111,111,0,1,
21112,120,120,0,1,
21113,122,122,0,1,
21114,124,124,0,1,
21115,112,112,0,1,
21116,107,107,0,1,
21117,112,112,0,1,
21118,134,134,0,1,
21119,113,113,0,1,
21120,123,123,0,1,
21121,113,113,0,1,
21122,107,107,0,1,
21123,121,121,0,1,
21124,109,109,0,1,
21125,122,122,0,1,
21126,112,112,0,1,
21127,109,109,0,1,
21128,114,114,0,1,
21129,108,108,0,1,
21130,114,114,0,1,
21131,119,119,0,1,
21132,118,118,0,1,
21133,115,115,0,1,
21134,110,110,0,1,
21135,118,118,0,1,
21136,115,115,0,1,
21137,113,113,0,1,
21138,118,118,0,1,
21139,119,119,0,1,
21140,125,125,0,1,
21141,110,110,0,1,
21142,116,116,0,1,
21143,109,109,0,1,
21144,114,114,0,1,
21145,116,116,0,1,
21146,108,108,0,1,
21147,124,124,0,1,
21148,115,115,0,1,
21149,112,112,0,1,
21150,126,126,0,1,
21151,116,116,0,1,
21152,114,114,0,1,
21153,112,112,0,1,
21154,113,113,0,1,
21155,113,113,0,1,
21156,112,112,0,1,
21157,123,123,0,1,
21158,122,122,0,1,
21159,110,110,0,1,
21160,114,114,0,1,
21161,108,108,0,1,
21162,118,118,0,1,
21163,113,113,0,1,
21164,113,113,0,1,
21165,118,118,0,1,
21166,112,112,0,1,
21167,109,109,0,1,
21168,109,109,0,1,
21169,114,114,0,1,
21170,121,121,0,1,
21171,114,114,0,1,
21172,109,109,0,1,
21173,120,120,0,1,
21174,114,114,0,1,
21175,109,109,0,1,
21176,109,109,0,1,
21177,109,109,0,1,
21178,116,116,0,1,
21179,106,106,0,1,
21180,122,122,0,1,
21181,117,117,0,1,
21182,113,113,0,1,
21183,112,112,0,1,
21184,126,126,0,1,
21185,122,122,0,1,
21186,128,128,0,1,
21187,121,121,0,1,
21188,127,127,0,1,
21189,109,109,0,1,
21190,120,120,0,1,
21191,107,107,0,1,
21192,130,130,0,1,
21193,130,130,0,1,
21194,121,121,0,1,
21195,115,115,0,1,
21196,114,114,0,1,
21197,115,115,0,1,
21198,108,108,0,1,
21199,121,121,0,1,
21200,121,121,0,1,
21201,111,111,0,1,
21202,124,124,0,1,
21203,117,117,0,1,
21204,118,118,0,1,
21205,107,107,0,1,
21206,108,108,0,1,
21207,109,109,0,1,
21208,122,122,0,1,
21209,132,132,0,1,
21210,121,121,0,1,
21211,123,123,0,1,
21212,111,111,0,1,
21213,125,125,0,1,
21214,117,117,0,1,
21215,109,109,0,1,
21216,123,123,0,1,
21217,114,114,0,1,
21218,107,107,0,1,
21219,108,108,0,1,
21220,111,111,0,1,
21221,108,108,0,1,
21222,121,121,0,1,
21223,128,128,0,1,
21224,106,106,0,1,
21225,122,122,0,1,
21226,114,114,0,1,
21227,112,112,0,1,
21228,112,112,0,1,
21229,108,108,0,1,
21230,119,119,0,1,
21231,120,120,0,1,
21232,104,104,0,1,
21233,116,116,0,1,
21234,107,107,0,1,
21235,117,117,0,1,
21236,114,114,0,1,
21237,109,109,0,1,
21238,113,113,0,1,
21239,117,117,0,1,
21240,107,107,0,1,
21241,113,113,0,1,
21242,117,117,0,1,
21243,125,125,0,1,
21244,108,108,0,1,
21245,108,108,0,1,
21246,106,106,0,1,
21247,113,113,0,1,
21248,111,111,0,1,
21249,114,114,0,1,
21250,120,120,0,1,
21251,111,111,0,1,
21252,119,119,0,1,
21253,108,108,0,1,
21254,116,116,0,1,
21255,113,113,0,1,
21256,119,119,0,1,
21257,110,110,0,1,
21258,118,118,0,1,
21259,129,129,0,1,
21260,120,120,0,1,
21261,108,108,0,1,
21262,109,109,0,1,
21263,112,112,0,1,
21264,115,115,0,1,
21265,120,120,0,1,
21266,121,121,0,1,
21267,115,115,0,1,
21268,123,123,0,1,
21269,121,121,0,1,
21270,110,110,0,1,
21271,130,130,0,1,
21272,111,111,0,1,
21273,119,119,0,1,
21274,112,112,0,1,
21275,115,115,0,1,
21276,120,120,0,1,
21277,110,110,0,1,
21278,115,115,0,1,
21279,125,125,0,1,
21280,120,120,0,1,
21281,122,122,0,1,
21282,110,110,0,1,
21283,122,122,0,1,
21284,113,113,0,1,
21285,104,104,0,1,
21286,111,111,0,1,
21287,111,111,0,1,
21288,105,105,0,1,
21289,110,110,0,1,
21290,115,115,0,1,
21291,121,121,0,1,
21292,105,105,0,1,
21293,113,113,0,1,
21294,124,124,0,1,
21295,111,111,0,1,
21296,113,113,0,1,
21297,118,118,0,1,
21298,113,113,0,1,
21299,112,112,0,1,
21300,127,127,0,1,
21301,108,108,0,1,
21302,112,112,0,1,
21303,121,121,0,1,
21304,111,111,0,1,
21305,125,125,0,1,
21306,113,113,0,1,
21307,112,112,0,1,
21308,118,118,0,1,
21309,123,123,0,1,
21310,107,107,0,1,
21311,110,110,0,1,
21312,119,119,0,1,
21313,121,121,0,1,
21314,118,118,0,1,
21315,114,114,0,1,
21316,104,104,0,1,
21317,116,116,0,1,
21318,110,110,0,1,
21319,118,118,0,1,
21320,107,107,0,1,
21321,118,118,0,1,
21322,114,114,0,1,
21323,111,111,0,1,
21324,109,109,0,1,
21325,113,113,0,1,
21326,119,119,0,1,
21327,111,111,0,1,
21328,123,123,0,1,
21329,104,104,0,1,
21330,120,120,0,1,
21331,119,119,0,1,
21332,123,123,0,1,
21333,106,106,0,1,
21334,133,133,0,1,
21335,112,112,0,1,
21336,122,122,0,1,
21337,111,111,0,1,
21338,120,120,0,1,
21339,118,118,0,1,
21340,125,125,0,1,
21341,104,104,0,1,
21342,112,112,0,1,
21343,120,120,0,1,
21344,119,119,0,1,
21345,127,127,0,1,
21346,121,121,0,1,
21347,110,110,0,1,
21348,117,117,0,1,
21349,108,108,0,1,
21350,120,120,0,1,
21351,125,125,0,1,
21352,120,120,0,1,
21353,115,115,0,1,
21354,113,113,0,1,
21355,113,113,0,1,
21356,111,111,0,1,
21357,112,112,0,1,
21358,112,112,0,1,
21359,110,110,0,1,
21360,126,126,0,1,
21361,111,111,0,1,
21362,121,121,0,1,
21363,117,117,0,1,
21364,113,113,0,1,
21365,117,117,0,1,
21366,110,110,0,1,
21367,125,125,0,1,
21368,119,119,0,1,
21369,116,116,0,1,
21370,123,123,0,1,
21371,109,109,0,1,
21372,106,106,0,1,
21373,119,119,0,1,
21374,108,108,0,1,
21375,114,114,0,1,
21376,122,122,0,1,
21377,110,110,0,1,
21378,111,111,0,1,
21379,110,110,0,1,
21380,124,124,0,1,
21381,108,108,0,1,
21382,101,101,0,1,
21383,111,111,0,1,
21384,120,120,0,1,
21385,104,104,0,1,
21386,115,115,0,1,
21387,106,106,0,1,
21388,117,117,0,1,
21389,115,115,0,1,
21390,117,117,0,1,
21391,113,113,0,1,
21392,116,116,0,1,
21393,105,105,0,1,
21394,125,125,0,1,
21395,104,104,0,1,
21396,113,113,0,1,
21397,123,123,0,1,
21398,110,110,0,1,
21399,124,124,0,1,
21400,115,115,0,1,
21401,127,127,0,1,
21402,108,108,0,1,
21403,124,124,0,1,
21404,114,114,0,1,
21405,110,110,0,1,
21406,116,116,0,1,
21407,112,112,0,1,
21408,117,117,0,1,
21409,117,117,0,1,
21410,107,107,0,1,
21411,107,107,0,1,
21412,116,116,0,1,
21413,104,104,0,1,
21414,118,118,0,1,
21415,112,112,0,1,
21416,116,116,0,1,
21417,120,120,0,1,
21418,124,124,0,1,
21419,116,116,0,1,
21420,114,114,0,1,
21421,108,108,0,1,
21422,116,116,0,1,
21423,112,112,0,1,
21424,115,115,0,1,
21425,110,110,0,1,
21426,105,105,0,1,
21427,115,115,0,1,
21428,121,121,0,1,
21429,115,115,0,1,
21430,116,116,0,1,
21431,120,120,0,1,
21432,113,113,0,1,
21433,113,113,0,1,
21434,126,126,0,1,
21435,125,125,0,1,
21436,116,116,0,1,
21437,101,101,0,1,
21438,104,104,0,1,
21439,110,110,0,1,
21440,117,117,0,1,
21441,122,122,0,1,
21442,113,113,0,1,
21443,118,118,0,1,
21444,116,116,0,1,
21445,122,122,0,1,
21446,124,124,0,1,
21447,113,113,0,1,
21448,118,118,0,1,
21449,109,109,0,1,
21450,113,113,0,1,
21451,115,115,0,1,
21452,115,115,0,1,
21453,114,114,0,1,
21454,120,120,0,1,
21455,125,125,0,1,
21456,112,112,0,1,
21457,109,109,0,1,
21458,116,116,0,1,
21459,116,116,0,1,
21460,115,115,0,1,
21461,111,111,0,1,
21462,126,126,0,1,
21463,121,121,0,1,
21464,119,119,0,1,
21465,129,129,0,1,
21466,117,117,0,1,
21467,113,113,0,1,
21468,109,109,0,1,
21469,111,111,0,1,
21470,125,125,0,1,
21471,127,127,0,1,
21472,111,111,0,1,
21473,122,122,0,1,
21474,116,116,0,1,
21475,114,114,0,1,
21476,121,121,0,1,
21477,109,109,0,1,
21478,120,120,0,1,
21479,117,117,0,1,
21480,124,124,0,1,
21481,111,111,0,1,
21482,117,117,0,1,
21483,113,113,0,1,
21484,115,115,0,1,
21485,119,119,0,1,
21486,108,108,0,1,
21487,105,105,0,1,
21488,116,116,0,1,
21489,120,120,0,1,
21490,111,111,0,1,
21491,119,119,0,1,
21492,112,112,0,1,
21493,107,107,0,1,
21494,109,109,0,1,
21495,105,105,0,1,
21496,111,111,0,1,
21497,122,122,0,1,
21498,114,114,0,1,
21499,118,118,0,1,
21500,109,109,0,1,
21501,106,106,0,1,
21502,129,129,0,1,
21503,116,116,0,1,
21504,118,118,0,1,
21505,116,116,0,1,
21506,114,114,0,1,
21507,123,123,0,1,
21508,121,121,0,1,
21509,111,111,0,1,
21510,111,111,0,1,
21511,112,112,0,1,
21512,120,120,0,1,
21513,123,123,0,1,
21514,121,121,0,1,
21515,101,101,0,1,
21516,115,115,0,1,
21517,114,114,0,1,
21518,114,114,0,1,
21519,131,131,0,1,
21520,112,112,0,1,
21521,120,120,0,1,
21522,118,118,0,1,
21523,110,110,0,1,
21524,115,115,0,1,
21525,117,117,0,1,
21526,114,114,0,1,
21527,118,118,0,1,
21528,104,104,0,1,
21529,112,112,0,1,
21530,120,120,0,1,
21531,119,119,0,1,
21532,107,107,0,1,
21533,110,110,0,1,
21534,119,119,0,1,
21535,104,104,0,1,
21536,110,110,0,1,
21537,112,112,0,1,
21538,119,119,0,1,
21539,114,114,0,1,
21540,121,121,0,1,
21541,121,121,0,1,
21542,110,110,0,1,
21543,114,114,0,1,
21544,119,119,0,1,
21545,113,113,0,1,
21546,111,111,0,1,
21547,117,117,0,1,
21548,111,111,0,1,
21549,104,104,0,1,
21550,114,114,0,1,
21551,106,106,0,1,
21552,117,117,0,1,
21553,123,123,0,1,
21554,116,116,0,1,
21555,112,112,0,1,
21556,112,112,0,1,
21557,117,117,0,1,
21558,111,111,0,1,
21559,109,109,0,1,
21560,113,113,0,1,
21561,116,116,0,1,
21562,124,124,0,1,
21563,123,123,0,1,
21564,109,109,0,1,
21565,122,122,0,1,
21566,109,109,0,1,
21567,114,114,0,1,
21568,111,111,0,1,
21569,110,110,0,1,
21570,124,124,0,1,
21571,113,113,0,1,
21572,118,118,0,1,
21573,120,120,0,1,
21574,117,117,0,1,
21575,123,123,0,1,
21576,127,127,0,1,
21577,119,119,0,1,
21578,113,113,0,1,
21579,115,115,0,1,
21580,110,110,0,1,
21581,112,112,0,1,
21582,112,112,0,1,
21583,111,111,0,1,
21584,121,121,0,1,
21585,111,111,0,1,
21586,119,119,0,1,
21587,121,121,0,1,
21588,116,116,0,1,
21589,119,119,0,1,
21590,118,118,0,1,
21591,115,115,0,1,
21592,117,117,0,1,
21593,116,116,0,1,
21594,107,107,0,1,
21595,106,106,0,1,
21596,116,116,0,1,
21597,110,110,0,1,
21598,113,113,0,1,
21599,110,110,0,1,
21600,124,124,0,1,
21601,118,118,0,1,
21602,110,110,0,1,
21603,107,107,0,1,
21604,123,123,0,1,
21605,110,110,0,1,
21606,113,113,0,1,
21607,123,123,0,1,
21608,121,121,0,1,
21609,114,114,0,1,
21610,111,111,0,1,
21611,117,117,0,1,
21612,120,120,0,1,
21613,122,122,0,1,
21614,107,107,0,1,
21615,110,110,0,1,
21616,112,112,0,1,
21617,121,121,0,1,
21618,103,103,0,1,
21619,111,111,0,1,
21620,121,121,0,1,
21621,110,110,0,1,
21622,108,108,0,1,
21623,122,122,0,1,
21624,118,118,0,1,
21625,117,117,0,1,
21626,117,117,0,1,
21627,110,110,0,1,
21628,115,115,0,1,
21629,127,127,0,1,
21630,118,118,0,1,
21631,111,111,0,1,
21632,117,117,0,1,
21633,119,119,0,1,
21634,119,119,0,1,
21635,104,104,0,1,
21636,118,118,0,1,
21637,113,113,0,1,
21638,108,108,0,1,
21639,124,124,0,1,
21640,120,120,0,1,
21641,108,108,0,1,
21642,108,108,0,1,
21643,121,121,0,1,
21644,107,107,0,1,
21645,125,125,0,1,
21646,120,120,0,1,
21647,111,111,0,1,
21648,119,119,0,1,
21649,114,114,0,1,
21650,111,111,0,1,
21651,116,116,0,1,
21652,117,117,0,1,
21653,109,109,0,1,
21654,119,119,0,1,
21655,112,112,0,1,
21656,126,126,0,1,
21657,112,112,0,1,
21658,122,122,0,1,
21659,119,119,0,1,
21660,104,104,0,1,
21661,118,118,0,1,
21662,121,121,0,1,
21663,110,110,0,1,
21664,118,118,0,1,
21665,116,116,0,1,
21666,125,125,0,1,
21667,113,113,0,1,
21668,109,109,0,1,
21669,109,109,0,1,
21670,114,114,0,1,
21671,114,114,0,1,
21672,129,129,0,1,
21673,114,114,0,1,
21674,113,113,0,1,
21675,107,107,0,1,
21676,118,118,0,1,
21677,114,114,0,1,
21678,113,113,0,1,
21679,115,115,0,1,
21680,122,122,0,1,
21681,106,106,0,1,
21682,124,124,0,1,
21683,115,115,0,1,
21684,120,120,0,1,
21685,116,116,0,1,
21686,124,124,0,1,
21687,109,109,0,1,
21688,116,116,0,1,
21689,109,109,0,1,
21690,120,120,0,1,
21691,125,125,0,1,
21692,120,120,0,1,
21693,108,108,0,1,
21694,114,114,0,1,
21695,115,115,0,1,
21696,108,108,0,1,
21697,110,110,0,1,
21698,126,126,0,1,
21699,131,131,0,1,
21700,110,110,0,1,
21701,112,112,0,1,
21702,124,124,0,1,
21703,120,120,0,1,
21704,126,126,0,1,
21705,108,108,0,1,
21706,114,114,0,1,
21707,126,126,0,1,
21708,126,126,0,1,
21709,121,121,0,1,
21710,111,111,0,1,
21711,120,120,0,1,
21712,111,111,0,1,
21713,108,108,0,1,
21714,115,115,0,1,
21715,124,124,0,1,
21716,125,125,0,1,
21717,118,118,0,1,
21718,119,119,0,1,
21719,116,116,0,1,
21720,119,119,0,1,
21721,113,113,0,1,
21722,118,118,0,1,
21723,110,110,0,1,
21724,118,118,0,1,
21725,120,120,0,1,
21726,117,117,0,1,
21727,109,109,0,1,
21728,115,115,0,1,
21729,101,101,0,1,
21730,113,113,0,1,
21731,105,105,0,1,
21732,117,117,0,1,
21733,109,109,0,1,
21734,113,113,0,1,
21735,122,122,0,1,
21736,129,129,0,1,
21737,119,119,0,1,
21738,128,128,0,1,
21739,116,116,0,1,
21740,110,110,0,1,
21741,121,121,0,1,
21742,119,119,0,1,
21743,118,118,0,1,
21744,115,115,0,1,
21745,116,116,0,1,
21746,110,110,0,1,
21747,111,111,0,1,
21748,106,106,0,1,
21749,124,124,0,1,
21750,111,111,0,1,
21751,107,107,0,1,
21752,110,110,0,1,
21753,109,109,0,1,
21754,111,111,0,1,
21755,105,105,0,1,
21756,120,120,0,1,
21757,107,107,0,1,
21758,124,124,0,1,
21759,111,111,0,1,
21760,110,110,0,1,
21761,114,114,0,1,
21762,102,102,0,1,
21763,103,103,0,1,
21764,120,120,0,1,
21765,123,123,0,1,
21766,123,123,0,1,
21767,112,112,0,1,
21768,103,103,0,1,
21769,118,118,0,1,
21770,116,116,0,1,
21771,116,116,0,1,
21772,115,115,0,1,
21773,114,114,0,1,
21774,115,115,0,1,
21775,121,121,0,1,
21776,119,119,0,1,
21777,115,115,0,1,
21778,108,108,0,1,
21779,117,117,0,1,
21780,109,109,0,1,
21781,117,117,0,1,
21782,106,106,0,1,
21783,109,109,0,1,
21784,107,107,0,1,
21785,121,121,0,1,
21786,120,120,0,1,
21787,119,119,0,1,
21788,116,116,0,1,
21789,125,125,0,1,
21790,117,117,0,1,
21791,111,111,0,1,
21792,122,122,0,1,
21793,118,118,0,1,
21794,116,116,0,1,
21795,111,111,0,1,
21796,112,112,0,1,
21797,113,113,0,1,
21798,115,115,0,1,
21799,104,104,0,1,
21800,105,105,0,1,
21801,115,115,0,1,
21802,105,105,0,1,
21803,113,113,0,1,
21804,115,115,0,1,
21805,109,109,0,1,
21806,110,110,0,1,
21807,108,108,0,1,
21808,109,109,0,1,
21809,121,121,0,1,
21810,111,111,0,1,
21811,110,110,0,1,
21812,118,118,0,1,
21813,111,111,0,1,
21814,115,115,0,1,
21815,123,123,0,1,
21816,114,114,0,1,
21817,117,117,0,1,
21818,114,114,0,1,
21819,109,109,0,1,
21820,116,116,0,1,
21821,121,121,0,1,
21822,113,113,0,1,
21823,117,117,0,1,
21824,105,105,0,1,
21825,121,121,0,1,
21826,109,109,0,1,
21827,128,128,0,1,
21828,104,104,0,1,
21829,122,122,0,1,
21830,111,111,0,1,
21831,121,121,0,1,
21832,128,128,0,1,
21833,111,111,0,1,
21834,108,108,0,1,
21835,118,118,0,1,
21836,119,119,0,1,
21837,111,111,0,1,
21838,116,116,0,1,
21839,109,109,0,1,
21840,109,109,0,1,
21841,119,119,0,1,
21842,121,121,0,1,
21843,121,121,0,1,
21844,125,125,0,1,
21845,108,108,0,1,
21846,118,118,0,1,
21847,115,115,0,1,
21848,123,123,0,1,
21849,113,113,0,1,
21850,115,115,0,1,
21851,108,108,0,1,
21852,121,121,0,1,
21853,115,115,0,1,
21854,112,112,0,1,
21855,113,113,0,1,
21856,131,131,0,1,
21857,111,111,0,1,
21858,105,105,0,1,
21859,111,111,0,1,
21860,108,108,0,1,
21861,128,128,0,1,
21862,111,111,0,1,
21863,121,121,0,1,
21864,113,113,0,1,
21865,111,111,0,1,
21866,127,127,0,1,
21867,115,115,0,1,
21868,118,118,0,1,
21869,114,114,0,1,
21870,129,129,0,1,
21871,115,115,0,1,
21872,112,112,0,1,
21873,119,119,0,1,
21874,105,105,0,1,
21875,118,118,0,1,
21876,111,111,0,1,
21877,120,120,0,1,
21878,118,118,0,1,
21879,113,113,0,1,
21880,115,115,0,1,
21881,112,112,0,1,
21882,110,110,0,1,
21883,112,112,0,1,
21884,104,104,0,1,
21885,114,114,0,1,
21886,109,109,0,1,
21887,107,107,0,1,
21888,107,107,0,1,
21889,113,113,0,1,
21890,125,125,0,1,
21891,109,109,0,1,
21892,120,120,0,1,
21893,109,109,0,1,
21894,120,120,0,1,
21895,120,120,0,1,
21896,111,111,0,1,
21897,112,112,0,1,
21898,109,109,0,1,
21899,117,117,0,1,
21900,113,113,0,1,
21901,107,107,0,1,
21902,117,117,0,1,
21903,110,110,0,1,
21904,113,113,0,1,
21905,123,123,0,1,
21906,117,117,0,1,
21907,104,104,0,1,
21908,122,122,0,1,
21909,108,108,0,1,
21910,121,121,0,1,
21911,105,105,0,1,
21912,110,110,0,1,
21913,114,114,0,1,
21914,113,113,0,1,
21915,121,121,0,1,
21916,105,105,0,1,
21917,99,99,0,1,
21918,111,111,0,1,
21919,116,116,0,1,
21920,115,115,0,1,
21921,121,121,0,1,
21922,118,118,0,1,
21923,122,122,0,1,
21924,117,117,0,1,
21925,105,105,0,1,
21926,112,112,0,1,
21927,115,115,0,1,
21928,113,113,0,1,
21929,111,111,0,1,
21930,131,131,0,1,
21931,114,114,0,1,
21932,110,110,0,1,
21933,117,117,0,1,
21934,114,114,0,1,
21935,123,123,0,1,
21936,123,123,0,1,
21937,109,109,0,1,
21938,115,115,0,1,
21939,123,123,0,1,
21940,112,112,0,1,
21941,112,112,0,1,
21942,111,111,0,1,
21943,129,129,0,1,
21944,116,116,0,1,
21945,120,120,0,1,
21946,120,120,0,1,
21947,119,119,0,1,
21948,102,102,0,1,
21949,124,124,0,1,
21950,116,116,0,1,
21951,116,116,0,1,
21952,116,116,0,1,
21953,116,116,0,1,
21954,114,114,0,1,
21955,128,128,0,1,
21956,120,120,0,1,
21957,107,107,0,1,
21958,101,101,0,1,
21959,103,103,0,1,
21960,104,104,0,1,
21961,113,113,0,1,
21962,114,114,0,1,
21963,121,121,0,1,
21964,125,125,0,1,
21965,114,114,0,1,
21966,126,126,0,1,
21967,118,118,0,1,
21968,116,116,0,1,
21969,112,112,0,1,
21970,122,122,0,1,
21971,121,121,0,1,
21972,115,115,0,1,
21973,117,117,0,1,
21974,111,111,0,1,
21975,114,114,0,1,
21976,114,114,0,1,
21977,115,115,0,1,
21978,113,113,0,1,
21979,110,110,0,1,
21980,114,114,0,1,
21981,118,118,0,1,
21982,113,113,0,1,
21983,126,126,0,1,
21984,109,109,0,1,
21985,119,119,0,1,
21986,122,122,0,1,
21987,109,109,0,1,
21988,116,116,0,1,
21989,111,111,0,1,
21990,115,115,0,1,
21991,121,121,0,1,
21992,110,110,0,1,
21993,117,117,0,1,
21994,106,106,0,1,
21995,118,118,0,1,
21996,125,125,0,1,
21997,108,108,0,1,
21998,113,113,0,1,
21999,107,107,0,1,
22000,120,120,0,1,
22001,105,105,0,1,
22002,124,124,0,1,
22003,111,111,0,1,
22004,114,114,0,1,
22005,110,110,0,1,
22006,117,117,0,1,
22007,124,124,0,1,
22008,120,120,0,1,
22009,113,113,0,1,
22010,112,112,0,1,
22011,113,113,0,1,
22012,121,121,0,1,
22013,121,121,0,1,
22014,117,117,0,1,
22015,125,125,0,1,
22016,110,110,0,1,
22017,114,114,0,1,
22018,117,117,0,1,
22019,116,116,0,1,
22020,109,109,0,1,
22021,115,115,0,1,
22022,115,115,0,1,
22023,115,115,0,1,
22024,115,115,0,1,
22025,106,106,0,1,
22026,118,118,0,1,
22027,120,120,0,1,
22028,116,116,0,1,
22029,110,110,0,1,
22030,104,104,0,1,
22031,124,124,0,1,
22032,118,118,0,1,
22033,109,109,0,1,
22034,119,119,0,1,
22035,119,119,0,1,
22036,121,121,0,1,
22037,120,120,0,1,
22038,116,116,0,1,
22039,115,115,0,1,
22040,110,110,0,1,
22041,111,111,0,1,
22042,111,111,0,1,
22043,116,116,0,1,
22044,116,116,0,1,
22045,119,119,0,1,
22046,108,108,0,1,
22047,122,122,0,1,
22048,107,107,0,1,
22049,123,123,0,1,
22050,115,115,0,1,
22051,116,116,0,1,
22052,123,123,0,1,
22053,112,112,0,1,
22054,118,118,0,1,
22055,123,123,0,1,
22056,108,108,0,1,
22057,107,107,0,1,
22058,109,109,0,1,
22059,121,121,0,1,
22060,110,110,0,1,
22061,114,114,0,1,
22062,106,106,0,1,
22063,115,115,0,1,
22064,108,108,0,1,
22065,112,112,0,1,
22066,114,114,0,1,
22067,117,117,0,1,
22068,107,107,0,1,
22069,118,118,0,1,
22070,115,115,0,1,
22071,115,115,0,1,
22072,112,112,0,1,
22073,102,102,0,1,
22074,111,111,0,1,
22075,111,111,0,1,
22076,113,113,0,1,
22077,116,116,0,1,
22078,117,117,0,1,
22079,111,111,0,1,
22080,120,120,0,1,
22081,120,120,0,1,
22082,124,124,0,1,
22083,110,110,0,1,
22084,115,115,0,1,
22085,107,107,0,1,
22086,106,106,0,1,
22087,117,117,0,1,
22088,108,108,0,1,
22089,114,114,0,1,
22090,111,111,0,1,
22091,123,123,0,1,
22092,104,104,0,1,
22093,109,109,0,1,
22094,114,114,0,1,
22095,123,123,0,1,
22096,118,118,0,1,
22097,131,131,0,1,
22098,119,119,0,1,
22099,124,124,0,1,
22100,112,112,0,1,
22101,120,120,0,1,
22102,120,120,0,1,
22103,110,110,0,1,
22104,125,125,0,1,
22105,110,110,0,1,
22106,116,116,0,1,
22107,116,116,0,1,
22108,111,111,0,1,
22109,118,118,0,1,
22110,119,119,0,1,
22111,116,116,0,1,
22112,113,113,0,1,
22113,110,110,0,1,
22114,107,107,0,1,
22115,112,112,0,1,
22116,106,106,0,1,
22117,128,128,0,1,
22118,111,111,0,1,
22119,114,114,0,1,
22120,118,118,0,1,
22121,122,122,0,1,
22122,109,109,0,1,
22123,116,116,0,1,
22124,108,108,0,1,
22125,111,111,0,1,
22126,113,113,0,1,
22127,115,115,0,1,
22128,111,111,0,1,
22129,126,126,0,1,
22130,111,111,0,1,
22131,126,126,0,1,
22132,121,121,0,1,
22133,109,109,0,1,
22134,119,119,0,1,
22135,112,112,0,1,
22136,115,115,0,1,
22137,114,114,0,1,
22138,108,108,0,1,
22139,117,117,0,1,
22140,114,114,0,1,
22141,117,117,0,1,
22142,109,109,0,1,
22143,128,128,0,1,
22144,118,118,0,1,
22145,113,113,0,1,
22146,110,110,0,1,
22147,113,113,0,1,
22148,116,116,0,1,
22149,108,108,0,1,
22150,121,121,0,1,
22151,115,115,0,1,
22152,127,127,0,1,
22153,125,125,0,1,
22154,118,118,0,1,
22155,117,117,0,1,
22156,116,116,0,1,
22157,108,108,0,1,
22158,115,115,0,1,
22159,127,127,0,1,
22160,121,121,0,1,
22161,110,110,0,1,
22162,123,123,0,1,
22163,122,122,0,1,
22164,109,109,0,1,
22165,118,118,0,1,
22166,109,109,0,1,
22167,117,117,0,1,
22168,113,113,0,1,
22169,115,115,0,1,
22170,110,110,0,1,
22171,111,111,0,1,
22172,119,119,0,1,
22173,114,114,0,1,
22174,122,122,0,1,
22175,115,115,0,1,
22176,119,119,0,1,
22177,107,107,0,1,
22178,117,117,0,1,
22179,120,120,0,1,
22180,116,116,0,1,
22181,110,110,0,1,
22182,109,109,0,1,
22183,115,115,0,1,
22184,104,104,0,1,
22185,117,117,0,1,
22186,119,119,0,1,
22187,116,116,0,1,
22188,116,116,0,1,
22189,110,110,0,1,
22190,109,109,0,1,
22191,132,132,0,1,
22192,120,120,0,1,
22193,104,104,0,1,
22194,118,118,0,1,
22195,111,111,0,1,
22196,126,126,0,1,
22197,127,127,0,1,
22198,113,113,0,1,
22199,108,108,0,1,
22200,130,130,0,1,
22201,108,108,0,1,
22202,115,115,0,1,
22203,107,107,0,1,
22204,119,119,0,1,
22205,105,105,0,1,
22206,108,108,0,1,
22207,117,117,0,1,
22208,114,114,0,1,
22209,113,113,0,1,
22210,114,114,0,1,
22211,111,111,0,1,
22212,109,109,0,1,
22213,118,118,0,1,
22214,125,125,0,1,
22215,120,120,0,1,
22216,109,109,0,1,
22217,112,112,0,1,
22218,124,124,0,1,
22219,110,110,0,1,
22220,104,104,0,1,
22221,117,117,0,1,
22222,113,113,0,1,
22223,116,116,0,1,
22224,116,116,0,1,
22225,113,113,0,1,
22226,112,112,0,1,
22227,112,112,0,1,
22228,115,115,0,1,
22229,102,102,0,1,
22230,120,120,0,1,
22231,108,108,0,1,
22232,120,120,0,1,
22233,128,128,0,1,
22234,104,104,0,1,
22235,111,111,0,1,
22236,113,113,0,1,
22237,127,127,0,1,
22238,107,107,0,1,
22239,108,108,0,1,
22240,106,106,0,1,
22241,120,120,0,1,
22242,108,108,0,1,
22243,114,114,0,1,
22244,114,114,0,1,
22245,102,102,0,1,
22246,114,114,0,1,
22247,109,109,0,1,
22248,119,119,0,1,
22249,104,104,0,1,
22250,125,125,0,1,
22251,102,102,0,1,
22252,117,117,0,1,
22253,118,118,0,1,
22254,123,123,0,1,
22255,115,115,0,1,
22256,120,120,0,1,
22257,118,118,0,1,
22258,117,117,0,1,
22259,105,105,0,1,
22260,120,120,0,1,
22261,109,109,0,1,
22262,113,113,0,1,
22263,112,112,0,1,
22264,116,116,0,1,
22265,120,120,0,1,
22266,122,122,0,1,
22267,130,130,0,1,
22268,117,117,0,1,
22269,108,108,0,1,
22270,107,107,0,1,
22271,116,116,0,1,
22272,110,110,0,1,
22273,117,117,0,1,
22274,111,111,0,1,
22275,110,110,0,1,
22276,109,109,0,1,
22277,117,117,0,1,
22278,109,109,0,1,
22279,113,113,0,1,
22280,113,113,0,1,
22281,114,114,0,1,
22282,117,117,0,1,
22283,119,119,0,1,
22284,113,113,0,1,
22285,107,107,0,1,
22286,112,112,0,1,
22287,118,118,0,1,
22288,132,132,0,1,
22289,114,114,0,1,
22290,119,119,0,1,
22291,105,105,0,1,
22292,117,117,0,1,
22293,117,117,0,1,
22294,105,105,0,1,
22295,108,108,0,1,
22296,124,124,0,1,
22297,128,128,0,1,
22298,113,113,0,1,
22299,108,108,0,1,
22300,110,110,0,1,
22301,113,113,0,1,
22302,109,109,0,1,
22303,104,104,0,1,
22304,107,107,0,1,
22305,122,122,0,1,
22306,121,121,0,1,
22307,109,109,0,1,
22308,118,118,0,1,
22309,114,114,0,1,
22310,120,120,0,1,
22311,113,113,0,1,
22312,118,118,0,1,
22313,119,119,0,1,
22314,129,129,0,1,
22315,112,112,0,1,
22316,108,108,0,1,
22317,106,106,0,1,
22318,122,122,0,1,
22319,122,122,0,1,
22320,110,110,0,1,
22321,110,110,0,1,
22322,116,116,0,1,
22323,106,106,0,1,
22324,121,121,0,1,
22325,118,118,0,1,
22326,127,127,0,1,
22327,119,119,0,1,
22328,112,112,0,1,
22329,115,115,0,1,
22330,104,104,0,1,
22331,118,118,0,1,
22332,116,116,0,1,
22333,119,119,0,1,
22334,125,125,0,1,
22335,109,109,0,1,
22336,117,117,0,1,
22337,124,124,0,1,
22338,117,117,0,1,
22339,118,118,0,1,
22340,115,115,0,1,
22341,122,122,0,1,
22342,113,113,0,1,
22343,123,123,0,1,
22344,119,119,0,1,
22345,120,120,0,1,
22346,117,117,0,1,
22347,119,119,0,1,
22348,113,113,0,1,
22349,110,110,0,1,
22350,114,114,0,1,
22351,110,110,0,1,
22352,110,110,0,1,
22353,120,120,0,1,
22354,120,120,0,1,
22355,114,114,0,1,
22356,110,110,0,1,
22357,120,120,0,1,
22358,108,108,0,1,
22359,106,106,0,1,
22360,127,127,0,1,
22361,109,109,0,1,
22362,116,116,0,1,
22363,124,124,0,1,
22364,111,111,0,1,
22365,121,121,0,1,
22366,119,119,0,1,
22367,117,117,0,1,
22368,115,115,0,1,
22369,111,111,0,1,
22370,118,118,0,1,
22371,123,123,0,1,
22372,108,108,0,1,
22373,105,105,0,1,
22374,115,115,0,1,
22375,112,112,0,1,
22376,114,114,0,1,
22377,122,122,0,1,
22378,109,109,0,1,
22379,111,111,0,1,
22380,116,116,0,1,
22381,116,116,0,1,
22382,121,121,0,1,
22383,107,107,0,1,
22384,112,112,0,1,
22385,125,125,0,1,
22386,107,107,0,1,
22387,105,105,0,1,
22388,124,124,0,1,
22389,116,116,0,1,
22390,117,117,0,1,
22391,117,117,0,1,
22392,108,108,0,1,
22393,115,115,0,1,
22394,125,125,0,1,
22395,120,120,0,1,
22396,112,112,0,1,
22397,123,123,0,1,
22398,110,110,0,1,
22399,117,117,0,1,
22400,111,111,0,1,
22401,117,117,0,1,
22402,119,119,0,1,
22403,124,124,0,1,
22404,114,114,0,1,
22405,123,123,0,1,
22406,128,128,0,1,
22407,105,105,0,1,
22408,115,115,0,1,
22409,111,111,0,1,
22410,113,113,0,1,
22411,112,112,0,1,
22412,107,107,0,1,
22413,118,118,0,1,
22414,107,107,0,1,
22415,118,118,0,1,
22416,118,118,0,1,
22417,102,102,0,1,
22418,102,102,0,1,
22419,122,122,0,1,
22420,128,128,0,1,
22421,126,126,0,1,
22422,123,123,0,1,
22423,125,125,0,1,
22424,108,108,0,1,
22425,111,111,0,1,
22426,117,117,0,1,
22427,122,122,0,1,
22428,112,112,0,1,
22429,123,123,0,1,
22430,110,110,0,1,
22431,121,121,0,1,
22432,115,115,0,1,
22433,110,110,0,1,
22434,114,114,0,1,
22435,122,122,0,1,
22436,114,114,0,1,
22437,125,125,0,1,
22438,120,120,0,1,
22439,116,116,0,1,
22440,114,114,0,1,
22441,122,122,0,1,
22442,112,112,0,1,
22443,113,113,0,1,
22444,116,116,0,1,
22445,115,115,0,1,
22446,121,121,0,1,
22447,111,111,0,1,
22448,111,111,0,1,
22449,121,121,0,1,
22450,118,118,0,1,
22451,114,114,0,1,
22452,109,109,0,1,
22453,115,115,0,1,
22454,115,115,0,1,
22455,109,109,0,1,
22456,115,115,0,1,
22457,114,114,0,1,
22458,121,121,0,1,
22459,112,112,0,1,
22460,105,105,0,1,
22461,113,113,0,1,
22462,126,126,0,1,
22463,107,107,0,1,
22464,118,118,0,1,
22465,123,123,0,1,
22466,117,117,0,1,
22467,111,111,0,1,
22468,118,118,0,1,
22469,116,116,0,1,
22470,110,110,0,1,
22471,129,129,0,1,
22472,119,119,0,1,
22473,111,111,0,1,
22474,124,124,0,1,
22475,108,108,0,1,
22476,120,120,0,1,
22477,118,118,0,1,
22478,116,116,0,1,
22479,112,112,0,1,
22480,111,111,0,1,
22481,109,109,0,1,
22482,117,117,0,1,
22483,119,119,0,1,
22484,108,108,0,1,
22485,108,108,0,1,
22486,114,114,0,1,
22487,115,115,0,1,
22488,115,115,0,1,
22489,116,116,0,1,
22490,127,127,0,1,
22491,125,125,0,1,
22492,109,109,0,1,
22493,122,122,0,1,
22494,115,115,0,1,
22495,105,105,0,1,
22496,114,114,0,1,
22497,118,118,0,1,
22498,122,122,0,1,
22499,115,115,0,1,
22500,122,122,0,1,
22501,119,119,0,1,
22502,105,105,0,1,
22503,121,121,0,1,
22504,114,114,0,1,
22505,108,108,0,1,
22506,125,125,0,1,
22507,117,117,0,1,
22508,115,115,0,1,
22509,122,122,0,1,
22510,117,117,0,1,
22511,107,107,0,1,
22512,113,113,0,1,
22513,116,116,0,1,
22514,116,116,0,1,
22515,127,127,0,1,
22516,112,112,0,1,
22517,133,133,0,1,
22518,121,121,0,1,
22519,110,110,0,1,
22520,120,120,0,1,
22521,116,116,0,1,
22522,122,122,0,1,
22523,109,109,0,1,
22524,120,120,0,1,
22525,118,118,0,1,
22526,113,113,0,1,
22527,122,122,0,1,
22528,113,113,0,1,
22529,122,122,0,1,
22530,116,116,0,1,
22531,123,123,0,1,
22532,122,122,0,1,
22533,118,118,0,1,
22534,117,117,0,1,
22535,106,106,0,1,
22536,123,123,0,1,
22537,109,109,0,1,
22538,128,128,0,1,
22539,108,108,0,1,
22540,109,109,0,1,
22541,118,118,0,1,
22542,110,110,0,1,
22543,112,112,0,1,
22544,119,119,0,1,
22545,121,121,0,1,
22546,125,125,0,1,
22547,120,120,0,1,
22548,121,121,0,1,
22549,128,128,0,1,
22550,108,108,0,1,
22551,114,114,0,1,
22552,117,117,0,1,
22553,108,108,0,1,
22554,124,124,0,1,
22555,122,122,0,1,
22556,109,109,0,1,
22557,108,108,0,1,
22558,117,117,0,1,
22559,119,119,0,1,
22560,116,116,0,1,
22561,119,119,0,1,
22562,111,111,0,1,
22563,107,107,0,1,
22564,107,107,0,1,
22565,123,123,0,1,
22566,124,124,0,1,
22567,111,111,0,1,
22568,117,117,0,1,
22569,125,125,0,1,
22570,117,117,0,1,
22571,127,127,0,1,
22572,118,118,0,1,
22573,115,115,0,1,
22574,110,110,0,1,
22575,120,120,0,1,
22576,126,126,0,1,
22577,118,118,0,1,
22578,123,123,0,1,
22579,107,107,0,1,
22580,111,111,0,1,
22581,113,113,0,1,
22582,124,124,0,1,
22583,116,116,0,1,
22584,119,119,0,1,
22585,114,114,0,1,
22586,117,117,0,1,
22587,110,110,0,1,
22588,115,115,0,1,
22589,124,124,0,1,
22590,107,107,0,1,
22591,130,130,0,1,
22592,112,112,0,1,
22593,122,122,0,1,
22594,102,102,0,1,
22595,113,113,0,1,
22596,122,122,0,1,
22597,116,116,0,1,
22598,121,121,0,1,
22599,107,107,0,1,
22600,117,117,0,1,
22601,110,110,0,1,
22602,108,108,0,1,
22603,108,108,0,1,
22604,110,110,0,1,
22605,104,104,0,1,
22606,105,105,0,1,
22607,115,115,0,1,
22608,111,111,0,1,
22609,113,113,0,1,
22610,115,115,0,1,
22611,112,112,0,1,
22612,114,114,0,1,
22613,109,109,0,1,
22614,115,115,0,1,
22615,119,119,0,1,
22616,114,114,0,1,
22617,107,107,0,1,
22618,111,111,0,1,
22619,109,109,0,1,
22620,111,111,0,1,
22621,115,115,0,1,
22622,119,119,0,1,
22623,104,104,0,1,
22624,111,111,0,1,
22625,107,107,0,1,
22626,104,104,0,1,
22627,124,124,0,1,
22628,108,108,0,1,
22629,109,109,0,1,
22630,117,117,0,1,
22631,117,117,0,1,
22632,111,111,0,1,
22633,113,113,0,1,
22634,112,112,0,1,
22635,121,121,0,1,
22636,113,113,0,1,
22637,112,112,0,1,
22638,113,113,0,1,
22639,113,113,0,1,
22640,113,113,0,1,
22641,119,119,0,1,
22642,115,115,0,1,
22643,125,125,0,1,
22644,114,114,0,1,
22645,114,114,0,1,
22646,115,115,0,1,
22647,121,121,0,1,
22648,118,118,0,1,
22649,124,124,0,1,
22650,118,118,0,1,
22651,109,109,0,1,
22652,117,117,0,1,
22653,112,112,0,1,
22654,119,119,0,1,
22655,112,112,0,1,
22656,108,108,0,1,
22657,112,112,0,1,
22658,116,116,0,1,
22659,111,111,0,1,
22660,116,116,0,1,
22661,114,114,0,1,
22662,114,114,0,1,
22663,107,107,0,1,
22664,120,120,0,1,
22665,110,110,0,1,
22666,110,110,0,1,
22667,121,121,0,1,
22668,121,121,0,1,
22669,112,112,0,1,
22670,119,119,0,1,
22671,113,113,0,1,
22672,120,120,0,1,
22673,117,117,0,1,
22674,112,112,0,1,
22675,111,111,0,1,
22676,107,107,0,1,
22677,112,112,0,1,
22678,108,108,0,1,
22679,115,115,0,1,
22680,120,120,0,1,
22681,116,116,0,1,
22682,120,120,0,1,
22683,110,110,0,1,
22684,108,108,0,1,
22685,115,115,0,1,
22686,117,117,0,1,
22687,119,119,0,1,
22688,116,116,0,1,
22689,107,107,0,1,
22690,104,104,0,1,
22691,114,114,0,1,
22692,105,105,0,1,
22693,111,111,0,1,
22694,119,119,0,1,
22695,117,117,0,1,
22696,115,115,0,1,
22697,123,123,0,1,
22698,120,120,0,1,
22699,106,106,0,1,
22700,110,110,0,1,
22701,107,107,0,1,
22702,110,110,0,1,
22703,115,115,0,1,
22704,109,109,0,1,
22705,113,113,0,1,
22706,123,123,0,1,
22707,105,105,0,1,
22708,121,121,0,1,
22709,117,117,0,1,
22710,125,125,0,1,
22711,128,128,0,1,
22712,106,106,0,1,
22713,110,110,0,1,
22714,106,106,0,1,
22715,116,116,0,1,
22716,111,111,0,1,
22717,122,122,0,1,
22718,113,113,0,1,
22719,108,108,0,1,
22720,113,113,0,1,
22721,117,117,0,1,
22722,115,115,0,1,
22723,109,109,0,1,
22724,111,111,0,1,
22725,116,116,0,1,
22726,102,102,0,1,
22727,128,128,0,1,
22728,108,108,0,1,
22729,109,109,0,1,
22730,107,107,0,1,
22731,105,105,0,1,
22732,108,108,0,1,
22733,118,118,0,1,
22734,109,109,0,1,
22735,110,110,0,1,
22736,110,110,0,1,
22737,122,122,0,1,
22738,110,110,0,1,
22739,110,110,0,1,
22740,109,109,0,1,
22741,111,111,0,1,
22742,119,119,0,1,
22743,117,117,0,1,
22744,107,107,0,1,
22745,131,131,0,1,
22746,128,128,0,1,
22747,111,111,0,1,
22748,121,121,0,1,
22749,122,122,0,1,
22750,116,116,0,1,
22751,104,104,0,1,
22752,116,116,0,1,
22753,108,108,0,1,
22754,106,106,0,1,
22755,110,110,0,1,
22756,117,117,0,1,
22757,130,130,0,1,
22758,110,110,0,1,
22759,116,116,0,1,
22760,104,104,0,1,
22761,123,123,0,1,
22762,112,112,0,1,
22763,105,105,0,1,
22764,109,109,0,1,
22765,125,125,0,1,
22766,111,111,0,1,
22767,112,112,0,1,
22768,117,117,0,1,
22769,110,110,0,1,
22770,114,114,0,1,
22771,120,120,0,1,
22772,118,118,0,1,
22773,117,117,0,1,
22774,112,112,0,1,
22775,113,113,0,1,
22776,110,110,0,1,
22777,112,112,0,1,
22778,113,113,0,1,
22779,109,109,0,1,
22780,106,106,0,1,
22781,115,115,0,1,
22782,116,116,0,1,
22783,108,108,0,1,
22784,110,110,0,1,
22785,126,126,0,1,
22786,115,115,0,1,
22787,117,117,0,1,
22788,115,115,0,1,
22789,109,109,0,1,
22790,105,105,0,1,
22791,116,116,0,1,
22792,106,106,0,1,
22793,120,120,0,1,
22794,112,112,0,1,
22795,132,132,0,1,
22796,117,117,0,1,
22797,104,104,0,1,
22798,118,118,0,1,
22799,118,118,0,1,
22800,113,113,0,1,
22801,120,120,0,1,
22802,114,114,0,1,
22803,111,111,0,1,
22804,115,115,0,1,
22805,123,123,0,1,
22806,107,107,0,1,
22807,120,120,0,1,
22808,123,123,0,1,
22809,111,111,0,1,
22810,117,117,0,1,
22811,124,124,0,1,
22812,117,117,0,1,
22813,107,107,0,1,
22814,119,119,0,1,
22815,109,109,0,1,
22816,108,108,0,1,
22817,108,108,0,1,
22818,121,121,0,1,
22819,115,115,0,1,
22820,115,115,0,1,
22821,118,118,0,1,
22822,113,113,0,1,
22823,123,123,0,1,
22824,109,109,0,1,
22825,108,108,0,1,
22826,109,109,0,1,
22827,131,131,0,1,
22828,112,112,0,1,
22829,121,121,0,1,
22830,121,121,0,1,
22831,110,110,0,1,
22832,112,112,0,1,
22833,113,113,0,1,
22834,107,107,0,1,
22835,119,119,0,1,
22836,118,118,0,1,
22837,108,108,0,1,
22838,125,125,0,1,
22839,111,111,0,1,
22840,114,114,0,1,
22841,117,117,0,1,
22842,112,112,0,1,
22843,122,122,0,1,
22844,119,119,0,1,
22845,126,126,0,1,
22846,114,114,0,1,
22847,108,108,0,1,
22848,117,117,0,1,
22849,114,114,0,1,
22850,122,122,0,1,
22851,117,117,0,1,
22852,110,110,0,1,
22853,129,129,0,1,
22854,131,131,0,1,
22855,110,110,0,1,
22856,119,119,0,1,
22857,114,114,0,1,
22858,109,109,0,1,
22859,109,109,0,1,
22860,123,123,0,1,
22861,112,112,0,1,
22862,119,119,0,1,
22863,124,124,0,1,
22864,113,113,0,1,
22865,116,116,0,1,
22866,110,110,0,1,
22867,103,103,0,1,
22868,110,110,0,1,
22869,124,124,0,1,
22870,111,111,0,1,
22871,110,110,0,1,
22872,109,109,0,1,
22873,114,114,0,1,
22874,104,104,0,1,
22875,118,118,0,1,
22876,111,111,0,1,
22877,116,116,0,1,
22878,114,114,0,1,
22879,123,123,0,1,
22880,125,125,0,1,
22881,126,126,0,1,
22882,123,123,0,1,
22883,115,115,0,1,
22884,120,120,0,1,
22885,118,118,0,1,
22886,128,128,0,1,
22887,112,112,0,1,
22888,118,118,0,1,
22889,123,123,0,1,
22890,117,117,0,1,
22891,112,112,0,1,
22892,120,120,0,1,
22893,116,116,0,1,
22894,113,113,0,1,
22895,108,108,0,1,
22896,112,112,0,1,
22897,122,122,0,1,
22898,113,113,0,1,
22899,107,107,0,1,
22900,114,114,0,1,
22901,125,125,0,1,
22902,113,113,0,1,
22903,118,118,0,1,
22904,125,125,0,1,
22905,112,112,0,1,
22906,114,114,0,1,
22907,117,117,0,1,
22908,119,119,0,1,
22909,123,123,0,1,
22910,122,122,0,1,
22911,125,125,0,1,
22912,119,119,0,1,
22913,112,112,0,1,
22914,119,119,0,1,
22915,111,111,0,1,
22916,116,116,0,1,
22917,119,119,0,1,
22918,121,121,0,1,
22919,107,107,0,1,
22920,109,109,0,1,
22921,107,107,0,1,
22922,125,125,0,1,
22923,121,121,0,1,
22924,111,111,0,1,
22925,118,118,0,1,
22926,121,121,0,1,
22927,133,133,0,1,
22928,119,119,0,1,
22929,114,114,0,1,
22930,117,117,0,1,
22931,123,123,0,1,
22932,113,113,0,1,
22933,129,129,0,1,
22934,121,121,0,1,
22935,111,111,0,1,
22936,110,110,0,1,
22937,116,116,0,1,
22938,112,112,0,1,
22939,117,117,0,1,
22940,120,120,0,1,
22941,115,115,0,1,
22942,114,114,0,1,
22943,121,121,0,1,
22944,122,122,0,1,
22945,112,112,0,1,
22946,123,123,0,1,
22947,120,120,0,1,
22948,104,104,0,1,
22949,111,111,0,1,
22950,115,115,0,1,
22951,113,113,0,1,
22952,115,115,0,1,
22953,122,122,0,1,
22954,125,125,0,1,
22955,114,114,0,1,
22956,123,123,0,1,
22957,116,116,0,1,
22958,123,123,0,1,
22959,105,105,0,1,
22960,110,110,0,1,
22961,103,103,0,1,
22962,122,122,0,1,
22963,115,115,0,1,
22964,111,111,0,1,
22965,125,125,0,1,
22966,116,116,0,1,
22967,122,122,0,1,
22968,114,114,0,1,
22969,116,116,0,1,
22970,107,107,0,1,
22971,109,109,0,1,
22972,122,122,0,1,
22973,115,115,0,1,
22974,119,119,0,1,
22975,119,119,0,1,
22976,116,116,0,1,
22977,116,116,0,1,
22978,114,114,0,1,
22979,116,116,0,1,
22980,107,107,0,1,
22981,107,107,0,1,
22982,110,110,0,1,
22983,115,115,0,1,
22984,108,108,0,1,
22985,107,107,0,1,
22986,118,118,0,1,
22987,119,119,0,1,
22988,114,114,0,1,
22989,123,123,0,1,
22990,121,121,0,1,
22991,125,125,0,1,
22992,118,118,0,1,
22993,117,117,0,1,
22994,118,118,0,1,
22995,115,115,0,1,
22996,113,113,0,1,
22997,116,116,0,1,
22998,116,116,0,1,
22999,110,110,0,1,
23000,115,115,0,1,
23001,108,108,0,1,
23002,113,113,0,1,
23003,119,119,0,1,
23004,125,125,0,1,
23005,107,107,0,1,
23006,112,112,0,1,
23007,110,110,0,1,
23008,123,123,0,1,
23009,109,109,0,1,
23010,106,106,0,1,
23011,113,113,0,1,
23012,113,113,0,1,
23013,113,113,0,1,
23014,119,119,0,1,
23015,108,108,0,1,
23016,127,127,0,1,
23017,116,116,0,1,
23018,114,114,0,1,
23019,115,115,0,1,
23020,121,121,0,1,
23021,110,110,0,1,
23022,113,113,0,1,
23023,113,113,0,1,
23024,122,122,0,1,
23025,106,106,0,1,
23026,110,110,0,1,
23027,112,112,0,1,
23028,113,113,0,1,
23029,113,113,0,1,
23030,112,112,0,1,
23031,110,110,0,1,
23032,112,112,0,1,
23033,105,105,0,1,
23034,107,107,0,1,
23035,116,116,0,1,
23036,111,111,0,1,
23037,119,119,0,1,
23038,114,114,0,1,
23039,104,104,0,1,
23040,108,108,0,1,
23041,109,109,0,1,
23042,111,111,0,1,
23043,116,116,0,1,
23044,112,112,0,1,
23045,120,120,0,1,
23046,117,117,0,1,
23047,118,118,0,1,
23048,111,111,0,1,
23049,120,120,0,1,
23050,112,112,0,1,
23051,126,126,0,1,
23052,106,106,0,1,
23053,114,114,0,1,
23054,109,109,0,1,
23055,105,105,0,1,
23056,114,114,0,1,
23057,110,110,0,1,
23058,109,109,0,1,
23059,108,108,0,1,
23060,113,113,0,1,
23061,126,126,0,1,
23062,112,112,0,1,
23063,113,113,0,1,
23064,120,120,0,1,
23065,118,118,0,1,
23066,109,109,0,1,
23067,118,118,0,1,
23068,104,104,0,1,
23069,113,113,0,1,
23070,106,106,0,1,
23071,109,109,0,1,
23072,110,110,0,1,
23073,109,109,0,1,
23074,118,118,0,1,
23075,125,125,0,1,
23076,108,108,0,1,
23077,119,119,0,1,
23078,104,104,0,1,
23079,109,109,0,1,
23080,105,105,0,1,
23081,115,115,0,1,
23082,103,103,0,1,
23083,126,126,0,1,
23084,115,115,0,1,
23085,127,127,0,1,
23086,112,112,0,1,
23087,115,115,0,1,
23088,126,126,0,1,
23089,119,119,0,1,
23090,118,118,0,1,
23091,110,110,0,1,
23092,113,113,0,1,
23093,122,122,0,1,
23094,119,119,0,1,
23095,106,106,0,1,
23096,118,118,0,1,
23097,104,104,0,1,
23098,115,115,0,1,
23099,115,115,0,1,
23100,109,109,0,1,
23101,111,111,0,1,
23102,119,119,0,1,
23103,111,111,0,1,
23104,122,122,0,1,
23105,114,114,0,1,
23106,115,115,0,1,
23107,116,116,0,1,
23108,123,123,0,1,
23109,118,118,0,1,
23110,114,114,0,1,
23111,109,109,0,1,
23112,107,107,0,1,
23113,111,111,0,1,
23114,119,119,0,1,
23115,116,116,0,1,
23116,110,110,0,1,
23117,116,116,0,1,
23118,127,127,0,1,
23119,118,118,0,1,
23120,118,118,0,1,
23121,107,107,0,1,
23122,120,120,0,1,
23123,109,109,0,1,
23124,120,120,0,1,
23125,114,114,0,1,
23126,115,115,0,1,
23127,122,122,0,1,
23128,108,108,0,1,
23129,106,106,0,1,
23130,125,125,0,1,
23131,120,120,0,1,
23132,116,116,0,1,
23133,125,125,0,1,
23134,124,124,0,1,
23135,114,114,0,1,
23136,113,113,0,1,
23137,108,108,0,1,
23138,110,110,0,1,
23139,114,114,0,1,
23140,104,104,0,1,
23141,110,110,0,1,
23142,116,116,0,1,
23143,107,107,0,1,
23144,115,115,0,1,
23145,110,110,0,1,
23146,112,112,0,1,
23147,115,115,0,1,
23148,112,112,0,1,
23149,117,117,0,1,
23150,110,110,0,1,
23151,107,107,0,1,
23152,115,115,0,1,
23153,121,121,0,1,
23154,113,113,0,1,
23155,110,110,0,1,
23156,108,108,0,1,
23157,126,126,0,1,
23158,118,118,0,1,
23159,105,105,0,1,
23160,130,130,0,1,
23161,121,121,0,1,
23162,133,133,0,1,
23163,106,106,0,1,
23164,109,109,0,1,
23165,101,101,0,1,
23166,113,113,0,1,
23167,114,114,0,1,
23168,121,121,0,1,
23169,112,112,0,1,
23170,121,121,0,1,
23171,115,115,0,1,
23172,112,112,0,1,
23173,116,116,0,1,
23174,108,108,0,1,
23175,107,107,0,1,
23176,110,110,0,1,
23177,125,125,0,1,
23178,110,110,0,1,
23179,121,121,0,1,
23180,129,129,0,1,
23181,114,114,0,1,
23182,108,108,0,1,
23183,118,118,0,1,
23184,105,105,0,1,
23185,107,107,0,1,
23186,110,110,0,1,
23187,109,109,0,1,
23188,113,113,0,1,
23189,114,114,0,1,
23190,120,120,0,1,
23191,110,110,0,1,
23192,104,104,0,1,
23193,112,112,0,1,
23194,111,111,0,1,
23195,120,120,0,1,
23196,116,116,0,1,
23197,114,114,0,1,
23198,115,115,0,1,
23199,111,111,0,1,
23200,117,117,0,1,
23201,108,108,0,1,
23202,105,105,0,1,
23203,117,117,0,1,
23204,110,110,0,1,
23205,109,109,0,1,
23206,115,115,0,1,
23207,126,126,0,1,
23208,119,119,0,1,
23209,120,120,0,1,
23210,123,123,0,1,
23211,109,109,0,1,
23212,108,108,0,1,
23213,109,109,0,1,
23214,115,115,0,1,
23215,109,109,0,1,
23216,110,110,0,1,
23217,121,121,0,1,
23218,107,107,0,1,
23219,117,117,0,1,
23220,118,118,0,1,
23221,109,109,0,1,
23222,111,111,0,1,
23223,116,116,0,1,
23224,107,107,0,1,
23225,112,112,0,1,
23226,109,109,0,1,
23227,117,117,0,1,
23228,126,126,0,1,
23229,116,116,0,1,
23230,114,114,0,1,
23231,109,109,0,1,
23232,110,110,0,1,
23233,111,111,0,1,
23234,122,122,0,1,
23235,115,115,0,1,
23236,121,121,0,1,
23237,118,118,0,1,
23238,117,117,0,1,
23239,107,107,0,1,
23240,115,115,0,1,
23241,117,117,0,1,
23242,115,115,0,1,
23243,110,110,0,1,
23244,107,107,0,1,
23245,105,105,0,1,
23246,114,114,0,1,
23247,117,117,0,1,
23248,106,106,0,1,
23249,107,107,0,1,
23250,118,118,0,1,
23251,113,113,0,1,
23252,123,123,0,1,
23253,111,111,0,1,
23254,116,116,0,1,
23255,108,108,0,1,
23256,115,115,0,1,
23257,108,108,0,1,
23258,122,122,0,1,
23259,130,130,0,1,
23260,118,118,0,1,
23261,123,123,0,1,
23262,122,122,0,1,
23263,108,108,0,1,
23264,119,119,0,1,
23265,113,113,0,1,
23266,123,123,0,1,
23267,111,111,0,1,
23268,123,123,0,1,
23269,124,124,0,1,
23270,110,110,0,1,
23271,115,115,0,1,
23272,116,116,0,1,
23273,104,104,0,1,
23274,112,112,0,1,
23275,112,112,0,1,
23276,122,122,0,1,
23277,122,122,0,1,
23278,106,106,0,1,
23279,116,116,0,1,
23280,109,109,0,1,
23281,112,112,0,1,
23282,112,112,0,1,
23283,111,111,0,1,
23284,120,120,0,1,
23285,119,119,0,1,
23286,116,116,0,1,
23287,114,114,0,1,
23288,111,111,0,1,
23289,110,110,0,1,
23290,130,130,0,1,
23291,116,116,0,1,
23292,124,124,0,1,
23293,110,110,0,1,
23294,116,116,0,1,
23295,115,115,0,1,
23296,107,107,0,1,
23297,118,118,0,1,
23298,115,115,0,1,
23299,121,121,0,1,
23300,120,120,0,1,
23301,108,108,0,1,
23302,116,116,0,1,
23303,123,123,0,1,
23304,116,116,0,1,
23305,109,109,0,1,
23306,123,123,0,1,
23307,114,114,0,1,
23308,122,122,0,1,
23309,111,111,0,1,
23310,116,116,0,1,
23311,107,107,0,1,
23312,110,110,0,1,
23313,113,113,0,1,
23314,116,116,0,1,
23315,117,117,0,1,
23316,122,122,0,1,
23317,115,115,0,1,
23318,112,112,0,1,
23319,111,111,0,1,
23320,124,124,0,1,
23321,129,129,0,1,
23322,114,114,0,1,
23323,122,122,0,1,
23324,120,120,0,1,
23325,111,111,0,1,
23326,109,109,0,1,
23327,114,114,0,1,
23328,106,106,0,1,
23329,115,115,0,1,
23330,117,117,0,1,
23331,105,105,0,1,
23332,113,113,0,1,
23333,102,102,0,1,
23334,110,110,0,1,
23335,112,112,0,1,
23336,114,114,0,1,
23337,108,108,0,1,
23338,115,115,0,1,
23339,110,110,0,1,
23340,112,112,0,1,
23341,125,125,0,1,
23342,115,115,0,1,
23343,110,110,0,1,
23344,112,112,0,1,
23345,123,123,0,1,
23346,116,116,0,1,
23347,111,111,0,1,
23348,116,116,0,1,
23349,121,121,0,1,
23350,122,122,0,1,
23351,103,103,0,1,
23352,112,112,0,1,
23353,117,117,0,1,
23354,114,114,0,1,
23355,118,118,0,1,
23356,115,115,0,1,
23357,106,106,0,1,
23358,113,113,0,1,
23359,109,109,0,1,
23360,119,119,0,1,
23361,126,126,0,1,
23362,128,128,0,1,
23363,114,114,0,1,
23364,111,111,0,1,
23365,113,113,0,1,
23366,117,117,0,1,
23367,109,109,0,1,
23368,123,123,0,1,
23369,122,122,0,1,
23370,125,125,0,1,
23371,112,112,0,1,
23372,116,116,0,1,
23373,109,109,0,1,
23374,124,124,0,1,
23375,112,112,0,1,
23376,126,126,0,1,
23377,117,117,0,1,
23378,122,122,0,1,
23379,122,122,0,1,
23380,109,109,0,1,
23381,127,127,0,1,
23382,111,111,0,1,
23383,120,120,0,1,
23384,124,124,0,1,
23385,123,123,0,1,
23386,119,119,0,1,
23387,108,108,0,1,
23388,121,121,0,1,
23389,117,117,0,1,
23390,117,117,0,1,
23391,119,119,0,1,
23392,116,116,0,1,
23393,125,125,0,1,
23394,112,112,0,1,
23395,118,118,0,1,
23396,130,130,0,1,
23397,114,114,0,1,
23398,116,116,0,1,
23399,119,119,0,1,
23400,119,119,0,1,
23401,118,118,0,1,
23402,116,116,0,1,
23403,120,120,0,1,
23404,113,113,0,1,
23405,115,115,0,1,
23406,114,114,0,1,
23407,111,111,0,1,
23408,118,118,0,1,
23409,121,121,0,1,
23410,108,108,0,1,
23411,106,106,0,1,
23412,113,113,0,1,
23413,109,109,0,1,
23414,111,111,0,1,
23415,115,115,0,1,
23416,119,119,0,1,
23417,109,109,0,1,
23418,125,125,0,1,
23419,103,103,0,1,
23420,108,108,0,1,
23421,116,116,0,1,
23422,113,113,0,1,
23423,114,114,0,1,
23424,102,102,0,1,
23425,117,117,0,1,
23426,120,120,0,1,
23427,114,114,0,1,
23428,122,122,0,1,
23429,109,109,0,1,
23430,126,126,0,1,
23431,123,123,0,1,
23432,119,119,0,1,
23433,129,129,0,1,
23434,121,121,0,1,
23435,113,113,0,1,
23436,113,113,0,1,
23437,110,110,0,1,
23438,115,115,0,1,
23439,109,109,0,1,
23440,118,118,0,1,
23441,109,109,0,1,
23442,111,111,0,1,
23443,117,117,0,1,
23444,110,110,0,1,
23445,119,119,0,1,
23446,115,115,0,1,
23447,116,116,0,1,
23448,115,115,0,1,
23449,119,119,0,1,
23450,113,113,0,1,
23451,111,111,0,1,
23452,112,112,0,1,
23453,123,123,0,1,
23454,117,117,0,1,
23455,108,108,0,1,
23456,117,117,0,1,
23457,119,119,0,1,
23458,111,111,0,1,
23459,123,123,0,1,
23460,106,106,0,1,
23461,124,124,0,1,
23462,119,119,0,1,
23463,130,130,0,1,
23464,118,118,0,1,
23465,112,112,0,1,
23466,125,125,0,1,
23467,115,115,0,1,
23468,109,109,0,1,
23469,109,109,0,1,
23470,120,120,0,1,
23471,121,121,0,1,
23472,115,115,0,1,
23473,115,115,0,1,
23474,112,112,0,1,
23475,121,121,0,1,
23476,114,114,0,1,
23477,111,111,0,1,
23478,132,132,0,1,
23479,122,122,0,1,
23480,109,109,0,1,
23481,114,114,0,1,
23482,107,107,0,1,
23483,118,118,0,1,
23484,117,117,0,1,
23485,113,113,0,1,
23486,113,113,0,1,
23487,109,109,0,1,
23488,112,112,0,1,
23489,111,111,0,1,
23490,113,113,0,1,
23491,112,112,0,1,
23492,109,109,0,1,
23493,119,119,0,1,
23494,116,116,0,1,
23495,112,112,0,1,
23496,115,115,0,1,
23497,115,115,0,1,
23498,117,117,0,1,
23499,106,106,0,1,
23500,128,128,0,1,
23501,113,113,0,1,
23502,108,108,0,1,
23503,106,106,0,1,
23504,114,114,0,1,
23505,122,122,0,1,
23506,109,109,0,1,
23507,113,113,0,1,
23508,118,118,0,1,
23509,118,118,0,1,
23510,118,118,0,1,
23511,109,109,0,1,
23512,123,123,0,1,
23513,117,117,0,1,
23514,111,111,0,1,
23515,112,112,0,1,
23516,125,125,0,1,
23517,108,108,0,1,
23518,118,118,0,1,
23519,125,125,0,1,
23520,118,118,0,1,
23521,108,108,0,1,
23522,111,111,0,1,
23523,124,124,0,1,
23524,114,114,0,1,
23525,117,117,0,1,
23526,113,113,0,1,
23527,116,116,0,1,
23528,116,116,0,1,
23529,109,109,0,1,
23530,123,123,0,1,
23531,119,119,0,1,
23532,113,113,0,1,
23533,116,116,0,1,
23534,111,111,0,1,
23535,123,123,0,1,
23536,108,108,0,1,
23537,120,120,0,1,
23538,117,117,0,1,
23539,113,113,0,1,
23540,113,113,0,1,
23541,128,128,0,1,
23542,124,124,0,1,
23543,127,127,0,1,
23544,118,118,0,1,
23545,113,113,0,1,
23546,110,110,0,1,
23547,110,110,0,1,
23548,115,115,0,1,
23549,111,111,0,1,
23550,121,121,0,1,
23551,117,117,0,1,
23552,112,112,0,1,
23553,126,126,0,1,
23554,116,116,0,1,
23555,121,121,0,1,
23556,117,117,0,1,
23557,128,128,0,1,
23558,113,113,0,1,
23559,117,117,0,1,
23560,106,106,0,1,
23561,121,121,0,1,
23562,111,111,0,1,
23563,110,110,0,1,
23564,119,119,0,1,
23565,118,118,0,1,
23566,119,119,0,1,
23567,114,114,0,1,
23568,111,111,0,1,
23569,116,116,0,1,
23570,112,112,0,1,
23571,128,128,0,1,
23572,110,110,0,1,
23573,119,119,0,1,
23574,105,105,0,1,
23575,117,117,0,1,
23576,107,107,0,1,
23577,118,118,0,1,
23578,109,109,0,1,
23579,124,124,0,1,
23580,113,113,0,1,
23581,109,109,0,1,
23582,123,123,0,1,
23583,111,111,0,1,
23584,115,115,0,1,
23585,115,115,0,1,
23586,114,114,0,1,
23587,117,117,0,1,
23588,110,110,0,1,
23589,117,117,0,1,
23590,110,110,0,1,
23591,118,118,0,1,
23592,118,118,0,1,
23593,113,113,0,1,
23594,109,109,0,1,
23595,111,111,0,1,
23596,111,111,0,1,
23597,110,110,0,1,
23598,115,115,0,1,
23599,125,125,0,1,
23600,118,118,0,1,
23601,115,115,0,1,
23602,108,108,0,1,
23603,116,116,0,1,
23604,117,117,0,1,
23605,107,107,0,1,
23606,120,120,0,1,
23607,117,117,0,1,
23608,106,106,0,1,
23609,107,107,0,1,
23610,111,111,0,1,
23611,120,120,0,1,
23612,115,115,0,1,
23613,121,121,0,1,
23614,109,109,0,1,
23615,112,112,0,1,
23616,106,106,0,1,
23617,110,110,0,1,
23618,112,112,0,1,
23619,112,112,0,1,
23620,117,117,0,1,
23621,121,121,0,1,
23622,116,116,0,1,
23623,116,116,0,1,
23624,120,120,0,1,
23625,105,105,0,1,
23626,111,111,0,1,
23627,119,119,0,1,
23628,119,119,0,1,
23629,111,111,0,1,
23630,116,116,0,1,
23631,108,108,0,1,
23632,111,111,0,1,
23633,112,112,0,1,
23634,116,116,0,1,
23635,110,110,0,1,
23636,116,116,0,1,
23637,112,112,0,1,
23638,125,125,0,1,
23639,121,121,0,1,
23640,106,106,0,1,
23641,113,113,0,1,
23642,109,109,0,1,
23643,115,115,0,1,
23644,113,113,0,1,
23645,107,107,0,1,
23646,105,105,0,1,
23647,106,106,0,1,
23648,111,111,0,1,
23649,112,112,0,1,
23650,112,112,0,1,
23651,123,123,0,1,
23652,124,124,0,1,
23653,116,116,0,1,
23654,112,112,0,1,
23655,115,115,0,1,
23656,103,103,0,1,
23657,112,112,0,1,
23658,111,111,0,1,
23659,117,117,0,1,
23660,114,114,0,1,
23661,118,118,0,1,
23662,123,123,0,1,
23663,115,115,0,1,
23664,114,114,0,1,
23665,111,111,0,1,
23666,108,108,0,1,
23667,125,125,0,1,
23668,124,124,0,1,
23669,106,106,0,1,
23670,116,116,0,1,
23671,108,108,0,1,
23672,104,104,0,1,
23673,121,121,0,1,
23674,123,123,0,1,
23675,120,120,0,1,
23676,112,112,0,1,
23677,124,124,0,1,
23678,121,121,0,1,
23679,118,118,0,1,
23680,105,105,0,1,
23681,109,109,0,1,
23682,121,121,0,1,
23683,113,113,0,1,
23684,110,110,0,1,
23685,120,120,0,1,
23686,109,109,0,1,
23687,126,126,0,1,
23688,113,113,0,1,
23689,123,123,0,1,
23690,124,124,0,1,
23691,116,116,0,1,
23692,113,113,0,1,
23693,115,115,0,1,
23694,110,110,0,1,
23695,108,108,0,1,
23696,104,104,0,1,
23697,114,114,0,1,
23698,111,111,0,1,
23699,120,120,0,1,
23700,107,107,0,1,
23701,123,123,0,1,
23702,107,107,0,1,
23703,120,120,0,1,
23704,114,114,0,1,
23705,112,112,0,1,
23706,120,120,0,1,
23707,120,120,0,1,
23708,120,120,0,1,
23709,114,114,0,1,
23710,118,118,0,1,
23711,119,119,0,1,
23712,124,124,0,1,
23713,112,112,0,1,
23714,122,122,0,1,
23715,111,111,0,1,
23716,114,114,0,1,
23717,110,110,0,1,
23718,114,114,0,1,
23719,118,118,0,1,
23720,115,115,0,1,
23721,112,112,0,1,
23722,115,115,0,1,
23723,112,112,0,1,
23724,105,105,0,1,
23725,111,111,0,1,
23726,125,125,0,1,
23727,117,117,0,1,
23728,111,111,0,1,
23729,117,117,0,1,
23730,107,107,0,1,
23731,114,114,0,1,
23732,106,106,0,1,
23733,109,109,0,1,
23734,110,110,0,1,
23735,118,118,0,1,
23736,122,122,0,1,
23737,102,102,0,1,
23738,120,120,0,1,
23739,128,128,0,1,
23740,122,122,0,1,
23741,107,107,0,1,
23742,126,126,0,1,
23743,107,107,0,1,
23744,129,129,0,1,
23745,111,111,0,1,
23746,113,113,0,1,
23747,113,113,0,1,
23748,115,115,0,1,
23749,118,118,0,1,
23750,113,113,0,1,
23751,115,115,0,1,
23752,110,110,0,1,
23753,121,121,0,1,
23754,123,123,0,1,
23755,113,113,0,1,
23756,113,113,0,1,
23757,115,115,0,1,
23758,110,110,0,1,
23759,121,121,0,1,
23760,108,108,0,1,
23761,115,115,0,1,
23762,120,120,0,1,
23763,109,109,0,1,
23764,120,120,0,1,
23765,123,123,0,1,
23766,122,122,0,1,
23767,108,108,0,1,
23768,118,118,0,1,
23769,125,125,0,1,
23770,120,120,0,1,
23771,118,118,0,1,
23772,115,115,0,1,
23773,114,114,0,1,
23774,116,116,0,1,
23775,109,109,0,1,
23776,119,119,0,1,
23777,117,117,0,1,
23778,122,122,0,1,
23779,112,112,0,1,
23780,113,113,0,1,
23781,118,118,0,1,
23782,104,104,0,1,
23783,119,119,0,1,
23784,111,111,0,1,
23785,112,112,0,1,
23786,115,115,0,1,
23787,108,108,0,1,
23788,117,117,0,1,
23789,121,121,0,1,
23790,120,120,0,1,
23791,121,121,0,1,
23792,110,110,0,1,
23793,112,112,0,1,
23794,123,123,0,1,
23795,121,121,0,1,
23796,124,124,0,1,
23797,117,117,0,1,
23798,111,111,0,1,
23799,123,123,0,1,
23800,115,115,0,1,
23801,130,130,0,1,
23802,109,109,0,1,
23803,114,114,0,1,
23804,114,114,0,1,
23805,114,114,0,1,
23806,115,115,0,1,
23807,111,111,0,1,
23808,117,117,0,1,
23809,125,125,0,1,
23810,116,116,0,1,
23811,115,115,0,1,
23812,119,119,0,1,
23813,116,116,0,1,
23814,110,110,0,1,
23815,110,110,0,1,
23816,105,105,0,1,
23817,116,116,0,1,
23818,114,114,0,1,
23819,117,117,0,1,
23820,116,116,0,1,
23821,119,119,0,1,
23822,126,126,0,1,
23823,125,125,0,1,
23824,110,110,0,1,
23825,109,109,0,1,
23826,113,113,0,1,
23827,116,116,0,1,
23828,113,113,0,1,
23829,118,118,0,1,
23830,115,115,0,1,
23831,113,113,0,1,
23832,128,128,0,1,
23833,107,107,0,1,
23834,115,115,0,1,
23835,113,113,0,1,
23836,119,119,0,1,
23837,113,113,0,1,
23838,113,113,0,1,
23839,117,117,0,1,
23840,120,120,0,1,
23841,108,108,0,1,
23842,113,113,0,1,
23843,120,120,0,1,
23844,123,123,0,1,
23845,110,110,0,1,
23846,117,117,0,1,
23847,126,126,0,1,
23848,121,121,0,1,
23849,116,116,0,1,
23850,121,121,0,1,
23851,108,108,0,1,
23852,110,110,0,1,
23853,113,113,0,1,
23854,114,114,0,1,
23855,113,113,0,1,
23856,113,113,0,1,
23857,117,117,0,1,
23858,111,111,0,1,
23859,125,125,0,1,
23860,115,115,0,1,
23861,114,114,0,1,
23862,106,106,0,1,
23863,114,114,0,1,
23864,113,113,0,1,
23865,120,120,0,1,
23866,113,113,0,1,
23867,107,107,0,1,
23868,107,107,0,1,
23869,132,132,0,1,
23870,106,106,0,1,
23871,107,107,0,1,
23872,122,122,0,1,
23873,108,108,0,1,
23874,112,112,0,1,
23875,108,108,0,1,
23876,115,115,0,1,
23877,121,121,0,1,
23878,113,113,0,1,
23879,117,117,0,1,
23880,112,112,0,1,
23881,112,112,0,1,
23882,114,114,0,1,
23883,116,116,0,1,
23884,123,123,0,1,
23885,112,112,0,1,
23886,109,109,0,1,
23887,107,107,0,1,
23888,123,123,0,1,
23889,122,122,0,1,
23890,117,117,0,1,
23891,110,110,0,1,
23892,119,119,0,1,
23893,107,107,0,1,
23894,109,109,0,1,
23895,118,118,0,1,
23896,108,108,0,1,
23897,124,124,0,1,
23898,111,111,0,1,
23899,122,122,0,1,
23900,109,109,0,1,
23901,119,119,0,1,
23902,115,115,0,1,
23903,135,135,0,1,
23904,113,113,0,1,
23905,112,112,0,1,
23906,112,112,0,1,
23907,118,118,0,1,
23908,107,107,0,1,
23909,114,114,0,1,
23910,118,118,0,1,
23911,110,110,0,1,
23912,117,117,0,1,
23913,111,111,0,1,
23914,116,116,0,1,
23915,116,116,0,1,
23916,119,119,0,1,
23917,115,115,0,1,
23918,109,109,0,1,
23919,126,126,0,1,
23920,115,115,0,1,
23921,111,111,0,1,
23922,120,120,0,1,
23923,116,116,0,1,
23924,107,107,0,1,
23925,109,109,0,1,
23926,133,133,0,1,
23927,127,127,0,1,
23928,103,103,0,1,
23929,116,116,0,1,
23930,110,110,0,1,
23931,108,108,0,1,
23932,114,114,0,1,
23933,109,109,0,1,
23934,121,121,0,1,
23935,109,109,0,1,
23936,112,112,0,1,
23937,107,107,0,1,
23938,117,117,0,1,
23939,117,117,0,1,
23940,120,120,0,1,
23941,110,110,0,1,
23942,110,110,0,1,
23943,107,107,0,1,
23944,108,108,0,1,
23945,123,123,0,1,
23946,124,124,0,1,
23947,111,111,0,1,
23948,112,112,0,1,
23949,123,123,0,1,
23950,110,110,0,1,
23951,116,116,0,1,
23952,121,121,0,1,
23953,103,103,0,1,
23954,113,113,0,1,
23955,125,125,0,1,
23956,115,115,0,1,
23957,117,117,0,1,
23958,118,118,0,1,
23959,126,126,0,1,
23960,114,114,0,1,
23961,121,121,0,1,
23962,120,120,0,1,
23963,112,112,0,1,
23964,106,106,0,1,
23965,103,103,0,1,
23966,124,124,0,1,
23967,111,111,0,1,
23968,113,113,0,1,
23969,111,111,0,1,
23970,113,113,0,1,
23971,120,120,0,1,
23972,121,121,0,1,
23973,118,118,0,1,
23974,112,112,0,1,
23975,110,110,0,1,
23976,108,108,0,1,
23977,109,109,0,1,
23978,119,119,0,1,
23979,125,125,0,1,
23980,112,112,0,1,
23981,116,116,0,1,
23982,119,119,0,1,
23983,115,115,0,1,
23984,111,111,0,1,
23985,118,118,0,1,
23986,113,113,0,1,
23987,108,108,0,1,
23988,112,112,0,1,
23989,109,109,0,1,
23990,107,107,0,1,
23991,116,116,0,1,
23992,120,120,0,1,
23993,111,111,0,1,
23994,111,111,0,1,
23995,118,118,0,1,
23996,118,118,0,1,
23997,123,123,0,1,
23998,122,122,0,1,
23999,120,120,0,1,
24000,119,119,0,1,
24001,111,111,0,1,
24002,124,124,0,1,
24003,106,106,0,1,
24004,115,115,0,1,
24005,118,118,0,1,
24006,109,109,0,1,
24007,112,112,0,1,
24008,116,116,0,1,
24009,117,117,0,1,
24010,109,109,0,1,
24011,128,128,0,1,
24012,116,116,0,1,
24013,116,116,0,1,
24014,124,124,0,1,
24015,127,127,0,1,
24016,127,127,0,1,
24017,114,114,0,1,
24018,110,110,0,1,
24019,116,116,0,1,
24020,108,108,0,1,
24021,116,116,0,1,
24022,127,127,0,1,
24023,105,105,0,1,
24024,120,120,0,1,
24025,113,113,0,1,
24026,116,116,0,1,
24027,118,118,0,1,
24028,115,115,0,1,
24029,114,114,0,1,
24030,106,106,0,1,
24031,123,123,0,1,
24032,111,111,0,1,
24033,121,121,0,1,
24034,111,111,0,1,
24035,113,113,0,1,
24036,113,113,0,1,
24037,115,115,0,1,
24038,112,112,0,1,
24039,108,108,0,1,
24040,113,113,0,1,
24041,116,116,0,1,
24042,106,106,0,1,
24043,113,113,0,1,
24044,117,117,0,1,
24045,117,117,0,1,
24046,108,108,0,1,
24047,107,107,0,1,
24048,116,116,0,1,
24049,110,110,0,1,
24050,122,122,0,1,
24051,119,119,0,1,
24052,121,121,0,1,
24053,116,116,0,1,
24054,113,113,0,1,
24055,117,117,0,1,
24056,113,113,0,1,
24057,107,107,0,1,
24058,127,127,0,1,
24059,113,113,0,1,
24060,109,109,0,1,
24061,120,120,0,1,
24062,110,110,0,1,
24063,110,110,0,1,
24064,112,112,0,1,
24065,117,117,0,1,
24066,109,109,0,1,
24067,113,113,0,1,
24068,117,117,0,1,
24069,111,111,0,1,
24070,111,111,0,1,
24071,109,109,0,1,
24072,109,109,0,1,
24073,120,120,0,1,
24074,111,111,0,1,
24075,128,128,0,1,
24076,107,107,0,1,
24077,119,119,0,1,
24078,110,110,0,1,
24079,118,118,0,1,
24080,126,126,0,1,
24081,120,120,0,1,
24082,123,123,0,1,
24083,106,106,0,1,
24084,113,113,0,1,
24085,124,124,0,1,
24086,119,119,0,1,
24087,124,124,0,1,
24088,108,108,0,1,
24089,125,125,0,1,
24090,123,123,0,1,
24091,123,123,0,1,
24092,131,131,0,1,
24093,118,118,0,1,
24094,108,108,0,1,
24095,119,119,0,1,
24096,120,120,0,1,
24097,125,125,0,1,
24098,110,110,0,1,
24099,107,107,0,1,
24100,121,121,0,1,
24101,116,116,0,1,
24102,107,107,0,1,
24103,121,121,0,1,
24104,119,119,0,1,
24105,119,119,0,1,
24106,115,115,0,1,
24107,113,113,0,1,
24108,111,111,0,1,
24109,111,111,0,1,
24110,106,106,0,1,
24111,119,119,0,1,
24112,113,113,0,1,
24113,117,117,0,1,
24114,109,109,0,1,
24115,114,114,0,1,
24116,110,110,0,1,
24117,101,101,0,1,
24118,127,127,0,1,
24119,126,126,0,1,
24120,115,115,0,1,
24121,119,119,0,1,
24122,120,120,0,1,
24123,120,120,0,1,
24124,116,116,0,1,
24125,114,114,0,1,
24126,118,118,0,1,
24127,121,121,0,1,
24128,120,120,0,1,
24129,104,104,0,1,
24130,117,117,0,1,
24131,114,114,0,1,
24132,120,120,0,1,
24133,110,110,0,1,
24134,110,110,0,1,
24135,124,124,0,1,
24136,118,118,0,1,
24137,113,113,0,1,
24138,112,112,0,1,
24139,110,110,0,1,
24140,108,108,0,1,
24141,128,128,0,1,
24142,120,120,0,1,
24143,115,115,0,1,
24144,125,125,0,1,
24145,119,119,0,1,
24146,125,125,0,1,
24147,119,119,0,1,
24148,111,111,0,1,
24149,113,113,0,1,
24150,116,116,0,1,
24151,112,112,0,1,
24152,117,117,0,1,
24153,118,118,0,1,
24154,123,123,0,1,
24155,118,118,0,1,
24156,115,115,0,1,
24157,110,110,0,1,
24158,126,126,0,1,
24159,121,121,0,1,
24160,117,117,0,1,
24161,111,111,0,1,
24162,111,111,0,1,
24163,115,115,0,1,
24164,108,108,0,1,
24165,112,112,0,1,
24166,111,111,0,1,
24167,122,122,0,1,
24168,125,125,0,1,
24169,121,121,0,1,
24170,113,113,0,1,
24171,114,114,0,1,
24172,124,124,0,1,
24173,112,112,0,1,
24174,111,111,0,1,
24175,103,103,0,1,
24176,123,123,0,1,
24177,125,125,0,1,
24178,120,120,0,1,
24179,108,108,0,1,
24180,116,116,0,1,
24181,111,111,0,1,
24182,121,121,0,1,
24183,116,116,0,1,
24184,104,104,0,1,
24185,127,127,0,1,
24186,117,117,0,1,
24187,114,114,0,1,
24188,121,121,0,1,
24189,107,107,0,1,
24190,126,126,0,1,
24191,120,120,0,1,
24192,107,107,0,1,
24193,114,114,0,1,
24194,114,114,0,1,
24195,121,121,0,1,
24196,105,105,0,1,
24197,117,117,0,1,
24198,107,107,0,1,
24199,115,115,0,1,
24200,116,116,0,1,
24201,113,113,0,1,
24202,113,113,0,1,
24203,124,124,0,1,
24204,110,110,0,1,
24205,115,115,0,1,
24206,116,116,0,1,
24207,111,111,0,1,
24208,108,108,0,1,
24209,118,118,0,1,
24210,124,124,0,1,
24211,116,116,0,1,
24212,109,109,0,1,
24213,120,120,0,1,
24214,108,108,0,1,
24215,108,108,0,1,
24216,114,114,0,1,
24217,120,120,0,1,
24218,122,122,0,1,
24219,107,107,0,1,
24220,114,114,0,1,
24221,112,112,0,1,
24222,114,114,0,1,
24223,120,120,0,1,
24224,116,116,0,1,
24225,109,109,0,1,
24226,113,113,0,1,
24227,121,121,0,1,
24228,119,119,0,1,
24229,106,106,0,1,
24230,117,117,0,1,
24231,119,119,0,1,
24232,120,120,0,1,
24233,124,124,0,1,
24234,112,112,0,1,
24235,126,126,0,1,
24236,122,122,0,1,
24237,120,120,0,1,
24238,117,117,0,1,
24239,122,122,0,1,
24240,108,108,0,1,
24241,112,112,0,1,
24242,114,114,0,1,
24243,120,120,0,1,
24244,119,119,0,1,
24245,115,115,0,1,
24246,109,109,0,1,
24247,116,116,0,1,
24248,105,105,0,1,
24249,107,107,0,1,
24250,108,108,0,1,
24251,114,114,0,1,
24252,119,119,0,1,
24253,112,112,0,1,
24254,108,108,0,1,
24255,111,111,0,1,
24256,110,110,0,1,
24257,115,115,0,1,
24258,115,115,0,1,
24259,127,127,0,1,
24260,128,128,0,1,
24261,106,106,0,1,
24262,108,108,0,1,
24263,112,112,0,1,
24264,117,117,0,1,
24265,121,121,0,1,
24266,112,112,0,1,
24267,116,116,0,1,
24268,115,115,0,1,
24269,116,116,0,1,
24270,111,111,0,1,
24271,126,126,0,1,
24272,111,111,0,1,
24273,110,110,0,1,
24274,115,115,0,1,
24275,118,118,0,1,
24276,109,109,0,1,
24277,119,119,0,1,
24278,111,111,0,1,
24279,117,117,0,1,
24280,123,123,0,1,
24281,111,111,0,1,
24282,122,122,0,1,
24283,112,112,0,1,
24284,114,114,0,1,
24285,118,118,0,1,
24286,122,122,0,1,
24287,113,113,0,1,
24288,108,108,0,1,
24289,128,128,0,1,
24290,123,123,0,1,
24291,113,113,0,1,
24292,116,116,0,1,
24293,114,114,0,1,
24294,109,109,0,1,
24295,119,119,0,1,
24296,113,113,0,1,
24297,124,124,0,1,
24298,108,108,0,1,
24299,107,107,0,1,
24300,111,111,0,1,
24301,114,114,0,1,
24302,113,113,0,1,
24303,131,131,0,1,
24304,115,115,0,1,
24305,109,109,0,1,
24306,123,123,0,1,
24307,125,125,0,1,
24308,124,124,0,1,
24309,108,108,0,1,
24310,119,119,0,1,
24311,119,119,0,1,
24312,116,116,0,1,
24313,110,110,0,1,
24314,110,110,0,1,
24315,109,109,0,1,
24316,117,117,0,1,
24317,114,114,0,1,
24318,111,111,0,1,
24319,109,109,0,1,
24320,113,113,0,1,
24321,109,109,0,1,
24322,109,109,0,1,
24323,117,117,0,1,
24324,117,117,0,1,
24325,118,118,0,1,
24326,128,128,0,1,
24327,108,108,0,1,
24328,111,111,0,1,
24329,114,114,0,1,
24330,108,108,0,1,
24331,111,111,0,1,
24332,111,111,0,1,
24333,112,112,0,1,
24334,121,121,0,1,
24335,116,116,0,1,
24336,109,109,0,1,
24337,118,118,0,1,
24338,108,108,0,1,
24339,114,114,0,1,
24340,121,121,0,1,
24341,114,114,0,1,
24342,121,121,0,1,
24343,110,110,0,1,
24344,115,115,0,1,
24345,112,112,0,1,
24346,105,105,0,1,
24347,123,123,0,1,
24348,119,119,0,1,
24349,113,113,0,1,
24350,118,118,0,1,
24351,118,118,0,1,
24352,116,116,0,1,
24353,110,110,0,1,
24354,108,108,0,1,
24355,109,109,0,1,
24356,110,110,0,1,
24357,122,122,0,1,
24358,113,113,0,1,
24359,115,115,0,1,
24360,106,106,0,1,
24361,102,102,0,1,
24362,118,118,0,1,
24363,126,126,0,1,
24364,116,116,0,1,
24365,109,109,0,1,
24366,128,128,0,1,
24367,115,115,0,1,
24368,113,113,0,1,
24369,108,108,0,1,
24370,108,108,0,1,
24371,121,121,0,1,
24372,112,112,0,1,
24373,106,106,0,1,
24374,115,115,0,1,
24375,126,126,0,1,
24376,121,121,0,1,
24377,107,107,0,1,
24378,106,106,0,1,
24379,111,111,0,1,
24380,120,120,0,1,
24381,118,118,0,1,
24382,116,116,0,1,
24383,114,114,0,1,
24384,113,113,0,1,
24385,116,116,0,1,
24386,113,113,0,1,
24387,127,127,0,1,
24388,111,111,0,1,
24389,117,117,0,1,
24390,121,121,0,1,
24391,112,112,0,1,
24392,110,110,0,1,
24393,111,111,0,1,
24394,109,109,0,1,
24395,121,121,0,1,
24396,111,111,0,1,
24397,113,113,0,1,
24398,115,115,0,1,
24399,124,124,0,1,
24400,126,126,0,1,
24401,125,125,0,1,
24402,117,117,0,1,
24403,111,111,0,1,
24404,106,106,0,1,
24405,118,118,0,1,
24406,106,106,0,1,
24407,117,117,0,1,
24408,113,113,0,1,
24409,108,108,0,1,
24410,107,107,0,1,
24411,107,107,0,1,
24412,106,106,0,1,
24413,107,107,0,1,
24414,117,117,0,1,
24415,100,100,0,1,
24416,115,115,0,1,
24417,119,119,0,1,
24418,107,107,0,1,
24419,110,110,0,1,
24420,120,120,0,1,
24421,122,122,0,1,
24422,109,109,0,1,
24423,113,113,0,1,
24424,114,114,0,1,
24425,115,115,0,1,
24426,118,118,0,1,
24427,124,124,0,1,
24428,104,104,0,1,
24429,125,125,0,1,
24430,119,119,0,1,
24431,121,121,0,1,
24432,121,121,0,1,
24433,114,114,0,1,
24434,124,124,0,1,
24435,107,107,0,1,
24436,122,122,0,1,
24437,111,111,0,1,
24438,105,105,0,1,
24439,117,117,0,1,
24440,119,119,0,1,
24441,120,120,0,1,
24442,106,106,0,1,
24443,121,121,0,1,
24444,114,114,0,1,
24445,124,124,0,1,
24446,120,120,0,1,
24447,116,116,0,1,
24448,102,102,0,1,
24449,121,121,0,1,
24450,125,125,0,1,
24451,120,120,0,1,
24452,113,113,0,1,
24453,114,114,0,1,
24454,105,105,0,1,
24455,118,118,0,1,
24456,108,108,0,1,
24457,112,112,0,1,
24458,120,120,0,1,
24459,114,114,0,1,
24460,106,106,0,1,
24461,122,122,0,1,
24462,123,123,0,1,
24463,116,116,0,1,
24464,111,111,0,1,
24465,128,128,0,1,
24466,111,111,0,1,
24467,113,113,0,1,
24468,120,120,0,1,
24469,110,110,0,1,
24470,101,101,0,1,
24471,122,122,0,1,
24472,109,109,0,1,
24473,109,109,0,1,
24474,115,115,0,1,
24475,125,125,0,1,
24476,126,126,0,1,
24477,110,110,0,1,
24478,116,116,0,1,
24479,115,115,0,1,
24480,109,109,0,1,
24481,109,109,0,1,
24482,111,111,0,1,
24483,111,111,0,1,
24484,122,122,0,1,
24485,124,124,0,1,
24486,106,106,0,1,
24487,102,102,0,1,
24488,130,130,0,1,
24489,111,111,0,1,
24490,116,116,0,1,
24491,122,122,0,1,
24492,111,111,0,1,
24493,113,113,0,1,
24494,110,110,0,1,
24495,114,114,0,1,
24496,104,104,0,1,
24497,108,108,0,1,
24498,118,118,0,1,
24499,108,108,0,1,
24500,113,113,0,1,
24501,124,124,0,1,
24502,113,113,0,1,
24503,114,114,0,1,
24504,112,112,0,1,
24505,118,118,0,1,
24506,114,114,0,1,
24507,110,110,0,1,
24508,113,113,0,1,
24509,110,110,0,1,
24510,111,111,0,1,
24511,108,108,0,1,
24512,123,123,0,1,
24513,117,117,0,1,
24514,113,113,0,1,
24515,114,114,0,1,
24516,125,125,0,1,
24517,127,127,0,1,
24518,108,108,0,1,
24519,114,114,0,1,
24520,113,113,0,1,
24521,110,110,0,1,
24522,126,126,0,1,
24523,114,114,0,1,
24524,114,114,0,1,
24525,113,113,0,1,
24526,115,115,0,1,
24527,108,108,0,1,
24528,113,113,0,1,
24529,114,114,0,1,
24530,115,115,0,1,
24531,117,117,0,1,
24532,110,110,0,1,
24533,120,120,0,1,
24534,108,108,0,1,
24535,111,111,0,1,
24536,108,108,0,1,
24537,109,109,0,1,
24538,117,117,0,1,
24539,128,128,0,1,
24540,117,117,0,1,
24541,123,123,0,1,
24542,122,122,0,1,
24543,124,124,0,1,
24544,110,110,0,1,
24545,110,110,0,1,
24546,114,114,0,1,
24547,119,119,0,1,
24548,116,116,0,1,
24549,118,118,0,1,
24550,122,122,0,1,
24551,120,120,0,1,
24552,128,128,0,1,
24553,109,109,0,1,
24554,117,117,0,1,
24555,123,123,0,1,
24556,115,115,0,1,
24557,115,115,0,1,
24558,107,107,0,1,
24559,114,114,0,1,
24560,107,107,0,1,
24561,117,117,0,1,
24562,102,102,0,1,
24563,115,115,0,1,
24564,113,113,0,1,
24565,121,121,0,1,
24566,127,127,0,1,
24567,115,115,0,1,
24568,112,112,0,1,
24569,117,117,0,1,
24570,120,120,0,1,
24571,117,117,0,1,
24572,116,116,0,1,
24573,115,115,0,1,
24574,104,104,0,1,
24575,123,123,0,1,
24576,108,108,0,1,
24577,118,118,0,1,
24578,115,115,0,1,
24579,123,123,0,1,
24580,116,116,0,1,
24581,114,114,0,1,
24582,120,120,0,1,
24583,119,119,0,1,
24584,109,109,0,1,
24585,122,122,0,1,
24586,109,109,0,1,
24587,106,106,0,1,
24588,116,116,0,1,
24589,108,108,0,1,
24590,120,120,0,1,
24591,112,112,0,1,
24592,114,114,0,1,
24593,114,114,0,1,
24594,109,109,0,1,
24595,114,114,0,1,
24596,115,115,0,1,
24597,118,118,0,1,
24598,126,126,0,1,
24599,116,116,0,1,
24600,114,114,0,1,
24601,113,113,0,1,
24602,130,130,0,1,
24603,123,123,0,1,
24604,116,116,0,1,
24605,114,114,0,1,
24606,111,111,0,1,
24607,104,104,0,1,
24608,111,111,0,1,
24609,121,121,0,1,
24610,122,122,0,1,
24611,117,117,0,1,
24612,113,113,0,1,
24613,109,109,0,1,
24614,108,108,0,1,
24615,109,109,0,1,
24616,114,114,0,1,
24617,122,122,0,1,
24618,105,105,0,1,
24619,112,112,0,1,
24620,109,109,0,1,
24621,119,119,0,1,
24622,114,114,0,1,
24623,116,116,0,1,
24624,113,113,0,1,
24625,125,125,0,1,
24626,111,111,0,1,
24627,119,119,0,1,
24628,111,111,0,1,
24629,113,113,0,1,
24630,120,120,0,1,
24631,119,119,0,1,
24632,117,117,0,1,
24633,122,122,0,1,
24634,114,114,0,1,
24635,114,114,0,1,
24636,115,115,0,1,
24637,124,124,0,1,
24638,123,123,0,1,
24639,117,117,0,1,
24640,112,112,0,1,
24641,108,108,0,1,
24642,118,118,0,1,
24643,122,122,0,1,
24644,116,116,0,1,
24645,109,109,0,1,
24646,116,116,0,1,
24647,116,116,0,1,
24648,111,111,0,1,
24649,122,122,0,1,
24650,121,121,0,1,
24651,113,113,0,1,
24652,102,102,0,1,
24653,102,102,0,1,
24654,114,114,0,1,
24655,119,119,0,1,
24656,107,107,0,1,
24657,120,120,0,1,
24658,107,107,0,1,
24659,121,121,0,1,
24660,117,117,0,1,
24661,110,110,0,1,
24662,114,114,0,1,
24663,113,113,0,1,
24664,110,110,0,1,
24665,108,108,0,1,
24666,117,117,0,1,
24667,115,115,0,1,
24668,112,112,0,1,
24669,127,127,0,1,
24670,109,109,0,1,
24671,115,115,0,1,
24672,113,113,0,1,
24673,117,117,0,1,
24674,120,120,0,1,
24675,108,108,0,1,
24676,123,123,0,1,
24677,118,118,0,1,
24678,121,121,0,1,
24679,108,108,0,1,
24680,115,115,0,1,
24681,114,114,0,1,
24682,116,116,0,1,
24683,119,119,0,1,
24684,123,123,0,1,
24685,122,122,0,1,
24686,123,123,0,1,
24687,120,120,0,1,
24688,119,119,0,1,
24689,109,109,0,1,
24690,112,112,0,1,
24691,102,102,0,1,
24692,111,111,0,1,
24693,116,116,0,1,
24694,115,115,0,1,
24695,108,108,0,1,
24696,111,111,0,1,
24697,102,102,0,1,
24698,126,126,0,1,
24699,117,117,0,1,
24700,110,110,0,1,
24701,112,112,0,1,
24702,110,110,0,1,
24703,111,111,0,1,
24704,123,123,0,1,
24705,109,109,0,1,
24706,112,112,0,1,
24707,107,107,0,1,
24708,106,106,0,1,
24709,110,110,0,1,
24710,122,122,0,1,
24711,118,118,0,1,
24712,111,111,0,1,
24713,124,124,0,1,
24714,120,120,0,1,
24715,124,124,0,1,
24716,117,117,0,1,
24717,112,112,0,1,
24718,118,118,0,1,
24719,110,110,0,1,
24720,114,114,0,1,
24721,113,113,0,1,
24722,116,116,0,1,
24723,114,114,0,1,
24724,118,118,0,1,
24725,118,118,0,1,
24726,125,125,0,1,
24727,115,115,0,1,
24728,116,116,0,1,
24729,121,121,0,1,
24730,116,116,0,1,
24731,112,112,0,1,
24732,116,116,0,1,
24733,111,111,0,1,
24734,113,113,0,1,
24735,125,125,0,1,
24736,122,122,0,1,
24737,120,120,0,1,
24738,114,114,0,1,
24739,123,123,0,1,
24740,117,117,0,1,
24741,108,108,0,1,
24742,124,124,0,1,
24743,124,124,0,1,
24744,121,121,0,1,
24745,115,115,0,1,
24746,105,105,0,1,
24747,114,114,0,1,
24748,131,131,0,1,
24749,104,104,0,1,
24750,119,119,0,1,
24751,124,124,0,1,
24752,116,116,0,1,
24753,119,119,0,1,
24754,117,117,0,1,
24755,117,117,0,1,
24756,112,112,0,1,
24757,116,116,0,1,
24758,118,118,0,1,
24759,113,113,0,1,
24760,111,111,0,1,
24761,114,114,0,1,
24762,116,116,0,1,
24763,109,109,0,1,
24764,116,116,0,1,
24765,110,110,0,1,
24766,112,112,0,1,
24767,110,110,0,1,
24768,123,123,0,1,
24769,122,122,0,1,
24770,106,106,0,1,
24771,122,122,0,1,
24772,116,116,0,1,
24773,121,121,0,1,
24774,109,109,0,1,
24775,130,130,0,1,
24776,120,120,0,1,
24777,112,112,0,1,
24778,120,120,0,1,
24779,126,126,0,1,
24780,110,110,0,1,
24781,122,122,0,1,
24782,116,116,0,1,
24783,118,118,0,1,
24784,111,111,0,1,
24785,110,110,0,1,
24786,119,119,0,1,
24787,111,111,0,1,
24788,131,131,0,1,
24789,124,124,0,1,
24790,118,118,0,1,
24791,117,117,0,1,
24792,116,116,0,1,
24793,122,122,0,1,
24794,111,111,0,1,
24795,109,109,0,1,
24796,121,121,0,1,
24797,112,112,0,1,
24798,106,106,0,1,
24799,114,114,0,1,
24800,115,115,0,1,
24801,115,115,0,1,
24802,113,113,0,1,
24803,117,117,0,1,
24804,120,120,0,1,
24805,124,124,0,1,
24806,123,123,0,1,
24807,130,130,0,1,
24808,106,106,0,1,
24809,111,111,0,1,
24810,110,110,0,1,
24811,108,108,0,1,
24812,112,112,0,1,
24813,132,132,0,1,
24814,113,113,0,1,
24815,115,115,0,1,
24816,120,120,0,1,
24817,114,114,0,1,
24818,124,124,0,1,
24819,126,126,0,1,
24820,112,112,0,1,
24821,107,107,0,1,
24822,113,113,0,1,
24823,112,112,0,1,
24824,119,119,0,1,
24825,110,110,0,1,
24826,103,103,0,1,
24827,118,118,0,1,
24828,112,112,0,1,
24829,116,116,0,1,
24830,110,110,0,1,
24831,118,118,0,1,
24832,111,111,0,1,
24833,109,109,0,1,
24834,110,110,0,1,
24835,124,124,0,1,
24836,112,112,0,1,
24837,116,116,0,1,
24838,118,118,0,1,
24839,122,122,0,1,
24840,114,114,0,1,
24841,112,112,0,1,
24842,114,114,0,1,
24843,115,115,0,1,
24844,119,119,0,1,
24845,108,108,0,1,
24846,113,113,0,1,
24847,122,122,0,1,
24848,103,103,0,1,
24849,111,111,0,1,
24850,123,123,0,1,
24851,113,113,0,1,
24852,111,111,0,1,
24853,130,130,0,1,
24854,118,118,0,1,
24855,110,110,0,1,
24856,119,119,0,1,
24857,108,108,0,1,
24858,109,109,0,1,
24859,122,122,0,1,
24860,118,118,0,1,
24861,120,120,0,1,
24862,104,104,0,1,
24863,111,111,0,1,
24864,109,109,0,1,
24865,121,121,0,1,
24866,123,123,0,1,
24867,118,118,0,1,
24868,123,123,0,1,
24869,122,122,0,1,
24870,113,113,0,1,
24871,121,121,0,1,
24872,110,110,0,1,
24873,107,107,0,1,
24874,113,113,0,1,
24875,128,128,0,1,
24876,118,118,0,1,
24877,107,107,0,1,
24878,118,118,0,1,
24879,112,112,0,1,
24880,107,107,0,1,
24881,109,109,0,1,
24882,112,112,0,1,
24883,120,120,0,1,
24884,112,112,0,1,
24885,119,119,0,1,
24886,115,115,0,1,
24887,116,116,0,1,
24888,121,121,0,1,
24889,109,109,0,1,
24890,116,116,0,1,
24891,120,120,0,1,
24892,116,116,0,1,
24893,122,122,0,1,
24894,111,111,0,1,
24895,113,113,0,1,
24896,131,131,0,1,
24897,112,112,0,1,
24898,111,111,0,1,
24899,111,111,0,1,
24900,108,108,0,1,
24901,110,110,0,1,
24902,105,105,0,1,
24903,113,113,0,1,
24904,121,121,0,1,
24905,122,122,0,1,
24906,112,112,0,1,
24907,124,124,0,1,
24908,105,105,0,1,
24909,106,106,0,1,
24910,115,115,0,1,
24911,111,111,0,1,
24912,108,108,0,1,
24913,131,131,0,1,
24914,122,122,0,1,
24915,105,105,0,1,
24916,126,126,0,1,
24917,121,121,0,1,
24918,116,116,0,1,
24919,107,107,0,1,
24920,107,107,0,1,
24921,112,112,0,1,
24922,120,120,0,1,
24923,115,115,0,1,
24924,111,111,0,1,
24925,120,120,0,1,
24926,118,118,0,1,
24927,110,110,0,1,
24928,126,126,0,1,
24929,111,111,0,1,
24930,112,112,0,1,
24931,104,104,0,1,
24932,111,111,0,1,
24933,112,112,0,1,
24934,110,110,0,1,
24935,126,126,0,1,
24936,114,114,0,1,
24937,115,115,0,1,
24938,115,115,0,1,
24939,119,119,0,1,
24940,118,118,0,1,
24941,120,120,0,1,
24942,113,113,0,1,
24943,109,109,0,1,
24944,113,113,0,1,
24945,109,109,0,1,
24946,128,128,0,1,
24947,115,115,0,1,
24948,108,108,0,1,
24949,116,116,0,1,
24950,117,117,0,1,
24951,115,115,0,1,
24952,117,117,0,1,
24953,111,111,0,1,
24954,119,119,0,1,
24955,109,109,0,1,
24956,126,126,0,1,
24957,113,113,0,1,
24958,119,119,0,1,
24959,110,110,0,1,
24960,116,116,0,1,
24961,114,114,0,1,
24962,108,108,0,1,
24963,114,114,0,1,
24964,116,116,0,1,
24965,114,114,0,1,
24966,119,119,0,1,
24967,113,113,0,1,
24968,111,111,0,1,
24969,119,119,0,1,
24970,109,109,0,1,
24971,109,109,0,1,
24972,106,106,0,1,
24973,115,115,0,1,
24974,123,123,0,1,
24975,112,112,0,1,
24976,114,114,0,1,
24977,118,118,0,1,
24978,119,119,0,1,
24979,117,117,0,1,
24980,107,107,0,1,
24981,110,110,0,1,
24982,119,119,0,1,
24983,108,108,0,1,
24984,114,114,0,1,
24985,118,118,0,1,
24986,112,112,0,1,
24987,111,111,0,1,
24988,125,125,0,1,
24989,107,107,0,1,
24990,123,123,0,1,
24991,130,130,0,1,
24992,115,115,0,1,
24993,111,111,0,1,
24994,122,122,0,1,
24995,113,113,0,1,
24996,109,109,0,1,
24997,111,111,0,1,
24998,105,105,0,1,
24999,121,121,0,1,
25000,110,110,0,1,
25001,124,124,0,1,
25002,114,114,0,1,
25003,114,114,0,1,
25004,114,114,0,1,
25005,113,113,0,1,
25006,108,108,0,1,
25007,111,111,0,1,
25008,118,118,0,1,
25009,121,121,0,1,
25010,111,111,0,1,
25011,110,110,0,1,
25012,113,113,0,1,
25013,114,114,0,1,
25014,120,120,0,1,
25015,103,103,0,1,
25016,115,115,0,1,
25017,116,116,0,1,
25018,122,122,0,1,
25019,124,124,0,1,
25020,112,112,0,1,
25021,133,133,0,1,
25022,130,130,0,1,
25023,109,109,0,1,
25024,124,124,0,1,
25025,112,112,0,1,
25026,114,114,0,1,
25027,116,116,0,1,
25028,105,105,0,1,
25029,116,116,0,1,
25030,113,113,0,1,
25031,124,124,0,1,
25032,112,112,0,1,
25033,119,119,0,1,
25034,112,112,0,1,
25035,114,114,0,1,
25036,114,114,0,1,
25037,110,110,0,1,
25038,116,116,0,1,
25039,112,112,0,1,
25040,128,128,0,1,
25041,103,103,0,1,
25042,124,124,0,1,
25043,124,124,0,1,
25044,121,121,0,1,
25045,115,115,0,1,
25046,112,112,0,1,
25047,118,118,0,1,
25048,108,108,0,1,
25049,110,110,0,1,
25050,117,117,0,1,
25051,115,115,0,1,
25052,109,109,0,1,
25053,114,114,0,1,
25054,111,111,0,1,
25055,128,128,0,1,
25056,119,119,0,1,
25057,105,105,0,1,
25058,125,125,0,1,
25059,116,116,0,1,
25060,120,120,0,1,
25061,123,123,0,1,
25062,120,120,0,1,
25063,118,118,0,1,
25064,116,116,0,1,
25065,119,119,0,1,
25066,120,120,0,1,
25067,117,117,0,1,
25068,123,123,0,1,
25069,118,118,0,1,
25070,115,115,0,1,
25071,119,119,0,1,
25072,120,120,0,1,
25073,115,115,0,1,
25074,111,111,0,1,
25075,116,116,0,1,
25076,125,125,0,1,
25077,120,120,0,1,
25078,130,130,0,1,
25079,113,113,0,1,
25080,118,118,0,1,
25081,109,109,0,1,
25082,119,119,0,1,
25083,116,116,0,1,
25084,111,111,0,1,
25085,115,115,0,1,
25086,116,116,0,1,
25087,106,106,0,1,
25088,106,106,0,1,
25089,111,111,0,1,
25090,109,109,0,1,
25091,119,119,0,1,
25092,109,109,0,1,
25093,114,114,0,1,
25094,120,120,0,1,
25095,115,115,0,1,
25096,116,116,0,1,
25097,110,110,0,1,
25098,109,109,0,1,
25099,123,123,0,1,
25100,110,110,0,1,
25101,121,121,0,1,
25102,116,116,0,1,
25103,106,106,0,1,
25104,117,117,0,1,
25105,109,109,0,1,
25106,114,114,0,1,
25107,117,117,0,1,
25108,110,110,0,1,
25109,114,114,0,1,
25110,110,110,0,1,
25111,112,112,0,1,
25112,106,106,0,1,
25113,112,112,0,1,
25114,115,115,0,1,
25115,108,108,0,1,
25116,114,114,0,1,
25117,119,119,0,1,
25118,101,101,0,1,
25119,107,107,0,1,
25120,115,115,0,1,
25121,116,116,0,1,
25122,117,117,0,1,
25123,113,113,0,1,
25124,109,109,0,1,
25125,103,103,0,1,
25126,110,110,0,1,
25127,117,117,0,1,
25128,108,108,0,1,
25129,114,114,0,1,
25130,122,122,0,1,
25131,108,108,0,1,
25132,114,114,0,1,
25133,119,119,0,1,
25134,112,112,0,1,
25135,117,117,0,1,
25136,101,101,0,1,
25137,109,109,0,1,
25138,116,116,0,1,
25139,122,122,0,1,
25140,110,110,0,1,
25141,119,119,0,1,
25142,120,120,0,1,
25143,119,119,0,1,
25144,110,110,0,1,
25145,108,108,0,1,
25146,116,116,0,1,
25147,112,112,0,1,
25148,119,119,0,1,
25149,113,113,0,1,
25150,117,117,0,1,
25151,113,113,0,1,
25152,124,124,0,1,
25153,105,105,0,1,
25154,118,118,0,1,
25155,113,113,0,1,
25156,116,116,0,1,
25157,108,108,0,1,
25158,122,122,0,1,
25159,110,110,0,1,
25160,105,105,0,1,
25161,130,130,0,1,
25162,113,113,0,1,
25163,105,105,0,1,
25164,101,101,0,1,
25165,105,105,0,1,
25166,127,127,0,1,
25167,124,124,0,1,
25168,104,104,0,1,
25169,107,107,0,1,
25170,115,115,0,1,
25171,110,110,0,1,
25172,106,106,0,1,
25173,118,118,0,1,
25174,113,113,0,1,
25175,114,114,0,1,
25176,121,121,0,1,
25177,108,108,0,1,
25178,117,117,0,1,
25179,129,129,0,1,
25180,102,102,0,1,
25181,103,103,0,1,
25182,113,113,0,1,
25183,128,128,0,1,
25184,103,103,0,1,
25185,123,123,0,1,
25186,126,126,0,1,
25187,107,107,0,1,
25188,120,120,0,1,
25189,123,123,0,1,
25190,111,111,0,1,
25191,111,111,0,1,
25192,103,103,0,1,
25193,108,108,0,1,
25194,115,115,0,1,
25195,121,121,0,1,
25196,118,118,0,1,
25197,117,117,0,1,
25198,124,124,0,1,
25199,109,109,0,1,
25200,106,106,0,1,
25201,118,118,0,1,
25202,115,115,0,1,
25203,107,107,0,1,
25204,117,117,0,1,
25205,114,114,0,1,
25206,119,119,0,1,
25207,106,106,0,1,
25208,109,109,0,1,
25209,126,126,0,1,
25210,115,115,0,1,
25211,107,107,0,1,
25212,114,114,0,1,
25213,122,122,0,1,
25214,109,109,0,1,
25215,107,107,0,1,
25216,113,113,0,1,
25217,128,128,0,1,
25218,116,116,0,1,
25219,117,117,0,1,
25220,114,114,0,1,
25221,124,124,0,1,
25222,111,111,0,1,
25223,112,112,0,1,
25224,127,127,0,1,
25225,112,112,0,1,
25226,108,108,0,1,
25227,120,120,0,1,
25228,114,114,0,1,
25229,109,109,0,1,
25230,121,121,0,1,
25231,109,109,0,1,
25232,111,111,0,1,
25233,109,109,0,1,
25234,113,113,0,1,
25235,112,112,0,1,
25236,105,105,0,1,
25237,113,113,0,1,
25238,129,129,0,1,
25239,114,114,0,1,
25240,110,110,0,1,
25241,118,118,0,1,
25242,115,115,0,1,
25243,113,113,0,1,
25244,120,120,0,1,
25245,120,120,0,1,
25246,117,117,0,1,
25247,121,121,0,1,
25248,112,112,0,1,
25249,117,117,0,1,
25250,107,107,0,1,
25251,117,117,0,1,
25252,111,111,0,1,
25253,125,125,0,1,
25254,117,117,0,1,
25255,121,121,0,1,
25256,113,113,0,1,
25257,121,121,0,1,
25258,110,110,0,1,
25259,128,128,0,1,
25260,113,113,0,1,
25261,125,125,0,1,
25262,125,125,0,1,
25263,110,110,0,1,
25264,109,109,0,1,
25265,118,118,0,1,
25266,109,109,0,1,
25267,117,117,0,1,
25268,121,121,0,1,
25269,111,111,0,1,
25270,114,114,0,1,
25271,110,110,0,1,
25272,112,112,0,1,
25273,106,106,0,1,
25274,114,114,0,1,
25275,120,120,0,1,
25276,105,105,0,1,
25277,110,110,0,1,
25278,106,106,0,1,
25279,109,109,0,1,
25280,116,116,0,1,
25281,111,111,0,1,
25282,116,116,0,1,
25283,110,110,0,1,
25284,122,122,0,1,
25285,121,121,0,1,
25286,115,115,0,1,
25287,125,125,0,1,
25288,116,116,0,1,
25289,109,109,0,1,
25290,117,117,0,1,
25291,118,118,0,1,
25292,121,121,0,1,
25293,113,113,0,1,
25294,108,108,0,1,
25295,113,113,0,1,
25296,115,115,0,1,
25297,120,120,0,1,
25298,113,113,0,1,
25299,118,118,0,1,
25300,114,114,0,1,
25301,119,119,0,1,
25302,114,114,0,1,
25303,110,110,0,1,
25304,119,119,0,1,
25305,119,119,0,1,
25306,114,114,0,1,
25307,121,121,0,1,
25308,107,107,0,1,
25309,114,114,0,1,
25310,120,120,0,1,
25311,126,126,0,1,
25312,124,124,0,1,
25313,121,121,0,1,
25314,123,123,0,1,
25315,105,105,0,1,
25316,111,111,0,1,
25317,108,108,0,1,
25318,112,112,0,1,
25319,112,112,0,1,
25320,111,111,0,1,
25321,106,106,0,1,
25322,125,125,0,1,
25323,121,121,0,1,
25324,114,114,0,1,
25325,111,111,0,1,
25326,109,109,0,1,
25327,111,111,0,1,
25328,111,111,0,1,
25329,115,115,0,1,
25330,115,115,0,1,
25331,117,117,0,1,
25332,107,107,0,1,
25333,118,118,0,1,
25334,121,121,0,1,
25335,119,119,0,1,
25336,115,115,0,1,
25337,125,125,0,1,
25338,104,104,0,1,
25339,120,120,0,1,
25340,108,108,0,1,
25341,110,110,0,1,
25342,115,115,0,1,
25343,120,120,0,1,
25344,111,111,0,1,
25345,108,108,0,1,
25346,105,105,0,1,
25347,122,122,0,1,
25348,110,110,0,1,
25349,111,111,0,1,
25350,109,109,0,1,
25351,111,111,0,1,
25352,115,115,0,1,
25353,109,109,0,1,
25354,114,114,0,1,
25355,113,113,0,1,
25356,111,111,0,1,
25357,117,117,0,1,
25358,119,119,0,1,
25359,115,115,0,1,
25360,113,113,0,1,
25361,114,114,0,1,
25362,116,116,0,1,
25363,120,120,0,1,
25364,116,116,0,1,
25365,123,123,0,1,
25366,111,111,0,1,
25367,107,107,0,1,
25368,114,114,0,1,
25369,120,120,0,1,
25370,126,126,0,1,
25371,119,119,0,1,
25372,117,117,0,1,
25373,109,109,0,1,
25374,105,105,0,1,
25375,106,106,0,1,
25376,106,106,0,1,
25377,108,108,0,1,
25378,111,111,0,1,
25379,111,111,0,1,
25380,118,118,0,1,
25381,117,117,0,1,
25382,115,115,0,1,
25383,109,109,0,1,
25384,112,112,0,1,
25385,121,121,0,1,
25386,113,113,0,1,
25387,111,111,0,1,
25388,110,110,0,1,
25389,110,110,0,1,
25390,122,122,0,1,
25391,120,120,0,1,
25392,114,114,0,1,
25393,112,112,0,1,
25394,121,121,0,1,
25395,116,116,0,1,
25396,116,116,0,1,
25397,117,117,0,1,
25398,108,108,0,1,
25399,117,117,0,1,
25400,119,119,0,1,
25401,118,118,0,1,
25402,114,114,0,1,
25403,116,116,0,1,
25404,109,109,0,1,
25405,116,116,0,1,
25406,111,111,0,1,
25407,110,110,0,1,
25408,115,115,0,1,
25409,102,102,0,1,
25410,109,109,0,1,
25411,113,113,0,1,
25412,123,123,0,1,
25413,115,115,0,1,
25414,122,122,0,1,
25415,104,104,0,1,
25416,116,116,0,1,
25417,116,116,0,1,
25418,119,119,0,1,
25419,121,121,0,1,
25420,128,128,0,1,
25421,116,116,0,1,
25422,114,114,0,1,
25423,120,120,0,1,
25424,120,120,0,1,
25425,108,108,0,1,
25426,120,120,0,1,
25427,113,113,0,1,
25428,118,118,0,1,
25429,116,116,0,1,
25430,127,127,0,1,
25431,115,115,0,1,
25432,115,115,0,1,
25433,114,114,0,1,
25434,107,107,0,1,
25435,124,124,0,1,
25436,121,121,0,1,
25437,120,120,0,1,
25438,119,119,0,1,
25439,111,111,0,1,
25440,117,117,0,1,
25441,111,111,0,1,
25442,114,114,0,1,
25443,121,121,0,1,
25444,117,117,0,1,
25445,121,121,0,1,
25446,106,106,0,1,
25447,115,115,0,1,
25448,113,113,0,1,
25449,120,120,0,1,
25450,107,107,0,1,
25451,119,119,0,1,
25452,109,109,0,1,
25453,118,118,0,1,
25454,116,116,0,1,
25455,111,111,0,1,
25456,105,105,0,1,
25457,118,118,0,1,
25458,122,122,0,1,
25459,119,119,0,1,
25460,113,113,0,1,
25461,115,115,0,1,
25462,109,109,0,1,
25463,109,109,0,1,
25464,128,128,0,1,
25465,121,121,0,1,
25466,126,126,0,1,
25467,117,117,0,1,
25468,122,122,0,1,
25469,107,107,0,1,
25470,111,111,0,1,
25471,110,110,0,1,
25472,121,121,0,1,
25473,116,116,0,1,
25474,113,113,0,1,
25475,114,114,0,1,
25476,125,125,0,1,
25477,120,120,0,1,
25478,117,117,0,1,
25479,117,117,0,1,
25480,110,110,0,1,
25481,120,120,0,1,
25482,123,123,0,1,
25483,110,110,0,1,
25484,123,123,0,1,
25485,122,122,0,1,
25486,122,122,0,1,
25487,112,112,0,1,
25488,121,121,0,1,
25489,111,111,0,1,
25490,104,104,0,1,
25491,127,127,0,1,
25492,113,113,0,1,
25493,118,118,0,1,
25494,115,115,0,1,
25495,126,126,0,1,
25496,122,122,0,1,
25497,120,120,0,1,
25498,118,118,0,1,
25499,104,104,0,1,
25500,128,128,0,1,
25501,114,114,0,1,
25502,107,107,0,1,
25503,114,114,0,1,
25504,111,111,0,1,
25505,111,111,0,1,
25506,125,125,0,1,
25507,118,118,0,1,
25508,111,111,0,1,
25509,112,112,0,1,
25510,111,111,0,1,
25511,120,120,0,1,
25512,107,107,0,1,
25513,121,121,0,1,
25514,115,115,0,1,
25515,113,113,0,1,
25516,120,120,0,1,
25517,122,122,0,1,
25518,115,115,0,1,
25519,105,105,0,1,
25520,107,107,0,1,
25521,114,114,0,1,
25522,116,116,0,1,
25523,118,118,0,1,
25524,121,121,0,1,
25525,116,116,0,1,
25526,121,121,0,1,
25527,110,110,0,1,
25528,110,110,0,1,
25529,107,107,0,1,
25530,113,113,0,1,
25531,108,108,0,1,
25532,103,103,0,1,
25533,116,116,0,1,
25534,125,125,0,1,
25535,107,107,0,1,
25536,106,106,0,1,
25537,119,119,0,1,
25538,109,109,0,1,
25539,123,123,0,1,
25540,114,114,0,1,
25541,107,107,0,1,
25542,117,117,0,1,
25543,106,106,0,1,
25544,121,121,0,1,
25545,113,113,0,1,
25546,120,120,0,1,
25547,115,115,0,1,
25548,114,114,0,1,
25549,114,114,0,1,
25550,128,128,0,1,
25551,115,115,0,1,
25552,110,110,0,1,
25553,110,110,0,1,
25554,114,114,0,1,
25555,113,113,0,1,
25556,117,117,0,1,
25557,118,118,0,1,
25558,126,126,0,1,
25559,129,129,0,1,
25560,103,103,0,1,
25561,121,121,0,1,
25562,118,118,0,1,
25563,117,117,0,1,
25564,113,113,0,1,
25565,116,116,0,1,
25566,112,112,0,1,
25567,128,128,0,1,
25568,115,115,0,1,
25569,112,112,0,1,
25570,102,102,0,1,
25571,118,118,0,1,
25572,113,113,0,1,
25573,130,130,0,1,
25574,121,121,0,1,
25575,123,123,0,1,
25576,113,113,0,1,
25577,123,123,0,1,
25578,111,111,0,1,
25579,110,110,0,1,
25580,126,126,0,1,
25581,117,117,0,1,
25582,105,105,0,1,
25583,106,106,0,1,
25584,113,113,0,1,
25585,114,114,0,1,
25586,118,118,0,1,
25587,112,112,0,1,
25588,118,118,0,1,
25589,111,111,0,1,
25590,113,113,0,1,
25591,121,121,0,1,
25592,113,113,0,1,
25593,114,114,0,1,
25594,119,119,0,1,
25595,102,102,0,1,
25596,122,122,0,1,
25597,108,108,0,1,
25598,107,107,0,1,
25599,107,107,0,1,
25600,111,111,0,1,
25601,114,114,0,1,
25602,118,118,0,1,
25603,128,128,0,1,
25604,119,119,0,1,
25605,111,111,0,1,
25606,111,111,0,1,
25607,114,114,0,1,
25608,112,112,0,1,
25609,116,116,0,1,
25610,123,123,0,1,
25611,109,109,0,1,
25612,122,122,0,1,
25613,127,127,0,1,
25614,116,116,0,1,
25615,108,108,0,1,
25616,107,107,0,1,
25617,108,108,0,1,
25618,117,117,0,1,
25619,117,117,0,1,
25620,109,109,0,1,
25621,107,107,0,1,
25622,112,112,0,1,
25623,126,126,0,1,
25624,113,113,0,1,
25625,119,119,0,1,
25626,106,106,0,1,
25627,124,124,0,1,
25628,111,111,0,1,
25629,121,121,0,1,
25630,117,117,0,1,
25631,109,109,0,1,
25632,116,116,0,1,
25633,108,108,0,1,
25634,105,105,0,1,
25635,130,130,0,1,
25636,117,117,0,1,
25637,106,106,0,1,
25638,118,118,0,1,
25639,123,123,0,1,
25640,126,126,0,1,
25641,104,104,0,1,
25642,111,111,0,1,
25643,101,101,0,1,
25644,122,122,0,1,
25645,113,113,0,1,
25646,117,117,0,1,
25647,123,123,0,1,
25648,128,128,0,1,
25649,109,109,0,1,
25650,110,110,0,1,
25651,110,110,0,1,
25652,118,118,0,1,
25653,117,117,0,1,
25654,117,117,0,1,
25655,121,121,0,1,
25656,120,120,0,1,
25657,113,113,0,1,
25658,109,109,0,1,
25659,123,123,0,1,
25660,125,125,0,1,
25661,112,112,0,1,
25662,109,109,0,1,
25663,124,124,0,1,
25664,111,111,0,1,
25665,109,109,0,1,
25666,121,121,0,1,
25667,113,113,0,1,
25668,107,107,0,1,
25669,120,120,0,1,
25670,127,127,0,1,
25671,105,105,0,1,
25672,122,122,0,1,
25673,109,109,0,1,
25674,112,112,0,1,
25675,110,110,0,1,
25676,121,121,0,1,
25677,126,126,0,1,
25678,129,129,0,1,
25679,106,106,0,1,
25680,120,120,0,1,
25681,116,116,0,1,
25682,111,111,0,1,
25683,110,110,0,1,
25684,112,112,0,1,
25685,111,111,0,1,
25686,120,120,0,1,
25687,104,104,0,1,
25688,121,121,0,1,
25689,101,101,0,1,
25690,113,113,0,1,
25691,101,101,0,1,
25692,129,129,0,1,
25693,108,108,0,1,
25694,119,119,0,1,
25695,111,111,0,1,
25696,120,120,0,1,
25697,118,118,0,1,
25698,108,108,0,1,
25699,109,109,0,1,
25700,122,122,0,1,
25701,113,113,0,1,
25702,111,111,0,1,
25703,116,116,0,1,
25704,119,119,0,1,
25705,119,119,0,1,
25706,110,110,0,1,
25707,115,115,0,1,
25708,117,117,0,1,
25709,115,115,0,1,
25710,124,124,0,1,
25711,121,121,0,1,
25712,115,115,0,1,
25713,118,118,0,1,
25714,119,119,0,1,
25715,104,104,0,1,
25716,117,117,0,1,
25717,112,112,0,1,
25718,119,119,0,1,
25719,119,119,0,1,
25720,122,122,0,1,
25721,126,126,0,1,
25722,117,117,0,1,
25723,110,110,0,1,
25724,115,115,0,1,
25725,117,117,0,1,
25726,117,117,0,1,
25727,110,110,0,1,
25728,123,123,0,1,
25729,114,114,0,1,
25730,106,106,0,1,
25731,113,113,0,1,
25732,112,112,0,1,
25733,121,121,0,1,
25734,125,125,0,1,
25735,123,123,0,1,
25736,117,117,0,1,
25737,116,116,0,1,
25738,124,124,0,1,
25739,116,116,0,1,
25740,118,118,0,1,
25741,108,108,0,1,
25742,105,105,0,1,
25743,121,121,0,1,
25744,111,111,0,1,
25745,120,120,0,1,
25746,135,135,0,1,
25747,105,105,0,1,
25748,114,114,0,1,
25749,113,113,0,1,
25750,112,112,0,1,
25751,107,107,0,1,
25752,122,122,0,1,
25753,122,122,0,1,
25754,129,129,0,1,
25755,116,116,0,1,
25756,117,117,0,1,
25757,112,112,0,1,
25758,112,112,0,1,
25759,112,112,0,1,
25760,110,110,0,1,
25761,110,110,0,1,
25762,129,129,0,1,
25763,126,126,0,1,
25764,112,112,0,1,
25765,119,119,0,1,
25766,126,126,0,1,
25767,122,122,0,1,
25768,113,113,0,1,
25769,115,115,0,1,
25770,108,108,0,1,
25771,117,117,0,1,
25772,111,111,0,1,
25773,104,104,0,1,
25774,118,118,0,1,
25775,112,112,0,1,
25776,114,114,0,1,
25777,112,112,0,1,
25778,119,119,0,1,
25779,113,113,0,1,
25780,105,105,0,1,
25781,110,110,0,1,
25782,120,120,0,1,
25783,110,110,0,1,
25784,117,117,0,1,
25785,112,112,0,1,
25786,121,121,0,1,
25787,121,121,0,1,
25788,117,117,0,1,
25789,117,117,0,1,
25790,121,121,0,1,
25791,115,115,0,1,
25792,112,112,0,1,
25793,113,113,0,1,
25794,109,109,0,1,
25795,109,109,0,1,
25796,109,109,0,1,
25797,120,120,0,1,
25798,113,113,0,1,
25799,115,115,0,1,
25800,103,103,0,1,
25801,107,107,0,1,
25802,118,118,0,1,
25803,123,123,0,1,
25804,115,115,0,1,
25805,116,116,0,1,
25806,114,114,0,1,
25807,112,112,0,1,
25808,117,117,0,1,
25809,117,117,0,1,
25810,111,111,0,1,
25811,114,114,0,1,
25812,124,124,0,1,
25813,119,119,0,1,
25814,119,119,0,1,
25815,106,106,0,1,
25816,112,112,0,1,
25817,120,120,0,1,
25818,125,125,0,1,
25819,121,121,0,1,
25820,114,114,0,1,
25821,113,113,0,1,
25822,109,109,0,1,
25823,120,120,0,1,
25824,107,107,0,1,
25825,116,116,0,1,
25826,120,120,0,1,
25827,126,126,0,1,
25828,125,125,0,1,
25829,114,114,0,1,
25830,112,112,0,1,
25831,108,108,0,1,
25832,111,111,0,1,
25833,116,116,0,1,
25834,110,110,0,1,
25835,118,118,0,1,
25836,128,128,0,1,
25837,119,119,0,1,
25838,115,115,0,1,
25839,117,117,0,1,
25840,116,116,0,1,
25841,117,117,0,1,
25842,109,109,0,1,
25843,114,114,0,1,
25844,113,113,0,1,
25845,125,125,0,1,
25846,117,117,0,1,
25847,115,115,0,1,
25848,115,115,0,1,
25849,113,113,0,1,
25850,119,119,0,1,
25851,115,115,0,1,
25852,108,108,0,1,
25853,108,108,0,1,
25854,105,105,0,1,
25855,111,111,0,1,
25856,118,118,0,1,
25857,115,115,0,1,
25858,109,109,0,1,
25859,112,112,0,1,
25860,104,104,0,1,
25861,118,118,0,1,
25862,116,116,0,1,
25863,114,114,0,1,
25864,118,118,0,1,
25865,115,115,0,1,
25866,109,109,0,1,
25867,108,108,0,1,
25868,114,114,0,1,
25869,113,113,0,1,
25870,111,111,0,1,
25871,115,115,0,1,
25872,121,121,0,1,
25873,113,113,0,1,
25874,120,120,0,1,
25875,114,114,0,1,
25876,121,121,0,1,
25877,111,111,0,1,
25878,120,120,0,1,
25879,113,113,0,1,
25880,117,117,0,1,
25881,114,114,0,1,
25882,119,119,0,1,
25883,123,123,0,1,
25884,123,123,0,1,
25885,116,116,0,1,
25886,121,121,0,1,
25887,120,120,0,1,
25888,113,113,0,1,
25889,116,116,0,1,
25890,100,100,0,1,
25891,125,125,0,1,
25892,112,112,0,1,
25893,118,118,0,1,
25894,108,108,0,1,
25895,118,118,0,1,
25896,120,120,0,1,
25897,109,109,0,1,
25898,122,122,0,1,
25899,119,119,0,1,
25900,113,113,0,1,
25901,103,103,0,1,
25902,106,106,0,1,
25903,106,106,0,1,
25904,118,118,0,1,
25905,108,108,0,1,
25906,109,109,0,1,
25907,101,101,0,1,
25908,109,109,0,1,
25909,113,113,0,1,
25910,123,123,0,1,
25911,122,122,0,1,
25912,126,126,0,1,
25913,107,107,0,1,
25914,111,111,0,1,
25915,118,118,0,1,
25916,115,115,0,1,
25917,121,121,0,1,
25918,111,111,0,1,
25919,113,113,0,1,
25920,124,124,0,1,
25921,116,116,0,1,
25922,126,126,0,1,
25923,123,123,0,1,
25924,125,125,0,1,
25925,115,115,0,1,
25926,115,115,0,1,
25927,120,120,0,1,
25928,124,124,0,1,
25929,106,106,0,1,
25930,112,112,0,1,
25931,105,105,0,1,
25932,115,115,0,1,
25933,118,118,0,1,
25934,121,121,0,1,
25935,121,121,0,1,
25936,117,117,0,1,
25937,107,107,0,1,
25938,111,111,0,1,
25939,120,120,0,1,
25940,102,102,0,1,
25941,114,114,0,1,
25942,111,111,0,1,
25943,120,120,0,1,
25944,117,117,0,1,
25945,106,106,0,1,
25946,103,103,0,1,
25947,109,109,0,1,
25948,124,124,0,1,
25949,127,127,0,1,
25950,110,110,0,1,
25951,112,112,0,1,
25952,112,112,0,1,
25953,127,127,0,1,
25954,103,103,0,1,
25955,118,118,0,1,
25956,124,124,0,1,
25957,113,113,0,1,
25958,124,124,0,1,
25959,109,109,0,1,
25960,127,127,0,1,
25961,114,114,0,1,
25962,117,117,0,1,
25963,115,115,0,1,
25964,116,116,0,1,
25965,116,116,0,1,
25966,113,113,0,1,
25967,112,112,0,1,
25968,117,117,0,1,
25969,119,119,0,1,
25970,106,106,0,1,
25971,115,115,0,1,
25972,114,114,0,1,
25973,110,110,0,1,
25974,112,112,0,1,
25975,109,109,0,1,
25976,114,114,0,1,
25977,112,112,0,1,
25978,121,121,0,1,
25979,105,105,0,1,
25980,112,112,0,1,
25981,118,118,0,1,
25982,113,113,0,1,
25983,105,105,0,1,
25984,114,114,0,1,
25985,125,125,0,1,
25986,108,108,0,1,
25987,117,117,0,1,
25988,105,105,0,1,
25989,107,107,0,1,
25990,103,103,0,1,
25991,115,115,0,1,
25992,107,107,0,1,
25993,107,107,0,1,
25994,121,121,0,1,
25995,116,116,0,1,
25996,116,116,0,1,
25997,122,122,0,1,
25998,125,125,0,1,
25999,120,120,0,1,
26000,122,122,0,1,
26001,112,112,0,1,
26002,105,105,0,1,
26003,107,107,0,1,
26004,120,120,0,1,
26005,114,114,0,1,
26006,110,110,0,1,
26007,117,117,0,1,
26008,124,124,0,1,
26009,117,117,0,1,
26010,117,117,0,1,
26011,126,126,0,1,
26012,117,117,0,1,
26013,111,111,0,1,
26014,118,118,0,1,
26015,124,124,0,1,
26016,121,121,0,1,
26017,121,121,0,1,
26018,121,121,0,1,
26019,115,115,0,1,
26020,108,108,0,1,
26021,111,111,0,1,
26022,115,115,0,1,
26023,103,103,0,1,
26024,126,126,0,1,
26025,120,120,0,1,
26026,111,111,0,1,
26027,113,113,0,1,
26028,115,115,0,1,
26029,117,117,0,1,
26030,108,108,0,1,
26031,117,117,0,1,
26032,129,129,0,1,
26033,109,109,0,1,
26034,109,109,0,1,
26035,128,128,0,1,
26036,129,129,0,1,
26037,117,117,0,1,
26038,121,121,0,1,
26039,110,110,0,1,
26040,123,123,0,1,
26041,123,123,0,1,
26042,107,107,0,1,
26043,110,110,0,1,
26044,121,121,0,1,
26045,118,118,0,1,
26046,112,112,0,1,
26047,124,124,0,1,
26048,105,105,0,1,
26049,103,103,0,1,
26050,108,108,0,1,
26051,109,109,0,1,
26052,106,106,0,1,
26053,108,108,0,1,
26054,124,124,0,1,
26055,117,117,0,1,
26056,123,123,0,1,
26057,119,119,0,1,
26058,124,124,0,1,
26059,108,108,0,1,
26060,116,116,0,1,
26061,112,112,0,1,
26062,110,110,0,1,
26063,121,121,0,1,
26064,109,109,0,1,
26065,125,125,0,1,
26066,117,117,0,1,
26067,116,116,0,1,
26068,117,117,0,1,
26069,118,118,0,1,
26070,109,109,0,1,
26071,121,121,0,1,
26072,113,113,0,1,
26073,112,112,0,1,
26074,112,112,0,1,
26075,114,114,0,1,
26076,122,122,0,1,
26077,113,113,0,1,
26078,115,115,0,1,
26079,106,106,0,1,
26080,129,129,0,1,
26081,123,123,0,1,
26082,113,113,0,1,
26083,119,119,0,1,
26084,106,106,0,1,
26085,111,111,0,1,
26086,118,118,0,1,
26087,118,118,0,1,
26088,116,116,0,1,
26089,115,115,0,1,
26090,108,108,0,1,
26091,116,116,0,1,
26092,120,120,0,1,
26093,109,109,0,1,
26094,117,117,0,1,
26095,105,105,0,1,
26096,119,119,0,1,
26097,112,112,0,1,
26098,112,112,0,1,
26099,118,118,0,1,
26100,116,116,0,1,
26101,127,127,0,1,
26102,125,125,0,1,
26103,114,114,0,1,
26104,117,117,0,1,
26105,113,113,0,1,
26106,113,113,0,1,
26107,111,111,0,1,
26108,110,110,0,1,
26109,119,119,0,1,
26110,111,111,0,1,
26111,122,122,0,1,
26112,114,114,0,1,
26113,119,119,0,1,
26114,111,111,0,1,
26115,113,113,0,1,
26116,119,119,0,1,
26117,117,117,0,1,
26118,109,109,0,1,
26119,110,110,0,1,
26120,109,109,0,1,
26121,118,118,0,1,
26122,121,121,0,1,
26123,112,112,0,1,
26124,109,109,0,1,
26125,115,115,0,1,
26126,113,113,0,1,
26127,118,118,0,1,
26128,122,122,0,1,
26129,113,113,0,1,
26130,117,117,0,1,
26131,115,115,0,1,
26132,120,120,0,1,
26133,129,129,0,1,
26134,112,112,0,1,
26135,119,119,0,1,
26136,107,107,0,1,
26137,103,103,0,1,
26138,125,125,0,1,
26139,110,110,0,1,
26140,114,114,0,1,
26141,115,115,0,1,
26142,116,116,0,1,
26143,119,119,0,1,
26144,112,112,0,1,
26145,113,113,0,1,
26146,120,120,0,1,
26147,113,113,0,1,
26148,108,108,0,1,
26149,107,107,0,1,
26150,122,122,0,1,
26151,110,110,0,1,
26152,125,125,0,1,
26153,112,112,0,1,
26154,115,115,0,1,
26155,115,115,0,1,
26156,108,108,0,1,
26157,117,117,0,1,
26158,108,108,0,1,
26159,111,111,0,1,
26160,117,117,0,1,
26161,114,114,0,1,
26162,127,127,0,1,
26163,122,122,0,1,
26164,107,107,0,1,
26165,112,112,0,1,
26166,113,113,0,1,
26167,110,110,0,1,
26168,111,111,0,1,
26169,104,104,0,1,
26170,119,119,0,1,
26171,117,117,0,1,
26172,125,125,0,1,
26173,113,113,0,1,
26174,117,117,0,1,
26175,107,107,0,1,
26176,121,121,0,1,
26177,123,123,0,1,
26178,114,114,0,1,
26179,118,118,0,1,
26180,112,112,0,1,
26181,122,122,0,1,
26182,104,104,0,1,
26183,117,117,0,1,
26184,111,111,0,1,
26185,119,119,0,1,
26186,120,120,0,1,
26187,111,111,0,1,
26188,117,117,0,1,
26189,111,111,0,1,
26190,121,121,0,1,
26191,114,114,0,1,
26192,119,119,0,1,
26193,109,109,0,1,
26194,106,106,0,1,
26195,112,112,0,1,
26196,107,107,0,1,
26197,113,113,0,1,
26198,111,111,0,1,
26199,109,109,0,1,
26200,117,117,0,1,
26201,119,119,0,1,
26202,125,125,0,1,
26203,117,117,0,1,
26204,115,115,0,1,
26205,116,116,0,1,
26206,107,107,0,1,
26207,115,115,0,1,
26208,118,118,0,1,
26209,116,116,0,1,
26210,125,125,0,1,
26211,112,112,0,1,
26212,128,128,0,1,
26213,114,114,0,1,
26214,115,115,0,1,
26215,108,108,0,1,
26216,111,111,0,1,
26217,116,116,0,1,
26218,129,129,0,1,
26219,114,114,0,1,
26220,114,114,0,1,
26221,109,109,0,1,
26222,104,104,0,1,
26223,113,113,0,1,
26224,106,106,0,1,
26225,124,124,0,1,
26226,112,112,0,1,
26227,116,116,0,1,
26228,108,108,0,1,
26229,118,118,0,1,
26230,108,108,0,1,
26231,112,112,0,1,
26232,111,111,0,1,
26233,114,114,0,1,
26234,118,118,0,1,
26235,106,106,0,1,
26236,126,126,0,1,
26237,111,111,0,1,
26238,120,120,0,1,
26239,124,124,0,1,
26240,117,117,0,1,
26241,104,104,0,1,
26242,113,113,0,1,
26243,116,116,0,1,
26244,118,118,0,1,
26245,106,106,0,1,
26246,113,113,0,1,
26247,117,117,0,1,
26248,108,108,0,1,
26249,111,111,0,1,
26250,122,122,0,1,
26251,126,126,0,1,
26252,128,128,0,1,
26253,110,110,0,1,
26254,113,113,0,1,
26255,121,121,0,1,
26256,111,111,0,1,
26257,125,125,0,1,
26258,129,129,0,1,
26259,116,116,0,1,
26260,116,116,0,1,
26261,136,136,0,1,
26262,115,115,0,1,
26263,112,112,0,1,
26264,110,110,0,1,
26265,124,124,0,1,
26266,113,113,0,1,
26267,128,128,0,1,
26268,119,119,0,1,
26269,119,119,0,1,
26270,126,126,0,1,
26271,110,110,0,1,
26272,114,114,0,1,
26273,111,111,0,1,
26274,125,125,0,1,
26275,109,109,0,1,
26276,119,119,0,1,
26277,122,122,0,1,
26278,115,115,0,1,
26279,112,112,0,1,
26280,112,112,0,1,
26281,115,115,0,1,
26282,113,113,0,1,
26283,109,109,0,1,
26284,119,119,0,1,
26285,110,110,0,1,
26286,122,122,0,1,
26287,114,114,0,1,
26288,129,129,0,1,
26289,125,125,0,1,
26290,114,114,0,1,
26291,107,107,0,1,
26292,120,120,0,1,
26293,123,123,0,1,
26294,123,123,0,1,
26295,109,109,0,1,
26296,129,129,0,1,
26297,111,111,0,1,
26298,119,119,0,1,
26299,122,122,0,1,
26300,114,114,0,1,
26301,114,114,0,1,
26302,106,106,0,1,
26303,131,131,0,1,
26304,118,118,0,1,
26305,128,128,0,1,
26306,121,121,0,1,
26307,111,111,0,1,
26308,113,113,0,1,
26309,112,112,0,1,
26310,113,113,0,1,
26311,114,114,0,1,
26312,112,112,0,1,
26313,112,112,0,1,
26314,109,109,0,1,
26315,115,115,0,1,
26316,121,121,0,1,
26317,123,123,0,1,
26318,107,107,0,1,
26319,107,107,0,1,
26320,105,105,0,1,
26321,110,110,0,1,
26322,127,127,0,1,
26323,117,117,0,1,
26324,108,108,0,1,
26325,105,105,0,1,
26326,103,103,0,1,
26327,109,109,0,1,
26328,105,105,0,1,
26329,111,111,0,1,
26330,108,108,0,1,
26331,120,120,0,1,
26332,118,118,0,1,
26333,108,108,0,1,
26334,102,102,0,1,
26335,115,115,0,1,
26336,121,121,0,1,
26337,107,107,0,1,
26338,120,120,0,1,
26339,127,127,0,1,
26340,110,110,0,1,
26341,121,121,0,1,
26342,114,114,0,1,
26343,115,115,0,1,
26344,121,121,0,1,
26345,105,105,0,1,
26346,115,115,0,1,
26347,113,113,0,1,
26348,117,117,0,1,
26349,108,108,0,1,
26350,111,111,0,1,
26351,113,113,0,1,
26352,115,115,0,1,
26353,118,118,0,1,
26354,111,111,0,1,
26355,114,114,0,1,
26356,117,117,0,1,
26357,124,124,0,1,
26358,111,111,0,1,
26359,108,108,0,1,
26360,110,110,0,1,
26361,113,113,0,1,
26362,111,111,0,1,
26363,112,112,0,1,
26364,122,122,0,1,
26365,127,127,0,1,
26366,107,107,0,1,
26367,122,122,0,1,
26368,129,129,0,1,
26369,126,126,0,1,
26370,115,115,0,1,
26371,121,121,0,1,
26372,118,118,0,1,
26373,110,110,0,1,
26374,118,118,0,1,
26375,119,119,0,1,
26376,124,124,0,1,
26377,115,115,0,1,
26378,115,115,0,1,
26379,123,123,0,1,
26380,113,113,0,1,
26381,116,116,0,1,
26382,114,114,0,1,
26383,122,122,0,1,
26384,121,121,0,1,
26385,107,107,0,1,
26386,108,108,0,1,
26387,121,121,0,1,
26388,107,107,0,1,
26389,123,123,0,1,
26390,117,117,0,1,
26391,116,116,0,1,
26392,108,108,0,1,
26393,114,114,0,1,
26394,120,120,0,1,
26395,114,114,0,1,
26396,117,117,0,1,
26397,116,116,0,1,
26398,124,124,0,1,
26399,121,121,0,1,
26400,120,120,0,1,
26401,109,109,0,1,
26402,126,126,0,1,
26403,121,121,0,1,
26404,127,127,0,1,
26405,108,108,0,1,
26406,108,108,0,1,
26407,110,110,0,1,
26408,121,121,0,1,
26409,118,118,0,1,
26410,108,108,0,1,
26411,114,114,0,1,
26412,113,113,0,1,
26413,123,123,0,1,
26414,127,127,0,1,
26415,116,116,0,1,
26416,119,119,0,1,
26417,121,121,0,1,
26418,114,114,0,1,
26419,116,116,0,1,
26420,106,106,0,1,
26421,108,108,0,1,
26422,105,105,0,1,
26423,114,114,0,1,
26424,127,127,0,1,
26425,112,112,0,1,
26426,108,108,0,1,
26427,108,108,0,1,
26428,123,123,0,1,
26429,111,111,0,1,
26430,115,115,0,1,
26431,126,126,0,1,
26432,118,118,0,1,
26433,119,119,0,1,
26434,111,111,0,1,
26435,107,107,0,1,
26436,130,130,0,1,
26437,116,116,0,1,
26438,114,114,0,1,
26439,112,112,0,1,
26440,116,116,0,1,
26441,124,124,0,1,
26442,133,133,0,1,
26443,110,110,0,1,
26444,111,111,0,1,
26445,112,112,0,1,
26446,117,117,0,1,
26447,120,120,0,1,
26448,119,119,0,1,
26449,124,124,0,1,
26450,111,111,0,1,
26451,124,124,0,1,
26452,120,120,0,1,
26453,110,110,0,1,
26454,116,116,0,1,
26455,107,107,0,1,
26456,110,110,0,1,
26457,110,110,0,1,
26458,116,116,0,1,
26459,112,112,0,1,
26460,115,115,0,1,
26461,119,119,0,1,
26462,119,119,0,1,
26463,118,118,0,1,
26464,120,120,0,1,
26465,109,109,0,1,
26466,109,109,0,1,
26467,112,112,0,1,
26468,111,111,0,1,
26469,119,119,0,1,
26470,109,109,0,1,
26471,121,121,0,1,
26472,118,118,0,1,
26473,126,126,0,1,
26474,115,115,0,1,
26475,117,117,0,1,
26476,129,129,0,1,
26477,105,105,0,1,
26478,103,103,0,1,
26479,118,118,0,1,
26480,113,113,0,1,
26481,121,121,0,1,
26482,121,121,0,1,
26483,117,117,0,1,
26484,116,116,0,1,
26485,122,122,0,1,
26486,111,111,0,1,
26487,117,117,0,1,
26488,110,110,0,1,
26489,117,117,0,1,
26490,109,109,0,1,
26491,112,112,0,1,
26492,112,112,0,1,
26493,113,113,0,1,
26494,114,114,0,1,
26495,109,109,0,1,
26496,120,120,0,1,
26497,109,109,0,1,
26498,124,124,0,1,
26499,128,128,0,1,
26500,104,104,0,1,
26501,132,132,0,1,
26502,126,126,0,1,
26503,112,112,0,1,
26504,120,120,0,1,
26505,110,110,0,1,
26506,120,120,0,1,
26507,120,120,0,1,
26508,105,105,0,1,
26509,115,115,0,1,
26510,117,117,0,1,
26511,111,111,0,1,
26512,114,114,0,1,
26513,117,117,0,1,
26514,116,116,0,1,
26515,113,113,0,1,
26516,113,113,0,1,
26517,107,107,0,1,
26518,118,118,0,1,
26519,107,107,0,1,
26520,107,107,0,1,
26521,120,120,0,1,
26522,112,112,0,1,
26523,107,107,0,1,
26524,112,112,0,1,
26525,127,127,0,1,
26526,115,115,0,1,
26527,123,123,0,1,
26528,109,109,0,1,
26529,114,114,0,1,
26530,115,115,0,1,
26531,114,114,0,1,
26532,108,108,0,1,
26533,112,112,0,1,
26534,121,121,0,1,
26535,110,110,0,1,
26536,108,108,0,1,
26537,121,121,0,1,
26538,114,114,0,1,
26539,111,111,0,1,
26540,110,110,0,1,
26541,120,120,0,1,
26542,130,130,0,1,
26543,119,119,0,1,
26544,120,120,0,1,
26545,121,121,0,1,
26546,108,108,0,1,
26547,115,115,0,1,
26548,114,114,0,1,
26549,109,109,0,1,
26550,116,116,0,1,
26551,115,115,0,1,
26552,120,120,0,1,
26553,119,119,0,1,
26554,122,122,0,1,
26555,121,121,0,1,
26556,125,125,0,1,
26557,122,122,0,1,
26558,115,115,0,1,
26559,117,117,0,1,
26560,128,128,0,1,
26561,125,125,0,1,
26562,113,113,0,1,
26563,112,112,0,1,
26564,116,116,0,1,
26565,107,107,0,1,
26566,112,112,0,1,
26567,112,112,0,1,
26568,113,113,0,1,
26569,112,112,0,1,
26570,120,120,0,1,
26571,130,130,0,1,
26572,113,113,0,1,
26573,121,121,0,1,
26574,110,110,0,1,
26575,128,128,0,1,
26576,120,120,0,1,
26577,124,124,0,1,
26578,115,115,0,1,
26579,120,120,0,1,
26580,116,116,0,1,
26581,111,111,0,1,
26582,112,112,0,1,
26583,122,122,0,1,
26584,109,109,0,1,
26585,122,122,0,1,
26586,125,125,0,1,
26587,119,119,0,1,
26588,104,104,0,1,
26589,124,124,0,1,
26590,116,116,0,1,
26591,110,110,0,1,
26592,116,116,0,1,
26593,121,121,0,1,
26594,112,112,0,1,
26595,119,119,0,1,
26596,132,132,0,1,
26597,113,113,0,1,
26598,122,122,0,1,
26599,114,114,0,1,
26600,116,116,0,1,
26601,121,121,0,1,
26602,116,116,0,1,
26603,124,124,0,1,
26604,118,118,0,1,
26605,107,107,0,1,
26606,107,107,0,1,
26607,107,107,0,1,
26608,118,118,0,1,
26609,107,107,0,1,
26610,110,110,0,1,
26611,117,117,0,1,
26612,115,115,0,1,
26613,110,110,0,1,
26614,112,112,0,1,
26615,117,117,0,1,
26616,105,105,0,1,
26617,117,117,0,1,
26618,120,120,0,1,
26619,111,111,0,1,
26620,119,119,0,1,
26621,112,112,0,1,
26622,108,108,0,1,
26623,107,107,0,1,
26624,121,121,0,1,
26625,115,115,0,1,
26626,116,116,0,1,
26627,114,114,0,1,
26628,108,108,0,1,
26629,120,120,0,1,
26630,106,106,0,1,
26631,106,106,0,1,
26632,121,121,0,1,
26633,108,108,0,1,
26634,128,128,0,1,
26635,107,107,0,1,
26636,115,115,0,1,
26637,115,115,0,1,
26638,108,108,0,1,
26639,120,120,0,1,
26640,106,106,0,1,
26641,118,118,0,1,
26642,116,116,0,1,
26643,117,117,0,1,
26644,115,115,0,1,
26645,119,119,0,1,
26646,119,119,0,1,
26647,116,116,0,1,
26648,114,114,0,1,
26649,122,122,0,1,
26650,114,114,0,1,
26651,116,116,0,1,
26652,118,118,0,1,
26653,114,114,0,1,
26654,108,108,0,1,
26655,113,113,0,1,
26656,123,123,0,1,
26657,117,117,0,1,
26658,121,121,0,1,
26659,119,119,0,1,
26660,122,122,0,1,
26661,112,112,0,1,
26662,123,123,0,1,
26663,111,111,0,1,
26664,104,104,0,1,
26665,113,113,0,1,
26666,114,114,0,1,
26667,105,105,0,1,
26668,117,117,0,1,
26669,121,121,0,1,
26670,108,108,0,1,
26671,110,110,0,1,
26672,111,111,0,1,
26673,117,117,0,1,
26674,132,132,0,1,
26675,109,109,0,1,
26676,121,121,0,1,
26677,100,100,0,1,
26678,124,124,0,1,
26679,112,112,0,1,
26680,111,111,0,1,
26681,122,122,0,1,
26682,116,116,0,1,
26683,115,115,0,1,
26684,117,117,0,1,
26685,121,121,0,1,
26686,108,108,0,1,
26687,122,122,0,1,
26688,105,105,0,1,
26689,103,103,0,1,
26690,117,117,0,1,
26691,109,109,0,1,
26692,120,120,0,1,
26693,121,121,0,1,
26694,113,113,0,1,
26695,118,118,0,1,
26696,116,116,0,1,
26697,118,118,0,1,
26698,104,104,0,1,
26699,105,105,0,1,
26700,117,117,0,1,
26701,123,123,0,1,
26702,119,119,0,1,
26703,110,110,0,1,
26704,119,119,0,1,
26705,113,113,0,1,
26706,117,117,0,1,
26707,114,114,0,1,
26708,112,112,0,1,
26709,130,130,0,1,
26710,111,111,0,1,
26711,122,122,0,1,
26712,116,116,0,1,
26713,113,113,0,1,
26714,110,110,0,1,
26715,108,108,0,1,
26716,118,118,0,1,
26717,108,108,0,1,
26718,107,107,0,1,
26719,114,114,0,1,
26720,112,112,0,1,
26721,119,119,0,1,
26722,108,108,0,1,
26723,106,106,0,1,
26724,118,118,0,1,
26725,116,116,0,1,
26726,117,117,0,1,
26727,107,107,0,1,
26728,112,112,0,1,
26729,121,121,0,1,
26730,118,118,0,1,
26731,117,117,0,1,
26732,107,107,0,1,
26733,116,116,0,1,
26734,111,111,0,1,
26735,122,122,0,1,
26736,111,111,0,1,
26737,126,126,0,1,
26738,108,108,0,1,
26739,117,117,0,1,
26740,111,111,0,1,
26741,111,111,0,1,
26742,113,113,0,1,
26743,114,114,0,1,
26744,113,113,0,1,
26745,117,117,0,1,
26746,120,120,0,1,
26747,115,115,0,1,
26748,111,111,0,1,
26749,119,119,0,1,
26750,116,116,0,1,
26751,116,116,0,1,
26752,129,129,0,1,
26753,103,103,0,1,
26754,114,114,0,1,
26755,109,109,0,1,
26756,120,120,0,1,
26757,117,117,0,1,
26758,120,120,0,1,
26759,108,108,0,1,
26760,112,112,0,1,
26761,117,117,0,1,
26762,114,114,0,1,
26763,122,122,0,1,
26764,116,116,0,1,
26765,131,131,0,1,
26766,106,106,0,1,
26767,119,119,0,1,
26768,111,111,0,1,
26769,110,110,0,1,
26770,124,124,0,1,
26771,114,114,0,1,
26772,124,124,0,1,
26773,110,110,0,1,
26774,123,123,0,1,
26775,116,116,0,1,
26776,110,110,0,1,
26777,115,115,0,1,
26778,115,115,0,1,
26779,111,111,0,1,
26780,111,111,0,1,
26781,106,106,0,1,
26782,110,110,0,1,
26783,108,108,0,1,
26784,105,105,0,1,
26785,109,109,0,1,
26786,120,120,0,1,
26787,124,124,0,1,
26788,110,110,0,1,
26789,107,107,0,1,
26790,121,121,0,1,
26791,130,130,0,1,
26792,110,110,0,1,
26793,123,123,0,1,
26794,104,104,0,1,
26795,119,119,0,1,
26796,109,109,0,1,
26797,120,120,0,1,
26798,118,118,0,1,
26799,111,111,0,1,
26800,107,107,0,1,
26801,117,117,0,1,
26802,125,125,0,1,
26803,105,105,0,1,
26804,111,111,0,1,
26805,107,107,0,1,
26806,114,114,0,1,
26807,117,117,0,1,
26808,110,110,0,1,
26809,120,120,0,1,
26810,119,119,0,1,
26811,115,115,0,1,
26812,112,112,0,1,
26813,117,117,0,1,
26814,120,120,0,1,
26815,114,114,0,1,
26816,119,119,0,1,
26817,109,109,0,1,
26818,117,117,0,1,
26819,128,128,0,1,
26820,118,118,0,1,
26821,112,112,0,1,
26822,119,119,0,1,
26823,110,110,0,1,
26824,109,109,0,1,
26825,103,103,0,1,
26826,121,121,0,1,
26827,111,111,0,1,
26828,129,129,0,1,
26829,117,117,0,1,
26830,114,114,0,1,
26831,123,123,0,1,
26832,112,112,0,1,
26833,117,117,0,1,
26834,113,113,0,1,
26835,112,112,0,1,
26836,110,110,0,1,
26837,116,116,0,1,
26838,114,114,0,1,
26839,120,120,0,1,
26840,112,112,0,1,
26841,117,117,0,1,
26842,126,126,0,1,
26843,118,118,0,1,
26844,113,113,0,1,
26845,112,112,0,1,
26846,117,117,0,1,
26847,126,126,0,1,
26848,128,128,0,1,
26849,118,118,0,1,
26850,115,115,0,1,
26851,119,119,0,1,
26852,116,116,0,1,
26853,116,116,0,1,
26854,117,117,0,1,
26855,108,108,0,1,
26856,129,129,0,1,
26857,107,107,0,1,
26858,112,112,0,1,
26859,125,125,0,1,
26860,120,120,0,1,
26861,114,114,0,1,
26862,110,110,0,1,
26863,116,116,0,1,
26864,111,111,0,1,
26865,124,124,0,1,
26866,115,115,0,1,
26867,109,109,0,1,
26868,107,107,0,1,
26869,116,116,0,1,
26870,115,115,0,1,
26871,122,122,0,1,
26872,119,119,0,1,
26873,107,107,0,1,
26874,115,115,0,1,
26875,111,111,0,1,
26876,104,104,0,1,
26877,122,122,0,1,
26878,118,118,0,1,
26879,129,129,0,1,
26880,115,115,0,1,
26881,113,113,0,1,
26882,120,120,0,1,
26883,103,103,0,1,
26884,112,112,0,1,
26885,117,117,0,1,
26886,118,118,0,1,
26887,103,103,0,1,
26888,107,107,0,1,
26889,112,112,0,1,
26890,117,117,0,1,
26891,116,116,0,1,
26892,113,113,0,1,
26893,108,108,0,1,
26894,111,111,0,1,
26895,119,119,0,1,
26896,115,115,0,1,
26897,123,123,0,1,
26898,111,111,0,1,
26899,114,114,0,1,
26900,115,115,0,1,
26901,121,121,0,1,
26902,122,122,0,1,
26903,119,119,0,1,
26904,127,127,0,1,
26905,113,113,0,1,
26906,119,119,0,1,
26907,116,116,0,1,
26908,121,121,0,1,
26909,109,109,0,1,
26910,116,116,0,1,
26911,124,124,0,1,
26912,121,121,0,1,
26913,108,108,0,1,
26914,118,118,0,1,
26915,120,120,0,1,
26916,114,114,0,1,
26917,113,113,0,1,
26918,105,105,0,1,
26919,119,119,0,1,
26920,111,111,0,1,
26921,113,113,0,1,
26922,110,110,0,1,
26923,109,109,0,1,
26924,113,113,0,1,
26925,116,116,0,1,
26926,103,103,0,1,
26927,111,111,0,1,
26928,102,102,0,1,
26929,117,117,0,1,
26930,106,106,0,1,
26931,108,108,0,1,
26932,117,117,0,1,
26933,111,111,0,1,
26934,112,112,0,1,
26935,113,113,0,1,
26936,115,115,0,1,
26937,102,102,0,1,
26938,107,107,0,1,
26939,119,119,0,1,
26940,122,122,0,1,
26941,113,113,0,1,
26942,116,116,0,1,
26943,113,113,0,1,
26944,114,114,0,1,
26945,122,122,0,1,
26946,113,113,0,1,
26947,122,122,0,1,
26948,108,108,0,1,
26949,108,108,0,1,
26950,119,119,0,1,
26951,113,113,0,1,
26952,118,118,0,1,
26953,112,112,0,1,
26954,118,118,0,1,
26955,118,118,0,1,
26956,117,117,0,1,
26957,122,122,0,1,
26958,123,123,0,1,
26959,118,118,0,1,
26960,109,109,0,1,
26961,112,112,0,1,
26962,119,119,0,1,
26963,109,109,0,1,
26964,109,109,0,1,
26965,111,111,0,1,
26966,119,119,0,1,
26967,110,110,0,1,
26968,133,133,0,1,
26969,110,110,0,1,
26970,110,110,0,1,
26971,116,116,0,1,
26972,112,112,0,1,
26973,116,116,0,1,
26974,107,107,0,1,
26975,110,110,0,1,
26976,112,112,0,1,
26977,113,113,0,1,
26978,117,117,0,1,
26979,125,125,0,1,
26980,113,113,0,1,
26981,113,113,0,1,
26982,117,117,0,1,
26983,110,110,0,1,
26984,106,106,0,1,
26985,131,131,0,1,
26986,114,114,0,1,
26987,107,107,0,1,
26988,115,115,0,1,
26989,126,126,0,1,
26990,105,105,0,1,
26991,113,113,0,1,
26992,120,120,0,1,
26993,115,115,0,1,
26994,115,115,0,1,
26995,112,112,0,1,
26996,125,125,0,1,
26997,129,129,0,1,
26998,110,110,0,1,
26999,124,124,0,1,
27000,123,123,0,1,
27001,107,107,0,1,
27002,109,109,0,1,
27003,114,114,0,1,
27004,116,116,0,1,
27005,112,112,0,1,
27006,107,107,0,1,
27007,106,106,0,1,
27008,101,101,0,1,
27009,120,120,0,1,
27010,112,112,0,1,
27011,108,108,0,1,
27012,107,107,0,1,
27013,121,121,0,1,
27014,105,105,0,1,
27015,117,117,0,1,
27016,109,109,0,1,
27017,125,125,0,1,
27018,108,108,0,1,
27019,120,120,0,1,
27020,130,130,0,1,
27021,116,116,0,1,
27022,112,112,0,1,
27023,121,121,0,1,
27024,127,127,0,1,
27025,116,116,0,1,
27026,111,111,0,1,
27027,112,112,0,1,
27028,115,115,0,1,
27029,108,108,0,1,
27030,105,105,0,1,
27031,107,107,0,1,
27032,115,115,0,1,
27033,117,117,0,1,
27034,124,124,0,1,
27035,109,109,0,1,
27036,120,120,0,1,
27037,106,106,0,1,
27038,118,118,0,1,
27039,126,126,0,1,
27040,113,113,0,1,
27041,115,115,0,1,
27042,112,112,0,1,
27043,114,114,0,1,
27044,112,112,0,1,
27045,115,115,0,1,
27046,107,107,0,1,
27047,114,114,0,1,
27048,118,118,0,1,
27049,107,107,0,1,
27050,115,115,0,1,
27051,107,107,0,1,
27052,120,120,0,1,
27053,109,109,0,1,
27054,119,119,0,1,
27055,115,115,0,1,
27056,118,118,0,1,
27057,111,111,0,1,
27058,104,104,0,1,
27059,124,124,0,1,
27060,123,123,0,1,
27061,123,123,0,1,
27062,114,114,0,1,
27063,116,116,0,1,
27064,107,107,0,1,
27065,114,114,0,1,
27066,120,120,0,1,
27067,120,120,0,1,
27068,127,127,0,1,
27069,125,125,0,1,
27070,104,104,0,1,
27071,111,111,0,1,
27072,120,120,0,1,
27073,105,105,0,1,
27074,113,113,0,1,
27075,110,110,0,1,
27076,128,128,0,1,
27077,121,121,0,1,
27078,109,109,0,1,
27079,118,118,0,1,
27080,120,120,0,1,
27081,118,118,0,1,
27082,110,110,0,1,
27083,117,117,0,1,
27084,110,110,0,1,
27085,121,121,0,1,
27086,111,111,0,1,
27087,122,122,0,1,
27088,111,111,0,1,
27089,112,112,0,1,
27090,119,119,0,1,
27091,123,123,0,1,
27092,117,117,0,1,
27093,115,115,0,1,
27094,109,109,0,1,
27095,117,117,0,1,
27096,118,118,0,1,
27097,105,105,0,1,
27098,119,119,0,1,
27099,107,107,0,1,
27100,116,116,0,1,
27101,127,127,0,1,
27102,118,118,0,1,
27103,119,119,0,1,
27104,125,125,0,1,
27105,112,112,0,1,
27106,108,108,0,1,
27107,115,115,0,1,
27108,109,109,0,1,
27109,129,129,0,1,
27110,105,105,0,1,
27111,106,106,0,1,
27112,117,117,0,1,
27113,115,115,0,1,
27114,107,107,0,1,
27115,105,105,0,1,
27116,115,115,0,1,
27117,103,103,0,1,
27118,111,111,0,1,
27119,116,116,0,1,
27120,123,123,0,1,
27121,120,120,0,1,
27122,111,111,0,1,
27123,118,118,0,1,
27124,109,109,0,1,
27125,108,108,0,1,
27126,105,105,0,1,
27127,118,118,0,1,
27128,120,120,0,1,
27129,121,121,0,1,
27130,114,114,0,1,
27131,115,115,0,1,
27132,123,123,0,1,
27133,115,115,0,1,
27134,104,104,0,1,
27135,107,107,0,1,
27136,113,113,0,1,
27137,108,108,0,1,
27138,129,129,0,1,
27139,118,118,0,1,
27140,109,109,0,1,
27141,117,117,0,1,
27142,113,113,0,1,
27143,108,108,0,1,
27144,119,119,0,1,
27145,114,114,0,1,
27146,108,108,0,1,
27147,125,125,0,1,
27148,125,125,0,1,
27149,107,107,0,1,
27150,109,109,0,1,
27151,108,108,0,1,
27152,108,108,0,1,
27153,107,107,0,1,
27154,114,114,0,1,
27155,109,109,0,1,
27156,113,113,0,1,
27157,120,120,0,1,
27158,117,117,0,1,
27159,110,110,0,1,
27160,111,111,0,1,
27161,119,119,0,1,
27162,117,117,0,1,
27163,113,113,0,1,
27164,112,112,0,1,
27165,113,113,0,1,
27166,118,118,0,1,
27167,104,104,0,1,
27168,116,116,0,1,
27169,125,125,0,1,
27170,124,124,0,1,
27171,114,114,0,1,
27172,107,107,0,1,
27173,119,119,0,1,
27174,119,119,0,1,
27175,114,114,0,1,
27176,105,105,0,1,
27177,106,106,0,1,
27178,119,119,0,1,
27179,111,111,0,1,
27180,99,99,0,1,
27181,112,112,0,1,
27182,105,105,0,1,
27183,114,114,0,1,
27184,129,129,0,1,
27185,123,123,0,1,
27186,112,112,0,1,
27187,129,129,0,1,
27188,106,106,0,1,
27189,110,110,0,1,
27190,105,105,0,1,
27191,101,101,0,1,
27192,111,111,0,1,
27193,113,113,0,1,
27194,125,125,0,1,
27195,108,108,0,1,
27196,106,106,0,1,
27197,116,116,0,1,
27198,114,114,0,1,
27199,113,113,0,1,
27200,121,121,0,1,
27201,119,119,0,1,
27202,115,115,0,1,
27203,107,107,0,1,
27204,112,112,0,1,
27205,129,129,0,1,
27206,115,115,0,1,
27207,115,115,0,1,
27208,112,112,0,1,
27209,111,111,0,1,
27210,109,109,0,1,
27211,113,113,0,1,
27212,110,110,0,1,
27213,106,106,0,1,
27214,124,124,0,1,
27215,118,118,0,1,
27216,114,114,0,1,
27217,113,113,0,1,
27218,102,102,0,1,
27219,124,124,0,1,
27220,120,120,0,1,
27221,123,123,0,1,
27222,116,116,0,1,
27223,117,117,0,1,
27224,110,110,0,1,
27225,114,114,0,1,
27226,112,112,0,1,
27227,118,118,0,1,
27228,117,117,0,1,
27229,114,114,0,1,
27230,117,117,0,1,
27231,106,106,0,1,
27232,123,123,0,1,
27233,119,119,0,1,
27234,116,116,0,1,
27235,120,120,0,1,
27236,112,112,0,1,
27237,119,119,0,1,
27238,130,130,0,1,
27239,115,115,0,1,
27240,121,121,0,1,
27241,110,110,0,1,
27242,118,118,0,1,
27243,118,118,0,1,
27244,111,111,0,1,
27245,127,127,0,1,
27246,108,108,0,1,
27247,112,112,0,1,
27248,116,116,0,1,
27249,116,116,0,1,
27250,114,114,0,1,
27251,111,111,0,1,
27252,117,117,0,1,
27253,122,122,0,1,
27254,113,113,0,1,
27255,110,110,0,1,
27256,112,112,0,1,
27257,115,115,0,1,
27258,116,116,0,1,
27259,130,130,0,1,
27260,118,118,0,1,
27261,114,114,0,1,
27262,127,127,0,1,
27263,127,127,0,1,
27264,115,115,0,1,
27265,109,109,0,1,
27266,112,112,0,1,
27267,125,125,0,1,
27268,113,113,0,1,
27269,105,105,0,1,
27270,114,114,0,1,
27271,119,119,0,1,
27272,121,121,0,1,
27273,116,116,0,1,
27274,118,118,0,1,
27275,127,127,0,1,
27276,103,103,0,1,
27277,118,118,0,1,
27278,118,118,0,1,
27279,113,113,0,1,
27280,118,118,0,1,
27281,118,118,0,1,
27282,125,125,0,1,
27283,117,117,0,1,
27284,111,111,0,1,
27285,114,114,0,1,
27286,105,105,0,1,
27287,103,103,0,1,
27288,127,127,0,1,
27289,115,115,0,1,
27290,119,119,0,1,
27291,113,113,0,1,
27292,112,112,0,1,
27293,114,114,0,1,
27294,123,123,0,1,
27295,118,118,0,1,
27296,115,115,0,1,
27297,116,116,0,1,
27298,117,117,0,1,
27299,110,110,0,1,
27300,113,113,0,1,
27301,116,116,0,1,
27302,113,113,0,1,
27303,120,120,0,1,
27304,109,109,0,1,
27305,116,116,0,1,
27306,113,113,0,1,
27307,116,116,0,1,
27308,125,125,0,1,
27309,115,115,0,1,
27310,117,117,0,1,
27311,113,113,0,1,
27312,117,117,0,1,
27313,115,115,0,1,
27314,113,113,0,1,
27315,113,113,0,1,
27316,117,117,0,1,
27317,115,115,0,1,
27318,120,120,0,1,
27319,109,109,0,1,
27320,115,115,0,1,
27321,117,117,0,1,
27322,116,116,0,1,
27323,114,114,0,1,
27324,125,125,0,1,
27325,125,125,0,1,
27326,113,113,0,1,
27327,109,109,0,1,
27328,128,128,0,1,
27329,119,119,0,1,
27330,108,108,0,1,
27331,119,119,0,1,
27332,107,107,0,1,
27333,111,111,0,1,
27334,104,104,0,1,
27335,125,125,0,1,
27336,107,107,0,1,
27337,108,108,0,1,
27338,113,113,0,1,
27339,122,122,0,1,
27340,113,113,0,1,
27341,115,115,0,1,
27342,113,113,0,1,
27343,107,107,0,1,
27344,124,124,0,1,
27345,105,105,0,1,
27346,118,118,0,1,
27347,105,105,0,1,
27348,113,113,0,1,
27349,104,104,0,1,
27350,106,106,0,1,
27351,127,127,0,1,
27352,113,113,0,1,
27353,111,111,0,1,
27354,120,120,0,1,
27355,109,109,0,1,
27356,110,110,0,1,
27357,114,114,0,1,
27358,104,104,0,1,
27359,118,118,0,1,
27360,123,123,0,1,
27361,125,125,0,1,
27362,126,126,0,1,
27363,112,112,0,1,
27364,117,117,0,1,
27365,110,110,0,1,
27366,116,116,0,1,
27367,131,131,0,1,
27368,110,110,0,1,
27369,118,118,0,1,
27370,112,112,0,1,
27371,113,113,0,1,
27372,120,120,0,1,
27373,120,120,0,1,
27374,129,129,0,1,
27375,126,126,0,1,
27376,117,117,0,1,
27377,112,112,0,1,
27378,110,110,0,1,
27379,112,112,0,1,
27380,105,105,0,1,
27381,109,109,0,1,
27382,105,105,0,1,
27383,111,111,0,1,
27384,115,115,0,1,
27385,120,120,0,1,
27386,123,123,0,1,
27387,124,124,0,1,
27388,114,114,0,1,
27389,107,107,0,1,
27390,116,116,0,1,
27391,112,112,0,1,
27392,113,113,0,1,
27393,119,119,0,1,
27394,127,127,0,1,
27395,119,119,0,1,
27396,122,122,0,1,
27397,114,114,0,1,
27398,116,116,0,1,
27399,114,114,0,1,
27400,122,122,0,1,
27401,109,109,0,1,
27402,118,118,0,1,
27403,113,113,0,1,
27404,119,119,0,1,
27405,129,129,0,1,
27406,113,113,0,1,
27407,118,118,0,1,
27408,107,107,0,1,
27409,106,106,0,1,
27410,121,121,0,1,
27411,115,115,0,1,
27412,108,108,0,1,
27413,114,114,0,1,
27414,110,110,0,1,
27415,104,104,0,1,
27416,120,120,0,1,
27417,128,128,0,1,
27418,120,120,0,1,
27419,108,108,0,1,
27420,116,116,0,1,
27421,115,115,0,1,
27422,115,115,0,1,
27423,114,114,0,1,
27424,112,112,0,1,
27425,127,127,0,1,
27426,109,109,0,1,
27427,112,112,0,1,
27428,119,119,0,1,
27429,116,116,0,1,
27430,111,111,0,1,
27431,130,130,0,1,
27432,119,119,0,1,
27433,116,116,0,1,
27434,114,114,0,1,
27435,112,112,0,1,
27436,106,106,0,1,
27437,123,123,0,1,
27438,106,106,0,1,
27439,109,109,0,1,
27440,118,118,0,1,
27441,113,113,0,1,
27442,129,129,0,1,
27443,107,107,0,1,
27444,116,116,0,1,
27445,117,117,0,1,
27446,111,111,0,1,
27447,111,111,0,1,
27448,122,122,0,1,
27449,113,113,0,1,
27450,110,110,0,1,
27451,117,117,0,1,
27452,121,121,0,1,
27453,113,113,0,1,
27454,122,122,0,1,
27455,113,113,0,1,
27456,116,116,0,1,
27457,124,124,0,1,
27458,113,113,0,1,
27459,104,104,0,1,
27460,104,104,0,1,
27461,117,117,0,1,
27462,118,118,0,1,
27463,109,109,0,1,
27464,110,110,0,1,
27465,118,118,0,1,
27466,117,117,0,1,
27467,106,106,0,1,
27468,107,107,0,1,
27469,110,110,0,1,
27470,112,112,0,1,
27471,109,109,0,1,
27472,115,115,0,1,
27473,110,110,0,1,
27474,131,131,0,1,
27475,117,117,0,1,
27476,125,125,0,1,
27477,115,115,0,1,
27478,122,122,0,1,
27479,103,103,0,1,
27480,125,125,0,1,
27481,112,112,0,1,
27482,116,116,0,1,
27483,111,111,0,1,
27484,119,119,0,1,
27485,112,112,0,1,
27486,121,121,0,1,
27487,116,116,0,1,
27488,112,112,0,1,
27489,111,111,0,1,
27490,123,123,0,1,
27491,111,111,0,1,
27492,118,118,0,1,
27493,110,110,0,1,
27494,114,114,0,1,
27495,110,110,0,1,
27496,126,126,0,1,
27497,118,118,0,1,
27498,104,104,0,1,
27499,117,117,0,1,
27500,115,115,0,1,
27501,125,125,0,1,
27502,121,121,0,1,
27503,109,109,0,1,
27504,114,114,0,1,
27505,110,110,0,1,
27506,123,123,0,1,
27507,124,124,0,1,
27508,122,122,0,1,
27509,120,120,0,1,
27510,115,115,0,1,
27511,109,109,0,1,
27512,117,117,0,1,
27513,114,114,0,1,
27514,110,110,0,1,
27515,110,110,0,1,
27516,115,115,0,1,
27517,106,106,0,1,
27518,123,123,0,1,
27519,111,111,0,1,
27520,114,114,0,1,
27521,128,128,0,1,
27522,106,106,0,1,
27523,129,129,0,1,
27524,109,109,0,1,
27525,121,121,0,1,
27526,102,102,0,1,
27527,117,117,0,1,
27528,125,125,0,1,
27529,120,120,0,1,
27530,120,120,0,1,
27531,112,112,0,1,
27532,112,112,0,1,
27533,102,102,0,1,
27534,120,120,0,1,
27535,116,116,0,1,
27536,126,126,0,1,
27537,110,110,0,1,
27538,112,112,0,1,
27539,109,109,0,1,
27540,113,113,0,1,
27541,119,119,0,1,
27542,116,116,0,1,
27543,110,110,0,1,
27544,110,110,0,1,
27545,111,111,0,1,
27546,112,112,0,1,
27547,127,127,0,1,
27548,120,120,0,1,
27549,106,106,0,1,
27550,109,109,0,1,
27551,112,112,0,1,
27552,112,112,0,1,
27553,123,123,0,1,
27554,115,115,0,1,
27555,116,116,0,1,
27556,109,109,0,1,
27557,122,122,0,1,
27558,119,119,0,1,
27559,120,120,0,1,
27560,108,108,0,1,
27561,108,108,0,1,
27562,122,122,0,1,
27563,111,111,0,1,
27564,109,109,0,1,
27565,103,103,0,1,
27566,118,118,0,1,
27567,117,117,0,1,
27568,115,115,0,1,
27569,112,112,0,1,
27570,118,118,0,1,
27571,123,123,0,1,
27572,107,107,0,1,
27573,105,105,0,1,
27574,117,117,0,1,
27575,117,117,0,1,
27576,125,125,0,1,
27577,102,102,0,1,
27578,109,109,0,1,
27579,114,114,0,1,
27580,128,128,0,1,
27581,109,109,0,1,
27582,108,108,0,1,
27583,107,107,0,1,
27584,108,108,0,1,
27585,124,124,0,1,
27586,107,107,0,1,
27587,102,102,0,1,
27588,120,120,0,1,
27589,111,111,0,1,
27590,108,108,0,1,
27591,115,115,0,1,
27592,114,114,0,1,
27593,113,113,0,1,
27594,114,114,0,1,
27595,117,117,0,1,
27596,113,113,0,1,
27597,107,107,0,1,
27598,123,123,0,1,
27599,119,119,0,1,
27600,107,107,0,1,
27601,118,118,0,1,
27602,126,126,0,1,
27603,109,109,0,1,
27604,114,114,0,1,
27605,118,118,0,1,
27606,118,118,0,1,
27607,103,103,0,1,
27608,111,111,0,1,
27609,116,116,0,1,
27610,120,120,0,1,
27611,117,117,0,1,
27612,103,103,0,1,
27613,115,115,0,1,
27614,107,107,0,1,
27615,112,112,0,1,
27616,121,121,0,1,
27617,118,118,0,1,
27618,111,111,0,1,
27619,117,117,0,1,
27620,107,107,0,1,
27621,104,104,0,1,
27622,110,110,0,1,
27623,110,110,0,1,
27624,116,116,0,1,
27625,123,123,0,1,
27626,116,116,0,1,
27627,120,120,0,1,
27628,113,113,0,1,
27629,108,108,0,1,
27630,125,125,0,1,
27631,120,120,0,1,
27632,126,126,0,1,
27633,124,124,0,1,
27634,117,117,0,1,
27635,111,111,0,1,
27636,103,103,0,1,
27637,123,123,0,1,
27638,113,113,0,1,
27639,115,115,0,1,
27640,130,130,0,1,
27641,112,112,0,1,
27642,109,109,0,1,
27643,117,117,0,1,
27644,121,121,0,1,
27645,113,113,0,1,
27646,118,118,0,1,
27647,116,116,0,1,
27648,108,108,0,1,
27649,126,126,0,1,
27650,127,127,0,1,
27651,114,114,0,1,
27652,109,109,0,1,
27653,110,110,0,1,
27654,107,107,0,1,
27655,112,112,0,1,
27656,117,117,0,1,
27657,114,114,0,1,
27658,108,108,0,1,
27659,107,107,0,1,
27660,120,120,0,1,
27661,107,107,0,1,
27662,119,119,0,1,
27663,123,123,0,1,
27664,107,107,0,1,
27665,109,109,0,1,
27666,122,122,0,1,
27667,123,123,0,1,
27668,124,124,0,1,
27669,104,104,0,1,
27670,113,113,0,1,
27671,122,122,0,1,
27672,112,112,0,1,
27673,105,105,0,1,
27674,117,117,0,1,
27675,117,117,0,1,
27676,117,117,0,1,
27677,115,115,0,1,
27678,120,120,0,1,
27679,120,120,0,1,
27680,126,126,0,1,
27681,105,105,0,1,
27682,114,114,0,1,
27683,110,110,0,1,
27684,107,107,0,1,
27685,134,134,0,1,
27686,120,120,0,1,
27687,121,121,0,1,
27688,113,113,0,1,
27689,112,112,0,1,
27690,113,113,0,1,
27691,107,107,0,1,
27692,121,121,0,1,
27693,110,110,0,1,
27694,112,112,0,1,
27695,108,108,0,1,
27696,111,111,0,1,
27697,120,120,0,1,
27698,121,121,0,1,
27699,118,118,0,1,
27700,115,115,0,1,
27701,111,111,0,1,
27702,111,111,0,1,
27703,112,112,0,1,
27704,112,112,0,1,
27705,104,104,0,1,
27706,115,115,0,1,
27707,104,104,0,1,
27708,109,109,0,1,
27709,110,110,0,1,
27710,116,116,0,1,
27711,109,109,0,1,
27712,125,125,0,1,
27713,129,129,0,1,
27714,127,127,0,1,
27715,122,122,0,1,
27716,116,116,0,1,
27717,114,114,0,1,
27718,108,108,0,1,
27719,127,127,0,1,
27720,125,125,0,1,
27721,125,125,0,1,
27722,110,110,0,1,
27723,118,118,0,1,
27724,114,114,0,1,
27725,108,108,0,1,
27726,117,117,0,1,
27727,113,113,0,1,
27728,114,114,0,1,
27729,115,115,0,1,
27730,116,116,0,1,
27731,117,117,0,1,
27732,120,120,0,1,
27733,102,102,0,1,
27734,110,110,0,1,
27735,118,118,0,1,
27736,125,125,0,1,
27737,110,110,0,1,
27738,117,117,0,1,
27739,120,120,0,1,
27740,117,117,0,1,
27741,116,116,0,1,
27742,118,118,0,1,
27743,112,112,0,1,
27744,108,108,0,1,
27745,131,131,0,1,
27746,108,108,0,1,
27747,106,106,0,1,
27748,109,109,0,1,
27749,120,120,0,1,
27750,119,119,0,1,
27751,119,119,0,1,
27752,115,115,0,1,
27753,112,112,0,1,
27754,106,106,0,1,
27755,109,109,0,1,
27756,112,112,0,1,
27757,121,121,0,1,
27758,118,118,0,1,
27759,108,108,0,1,
27760,118,118,0,1,
27761,109,109,0,1,
27762,107,107,0,1,
27763,109,109,0,1,
27764,120,120,0,1,
27765,111,111,0,1,
27766,121,121,0,1,
27767,118,118,0,1,
27768,119,119,0,1,
27769,114,114,0,1,
27770,123,123,0,1,
27771,128,128,0,1,
27772,109,109,0,1,
27773,119,119,0,1,
27774,115,115,0,1,
27775,112,112,0,1,
27776,109,109,0,1,
27777,122,122,0,1,
27778,112,112,0,1,
27779,125,125,0,1,
27780,118,118,0,1,
27781,112,112,0,1,
27782,102,102,0,1,
27783,120,120,0,1,
27784,117,117,0,1,
27785,112,112,0,1,
27786,109,109,0,1,
27787,118,118,0,1,
27788,106,106,0,1,
27789,103,103,0,1,
27790,115,115,0,1,
27791,113,113,0,1,
27792,122,122,0,1,
27793,122,122,0,1,
27794,121,121,0,1,
27795,124,124,0,1,
27796,114,114,0,1,
27797,112,112,0,1,
27798,116,116,0,1,
27799,117,117,0,1,
27800,113,113,0,1,
27801,117,117,0,1,
27802,125,125,0,1,
27803,119,119,0,1,
27804,110,110,0,1,
27805,114,114,0,1,
27806,125,125,0,1,
27807,116,116,0,1,
27808,120,120,0,1,
27809,121,121,0,1,
27810,119,119,0,1,
27811,115,115,0,1,
27812,127,127,0,1,
27813,123,123,0,1,
27814,107,107,0,1,
27815,112,112,0,1,
27816,102,102,0,1,
27817,116,116,0,1,
27818,117,117,0,1,
27819,101,101,0,1,
27820,122,122,0,1,
27821,111,111,0,1,
27822,121,121,0,1,
27823,127,127,0,1,
27824,111,111,0,1,
27825,110,110,0,1,
27826,112,112,0,1,
27827,115,115,0,1,
27828,123,123,0,1,
27829,107,107,0,1,
27830,121,121,0,1,
27831,107,107,0,1,
27832,110,110,0,1,
27833,121,121,0,1,
27834,110,110,0,1,
27835,121,121,0,1,
27836,114,114,0,1,
27837,115,115,0,1,
27838,107,107,0,1,
27839,119,119,0,1,
27840,124,124,0,1,
27841,115,115,0,1,
27842,104,104,0,1,
27843,111,111,0,1,
27844,124,124,0,1,
27845,125,125,0,1,
27846,115,115,0,1,
27847,114,114,0,1,
27848,123,123,0,1,
27849,114,114,0,1,
27850,117,117,0,1,
27851,127,127,0,1,
27852,109,109,0,1,
27853,119,119,0,1,
27854,106,106,0,1,
27855,118,118,0,1,
27856,114,114,0,1,
27857,106,106,0,1,
27858,111,111,0,1,
27859,104,104,0,1,
27860,130,130,0,1,
27861,123,123,0,1,
27862,114,114,0,1,
27863,127,127,0,1,
27864,111,111,0,1,
27865,110,110,0,1,
27866,107,107,0,1,
27867,111,111,0,1,
27868,117,117,0,1,
27869,108,108,0,1,
27870,126,126,0,1,
27871,125,125,0,1,
27872,122,122,0,1,
27873,115,115,0,1,
27874,110,110,0,1,
27875,112,112,0,1,
27876,112,112,0,1,
27877,125,125,0,1,
27878,122,122,0,1,
27879,117,117,0,1,
27880,114,114,0,1,
27881,117,117,0,1,
27882,111,111,0,1,
27883,112,112,0,1,
27884,104,104,0,1,
27885,123,123,0,1,
27886,122,122,0,1,
27887,123,123,0,1,
27888,120,120,0,1,
27889,117,117,0,1,
27890,121,121,0,1,
27891,113,113,0,1,
27892,118,118,0,1,
27893,116,116,0,1,
27894,108,108,0,1,
27895,123,123,0,1,
27896,125,125,0,1,
27897,110,110,0,1,
27898,103,103,0,1,
27899,122,122,0,1,
27900,113,113,0,1,
27901,110,110,0,1,
27902,120,120,0,1,
27903,114,114,0,1,
27904,116,116,0,1,
27905,113,113,0,1,
27906,120,120,0,1,
27907,124,124,0,1,
27908,106,106,0,1,
27909,113,113,0,1,
27910,108,108,0,1,
27911,117,117,0,1,
27912,110,110,0,1,
27913,123,123,0,1,
27914,121,121,0,1,
27915,118,118,0,1,
27916,117,117,0,1,
27917,116,116,0,1,
27918,115,115,0,1,
27919,110,110,0,1,
27920,124,124,0,1,
27921,122,122,0,1,
27922,115,115,0,1,
27923,119,119,0,1,
27924,109,109,0,1,
27925,108,108,0,1,
27926,122,122,0,1,
27927,112,112,0,1,
27928,113,113,0,1,
27929,120,120,0,1,
27930,112,112,0,1,
27931,123,123,0,1,
27932,104,104,0,1,
27933,112,112,0,1,
27934,115,115,0,1,
27935,110,110,0,1,
27936,119,119,0,1,
27937,125,125,0,1,
27938,109,109,0,1,
27939,114,114,0,1,
27940,117,117,0,1,
27941,121,121,0,1,
27942,108,108,0,1,
27943,108,108,0,1,
27944,123,123,0,1,
27945,115,115,0,1,
27946,120,120,0,1,
27947,124,124,0,1,
27948,114,114,0,1,
27949,120,120,0,1,
27950,110,110,0,1,
27951,109,109,0,1,
27952,107,107,0,1,
27953,112,112,0,1,
27954,117,117,0,1,
27955,119,119,0,1,
27956,117,117,0,1,
27957,118,118,0,1,
27958,115,115,0,1,
27959,118,118,0,1,
27960,117,117,0,1,
27961,106,106,0,1,
27962,114,114,0,1,
27963,112,112,0,1,
27964,114,114,0,1,
27965,113,113,0,1,
27966,118,118,0,1,
27967,116,116,0,1,
27968,108,108,0,1,
27969,101,101,0,1,
27970,111,111,0,1,
27971,109,109,0,1,
27972,110,110,0,1,
27973,113,113,0,1,
27974,117,117,0,1,
27975,118,118,0,1,
27976,115,115,0,1,
27977,116,116,0,1,
27978,107,107,0,1,
27979,115,115,0,1,
27980,113,113,0,1,
27981,125,125,0,1,
27982,107,107,0,1,
27983,115,115,0,1,
27984,107,107,0,1,
27985,109,109,0,1,
27986,125,125,0,1,
27987,112,112,0,1,
27988,117,117,0,1,
27989,106,106,0,1,
27990,119,119,0,1,
27991,112,112,0,1,
27992,124,124,0,1,
27993,107,107,0,1,
27994,111,111,0,1,
27995,106,106,0,1,
27996,115,115,0,1,
27997,113,113,0,1,
27998,110,110,0,1,
27999,103,103,0,1,
28000,112,112,0,1,
28001,110,110,0,1,
28002,103,103,0,1,
28003,119,119,0,1,
28004,112,112,0,1,
28005,112,112,0,1,
28006,106,106,0,1,
28007,109,109,0,1,
28008,114,114,0,1,
28009,123,123,0,1,
28010,121,121,0,1,
28011,108,108,0,1,
28012,107,107,0,1,
28013,122,122,0,1,
28014,114,114,0,1,
28015,117,117,0,1,
28016,117,117,0,1,
28017,111,111,0,1,
28018,113,113,0,1,
28019,107,107,0,1,
28020,112,112,0,1,
28021,117,117,0,1,
28022,123,123,0,1,
28023,111,111,0,1,
28024,116,116,0,1,
28025,117,117,0,1,
28026,124,124,0,1,
28027,110,110,0,1,
28028,111,111,0,1,
28029,112,112,0,1,
28030,117,117,0,1,
28031,108,108,0,1,
28032,116,116,0,1,
28033,122,122,0,1,
28034,105,105,0,1,
28035,117,117,0,1,
28036,110,110,0,1,
28037,112,112,0,1,
28038,121,121,0,1,
28039,119,119,0,1,
28040,106,106,0,1,
28041,122,122,0,1,
28042,116,116,0,1,
28043,126,126,0,1,
28044,115,115,0,1,
28045,108,108,0,1,
28046,119,119,0,1,
28047,118,118,0,1,
28048,107,107,0,1,
28049,116,116,0,1,
28050,102,102,0,1,
28051,117,117,0,1,
28052,113,113,0,1,
28053,106,106,0,1,
28054,119,119,0,1,
28055,115,115,0,1,
28056,116,116,0,1,
28057,113,113,0,1,
28058,116,116,0,1,
28059,124,124,0,1,
28060,112,112,0,1,
28061,109,109,0,1,
28062,103,103,0,1,
28063,105,105,0,1,
28064,114,114,0,1,
28065,104,104,0,1,
28066,112,112,0,1,
28067,112,112,0,1,
28068,118,118,0,1,
28069,110,110,0,1,
28070,108,108,0,1,
28071,120,120,0,1,
28072,114,114,0,1,
28073,123,123,0,1,
28074,106,106,0,1,
28075,104,104,0,1,
28076,116,116,0,1,
28077,125,125,0,1,
28078,108,108,0,1,
28079,118,118,0,1,
28080,121,121,0,1,
28081,126,126,0,1,
28082,114,114,0,1,
28083,110,110,0,1,
28084,109,109,0,1,
28085,123,123,0,1,
28086,110,110,0,1,
28087,124,124,0,1,
28088,112,112,0,1,
28089,105,105,0,1,
28090,115,115,0,1,
28091,114,114,0,1,
28092,118,118,0,1,
28093,113,113,0,1,
28094,116,116,0,1,
28095,117,117,0,1,
28096,119,119,0,1,
28097,112,112,0,1,
28098,110,110,0,1,
28099,114,114,0,1,
28100,121,121,0,1,
28101,123,123,0,1,
28102,130,130,0,1,
28103,116,116,0,1,
28104,120,120,0,1,
28105,114,114,0,1,
28106,124,124,0,1,
28107,109,109,0,1,
28108,111,111,0,1,
28109,109,109,0,1,
28110,107,107,0,1,
28111,111,111,0,1,
28112,120,120,0,1,
28113,123,123,0,1,
28114,116,116,0,1,
28115,120,120,0,1,
28116,117,117,0,1,
28117,124,124,0,1,
28118,122,122,0,1,
28119,109,109,0,1,
28120,126,126,0,1,
28121,124,124,0,1,
28122,117,117,0,1,
28123,117,117,0,1,
28124,114,114,0,1,
28125,115,115,0,1,
28126,111,111,0,1,
28127,125,125,0,1,
28128,122,122,0,1,
28129,116,116,0,1,
28130,119,119,0,1,
28131,125,125,0,1,
28132,109,109,0,1,
28133,122,122,0,1,
28134,120,120,0,1,
28135,107,107,0,1,
28136,112,112,0,1,
28137,117,117,0,1,
28138,113,113,0,1,
28139,122,122,0,1,
28140,120,120,0,1,
28141,117,117,0,1,
28142,112,112,0,1,
28143,108,108,0,1,
28144,117,117,0,1,
28145,119,119,0,1,
28146,110,110,0,1,
28147,109,109,0,1,
28148,130,130,0,1,
28149,112,112,0,1,
28150,120,120,0,1,
28151,108,108,0,1,
28152,124,124,0,1,
28153,112,112,0,1,
28154,115,115,0,1,
28155,114,114,0,1,
28156,124,124,0,1,
28157,123,123,0,1,
28158,119,119,0,1,
28159,113,113,0,1,
28160,110,110,0,1,
28161,116,116,0,1,
28162,116,116,0,1,
28163,116,116,0,1,
28164,107,107,0,1,
28165,114,114,0,1,
28166,124,124,0,1,
28167,108,108,0,1,
28168,123,123,0,1,
28169,117,117,0,1,
28170,108,108,0,1,
28171,109,109,0,1,
28172,106,106,0,1,
28173,122,122,0,1,
28174,114,114,0,1,
28175,121,121,0,1,
28176,117,117,0,1,
28177,118,118,0,1,
28178,108,108,0,1,
28179,114,114,0,1,
28180,119,119,0,1,
28181,127,127,0,1,
28182,131,131,0,1,
28183,113,113,0,1,
28184,113,113,0,1,
28185,107,107,0,1,
28186,109,109,0,1,
28187,117,117,0,1,
28188,112,112,0,1,
28189,109,109,0,1,
28190,111,111,0,1,
28191,119,119,0,1,
28192,131,131,0,1,
28193,121,121,0,1,
28194,108,108,0,1,
28195,117,117,0,1,
28196,129,129,0,1,
28197,108,108,0,1,
28198,119,119,0,1,
28199,116,116,0,1,
28200,116,116,0,1,
28201,104,104,0,1,
28202,117,117,0,1,
28203,122,122,0,1,
28204,114,114,0,1,
28205,108,108,0,1,
28206,116,116,0,1,
28207,114,114,0,1,
28208,125,125,0,1,
28209,116,116,0,1,
28210,120,120,0,1,
28211,120,120,0,1,
28212,109,109,0,1,
28213,118,118,0,1,
28214,128,128,0,1,
28215,119,119,0,1,
28216,111,111,0,1,
28217,112,112,0,1,
28218,110,110,0,1,
28219,114,114,0,1,
28220,120,120,0,1,
28221,124,124,0,1,
28222,107,107,0,1,
28223,114,114,0,1,
28224,113,113,0,1,
28225,109,109,0,1,
28226,114,114,0,1,
28227,117,117,0,1,
28228,115,115,0,1,
28229,102,102,0,1,
28230,107,107,0,1,
28231,128,128,0,1,
28232,120,120,0,1,
28233,119,119,0,1,
28234,115,115,0,1,
28235,113,113,0,1,
28236,134,134,0,1,
28237,114,114,0,1,
28238,113,113,0,1,
28239,108,108,0,1,
28240,106,106,0,1,
28241,118,118,0,1,
28242,115,115,0,1,
28243,114,114,0,1,
28244,112,112,0,1,
28245,123,123,0,1,
28246,121,121,0,1,
28247,114,114,0,1,
28248,118,118,0,1,
28249,108,108,0,1,
28250,106,106,0,1,
28251,114,114,0,1,
28252,128,128,0,1,
28253,114,114,0,1,
28254,112,112,0,1,
28255,117,117,0,1,
28256,102,102,0,1,
28257,122,122,0,1,
28258,116,116,0,1,
28259,112,112,0,1,
28260,121,121,0,1,
28261,117,117,0,1,
28262,110,110,0,1,
28263,116,116,0,1,
28264,120,120,0,1,
28265,117,117,0,1,
28266,105,105,0,1,
28267,115,115,0,1,
28268,111,111,0,1,
28269,114,114,0,1,
28270,115,115,0,1,
28271,116,116,0,1,
28272,113,113,0,1,
28273,116,116,0,1,
28274,121,121,0,1,
28275,111,111,0,1,
28276,121,121,0,1,
28277,109,109,0,1,
28278,106,106,0,1,
28279,110,110,0,1,
28280,115,115,0,1,
28281,127,127,0,1,
28282,107,107,0,1,
28283,128,128,0,1,
28284,104,104,0,1,
28285,123,123,0,1,
28286,121,121,0,1,
28287,115,115,0,1,
28288,119,119,0,1,
28289,111,111,0,1,
28290,117,117,0,1,
28291,112,112,0,1,
28292,109,109,0,1,
28293,118,118,0,1,
28294,110,110,0,1,
28295,110,110,0,1,
28296,113,113,0,1,
28297,105,105,0,1,
28298,109,109,0,1,
28299,112,112,0,1,
28300,118,118,0,1,
28301,115,115,0,1,
28302,107,107,0,1,
28303,114,114,0,1,
28304,108,108,0,1,
28305,120,120,0,1,
28306,123,123,0,1,
28307,127,127,0,1,
28308,115,115,0,1,
28309,114,114,0,1,
28310,102,102,0,1,
28311,120,120,0,1,
28312,114,114,0,1,
28313,111,111,0,1,
28314,110,110,0,1,
28315,113,113,0,1,
28316,110,110,0,1,
28317,116,116,0,1,
28318,118,118,0,1,
28319,118,118,0,1,
28320,124,124,0,1,
28321,113,113,0,1,
28322,103,103,0,1,
28323,106,106,0,1,
28324,124,124,0,1,
28325,116,116,0,1,
28326,116,116,0,1,
28327,125,125,0,1,
28328,115,115,0,1,
28329,119,119,0,1,
28330,107,107,0,1,
28331,113,113,0,1,
28332,114,114,0,1,
28333,119,119,0,1,
28334,112,112,0,1,
28335,118,118,0,1,
28336,124,124,0,1,
28337,108,108,0,1,
28338,124,124,0,1,
28339,115,115,0,1,
28340,131,131,0,1,
28341,109,109,0,1,
28342,111,111,0,1,
28343,106,106,0,1,
28344,121,121,0,1,
28345,107,107,0,1,
28346,115,115,0,1,
28347,108,108,0,1,
28348,106,106,0,1,
28349,115,115,0,1,
28350,114,114,0,1,
28351,122,122,0,1,
28352,121,121,0,1,
28353,103,103,0,1,
28354,119,119,0,1,
28355,107,107,0,1,
28356,105,105,0,1,
28357,112,112,0,1,
28358,112,112,0,1,
28359,117,117,0,1,
28360,122,122,0,1,
28361,112,112,0,1,
28362,119,119,0,1,
28363,111,111,0,1,
28364,107,107,0,1,
28365,121,121,0,1,
28366,123,123,0,1,
28367,117,117,0,1,
28368,113,113,0,1,
28369,114,114,0,1,
28370,114,114,0,1,
28371,119,119,0,1,
28372,111,111,0,1,
28373,113,113,0,1,
28374,117,117,0,1,
28375,107,107,0,1,
28376,111,111,0,1,
28377,112,112,0,1,
28378,118,118,0,1,
28379,103,103,0,1,
28380,113,113,0,1,
28381,104,104,0,1,
28382,111,111,0,1,
28383,117,117,0,1,
28384,122,122,0,1,
28385,114,114,0,1,
28386,118,118,0,1,
28387,116,116,0,1,
28388,126,126,0,1,
28389,120,120,0,1,
28390,109,109,0,1,
28391,127,127,0,1,
28392,118,118,0,1,
28393,115,115,0,1,
28394,120,120,0,1,
28395,119,119,0,1,
28396,107,107,0,1,
28397,116,116,0,1,
28398,113,113,0,1,
28399,118,118,0,1,
28400,105,105,0,1,
28401,112,112,0,1,
28402,115,115,0,1,
28403,120,120,0,1,
28404,115,115,0,1,
28405,111,111,0,1,
28406,118,118,0,1,
28407,111,111,0,1,
28408,114,114,0,1,
28409,118,118,0,1,
28410,106,106,0,1,
28411,107,107,0,1,
28412,108,108,0,1,
28413,112,112,0,1,
28414,114,114,0,1,
28415,114,114,0,1,
28416,120,120,0,1,
28417,128,128,0,1,
28418,106,106,0,1,
28419,126,126,0,1,
28420,111,111,0,1,
28421,111,111,0,1,
28422,115,115,0,1,
28423,112,112,0,1,
28424,113,113,0,1,
28425,127,127,0,1,
28426,109,109,0,1,
28427,109,109,0,1,
28428,112,112,0,1,
28429,108,108,0,1,
28430,121,121,0,1,
28431,112,112,0,1,
28432,118,118,0,1,
28433,115,115,0,1,
28434,114,114,0,1,
28435,109,109,0,1,
28436,120,120,0,1,
28437,107,107,0,1,
28438,118,118,0,1,
28439,104,104,0,1,
28440,118,118,0,1,
28441,115,115,0,1,
28442,118,118,0,1,
28443,107,107,0,1,
28444,119,119,0,1,
28445,114,114,0,1,
28446,117,117,0,1,
28447,112,112,0,1,
28448,131,131,0,1,
28449,122,122,0,1,
28450,120,120,0,1,
28451,108,108,0,1,
28452,109,109,0,1,
28453,122,122,0,1,
28454,106,106,0,1,
28455,112,112,0,1,
28456,117,117,0,1,
28457,115,115,0,1,
28458,118,118,0,1,
28459,123,123,0,1,
28460,117,117,0,1,
28461,109,109,0,1,
28462,120,120,0,1,
28463,106,106,0,1,
28464,123,123,0,1,
28465,113,113,0,1,
28466,115,115,0,1,
28467,116,116,0,1,
28468,123,123,0,1,
28469,120,120,0,1,
28470,104,104,0,1,
28471,110,110,0,1,
28472,113,113,0,1,
28473,118,118,0,1,
28474,119,119,0,1,
28475,121,121,0,1,
28476,113,113,0,1,
28477,106,106,0,1,
28478,104,104,0,1,
28479,116,116,0,1,
28480,113,113,0,1,
28481,110,110,0,1,
28482,117,117,0,1,
28483,105,105,0,1,
28484,131,131,0,1,
28485,122,122,0,1,
28486,125,125,0,1,
28487,117,117,0,1,
28488,117,117,0,1,
28489,117,117,0,1,
28490,121,121,0,1,
28491,113,113,0,1,
28492,110,110,0,1,
28493,123,123,0,1,
28494,118,118,0,1,
28495,105,105,0,1,
28496,115,115,0,1,
28497,108,108,0,1,
28498,118,118,0,1,
28499,110,110,0,1,
28500,114,114,0,1,
28501,107,107,0,1,
28502,119,119,0,1,
28503,107,107,0,1,
28504,121,121,0,1,
28505,119,119,0,1,
28506,110,110,0,1,
28507,125,125,0,1,
28508,124,124,0,1,
28509,114,114,0,1,
28510,124,124,0,1,
28511,112,112,0,1,
28512,108,108,0,1,
28513,112,112,0,1,
28514,109,109,0,1,
28515,113,113,0,1,
28516,125,125,0,1,
28517,113,113,0,1,
28518,116,116,0,1,
28519,118,118,0,1,
28520,126,126,0,1,
28521,114,114,0,1,
28522,114,114,0,1,
28523,120,120,0,1,
28524,117,117,0,1,
28525,120,120,0,1,
28526,120,120,0,1,
28527,111,111,0,1,
28528,109,109,0,1,
28529,108,108,0,1,
28530,115,115,0,1,
28531,117,117,0,1,
28532,123,123,0,1,
28533,122,122,0,1,
28534,112,112,0,1,
28535,114,114,0,1,
28536,118,118,0,1,
28537,116,116,0,1,
28538,125,125,0,1,
28539,117,117,0,1,
28540,112,112,0,1,
28541,123,123,0,1,
28542,104,104,0,1,
28543,114,114,0,1,
28544,111,111,0,1,
28545,121,121,0,1,
28546,117,117,0,1,
28547,118,118,0,1,
28548,100,100,0,1,
28549,125,125,0,1,
28550,114,114,0,1,
28551,112,112,0,1,
28552,109,109,0,1,
28553,107,107,0,1,
28554,124,124,0,1,
28555,114,114,0,1,
28556,116,116,0,1,
28557,123,123,0,1,
28558,117,117,0,1,
28559,107,107,0,1,
28560,129,129,0,1,
28561,112,112,0,1,
28562,118,118,0,1,
28563,113,113,0,1,
28564,114,114,0,1,
28565,114,114,0,1,
28566,115,115,0,1,
28567,117,117,0,1,
28568,115,115,0,1,
28569,107,107,0,1,
28570,117,117,0,1,
28571,120,120,0,1,
28572,116,116,0,1,
28573,120,120,0,1,
28574,126,126,0,1,
28575,109,109,0,1,
28576,120,120,0,1,
28577,111,111,0,1,
28578,114,114,0,1,
28579,113,113,0,1,
28580,108,108,0,1,
28581,114,114,0,1,
28582,109,109,0,1,
28583,110,110,0,1,
28584,124,124,0,1,
28585,111,111,0,1,
28586,103,103,0,1,
28587,120,120,0,1,
28588,106,106,0,1,
28589,120,120,0,1,
28590,126,126,0,1,
28591,108,108,0,1,
28592,113,113,0,1,
28593,117,117,0,1,
28594,112,112,0,1,
28595,113,113,0,1,
28596,109,109,0,1,
28597,117,117,0,1,
28598,125,125,0,1,
28599,108,108,0,1,
28600,118,118,0,1,
28601,110,110,0,1,
28602,113,113,0,1,
28603,110,110,0,1,
28604,115,115,0,1,
28605,112,112,0,1,
28606,110,110,0,1,
28607,118,118,0,1,
28608,112,112,0,1,
28609,110,110,0,1,
28610,117,117,0,1,
28611,117,117,0,1,
28612,117,117,0,1,
28613,108,108,0,1,
28614,129,129,0,1,
28615,112,112,0,1,
28616,120,120,0,1,
28617,113,113,0,1,
28618,127,127,0,1,
28619,118,118,0,1,
28620,116,116,0,1,
28621,103,103,0,1,
28622,123,123,0,1,
28623,114,114,0,1,
28624,114,114,0,1,
28625,124,124,0,1,
28626,108,108,0,1,
28627,110,110,0,1,
28628,118,118,0,1,
28629,114,114,0,1,
28630,111,111,0,1,
28631,124,124,0,1,
28632,114,114,0,1,
28633,117,117,0,1,
28634,111,111,0,1,
28635,120,120,0,1,
28636,115,115,0,1,
28637,111,111,0,1,
28638,117,117,0,1,
28639,113,113,0,1,
28640,124,124,0,1,
28641,129,129,0,1,
28642,113,113,0,1,
28643,116,116,0,1,
28644,117,117,0,1,
28645,107,107,0,1,
28646,123,123,0,1,
28647,107,107,0,1,
28648,115,115,0,1,
28649,116,116,0,1,
28650,122,122,0,1,
28651,114,114,0,1,
28652,108,108,0,1,
28653,122,122,0,1,
28654,111,111,0,1,
28655,108,108,0,1,
28656,117,117,0,1,
28657,118,118,0,1,
28658,122,122,0,1,
28659,112,112,0,1,
28660,118,118,0,1,
28661,108,108,0,1,
28662,111,111,0,1,
28663,105,105,0,1,
28664,114,114,0,1,
28665,123,123,0,1,
28666,123,123,0,1,
28667,107,107,0,1,
28668,112,112,0,1,
28669,111,111,0,1,
28670,117,117,0,1,
28671,113,113,0,1,
28672,119,119,0,1,
28673,114,114,0,1,
28674,110,110,0,1,
28675,105,105,0,1,
28676,108,108,0,1,
28677,116,116,0,1,
28678,111,111,0,1,
28679,114,114,0,1,
28680,119,119,0,1,
28681,112,112,0,1,
28682,124,124,0,1,
28683,124,124,0,1,
28684,116,116,0,1,
28685,120,120,0,1,
28686,102,102,0,1,
28687,109,109,0,1,
28688,117,117,0,1,
28689,117,117,0,1,
28690,106,106,0,1,
28691,117,117,0,1,
28692,107,107,0,1,
28693,113,113,0,1,
28694,115,115,0,1,
28695,119,119,0,1,
28696,122,122,0,1,
28697,109,109,0,1,
28698,110,110,0,1,
28699,116,116,0,1,
28700,117,117,0,1,
28701,124,124,0,1,
28702,121,121,0,1,
28703,104,104,0,1,
28704,113,113,0,1,
28705,113,113,0,1,
28706,106,106,0,1,
28707,115,115,0,1,
28708,123,123,0,1,
28709,122,122,0,1,
28710,124,124,0,1,
28711,119,119,0,1,
28712,118,118,0,1,
28713,105,105,0,1,
28714,112,112,0,1,
28715,115,115,0,1,
28716,124,124,0,1,
28717,119,119,0,1,
28718,107,107,0,1,
28719,107,107,0,1,
28720,123,123,0,1,
28721,117,117,0,1,
28722,116,116,0,1,
28723,116,116,0,1,
28724,116,116,0,1,
28725,115,115,0,1,
28726,124,124,0,1,
28727,125,125,0,1,
28728,117,117,0,1,
28729,108,108,0,1,
28730,105,105,0,1,
28731,114,114,0,1,
28732,108,108,0,1,
28733,106,106,0,1,
28734,106,106,0,1,
28735,109,109,0,1,
28736,106,106,0,1,
28737,110,110,0,1,
28738,108,108,0,1,
28739,111,111,0,1,
28740,112,112,0,1,
28741,111,111,0,1,
28742,120,120,0,1,
28743,114,114,0,1,
28744,108,108,0,1,
28745,124,124,0,1,
28746,111,111,0,1,
28747,117,117,0,1,
28748,112,112,0,1,
28749,108,108,0,1,
28750,110,110,0,1,
28751,110,110,0,1,
28752,127,127,0,1,
28753,105,105,0,1,
28754,110,110,0,1,
28755,130,130,0,1,
28756,112,112,0,1,
28757,110,110,0,1,
28758,112,112,0,1,
28759,123,123,0,1,
28760,123,123,0,1,
28761,109,109,0,1,
28762,128,128,0,1,
28763,108,108,0,1,
28764,113,113,0,1,
28765,116,116,0,1,
28766,105,105,0,1,
28767,122,122,0,1,
28768,118,118,0,1,
28769,116,116,0,1,
28770,114,114,0,1,
28771,118,118,0,1,
28772,117,117,0,1,
28773,108,108,0,1,
28774,109,109,0,1,
28775,125,125,0,1,
28776,119,119,0,1,
28777,120,120,0,1,
28778,119,119,0,1,
28779,120,120,0,1,
28780,125,125,0,1,
28781,114,114,0,1,
28782,109,109,0,1,
28783,103,103,0,1,
28784,110,110,0,1,
28785,118,118,0,1,
28786,111,111,0,1,
28787,112,112,0,1,
28788,125,125,0,1,
28789,117,117,0,1,
28790,118,118,0,1,
28791,121,121,0,1,
28792,116,116,0,1,
28793,120,120,0,1,
28794,121,121,0,1,
28795,108,108,0,1,
28796,128,128,0,1,
28797,106,106,0,1,
28798,124,124,0,1,
28799,126,126,0,1,
28800,119,119,0,1,
28801,120,120,0,1,
28802,115,115,0,1,
28803,110,110,0,1,
28804,124,124,0,1,
28805,121,121,0,1,
28806,129,129,0,1,
28807,116,116,0,1,
28808,121,121,0,1,
28809,112,112,0,1,
28810,113,113,0,1,
28811,116,116,0,1,
28812,126,126,0,1,
28813,118,118,0,1,
28814,116,116,0,1,
28815,120,120,0,1,
28816,115,115,0,1,
28817,112,112,0,1,
28818,118,118,0,1,
28819,112,112,0,1,
28820,121,121,0,1,
28821,109,109,0,1,
28822,115,115,0,1,
28823,126,126,0,1,
28824,118,118,0,1,
28825,122,122,0,1,
28826,117,117,0,1,
28827,115,115,0,1,
28828,118,118,0,1,
28829,119,119,0,1,
28830,112,112,0,1,
28831,122,122,0,1,
28832,113,113,0,1,
28833,108,108,0,1,
28834,106,106,0,1,
28835,104,104,0,1,
28836,115,115,0,1,
28837,105,105,0,1,
28838,114,114,0,1,
28839,110,110,0,1,
28840,103,103,0,1,
28841,107,107,0,1,
28842,103,103,0,1,
28843,112,112,0,1,
28844,114,114,0,1,
28845,118,118,0,1,
28846,119,119,0,1,
28847,107,107,0,1,
28848,124,124,0,1,
28849,115,115,0,1,
28850,110,110,0,1,
28851,120,120,0,1,
28852,117,117,0,1,
28853,114,114,0,1,
28854,112,112,0,1,
28855,121,121,0,1,
28856,106,106,0,1,
28857,116,116,0,1,
28858,120,120,0,1,
28859,107,107,0,1,
28860,111,111,0,1,
28861,114,114,0,1,
28862,112,112,0,1,
28863,110,110,0,1,
28864,114,114,0,1,
28865,111,111,0,1,
28866,113,113,0,1,
28867,114,114,0,1,
28868,111,111,0,1,
28869,118,118,0,1,
28870,120,120,0,1,
28871,126,126,0,1,
28872,110,110,0,1,
28873,106,106,0,1,
28874,113,113,0,1,
28875,115,115,0,1,
28876,129,129,0,1,
28877,118,118,0,1,
28878,110,110,0,1,
28879,119,119,0,1,
28880,113,113,0,1,
28881,112,112,0,1,
28882,118,118,0,1,
28883,120,120,0,1,
28884,124,124,0,1,
28885,107,107,0,1,
28886,110,110,0,1,
28887,126,126,0,1,
28888,109,109,0,1,
28889,109,109,0,1,
28890,103,103,0,1,
28891,111,111,0,1,
28892,117,117,0,1,
28893,110,110,0,1,
28894,118,118,0,1,
28895,116,116,0,1,
28896,116,116,0,1,
28897,116,116,0,1,
28898,117,117,0,1,
28899,111,111,0,1,
28900,116,116,0,1,
28901,112,112,0,1,
28902,110,110,0,1,
28903,107,107,0,1,
28904,110,110,0,1,
28905,117,117,0,1,
28906,116,116,0,1,
28907,115,115,0,1,
28908,122,122,0,1,
28909,112,112,0,1,
28910,114,114,0,1,
28911,114,114,0,1,
28912,113,113,0,1,
28913,111,111,0,1,
28914,108,108,0,1,
28915,118,118,0,1,
28916,133,133,0,1,
28917,113,113,0,1,
28918,117,117,0,1,
28919,119,119,0,1,
28920,110,110,0,1,
28921,104,104,0,1,
28922,115,115,0,1,
28923,123,123,0,1,
28924,119,119,0,1,
28925,114,114,0,1,
28926,121,121,0,1,
28927,102,102,0,1,
28928,117,117,0,1,
28929,111,111,0,1,
28930,115,115,0,1,
28931,118,118,0,1,
28932,111,111,0,1,
28933,126,126,0,1,
28934,118,118,0,1,
28935,125,125,0,1,
28936,121,121,0,1,
28937,121,121,0,1,
28938,121,121,0,1,
28939,120,120,0,1,
28940,118,118,0,1,
28941,118,118,0,1,
28942,114,114,0,1,
28943,103,103,0,1,
28944,121,121,0,1,
28945,117,117,0,1,
28946,121,121,0,1,
28947,111,111,0,1,
28948,112,112,0,1,
28949,121,121,0,1,
28950,110,110,0,1,
28951,117,117,0,1,
28952,106,106,0,1,
28953,111,111,0,1,
28954,114,114,0,1,
28955,113,113,0,1,
28956,117,117,0,1,
28957,126,126,0,1,
28958,114,114,0,1,
28959,109,109,0,1,
28960,112,112,0,1,
28961,115,115,0,1,
28962,122,122,0,1,
28963,111,111,0,1,
28964,111,111,0,1,
28965,111,111,0,1,
28966,123,123,0,1,
28967,116,116,0,1,
28968,108,108,0,1,
28969,119,119,0,1,
28970,112,112,0,1,
28971,110,110,0,1,
28972,118,118,0,1,
28973,115,115,0,1,
28974,123,123,0,1,
28975,118,118,0,1,
28976,108,108,0,1,
28977,114,114,0,1,
28978,110,110,0,1,
28979,110,110,0,1,
28980,107,107,0,1,
28981,116,116,0,1,
28982,113,113,0,1,
28983,120,120,0,1,
28984,111,111,0,1,
28985,106,106,0,1,
28986,115,115,0,1,
28987,120,120,0,1,
28988,116,116,0,1,
28989,117,117,0,1,
28990,115,115,0,1,
28991,117,117,0,1,
28992,112,112,0,1,
28993,101,101,0,1,
28994,122,122,0,1,
28995,125,125,0,1,
28996,124,124,0,1,
28997,108,108,0,1,
28998,124,124,0,1,
28999,113,113,0,1,
29000,116,116,0,1,
29001,116,116,0,1,
29002,109,109,0,1,
29003,116,116,0,1,
29004,108,108,0,1,
29005,118,118,0,1,
29006,119,119,0,1,
29007,115,115,0,1,
29008,115,115,0,1,
29009,116,116,0,1,
29010,122,122,0,1,
29011,111,111,0,1,
29012,113,113,0,1,
29013,113,113,0,1,
29014,112,112,0,1,
29015,111,111,0,1,
29016,116,116,0,1,
29017,124,124,0,1,
29018,121,121,0,1,
29019,110,110,0,1,
29020,114,114,0,1,
29021,113,113,0,1,
29022,115,115,0,1,
29023,122,122,0,1,
29024,106,106,0,1,
29025,113,113,0,1,
29026,120,120,0,1,
29027,105,105,0,1,
29028,115,115,0,1,
29029,114,114,0,1,
29030,105,105,0,1,
29031,127,127,0,1,
29032,105,105,0,1,
29033,110,110,0,1,
29034,109,109,0,1,
29035,113,113,0,1,
29036,104,104,0,1,
29037,121,121,0,1,
29038,114,114,0,1,
29039,124,124,0,1,
29040,116,116,0,1,
29041,107,107,0,1,
29042,108,108,0,1,
29043,113,113,0,1,
29044,126,126,0,1,
29045,106,106,0,1,
29046,123,123,0,1,
29047,129,129,0,1,
29048,127,127,0,1,
29049,119,119,0,1,
29050,113,113,0,1,
29051,115,115,0,1,
29052,119,119,0,1,
29053,108,108,0,1,
29054,107,107,0,1,
29055,124,124,0,1,
29056,113,113,0,1,
29057,110,110,0,1,
29058,120,120,0,1,
29059,111,111,0,1,
29060,107,107,0,1,
29061,125,125,0,1,
29062,109,109,0,1,
29063,119,119,0,1,
29064,119,119,0,1,
29065,119,119,0,1,
29066,121,121,0,1,
29067,105,105,0,1,
29068,117,117,0,1,
29069,106,106,0,1,
29070,111,111,0,1,
29071,115,115,0,1,
29072,115,115,0,1,
29073,116,116,0,1,
29074,113,113,0,1,
29075,113,113,0,1,
29076,109,109,0,1,
29077,114,114,0,1,
29078,113,113,0,1,
29079,110,110,0,1,
29080,114,114,0,1,
29081,113,113,0,1,
29082,110,110,0,1,
29083,104,104,0,1,
29084,117,117,0,1,
29085,107,107,0,1,
29086,110,110,0,1,
29087,120,120,0,1,
29088,108,108,0,1,
29089,105,105,0,1,
29090,123,123,0,1,
29091,121,121,0,1,
29092,124,124,0,1,
29093,119,119,0,1,
29094,119,119,0,1,
29095,122,122,0,1,
29096,121,121,0,1,
29097,114,114,0,1,
29098,111,111,0,1,
29099,116,116,0,1,
29100,120,120,0,1,
29101,108,108,0,1,
29102,114,114,0,1,
29103,117,117,0,1,
29104,118,118,0,1,
29105,111,111,0,1,
29106,115,115,0,1,
29107,107,107,0,1,
29108,121,121,0,1,
29109,113,113,0,1,
29110,114,114,0,1,
29111,126,126,0,1,
29112,113,113,0,1,
29113,127,127,0,1,
29114,123,123,0,1,
29115,114,114,0,1,
29116,109,109,0,1,
29117,112,112,0,1,
29118,127,127,0,1,
29119,108,108,0,1,
29120,107,107,0,1,
29121,125,125,0,1,
29122,108,108,0,1,
29123,109,109,0,1,
29124,108,108,0,1,
29125,112,112,0,1,
29126,123,123,0,1,
29127,118,118,0,1,
29128,110,110,0,1,
29129,131,131,0,1,
29130,123,123,0,1,
29131,110,110,0,1,
29132,109,109,0,1,
29133,115,115,0,1,
29134,119,119,0,1,
29135,111,111,0,1,
29136,120,120,0,1,
29137,124,124,0,1,
29138,117,117,0,1,
29139,114,114,0,1,
29140,114,114,0,1,
29141,119,119,0,1,
29142,121,121,0,1,
29143,117,117,0,1,
29144,112,112,0,1,
29145,114,114,0,1,
29146,114,114,0,1,
29147,113,113,0,1,
29148,121,121,0,1,
29149,104,104,0,1,
29150,117,117,0,1,
29151,126,126,0,1,
29152,110,110,0,1,
29153,116,116,0,1,
29154,114,114,0,1,
29155,132,132,0,1,
29156,105,105,0,1,
29157,107,107,0,1,
29158,116,116,0,1,
29159,116,116,0,1,
29160,107,107,0,1,
29161,112,112,0,1,
29162,117,117,0,1,
29163,125,125,0,1,
29164,114,114,0,1,
29165,126,126,0,1,
29166,123,123,0,1,
29167,116,116,0,1,
29168,112,112,0,1,
29169,112,112,0,1,
29170,107,107,0,1,
29171,122,122,0,1,
29172,113,113,0,1,
29173,120,120,0,1,
29174,117,117,0,1,
29175,112,112,0,1,
29176,116,116,0,1,
29177,116,116,0,1,
29178,119,119,0,1,
29179,113,113,0,1,
29180,114,114,0,1,
29181,117,117,0,1,
29182,116,116,0,1,
29183,108,108,0,1,
29184,119,119,0,1,
29185,103,103,0,1,
29186,107,107,0,1,
29187,114,114,0,1,
29188,110,110,0,1,
29189,107,107,0,1,
29190,117,117,0,1,
29191,115,115,0,1,
29192,108,108,0,1,
29193,127,127,0,1,
29194,109,109,0,1,
29195,107,107,0,1,
29196,117,117,0,1,
29197,111,111,0,1,
29198,110,110,0,1,
29199,113,113,0,1,
29200,121,121,0,1,
29201,103,103,0,1,
29202,113,113,0,1,
29203,117,117,0,1,
29204,106,106,0,1,
29205,117,117,0,1,
29206,112,112,0,1,
29207,119,119,0,1,
29208,118,118,0,1,
29209,118,118,0,1,
29210,116,116,0,1,
29211,111,111,0,1,
29212,119,119,0,1,
29213,111,111,0,1,
29214,110,110,0,1,
29215,123,123,0,1,
29216,121,121,0,1,
29217,111,111,0,1,
29218,114,114,0,1,
29219,118,118,0,1,
29220,126,126,0,1,
29221,123,123,0,1,
29222,119,119,0,1,
29223,116,116,0,1,
29224,114,114,0,1,
29225,119,119,0,1,
29226,110,110,0,1,
29227,120,120,0,1,
29228,114,114,0,1,
29229,110,110,0,1,
29230,113,113,0,1,
29231,126,126,0,1,
29232,117,117,0,1,
29233,125,125,0,1,
29234,121,121,0,1,
29235,108,108,0,1,
29236,115,115,0,1,
29237,112,112,0,1,
29238,111,111,0,1,
29239,108,108,0,1,
29240,123,123,0,1,
29241,108,108,0,1,
29242,123,123,0,1,
29243,116,116,0,1,
29244,105,105,0,1,
29245,118,118,0,1,
29246,111,111,0,1,
29247,115,115,0,1,
29248,122,122,0,1,
29249,111,111,0,1,
29250,125,125,0,1,
29251,118,118,0,1,
29252,121,121,0,1,
29253,122,122,0,1,
29254,113,113,0,1,
29255,124,124,0,1,
29256,121,121,0,1,
29257,110,110,0,1,
29258,111,111,0,1,
29259,108,108,0,1,
29260,113,113,0,1,
29261,109,109,0,1,
29262,114,114,0,1,
29263,116,116,0,1,
29264,114,114,0,1,
29265,113,113,0,1,
29266,113,113,0,1,
29267,120,120,0,1,
29268,121,121,0,1,
29269,112,112,0,1,
29270,131,131,0,1,
29271,120,120,0,1,
29272,114,114,0,1,
29273,109,109,0,1,
29274,121,121,0,1,
29275,111,111,0,1,
29276,112,112,0,1,
29277,121,121,0,1,
29278,116,116,0,1,
29279,115,115,0,1,
29280,115,115,0,1,
29281,116,116,0,1,
29282,114,114,0,1,
29283,114,114,0,1,
29284,117,117,0,1,
29285,116,116,0,1,
29286,125,125,0,1,
29287,114,114,0,1,
29288,118,118,0,1,
29289,113,113,0,1,
29290,107,107,0,1,
29291,108,108,0,1,
29292,103,103,0,1,
29293,116,116,0,1,
29294,110,110,0,1,
29295,119,119,0,1,
29296,123,123,0,1,
29297,112,112,0,1,
29298,114,114,0,1,
29299,118,118,0,1,
29300,117,117,0,1,
29301,117,117,0,1,
29302,123,123,0,1,
29303,130,130,0,1,
29304,116,116,0,1,
29305,106,106,0,1,
29306,109,109,0,1,
29307,107,107,0,1,
29308,107,107,0,1,
29309,118,118,0,1,
29310,112,112,0,1,
29311,112,112,0,1,
29312,110,110,0,1,
29313,106,106,0,1,
29314,109,109,0,1,
29315,125,125,0,1,
29316,122,122,0,1,
29317,122,122,0,1,
29318,117,117,0,1,
29319,116,116,0,1,
29320,113,113,0,1,
29321,119,119,0,1,
29322,122,122,0,1,
29323,110,110,0,1,
29324,124,124,0,1,
29325,133,133,0,1,
29326,116,116,0,1,
29327,116,116,0,1,
29328,111,111,0,1,
29329,110,110,0,1,
29330,114,114,0,1,
29331,110,110,0,1,
29332,118,118,0,1,
29333,121,121,0,1,
29334,117,117,0,1,
29335,104,104,0,1,
29336,131,131,0,1,
29337,111,111,0,1,
29338,113,113,0,1,
29339,127,127,0,1,
29340,121,121,0,1,
29341,122,122,0,1,
29342,123,123,0,1,
29343,111,111,0,1,
29344,114,114,0,1,
29345,122,122,0,1,
29346,112,112,0,1,
29347,114,114,0,1,
29348,122,122,0,1,
29349,108,108,0,1,
29350,118,118,0,1,
29351,126,126,0,1,
29352,112,112,0,1,
29353,118,118,0,1,
29354,121,121,0,1,
29355,114,114,0,1,
29356,120,120,0,1,
29357,122,122,0,1,
29358,114,114,0,1,
29359,115,115,0,1,
29360,114,114,0,1,
29361,124,124,0,1,
29362,113,113,0,1,
29363,118,118,0,1,
29364,112,112,0,1,
29365,108,108,0,1,
29366,111,111,0,1,
29367,115,115,0,1,
29368,109,109,0,1,
29369,113,113,0,1,
29370,122,122,0,1,
29371,108,108,0,1,
29372,114,114,0,1,
29373,107,107,0,1,
29374,106,106,0,1,
29375,117,117,0,1,
29376,118,118,0,1,
29377,111,111,0,1,
29378,114,114,0,1,
29379,114,114,0,1,
29380,112,112,0,1,
29381,113,113,0,1,
29382,122,122,0,1,
29383,113,113,0,1,
29384,123,123,0,1,
29385,115,115,0,1,
29386,119,119,0,1,
29387,114,114,0,1,
29388,122,122,0,1,
29389,106,106,0,1,
29390,109,109,0,1,
29391,118,118,0,1,
29392,110,110,0,1,
29393,112,112,0,1,
29394,112,112,0,1,
29395,111,111,0,1,
29396,119,119,0,1,
29397,117,117,0,1,
29398,110,110,0,1,
29399,113,113,0,1,
29400,119,119,0,1,
29401,109,109,0,1,
29402,123,123,0,1,
29403,119,119,0,1,
29404,117,117,0,1,
29405,111,111,0,1,
29406,116,116,0,1,
29407,116,116,0,1,
29408,109,109,0,1,
29409,113,113,0,1,
29410,108,108,0,1,
29411,128,128,0,1,
29412,112,112,0,1,
29413,109,109,0,1,
29414,115,115,0,1,
29415,122,122,0,1,
29416,106,106,0,1,
29417,109,109,0,1,
29418,114,114,0,1,
29419,130,130,0,1,
29420,106,106,0,1,
29421,105,105,0,1,
29422,119,119,0,1,
29423,120,120,0,1,
29424,116,116,0,1,
29425,117,117,0,1,
29426,123,123,0,1,
29427,118,118,0,1,
29428,108,108,0,1,
29429,119,119,0,1,
29430,111,111,0,1,
29431,111,111,0,1,
29432,123,123,0,1,
29433,123,123,0,1,
29434,116,116,0,1,
29435,125,125,0,1,
29436,127,127,0,1,
29437,119,119,0,1,
29438,117,117,0,1,
29439,115,115,0,1,
29440,108,108,0,1,
29441,109,109,0,1,
29442,116,116,0,1,
29443,119,119,0,1,
29444,108,108,0,1,
29445,114,114,0,1,
29446,119,119,0,1,
29447,115,115,0,1,
29448,120,120,0,1,
29449,114,114,0,1,
29450,112,112,0,1,
29451,117,117,0,1,
29452,108,108,0,1,
29453,113,113,0,1,
29454,112,112,0,1,
29455,109,109,0,1,
29456,119,119,0,1,
29457,105,105,0,1,
29458,115,115,0,1,
29459,128,128,0,1,
29460,112,112,0,1,
29461,116,116,0,1,
29462,116,116,0,1,
29463,130,130,0,1,
29464,115,115,0,1,
29465,114,114,0,1,
29466,117,117,0,1,
29467,122,122,0,1,
29468,106,106,0,1,
29469,106,106,0,1,
29470,115,115,0,1,
29471,104,104,0,1,
29472,113,113,0,1,
29473,117,117,0,1,
29474,109,109,0,1,
29475,112,112,0,1,
29476,114,114,0,1,
29477,120,120,0,1,
29478,117,117,0,1,
29479,132,132,0,1,
29480,120,120,0,1,
29481,117,117,0,1,
29482,113,113,0,1,
29483,109,109,0,1,
29484,109,109,0,1,
29485,118,118,0,1,
29486,117,117,0,1,
29487,112,112,0,1,
29488,116,116,0,1,
29489,106,106,0,1,
29490,103,103,0,1,
29491,106,106,0,1,
29492,119,119,0,1,
29493,116,116,0,1,
29494,127,127,0,1,
29495,120,120,0,1,
29496,109,109,0,1,
29497,122,122,0,1,
29498,119,119,0,1,
29499,117,117,0,1,
29500,122,122,0,1,
29501,114,114,0,1,
29502,112,112,0,1,
29503,115,115,0,1,
29504,116,116,0,1,
29505,125,125,0,1,
29506,106,106,0,1,
29507,111,111,0,1,
29508,121,121,0,1,
29509,119,119,0,1,
29510,120,120,0,1,
29511,126,126,0,1,
29512,113,113,0,1,
29513,110,110,0,1,
29514,108,108,0,1,
29515,120,120,0,1,
29516,106,106,0,1,
29517,117,117,0,1,
29518,125,125,0,1,
29519,127,127,0,1,
29520,117,117,0,1,
29521,111,111,0,1,
29522,117,117,0,1,
29523,114,114,0,1,
29524,114,114,0,1,
29525,113,113,0,1,
29526,110,110,0,1,
29527,110,110,0,1,
29528,115,115,0,1,
29529,104,104,0,1,
29530,109,109,0,1,
29531,116,116,0,1,
29532,113,113,0,1,
29533,119,119,0,1,
29534,118,118,0,1,
29535,121,121,0,1,
29536,120,120,0,1,
29537,113,113,0,1,
29538,125,125,0,1,
29539,121,121,0,1,
29540,116,116,0,1,
29541,130,130,0,1,
29542,119,119,0,1,
29543,121,121,0,1,
29544,116,116,0,1,
29545,110,110,0,1,
29546,121,121,0,1,
29547,114,114,0,1,
29548,115,115,0,1,
29549,122,122,0,1,
29550,118,118,0,1,
29551,121,121,0,1,
29552,121,121,0,1,
29553,114,114,0,1,
29554,113,113,0,1,
29555,120,120,0,1,
29556,115,115,0,1,
29557,121,121,0,1,
29558,117,117,0,1,
29559,104,104,0,1,
29560,106,106,0,1,
29561,120,120,0,1,
29562,117,117,0,1,
29563,114,114,0,1,
29564,105,105,0,1,
29565,110,110,0,1,
29566,115,115,0,1,
29567,118,118,0,1,
29568,117,117,0,1,
29569,123,123,0,1,
29570,107,107,0,1,
29571,122,122,0,1,
29572,117,117,0,1,
29573,123,123,0,1,
29574,113,113,0,1,
29575,108,108,0,1,
29576,111,111,0,1,
29577,122,122,0,1,
29578,115,115,0,1,
29579,121,121,0,1,
29580,127,127,0,1,
29581,109,109,0,1,
29582,123,123,0,1,
29583,113,113,0,1,
29584,110,110,0,1,
29585,108,108,0,1,
29586,122,122,0,1,
29587,118,118,0,1,
29588,117,117,0,1,
29589,112,112,0,1,
29590,115,115,0,1,
29591,123,123,0,1,
29592,133,133,0,1,
29593,117,117,0,1,
29594,110,110,0,1,
29595,108,108,0,1,
29596,113,113,0,1,
29597,126,126,0,1,
29598,113,113,0,1,
29599,109,109,0,1,
29600,114,114,0,1,
29601,120,120,0,1,
29602,113,113,0,1,
29603,118,118,0,1,
29604,107,107,0,1,
29605,116,116,0,1,
29606,121,121,0,1,
29607,108,108,0,1,
29608,109,109,0,1,
29609,113,113,0,1,
29610,108,108,0,1,
29611,112,112,0,1,
29612,105,105,0,1,
29613,117,117,0,1,
29614,118,118,0,1,
29615,106,106,0,1,
29616,115,115,0,1,
29617,122,122,0,1,
29618,115,115,0,1,
29619,106,106,0,1,
29620,115,115,0,1,
29621,115,115,0,1,
29622,111,111,0,1,
29623,122,122,0,1,
29624,111,111,0,1,
29625,120,120,0,1,
29626,114,114,0,1,
29627,123,123,0,1,
29628,110,110,0,1,
29629,124,124,0,1,
29630,116,116,0,1,
29631,111,111,0,1,
29632,112,112,0,1,
29633,121,121,0,1,
29634,120,120,0,1,
29635,105,105,0,1,
29636,120,120,0,1,
29637,108,108,0,1,
29638,116,116,0,1,
29639,116,116,0,1,
29640,110,110,0,1,
29641,113,113,0,1,
29642,108,108,0,1,
29643,124,124,0,1,
29644,111,111,0,1,
29645,109,109,0,1,
29646,111,111,0,1,
29647,108,108,0,1,
29648,113,113,0,1,
29649,119,119,0,1,
29650,123,123,0,1,
29651,113,113,0,1,
29652,114,114,0,1,
29653,113,113,0,1,
29654,119,119,0,1,
29655,112,112,0,1,
29656,108,108,0,1,
29657,103,103,0,1,
29658,117,117,0,1,
29659,117,117,0,1,
29660,115,115,0,1,
29661,120,120,0,1,
29662,115,115,0,1,
29663,111,111,0,1,
29664,111,111,0,1,
29665,120,120,0,1,
29666,110,110,0,1,
29667,122,122,0,1,
29668,115,115,0,1,
29669,120,120,0,1,
29670,115,115,0,1,
29671,118,118,0,1,
29672,115,115,0,1,
29673,114,114,0,1,
29674,130,130,0,1,
29675,124,124,0,1,
29676,106,106,0,1,
29677,119,119,0,1,
29678,109,109,0,1,
29679,108,108,0,1,
29680,111,111,0,1,
29681,116,116,0,1,
29682,118,118,0,1,
29683,119,119,0,1,
29684,119,119,0,1,
29685,118,118,0,1,
29686,112,112,0,1,
29687,111,111,0,1,
29688,118,118,0,1,
29689,124,124,0,1,
29690,113,113,0,1,
29691,110,110,0,1,
29692,115,115,0,1,
29693,115,115,0,1,
29694,126,126,0,1,
29695,128,128,0,1,
29696,102,102,0,1,
29697,114,114,0,1,
29698,120,120,0,1,
29699,103,103,0,1,
29700,115,115,0,1,
29701,110,110,0,1,
29702,111,111,0,1,
29703,125,125,0,1,
29704,122,122,0,1,
29705,118,118,0,1,
29706,111,111,0,1,
29707,107,107,0,1,
29708,116,116,0,1,
29709,119,119,0,1,
29710,118,118,0,1,
29711,114,114,0,1,
29712,114,114,0,1,
29713,121,121,0,1,
29714,109,109,0,1,
29715,108,108,0,1,
29716,124,124,0,1,
29717,108,108,0,1,
29718,122,122,0,1,
29719,111,111,0,1,
29720,108,108,0,1,
29721,125,125,0,1,
29722,109,109,0,1,
29723,121,121,0,1,
29724,107,107,0,1,
29725,117,117,0,1,
29726,109,109,0,1,
29727,121,121,0,1,
29728,119,119,0,1,
29729,111,111,0,1,
29730,109,109,0,1,
29731,115,115,0,1,
29732,109,109,0,1,
29733,105,105,0,1,
29734,114,114,0,1,
29735,114,114,0,1,
29736,115,115,0,1,
29737,117,117,0,1,
29738,120,120,0,1,
29739,107,107,0,1,
29740,115,115,0,1,
29741,130,130,0,1,
29742,113,113,0,1,
29743,118,118,0,1,
29744,122,122,0,1,
29745,110,110,0,1,
29746,119,119,0,1,
29747,109,109,0,1,
29748,111,111,0,1,
29749,113,113,0,1,
29750,103,103,0,1,
29751,101,101,0,1,
29752,115,115,0,1,
29753,120,120,0,1,
29754,121,121,0,1,
29755,125,125,0,1,
29756,112,112,0,1,
29757,114,114,0,1,
29758,121,121,0,1,
29759,113,113,0,1,
29760,107,107,0,1,
29761,121,121,0,1,
29762,110,110,0,1,
29763,129,129,0,1,
29764,103,103,0,1,
29765,124,124,0,1,
29766,128,128,0,1,
29767,104,104,0,1,
29768,128,128,0,1,
29769,113,113,0,1,
29770,119,119,0,1,
29771,111,111,0,1,
29772,109,109,0,1,
29773,121,121,0,1,
29774,123,123,0,1,
29775,116,116,0,1,
29776,119,119,0,1,
29777,119,119,0,1,
29778,127,127,0,1,
29779,115,115,0,1,
29780,119,119,0,1,
29781,106,106,0,1,
29782,105,105,0,1,
29783,111,111,0,1,
29784,114,114,0,1,
29785,105,105,0,1,
29786,121,121,0,1,
29787,123,123,0,1,
29788,117,117,0,1,
29789,109,109,0,1,
29790,126,126,0,1,
29791,116,116,0,1,
29792,109,109,0,1,
29793,127,127,0,1,
29794,124,124,0,1,
29795,119,119,0,1,
29796,106,106,0,1,
29797,106,106,0,1,
29798,114,114,0,1,
29799,120,120,0,1,
29800,113,113,0,1,
29801,108,108,0,1,
29802,113,113,0,1,
29803,118,118,0,1,
29804,124,124,0,1,
29805,114,114,0,1,
29806,116,116,0,1,
29807,111,111,0,1,
29808,117,117,0,1,
29809,116,116,0,1,
29810,114,114,0,1,
29811,121,121,0,1,
29812,120,120,0,1,
29813,124,124,0,1,
29814,113,113,0,1,
29815,104,104,0,1,
29816,123,123,0,1,
29817,112,112,0,1,
29818,118,118,0,1,
29819,126,126,0,1,
29820,120,120,0,1,
29821,118,118,0,1,
29822,116,116,0,1,
29823,118,118,0,1,
29824,110,110,0,1,
29825,106,106,0,1,
29826,119,119,0,1,
29827,126,126,0,1,
29828,118,118,0,1,
29829,119,119,0,1,
29830,129,129,0,1,
29831,120,120,0,1,
29832,111,111,0,1,
29833,107,107,0,1,
29834,110,110,0,1,
29835,110,110,0,1,
29836,123,123,0,1,
29837,117,117,0,1,
29838,117,117,0,1,
29839,106,106,0,1,
29840,112,112,0,1,
29841,124,124,0,1,
29842,115,115,0,1,
29843,115,115,0,1,
29844,105,105,0,1,
29845,115,115,0,1,
29846,112,112,0,1,
29847,117,117,0,1,
29848,117,117,0,1,
29849,105,105,0,1,
29850,110,110,0,1,
29851,108,108,0,1,
29852,113,113,0,1,
29853,115,115,0,1,
29854,109,109,0,1,
29855,115,115,0,1,
29856,118,118,0,1,
29857,115,115,0,1,
29858,112,112,0,1,
29859,108,108,0,1,
29860,104,104,0,1,
29861,114,114,0,1,
29862,114,114,0,1,
29863,108,108,0,1,
29864,109,109,0,1,
29865,114,114,0,1,
29866,113,113,0,1,
29867,115,115,0,1,
29868,111,111,0,1,
29869,118,118,0,1,
29870,123,123,0,1,
29871,120,120,0,1,
29872,126,126,0,1,
29873,114,114,0,1,
29874,119,119,0,1,
29875,123,123,0,1,
29876,111,111,0,1,
29877,115,115,0,1,
29878,105,105,0,1,
29879,117,117,0,1,
29880,113,113,0,1,
29881,113,113,0,1,
29882,109,109,0,1,
29883,127,127,0,1,
29884,123,123,0,1,
29885,107,107,0,1,
29886,106,106,0,1,
29887,127,127,0,1,
29888,118,118,0,1,
29889,107,107,0,1,
29890,120,120,0,1,
29891,115,115,0,1,
29892,114,114,0,1,
29893,114,114,0,1,
29894,116,116,0,1,
29895,117,117,0,1,
29896,112,112,0,1,
29897,124,124,0,1,
29898,109,109,0,1,
29899,113,113,0,1,
29900,119,119,0,1,
29901,119,119,0,1,
29902,126,126,0,1,
29903,110,110,0,1,
29904,107,107,0,1,
29905,106,106,0,1,
29906,105,105,0,1,
29907,108,108,0,1,
29908,127,127,0,1,
29909,118,118,0,1,
29910,106,106,0,1,
29911,116,116,0,1,
29912,107,107,0,1,
29913,121,121,0,1,
29914,127,127,0,1,
29915,120,120,0,1,
29916,119,119,0,1,
29917,124,124,0,1,
29918,121,121,0,1,
29919,108,108,0,1,
29920,113,113,0,1,
29921,118,118,0,1,
29922,116,116,0,1,
29923,125,125,0,1,
29924,113,113,0,1,
29925,116,116,0,1,
29926,114,114,0,1,
29927,103,103,0,1,
29928,110,110,0,1,
29929,110,110,0,1,
29930,110,110,0,1,
29931,109,109,0,1,
29932,126,126,0,1,
29933,123,123,0,1,
29934,117,117,0,1,
29935,105,105,0,1,
29936,118,118,0,1,
29937,114,114,0,1,
29938,123,123,0,1,
29939,112,112,0,1,
29940,114,114,0,1,
29941,112,112,0,1,
29942,105,105,0,1,
29943,118,118,0,1,
29944,118,118,0,1,
29945,122,122,0,1,
29946,129,129,0,1,
29947,116,116,0,1,
29948,116,116,0,1,
29949,117,117,0,1,
29950,113,113,0,1,
29951,113,113,0,1,
29952,114,114,0,1,
29953,105,105,0,1,
29954,109,109,0,1,
29955,105,105,0,1,
29956,115,115,0,1,
29957,112,112,0,1,
29958,116,116,0,1,
29959,103,103,0,1,
29960,119,119,0,1,
29961,116,116,0,1,
29962,110,110,0,1,
29963,117,117,0,1,
29964,120,120,0,1,
29965,120,120,0,1,
29966,114,114,0,1,
29967,125,125,0,1,
29968,118,118,0,1,
29969,112,112,0,1,
29970,123,123,0,1,
29971,124,124,0,1,
29972,113,113,0,1,
29973,121,121,0,1,
29974,114,114,0,1,
29975,119,119,0,1,
29976,112,112,0,1,
29977,128,128,0,1,
29978,115,115,0,1,
29979,107,107,0,1,
29980,105,105,0,1,
29981,120,120,0,1,
29982,113,113,0,1,
29983,105,105,0,1,
29984,116,116,0,1,
29985,116,116,0,1,
29986,120,120,0,1,
29987,125,125,0,1,
29988,122,122,0,1,
29989,114,114,0,1,
29990,117,117,0,1,
29991,117,117,0,1,
29992,126,126,0,1,
29993,128,128,0,1,
29994,115,115,0,1,
29995,109,109,0,1,
29996,124,124,0,1,
29997,119,119,0,1,
29998,109,109,0,1,
29999,117,117,0,1,
30000,120,120,0,1,
30001,125,125,0,1,
30002,108,108,0,1,
30003,108,108,0,1,
30004,114,114,0,1,
30005,111,111,0,1,
30006,109,109,0,1,
30007,117,117,0,1,
30008,118,118,0,1,
30009,118,118,0,1,
30010,114,114,0,1,
30011,108,108,0,1,
30012,108,108,0,1,
30013,122,122,0,1,
30014,117,117,0,1,
30015,116,116,0,1,
30016,116,116,0,1,
30017,113,113,0,1,
30018,119,119,0,1,
30019,106,106,0,1,
30020,118,118,0,1,
30021,129,129,0,1,
30022,114,114,0,1,
30023,113,113,0,1,
30024,114,114,0,1,
30025,106,106,0,1,
30026,121,121,0,1,
30027,119,119,0,1,
30028,122,122,0,1,
30029,113,113,0,1,
30030,110,110,0,1,
30031,120,120,0,1,
30032,108,108,0,1,
30033,122,122,0,1,
30034,112,112,0,1,
30035,114,114,0,1,
30036,122,122,0,1,
30037,119,119,0,1,
30038,114,114,0,1,
30039,123,123,0,1,
30040,107,107,0,1,
30041,108,108,0,1,
30042,125,125,0,1,
30043,121,121,0,1,
30044,123,123,0,1,
30045,112,112,0,1,
30046,123,123,0,1,
30047,114,114,0,1,
30048,120,120,0,1,
30049,121,121,0,1,
30050,121,121,0,1,
30051,110,110,0,1,
30052,112,112,0,1,
30053,117,117,0,1,
30054,120,120,0,1,
30055,118,118,0,1,
30056,128,128,0,1,
30057,114,114,0,1,
30058,129,129,0,1,
30059,116,116,0,1,
30060,109,109,0,1,
30061,119,119,0,1,
30062,119,119,0,1,
30063,127,127,0,1,
30064,112,112,0,1,
30065,108,108,0,1,
30066,122,122,0,1,
30067,119,119,0,1,
30068,113,113,0,1,
30069,117,117,0,1,
30070,116,116,0,1,
30071,117,117,0,1,
30072,118,118,0,1,
30073,115,115,0,1,
30074,113,113,0,1,
30075,112,112,0,1,
30076,114,114,0,1,
30077,114,114,0,1,
30078,115,115,0,1,
30079,103,103,0,1,
30080,128,128,0,1,
30081,112,112,0,1,
30082,106,106,0,1,
30083,112,112,0,1,
30084,112,112,0,1,
30085,111,111,0,1,
30086,105,105,0,1,
30087,120,120,0,1,
30088,109,109,0,1,
30089,108,108,0,1,
30090,120,120,0,1,
30091,129,129,0,1,
30092,114,114,0,1,
30093,109,109,0,1,
30094,114,114,0,1,
30095,123,123,0,1,
30096,110,110,0,1,
30097,113,113,0,1,
30098,117,117,0,1,
30099,120,120,0,1,
30100,112,112,0,1,
30101,108,108,0,1,
30102,114,114,0,1,
30103,116,116,0,1,
30104,114,114,0,1,
30105,110,110,0,1,
30106,120,120,0,1,
30107,116,116,0,1,
30108,118,118,0,1,
30109,114,114,0,1,
30110,119,119,0,1,
30111,112,112,0,1,
30112,109,109,0,1,
30113,105,105,0,1,
30114,116,116,0,1,
30115,115,115,0,1,
30116,119,119,0,1,
30117,126,126,0,1,
30118,105,105,0,1,
30119,123,123,0,1,
30120,109,109,0,1,
30121,112,112,0,1,
30122,118,118,0,1,
30123,110,110,0,1,
30124,123,123,0,1,
30125,105,105,0,1,
30126,113,113,0,1,
30127,118,118,0,1,
30128,122,122,0,1,
30129,120,120,0,1,
30130,117,117,0,1,
30131,113,113,0,1,
30132,111,111,0,1,
30133,110,110,0,1,
30134,114,114,0,1,
30135,116,116,0,1,
30136,114,114,0,1,
30137,107,107,0,1,
30138,122,122,0,1,
30139,110,110,0,1,
30140,106,106,0,1,
30141,115,115,0,1,
30142,117,117,0,1,
30143,113,113,0,1,
30144,121,121,0,1,
30145,104,104,0,1,
30146,101,101,0,1,
30147,124,124,0,1,
30148,108,108,0,1,
30149,118,118,0,1,
30150,122,122,0,1,
30151,125,125,0,1,
30152,118,118,0,1,
30153,114,114,0,1,
30154,108,108,0,1,
30155,112,112,0,1,
30156,108,108,0,1,
30157,121,121,0,1,
30158,114,114,0,1,
30159,115,115,0,1,
30160,111,111,0,1,
30161,121,121,0,1,
30162,120,120,0,1,
30163,109,109,0,1,
30164,117,117,0,1,
30165,121,121,0,1,
30166,113,113,0,1,
30167,121,121,0,1,
30168,117,117,0,1,
30169,109,109,0,1,
30170,112,112,0,1,
30171,114,114,0,1,
30172,117,117,0,1,
30173,112,112,0,1,
30174,113,113,0,1,
30175,110,110,0,1,
30176,111,111,0,1,
30177,119,119,0,1,
30178,114,114,0,1,
30179,123,123,0,1,
30180,116,116,0,1,
30181,110,110,0,1,
30182,123,123,0,1,
30183,112,112,0,1,
30184,111,111,0,1,
30185,115,115,0,1,
30186,114,114,0,1,
30187,114,114,0,1,
30188,111,111,0,1,
30189,107,107,0,1,
30190,114,114,0,1,
30191,117,117,0,1,
30192,124,124,0,1,
30193,125,125,0,1,
30194,101,101,0,1,
30195,113,113,0,1,
30196,118,118,0,1,
30197,129,129,0,1,
30198,114,114,0,1,
30199,121,121,0,1,
30200,117,117,0,1,
30201,122,122,0,1,
30202,126,126,0,1,
30203,112,112,0,1,
30204,118,118,0,1,
30205,121,121,0,1,
30206,116,116,0,1,
30207,119,119,0,1,
30208,112,112,0,1,
30209,108,108,0,1,
30210,109,109,0,1,
30211,124,124,0,1,
30212,117,117,0,1,
30213,106,106,0,1,
30214,112,112,0,1,
30215,115,115,0,1,
30216,116,116,0,1,
30217,110,110,0,1,
30218,127,127,0,1,
30219,122,122,0,1,
30220,114,114,0,1,
30221,123,123,0,1,
30222,116,116,0,1,
30223,117,117,0,1,
30224,107,107,0,1,
30225,113,113,0,1,
30226,107,107,0,1,
30227,120,120,0,1,
30228,108,108,0,1,
30229,122,122,0,1,
30230,122,122,0,1,
30231,122,122,0,1,
30232,113,113,0,1,
30233,117,117,0,1,
30234,116,116,0,1,
30235,120,120,0,1,
30236,119,119,0,1,
30237,116,116,0,1,
30238,112,112,0,1,
30239,112,112,0,1,
30240,120,120,0,1,
30241,113,113,0,1,
30242,116,116,0,1,
30243,116,116,0,1,
30244,119,119,0,1,
30245,116,116,0,1,
30246,106,106,0,1,
30247,128,128,0,1,
30248,113,113,0,1,
30249,114,114,0,1,
30250,125,125,0,1,
30251,111,111,0,1,
30252,124,124,0,1,
30253,118,118,0,1,
30254,115,115,0,1,
30255,121,121,0,1,
30256,115,115,0,1,
30257,116,116,0,1,
30258,113,113,0,1,
30259,117,117,0,1,
30260,119,119,0,1,
30261,109,109,0,1,
30262,121,121,0,1,
30263,121,121,0,1,
30264,116,116,0,1,
30265,102,102,0,1,
30266,110,110,0,1,
30267,116,116,0,1,
30268,123,123,0,1,
30269,115,115,0,1,
30270,122,122,0,1,
30271,114,114,0,1,
30272,120,120,0,1,
30273,126,126,0,1,
30274,107,107,0,1,
30275,112,112,0,1,
30276,123,123,0,1,
30277,123,123,0,1,
30278,110,110,0,1,
30279,108,108,0,1,
30280,108,108,0,1,
30281,126,126,0,1,
30282,106,106,0,1,
30283,111,111,0,1,
30284,113,113,0,1,
30285,124,124,0,1,
30286,124,124,0,1,
30287,115,115,0,1,
30288,114,114,0,1,
30289,113,113,0,1,
30290,109,109,0,1,
30291,119,119,0,1,
30292,117,117,0,1,
30293,122,122,0,1,
30294,111,111,0,1,
30295,108,108,0,1,
30296,117,117,0,1,
30297,125,125,0,1,
30298,118,118,0,1,
30299,110,110,0,1,
30300,108,108,0,1,
30301,125,125,0,1,
30302,111,111,0,1,
30303,113,113,0,1,
30304,112,112,0,1,
30305,126,126,0,1,
30306,125,125,0,1,
30307,107,107,0,1,
30308,110,110,0,1,
30309,120,120,0,1,
30310,111,111,0,1,
30311,113,113,0,1,
30312,117,117,0,1,
30313,106,106,0,1,
30314,112,112,0,1,
30315,112,112,0,1,
30316,121,121,0,1,
30317,113,113,0,1,
30318,110,110,0,1,
30319,114,114,0,1,
30320,120,120,0,1,
30321,114,114,0,1,
30322,111,111,0,1,
30323,117,117,0,1,
30324,118,118,0,1,
30325,102,102,0,1,
30326,120,120,0,1,
30327,114,114,0,1,
30328,115,115,0,1,
30329,124,124,0,1,
30330,106,106,0,1,
30331,122,122,0,1,
30332,111,111,0,1,
30333,118,118,0,1,
30334,110,110,0,1,
30335,106,106,0,1,
30336,117,117,0,1,
30337,107,107,0,1,
30338,112,112,0,1,
30339,116,116,0,1,
30340,111,111,0,1,
30341,114,114,0,1,
30342,117,117,0,1,
30343,121,121,0,1,
30344,117,117,0,1,
30345,117,117,0,1,
30346,114,114,0,1,
30347,117,117,0,1,
30348,115,115,0,1,
30349,114,114,0,1,
30350,113,113,0,1,
30351,121,121,0,1,
30352,122,122,0,1,
30353,117,117,0,1,
30354,121,121,0,1,
30355,110,110,0,1,
30356,119,119,0,1,
30357,114,114,0,1,
30358,111,111,0,1,
30359,114,114,0,1,
30360,111,111,0,1,
30361,119,119,0,1,
30362,126,126,0,1,
30363,118,118,0,1,
30364,111,111,0,1,
30365,112,112,0,1,
30366,112,112,0,1,
30367,125,125,0,1,
30368,108,108,0,1,
30369,126,126,0,1,
30370,105,105,0,1,
30371,128,128,0,1,
30372,114,114,0,1,
30373,108,108,0,1,
30374,119,119,0,1,
30375,115,115,0,1,
30376,118,118,0,1,
30377,112,112,0,1,
30378,113,113,0,1,
30379,124,124,0,1,
30380,112,112,0,1,
30381,109,109,0,1,
30382,121,121,0,1,
30383,119,119,0,1,
30384,110,110,0,1,
30385,122,122,0,1,
30386,110,110,0,1,
30387,105,105,0,1,
30388,125,125,0,1,
30389,115,115,0,1,
30390,121,121,0,1,
30391,111,111,0,1,
30392,128,128,0,1,
30393,120,120,0,1,
30394,111,111,0,1,
30395,130,130,0,1,
30396,115,115,0,1,
30397,122,122,0,1,
30398,107,107,0,1,
30399,122,122,0,1,
30400,130,130,0,1,
30401,114,114,0,1,
30402,109,109,0,1,
30403,114,114,0,1,
30404,123,123,0,1,
30405,112,112,0,1,
30406,113,113,0,1,
30407,127,127,0,1,
30408,118,118,0,1,
30409,119,119,0,1,
30410,119,119,0,1,
30411,117,117,0,1,
30412,114,114,0,1,
30413,118,118,0,1,
30414,121,121,0,1,
30415,117,117,0,1,
30416,126,126,0,1,
30417,118,118,0,1,
30418,115,115,0,1,
30419,116,116,0,1,
30420,112,112,0,1,
30421,128,128,0,1,
30422,127,127,0,1,
30423,106,106,0,1,
30424,123,123,0,1,
30425,120,120,0,1,
30426,107,107,0,1,
30427,119,119,0,1,
30428,112,112,0,1,
30429,122,122,0,1,
30430,123,123,0,1,
30431,113,113,0,1,
30432,113,113,0,1,
30433,108,108,0,1,
30434,112,112,0,1,
30435,110,110,0,1,
30436,122,122,0,1,
30437,109,109,0,1,
30438,107,107,0,1,
30439,112,112,0,1,
30440,126,126,0,1,
30441,105,105,0,1,
30442,122,122,0,1,
30443,113,113,0,1,
30444,111,111,0,1,
30445,115,115,0,1,
30446,118,118,0,1,
30447,110,110,0,1,
30448,124,124,0,1,
30449,119,119,0,1,
30450,103,103,0,1,
30451,107,107,0,1,
30452,123,123,0,1,
30453,111,111,0,1,
30454,107,107,0,1,
30455,110,110,0,1,
30456,127,127,0,1,
30457,112,112,0,1,
30458,117,117,0,1,
30459,118,118,0,1,
30460,108,108,0,1,
30461,111,111,0,1,
30462,109,109,0,1,
30463,108,108,0,1,
30464,117,117,0,1,
30465,115,115,0,1,
30466,112,112,0,1,
30467,126,126,0,1,
30468,113,113,0,1,
30469,106,106,0,1,
30470,113,113,0,1,
30471,101,101,0,1,
30472,115,115,0,1,
30473,114,114,0,1,
30474,112,112,0,1,
30475,116,116,0,1,
30476,117,117,0,1,
30477,123,123,0,1,
30478,107,107,0,1,
30479,118,118,0,1,
30480,108,108,0,1,
30481,108,108,0,1,
30482,120,120,0,1,
30483,112,112,0,1,
30484,111,111,0,1,
30485,106,106,0,1,
30486,115,115,0,1,
30487,118,118,0,1,
30488,111,111,0,1,
30489,107,107,0,1,
30490,114,114,0,1,
30491,127,127,0,1,
30492,120,120,0,1,
30493,118,118,0,1,
30494,113,113,0,1,
30495,126,126,0,1,
30496,121,121,0,1,
30497,110,110,0,1,
30498,119,119,0,1,
30499,116,116,0,1,
30500,114,114,0,1,
30501,125,125,0,1,
30502,119,119,0,1,
30503,109,109,0,1,
30504,114,114,0,1,
30505,116,116,0,1,
30506,113,113,0,1,
30507,120,120,0,1,
30508,120,120,0,1,
30509,128,128,0,1,
30510,113,113,0,1,
30511,115,115,0,1,
30512,115,115,0,1,
30513,110,110,0,1,
30514,116,116,0,1,
30515,107,107,0,1,
30516,117,117,0,1,
30517,126,126,0,1,
30518,114,114,0,1,
30519,124,124,0,1,
30520,106,106,0,1,
30521,106,106,0,1,
30522,106,106,0,1,
30523,123,123,0,1,
30524,105,105,0,1,
30525,122,122,0,1,
30526,110,110,0,1,
30527,123,123,0,1,
30528,119,119,0,1,
30529,120,120,0,1,
30530,126,126,0,1,
30531,109,109,0,1,
30532,111,111,0,1,
30533,117,117,0,1,
30534,117,117,0,1,
30535,123,123,0,1,
30536,110,110,0,1,
30537,119,119,0,1,
30538,121,121,0,1,
30539,120,120,0,1,
30540,119,119,0,1,
30541,116,116,0,1,
30542,106,106,0,1,
30543,119,119,0,1,
30544,112,112,0,1,
30545,113,113,0,1,
30546,104,104,0,1,
30547,109,109,0,1,
30548,118,118,0,1,
30549,107,107,0,1,
30550,117,117,0,1,
30551,105,105,0,1,
30552,112,112,0,1,
30553,110,110,0,1,
30554,105,105,0,1,
30555,113,113,0,1,
30556,121,121,0,1,
30557,110,110,0,1,
30558,120,120,0,1,
30559,111,111,0,1,
30560,115,115,0,1,
30561,118,118,0,1,
30562,121,121,0,1,
30563,120,120,0,1,
30564,116,116,0,1,
30565,107,107,0,1,
30566,119,119,0,1,
30567,116,116,0,1,
30568,110,110,0,1,
30569,112,112,0,1,
30570,118,118,0,1,
30571,111,111,0,1,
30572,112,112,0,1,
30573,122,122,0,1,
30574,121,121,0,1,
30575,111,111,0,1,
30576,125,125,0,1,
30577,113,113,0,1,
30578,115,115,0,1,
30579,118,118,0,1,
30580,120,120,0,1,
30581,127,127,0,1,
30582,111,111,0,1,
30583,124,124,0,1,
30584,116,116,0,1,
30585,124,124,0,1,
30586,110,110,0,1,
30587,127,127,0,1,
30588,116,116,0,1,
30589,121,121,0,1,
30590,118,118,0,1,
30591,112,112,0,1,
30592,112,112,0,1,
30593,115,115,0,1,
30594,121,121,0,1,
30595,110,110,0,1,
30596,123,123,0,1,
30597,118,118,0,1,
30598,126,126,0,1,
30599,120,120,0,1,
30600,111,111,0,1,
30601,121,121,0,1,
30602,122,122,0,1,
30603,106,106,0,1,
30604,113,113,0,1,
30605,102,102,0,1,
30606,123,123,0,1,
30607,115,115,0,1,
30608,112,112,0,1,
30609,116,116,0,1,
30610,116,116,0,1,
30611,106,106,0,1,
30612,119,119,0,1,
30613,118,118,0,1,
30614,111,111,0,1,
30615,107,107,0,1,
30616,115,115,0,1,
30617,122,122,0,1,
30618,114,114,0,1,
30619,115,115,0,1,
30620,108,108,0,1,
30621,115,115,0,1,
30622,121,121,0,1,
30623,125,125,0,1,
30624,111,111,0,1,
30625,113,113,0,1,
30626,111,111,0,1,
30627,119,119,0,1,
30628,115,115,0,1,
30629,109,109,0,1,
30630,117,117,0,1,
30631,128,128,0,1,
30632,109,109,0,1,
30633,130,130,0,1,
30634,111,111,0,1,
30635,117,117,0,1,
30636,118,118,0,1,
30637,113,113,0,1,
30638,108,108,0,1,
30639,104,104,0,1,
30640,119,119,0,1,
30641,116,116,0,1,
30642,129,129,0,1,
30643,118,118,0,1,
30644,124,124,0,1,
30645,108,108,0,1,
30646,106,106,0,1,
30647,124,124,0,1,
30648,118,118,0,1,
30649,107,107,0,1,
30650,107,107,0,1,
30651,102,102,0,1,
30652,125,125,0,1,
30653,125,125,0,1,
30654,123,123,0,1,
30655,109,109,0,1,
30656,115,115,0,1,
30657,103,103,0,1,
30658,112,112,0,1,
30659,117,117,0,1,
30660,110,110,0,1,
30661,116,116,0,1,
30662,116,116,0,1,
30663,119,119,0,1,
30664,113,113,0,1,
30665,114,114,0,1,
30666,117,117,0,1,
30667,119,119,0,1,
30668,114,114,0,1,
30669,121,121,0,1,
30670,118,118,0,1,
30671,121,121,0,1,
30672,122,122,0,1,
30673,110,110,0,1,
30674,119,119,0,1,
30675,121,121,0,1,
30676,116,116,0,1,
30677,105,105,0,1,
30678,111,111,0,1,
30679,112,112,0,1,
30680,117,117,0,1,
30681,120,120,0,1,
30682,116,116,0,1,
30683,120,120,0,1,
30684,111,111,0,1,
30685,112,112,0,1,
30686,109,109,0,1,
30687,105,105,0,1,
30688,109,109,0,1,
30689,109,109,0,1,
30690,117,117,0,1,
30691,107,107,0,1,
30692,120,120,0,1,
30693,116,116,0,1,
30694,113,113,0,1,
30695,117,117,0,1,
30696,119,119,0,1,
30697,110,110,0,1,
30698,120,120,0,1,
30699,118,118,0,1,
30700,119,119,0,1,
30701,107,107,0,1,
30702,108,108,0,1,
30703,118,118,0,1,
30704,111,111,0,1,
30705,109,109,0,1,
30706,109,109,0,1,
30707,122,122,0,1,
30708,122,122,0,1,
30709,123,123,0,1,
30710,112,112,0,1,
30711,107,107,0,1,
30712,110,110,0,1,
30713,112,112,0,1,
30714,120,120,0,1,
30715,123,123,0,1,
30716,118,118,0,1,
30717,110,110,0,1,
30718,113,113,0,1,
30719,115,115,0,1,
30720,112,112,0,1,
30721,112,112,0,1,
30722,104,104,0,1,
30723,116,116,0,1,
30724,110,110,0,1,
30725,114,114,0,1,
30726,117,117,0,1,
30727,129,129,0,1,
30728,115,115,0,1,
30729,125,125,0,1,
30730,111,111,0,1,
30731,115,115,0,1,
30732,114,114,0,1,
30733,111,111,0,1,
30734,115,115,0,1,
30735,102,102,0,1,
30736,124,124,0,1,
30737,130,130,0,1,
30738,111,111,0,1,
30739,117,117,0,1,
30740,108,108,0,1,
30741,103,103,0,1,
30742,113,113,0,1,
30743,112,112,0,1,
30744,118,118,0,1,
30745,112,112,0,1,
30746,113,113,0,1,
30747,113,113,0,1,
30748,113,113,0,1,
30749,110,110,0,1,
30750,120,120,0,1,
30751,112,112,0,1,
30752,114,114,0,1,
30753,114,114,0,1,
30754,120,120,0,1,
30755,116,116,0,1,
30756,107,107,0,1,
30757,106,106,0,1,
30758,113,113,0,1,
30759,105,105,0,1,
30760,111,111,0,1,
30761,108,108,0,1,
30762,122,122,0,1,
30763,118,118,0,1,
30764,108,108,0,1,
30765,109,109,0,1,
30766,125,125,0,1,
30767,110,110,0,1,
30768,109,109,0,1,
30769,114,114,0,1,
30770,114,114,0,1,
30771,117,117,0,1,
30772,109,109,0,1,
30773,120,120,0,1,
30774,120,120,0,1,
30775,120,120,0,1,
30776,116,116,0,1,
30777,110,110,0,1,
30778,112,112,0,1,
30779,106,106,0,1,
30780,115,115,0,1,
30781,118,118,0,1,
30782,107,107,0,1,
30783,108,108,0,1,
30784,125,125,0,1,
30785,117,117,0,1,
30786,124,124,0,1,
30787,118,118,0,1,
30788,107,107,0,1,
30789,121,121,0,1,
30790,117,117,0,1,
30791,114,114,0,1,
30792,114,114,0,1,
30793,119,119,0,1,
30794,104,104,0,1,
30795,108,108,0,1,
30796,118,118,0,1,
30797,104,104,0,1,
30798,110,110,0,1,
30799,112,112,0,1,
30800,109,109,0,1,
30801,125,125,0,1,
30802,121,121,0,1,
30803,124,124,0,1,
30804,110,110,0,1,
30805,124,124,0,1,
30806,117,117,0,1,
30807,113,113,0,1,
30808,111,111,0,1,
30809,108,108,0,1,
30810,105,105,0,1,
30811,124,124,0,1,
30812,126,126,0,1,
30813,104,104,0,1,
30814,112,112,0,1,
30815,107,107,0,1,
30816,111,111,0,1,
30817,115,115,0,1,
30818,116,116,0,1,
30819,120,120,0,1,
30820,111,111,0,1,
30821,127,127,0,1,
30822,108,108,0,1,
30823,108,108,0,1,
30824,126,126,0,1,
30825,127,127,0,1,
30826,117,117,0,1,
30827,114,114,0,1,
30828,110,110,0,1,
30829,111,111,0,1,
30830,112,112,0,1,
30831,127,127,0,1,
30832,112,112,0,1,
30833,107,107,0,1,
30834,110,110,0,1,
30835,111,111,0,1,
30836,116,116,0,1,
30837,122,122,0,1,
30838,114,114,0,1,
30839,115,115,0,1,
30840,109,109,0,1,
30841,123,123,0,1,
30842,120,120,0,1,
30843,115,115,0,1,
30844,127,127,0,1,
30845,110,110,0,1,
30846,115,115,0,1,
30847,127,127,0,1,
30848,121,121,0,1,
30849,106,106,0,1,
30850,121,121,0,1,
30851,117,117,0,1,
30852,112,112,0,1,
30853,124,124,0,1,
30854,128,128,0,1,
30855,117,117,0,1,
30856,111,111,0,1,
30857,116,116,0,1,
30858,121,121,0,1,
30859,117,117,0,1,
30860,121,121,0,1,
30861,113,113,0,1,
30862,115,115,0,1,
30863,107,107,0,1,
30864,107,107,0,1,
30865,131,131,0,1,
30866,119,119,0,1,
30867,109,109,0,1,
30868,120,120,0,1,
30869,112,112,0,1,
30870,111,111,0,1,
30871,108,108,0,1,
30872,119,119,0,1,
30873,108,108,0,1,
30874,115,115,0,1,
30875,123,123,0,1,
30876,116,116,0,1,
30877,119,119,0,1,
30878,106,106,0,1,
30879,125,125,0,1,
30880,116,116,0,1,
30881,110,110,0,1,
30882,123,123,0,1,
30883,109,109,0,1,
30884,112,112,0,1,
30885,125,125,0,1,
30886,116,116,0,1,
30887,109,109,0,1,
30888,104,104,0,1,
30889,115,115,0,1,
30890,106,106,0,1,
30891,116,116,0,1,
30892,119,119,0,1,
30893,125,125,0,1,
30894,107,107,0,1,
30895,115,115,0,1,
30896,110,110,0,1,
30897,118,118,0,1,
30898,109,109,0,1,
30899,113,113,0,1,
30900,115,115,0,1,
30901,112,112,0,1,
30902,111,111,0,1,
30903,116,116,0,1,
30904,113,113,0,1,
30905,124,124,0,1,
30906,126,126,0,1,
30907,130,130,0,1,
30908,116,116,0,1,
30909,115,115,0,1,
30910,112,112,0,1,
30911,113,113,0,1,
30912,111,111,0,1,
30913,113,113,0,1,
30914,113,113,0,1,
30915,110,110,0,1,
30916,104,104,0,1,
30917,100,100,0,1,
30918,115,115,0,1,
30919,113,113,0,1,
30920,115,115,0,1,
30921,125,125,0,1,
30922,119,119,0,1,
30923,113,113,0,1,
30924,104,104,0,1,
30925,111,111,0,1,
30926,117,117,0,1,
30927,115,115,0,1,
30928,116,116,0,1,
30929,113,113,0,1,
30930,119,119,0,1,
30931,108,108,0,1,
30932,113,113,0,1,
30933,110,110,0,1,
30934,106,106,0,1,
30935,121,121,0,1,
30936,114,114,0,1,
30937,117,117,0,1,
30938,121,121,0,1,
30939,120,120,0,1,
30940,113,113,0,1,
30941,111,111,0,1,
30942,110,110,0,1,
30943,113,113,0,1,
30944,108,108,0,1,
30945,117,117,0,1,
30946,115,115,0,1,
30947,121,121,0,1,
30948,114,114,0,1,
30949,110,110,0,1,
30950,119,119,0,1,
30951,111,111,0,1,
30952,124,124,0,1,
30953,120,120,0,1,
30954,106,106,0,1,
30955,112,112,0,1,
30956,118,118,0,1,
30957,121,121,0,1,
30958,120,120,0,1,
30959,103,103,0,1,
30960,118,118,0,1,
30961,132,132,0,1,
30962,108,108,0,1,
30963,119,119,0,1,
30964,120,120,0,1,
30965,121,121,0,1,
30966,114,114,0,1,
30967,110,110,0,1,
30968,109,109,0,1,
30969,127,127,0,1,
30970,115,115,0,1,
30971,117,117,0,1,
30972,109,109,0,1,
30973,125,125,0,1,
30974,116,116,0,1,
30975,107,107,0,1,
30976,113,113,0,1,
30977,106,106,0,1,
30978,115,115,0,1,
30979,115,115,0,1,
30980,112,112,0,1,
30981,113,113,0,1,
30982,117,117,0,1,
30983,115,115,0,1,
30984,118,118,0,1,
30985,100,100,0,1,
30986,114,114,0,1,
30987,110,110,0,1,
30988,112,112,0,1,
30989,113,113,0,1,
30990,116,116,0,1,
30991,110,110,0,1,
30992,109,109,0,1,
30993,112,112,0,1,
30994,109,109,0,1,
30995,111,111,0,1,
30996,112,112,0,1,
30997,124,124,0,1,
30998,112,112,0,1,
30999,107,107,0,1,
31000,109,109,0,1,
31001,118,118,0,1,
31002,123,123,0,1,
31003,109,109,0,1,
31004,117,117,0,1,
31005,115,115,0,1,
31006,115,115,0,1,
31007,105,105,0,1,
31008,112,112,0,1,
31009,119,119,0,1,
31010,115,115,0,1,
31011,115,115,0,1,
31012,113,113,0,1,
31013,107,107,0,1,
31014,110,110,0,1,
31015,101,101,0,1,
31016,110,110,0,1,
31017,112,112,0,1,
31018,120,120,0,1,
31019,122,122,0,1,
31020,109,109,0,1,
31021,109,109,0,1,
31022,128,128,0,1,
31023,114,114,0,1,
31024,117,117,0,1,
31025,103,103,0,1,
31026,122,122,0,1,
31027,123,123,0,1,
31028,123,123,0,1,
31029,126,126,0,1,
31030,112,112,0,1,
31031,114,114,0,1,
31032,112,112,0,1,
31033,118,118,0,1,
31034,113,113,0,1,
31035,113,113,0,1,
31036,105,105,0,1,
31037,106,106,0,1,
31038,105,105,0,1,
31039,116,116,0,1,
31040,115,115,0,1,
31041,122,122,0,1,
31042,125,125,0,1,
31043,126,126,0,1,
31044,115,115,0,1,
31045,105,105,0,1,
31046,112,112,0,1,
31047,101,101,0,1,
31048,110,110,0,1,
31049,121,121,0,1,
31050,111,111,0,1,
31051,112,112,0,1,
31052,112,112,0,1,
31053,111,111,0,1,
31054,118,118,0,1,
31055,114,114,0,1,
31056,122,122,0,1,
31057,115,115,0,1,
31058,117,117,0,1,
31059,108,108,0,1,
31060,109,109,0,1,
31061,114,114,0,1,
31062,112,112,0,1,
31063,120,120,0,1,
31064,112,112,0,1,
31065,120,120,0,1,
31066,112,112,0,1,
31067,113,113,0,1,
31068,115,115,0,1,
31069,122,122,0,1,
31070,120,120,0,1,
31071,122,122,0,1,
31072,109,109,0,1,
31073,128,128,0,1,
31074,125,125,0,1,
31075,111,111,0,1,
31076,116,116,0,1,
31077,123,123,0,1,
31078,108,108,0,1,
31079,107,107,0,1,
31080,119,119,0,1,
31081,112,112,0,1,
31082,128,128,0,1,
31083,114,114,0,1,
31084,121,121,0,1,
31085,115,115,0,1,
31086,114,114,0,1,
31087,109,109,0,1,
31088,109,109,0,1,
31089,126,126,0,1,
31090,114,114,0,1,
31091,122,122,0,1,
31092,116,116,0,1,
31093,119,119,0,1,
31094,106,106,0,1,
31095,111,111,0,1,
31096,112,112,0,1,
31097,120,120,0,1,
31098,110,110,0,1,
31099,113,113,0,1,
31100,113,113,0,1,
31101,117,117,0,1,
31102,106,106,0,1,
31103,119,119,0,1,
31104,119,119,0,1,
31105,119,119,0,1,
31106,104,104,0,1,
31107,117,117,0,1,
31108,113,113,0,1,
31109,115,115,0,1,
31110,113,113,0,1,
31111,103,103,0,1,
31112,122,122,0,1,
31113,105,105,0,1,
31114,112,112,0,1,
31115,121,121,0,1,
31116,119,119,0,1,
31117,116,116,0,1,
31118,109,109,0,1,
31119,104,104,0,1,
31120,115,115,0,1,
31121,126,126,0,1,
31122,116,116,0,1,
31123,115,115,0,1,
31124,120,120,0,1,
31125,123,123,0,1,
31126,121,121,0,1,
31127,110,110,0,1,
31128,119,119,0,1,
31129,123,123,0,1,
31130,107,107,0,1,
31131,111,111,0,1,
31132,118,118,0,1,
31133,114,114,0,1,
31134,109,109,0,1,
31135,125,125,0,1,
31136,114,114,0,1,
31137,105,105,0,1,
31138,123,123,0,1,
31139,114,114,0,1,
31140,124,124,0,1,
31141,118,118,0,1,
31142,100,100,0,1,
31143,114,114,0,1,
31144,114,114,0,1,
31145,114,114,0,1,
31146,109,109,0,1,
31147,116,116,0,1,
31148,122,122,0,1,
31149,110,110,0,1,
31150,109,109,0,1,
31151,104,104,0,1,
31152,101,101,0,1,
31153,121,121,0,1,
31154,110,110,0,1,
31155,111,111,0,1,
31156,105,105,0,1,
31157,108,108,0,1,
31158,107,107,0,1,
31159,119,119,0,1,
31160,114,114,0,1,
31161,118,118,0,1,
31162,104,104,0,1,
31163,108,108,0,1,
31164,119,119,0,1,
31165,109,109,0,1,
31166,108,108,0,1,
31167,103,103,0,1,
31168,102,102,0,1,
31169,117,117,0,1,
31170,131,131,0,1,
31171,115,115,0,1,
31172,123,123,0,1,
31173,113,113,0,1,
31174,105,105,0,1,
31175,114,114,0,1,
31176,113,113,0,1,
31177,115,115,0,1,
31178,118,118,0,1,
31179,119,119,0,1,
31180,117,117,0,1,
31181,121,121,0,1,
31182,116,116,0,1,
31183,111,111,0,1,
31184,126,126,0,1,
31185,108,108,0,1,
31186,106,106,0,1,
31187,115,115,0,1,
31188,117,117,0,1,
31189,126,126,0,1,
31190,111,111,0,1,
31191,110,110,0,1,
31192,117,117,0,1,
31193,119,119,0,1,
31194,113,113,0,1,
31195,113,113,0,1,
31196,109,109,0,1,
31197,112,112,0,1,
31198,120,120,0,1,
31199,118,118,0,1,
31200,115,115,0,1,
31201,111,111,0,1,
31202,109,109,0,1,
31203,111,111,0,1,
31204,112,112,0,1,
31205,115,115,0,1,
31206,116,116,0,1,
31207,105,105,0,1,
31208,117,117,0,1,
31209,120,120,0,1,
31210,115,115,0,1,
31211,105,105,0,1,
31212,118,118,0,1,
31213,125,125,0,1,
31214,126,126,0,1,
31215,110,110,0,1,
31216,121,121,0,1,
31217,114,114,0,1,
31218,119,119,0,1,
31219,102,102,0,1,
31220,119,119,0,1,
31221,123,123,0,1,
31222,116,116,0,1,
31223,115,115,0,1,
31224,107,107,0,1,
31225,119,119,0,1,
31226,127,127,0,1,
31227,113,113,0,1,
31228,114,114,0,1,
31229,109,109,0,1,
31230,133,133,0,1,
31231,112,112,0,1,
31232,126,126,0,1,
31233,118,118,0,1,
31234,131,131,0,1,
31235,120,120,0,1,
31236,119,119,0,1,
31237,118,118,0,1,
31238,111,111,0,1,
31239,113,113,0,1,
31240,122,122,0,1,
31241,123,123,0,1,
31242,113,113,0,1,
31243,113,113,0,1,
31244,116,116,0,1,
31245,104,104,0,1,
31246,122,122,0,1,
31247,113,113,0,1,
31248,119,119,0,1,
31249,119,119,0,1,
31250,119,119,0,1,
31251,109,109,0,1,
31252,116,116,0,1,
31253,106,106,0,1,
31254,120,120,0,1,
31255,124,124,0,1,
31256,113,113,0,1,
31257,117,117,0,1,
31258,113,113,0,1,
31259,111,111,0,1,
31260,110,110,0,1,
31261,106,106,0,1,
31262,118,118,0,1,
31263,123,123,0,1,
31264,109,109,0,1,
31265,118,118,0,1,
31266,112,112,0,1,
31267,120,120,0,1,
31268,102,102,0,1,
31269,118,118,0,1,
31270,110,110,0,1,
31271,114,114,0,1,
31272,119,119,0,1,
31273,109,109,0,1,
31274,110,110,0,1,
31275,105,105,0,1,
31276,112,112,0,1,
31277,113,113,0,1,
31278,121,121,0,1,
31279,116,116,0,1,
31280,108,108,0,1,
31281,104,104,0,1,
31282,124,124,0,1,
31283,116,116,0,1,
31284,115,115,0,1,
31285,105,105,0,1,
31286,122,122,0,1,
31287,133,133,0,1,
31288,119,119,0,1,
31289,115,115,0,1,
31290,109,109,0,1,
31291,114,114,0,1,
31292,112,112,0,1,
31293,123,123,0,1,
31294,120,120,0,1,
31295,122,122,0,1,
31296,106,106,0,1,
31297,120,120,0,1,
31298,123,123,0,1,
31299,120,120,0,1,
31300,114,114,0,1,
31301,111,111,0,1,
31302,114,114,0,1,
31303,109,109,0,1,
31304,117,117,0,1,
31305,117,117,0,1,
31306,111,111,0,1,
31307,122,122,0,1,
31308,117,117,0,1,
31309,108,108,0,1,
31310,113,113,0,1,
31311,118,118,0,1,
31312,111,111,0,1,
31313,123,123,0,1,
31314,110,110,0,1,
31315,111,111,0,1,
31316,120,120,0,1,
31317,113,113,0,1,
31318,105,105,0,1,
31319,106,106,0,1,
31320,124,124,0,1,
31321,114,114,0,1,
31322,124,124,0,1,
31323,116,116,0,1,
31324,118,118,0,1,
31325,114,114,0,1,
31326,107,107,0,1,
31327,119,119,0,1,
31328,121,121,0,1,
31329,132,132,0,1,
31330,116,116,0,1,
31331,120,120,0,1,
31332,114,114,0,1,
31333,114,114,0,1,
31334,110,110,0,1,
31335,130,130,0,1,
31336,110,110,0,1,
31337,111,111,0,1,
31338,120,120,0,1,
31339,116,116,0,1,
31340,118,118,0,1,
31341,127,127,0,1,
31342,126,126,0,1,
31343,118,118,0,1,
31344,113,113,0,1,
31345,112,112,0,1,
31346,122,122,0,1,
31347,117,117,0,1,
31348,106,106,0,1,
31349,127,127,0,1,
31350,106,106,0,1,
31351,112,112,0,1,
31352,106,106,0,1,
31353,117,117,0,1,
31354,125,125,0,1,
31355,115,115,0,1,
31356,124,124,0,1,
31357,115,115,0,1,
31358,113,113,0,1,
31359,120,120,0,1,
31360,111,111,0,1,
31361,116,116,0,1,
31362,108,108,0,1,
31363,109,109,0,1,
31364,110,110,0,1,
31365,112,112,0,1,
31366,110,110,0,1,
31367,128,128,0,1,
31368,115,115,0,1,
31369,114,114,0,1,
31370,112,112,0,1,
31371,118,118,0,1,
31372,112,112,0,1,
31373,111,111,0,1,
31374,118,118,0,1,
31375,118,118,0,1,
31376,108,108,0,1,
31377,111,111,0,1,
31378,114,114,0,1,
31379,119,119,0,1,
31380,126,126,0,1,
31381,115,115,0,1,
31382,110,110,0,1,
31383,107,107,0,1,
31384,122,122,0,1,
31385,113,113,0,1,
31386,125,125,0,1,
31387,107,107,0,1,
31388,121,121,0,1,
31389,129,129,0,1,
31390,106,106,0,1,
31391,111,111,0,1,
31392,119,119,0,1,
31393,128,128,0,1,
31394,112,112,0,1,
31395,125,125,0,1,
31396,119,119,0,1,
31397,108,108,0,1,
31398,123,123,0,1,
31399,107,107,0,1,
31400,107,107,0,1,
31401,117,117,0,1,
31402,120,120,0,1,
31403,110,110,0,1,
31404,116,116,0,1,
31405,114,114,0,1,
31406,113,113,0,1,
31407,119,119,0,1,
31408,106,106,0,1,
31409,114,114,0,1,
31410,111,111,0,1,
31411,117,117,0,1,
31412,117,117,0,1,
31413,111,111,0,1,
31414,127,127,0,1,
31415,115,115,0,1,
31416,122,122,0,1,
31417,122,122,0,1,
31418,118,118,0,1,
31419,125,125,0,1,
31420,104,104,0,1,
31421,110,110,0,1,
31422,114,114,0,1,
31423,114,114,0,1,
31424,114,114,0,1,
31425,117,117,0,1,
31426,114,114,0,1,
31427,117,117,0,1,
31428,116,116,0,1,
31429,108,108,0,1,
31430,117,117,0,1,
31431,108,108,0,1,
31432,120,120,0,1,
31433,117,117,0,1,
31434,113,113,0,1,
31435,115,115,0,1,
31436,107,107,0,1,
31437,124,124,0,1,
31438,127,127,0,1,
31439,128,128,0,1,
31440,119,119,0,1,
31441,110,110,0,1,
31442,121,121,0,1,
31443,118,118,0,1,
31444,126,126,0,1,
31445,121,121,0,1,
31446,102,102,0,1,
31447,121,121,0,1,
31448,121,121,0,1,
31449,125,125,0,1,
31450,117,117,0,1,
31451,105,105,0,1,
31452,107,107,0,1,
31453,108,108,0,1,
31454,107,107,0,1,
31455,121,121,0,1,
31456,119,119,0,1,
31457,112,112,0,1,
31458,111,111,0,1,
31459,119,119,0,1,
31460,111,111,0,1,
31461,134,134,0,1,
31462,112,112,0,1,
31463,119,119,0,1,
31464,120,120,0,1,
31465,116,116,0,1,
31466,126,126,0,1,
31467,110,110,0,1,
31468,120,120,0,1,
31469,115,115,0,1,
31470,121,121,0,1,
31471,123,123,0,1,
31472,113,113,0,1,
31473,113,113,0,1,
31474,117,117,0,1,
31475,120,120,0,1,
31476,108,108,0,1,
31477,119,119,0,1,
31478,117,117,0,1,
31479,119,119,0,1,
31480,118,118,0,1,
31481,117,117,0,1,
31482,104,104,0,1,
31483,116,116,0,1,
31484,123,123,0,1,
31485,106,106,0,1,
31486,113,113,0,1,
31487,108,108,0,1,
31488,117,117,0,1,
31489,115,115,0,1,
31490,116,116,0,1,
31491,121,121,0,1,
31492,113,113,0,1,
31493,108,108,0,1,
31494,122,122,0,1,
31495,114,114,0,1,
31496,119,119,0,1,
31497,122,122,0,1,
31498,115,115,0,1,
31499,117,117,0,1,
31500,123,123,0,1,
31501,120,120,0,1,
31502,106,106,0,1,
31503,111,111,0,1,
31504,114,114,0,1,
31505,110,110,0,1,
31506,124,124,0,1,
31507,129,129,0,1,
31508,114,114,0,1,
31509,121,121,0,1,
31510,117,117,0,1,
31511,108,108,0,1,
31512,124,124,0,1,
31513,117,117,0,1,
31514,121,121,0,1,
31515,119,119,0,1,
31516,104,104,0,1,
31517,110,110,0,1,
31518,102,102,0,1,
31519,118,118,0,1,
31520,117,117,0,1,
31521,126,126,0,1,
31522,114,114,0,1,
31523,108,108,0,1,
31524,114,114,0,1,
31525,122,122,0,1,
31526,108,108,0,1,
31527,117,117,0,1,
31528,127,127,0,1,
31529,121,121,0,1,
31530,113,113,0,1,
31531,115,115,0,1,
31532,112,112,0,1,
31533,106,106,0,1,
31534,113,113,0,1,
31535,108,108,0,1,
31536,106,106,0,1,
31537,114,114,0,1,
31538,111,111,0,1,
31539,109,109,0,1,
31540,124,124,0,1,
31541,116,116,0,1,
31542,105,105,0,1,
31543,112,112,0,1,
31544,119,119,0,1,
31545,112,112,0,1,
31546,114,114,0,1,
31547,125,125,0,1,
31548,126,126,0,1,
31549,119,119,0,1,
31550,121,121,0,1,
31551,115,115,0,1,
31552,110,110,0,1,
31553,118,118,0,1,
31554,112,112,0,1,
31555,116,116,0,1,
31556,113,113,0,1,
31557,110,110,0,1,
31558,116,116,0,1,
31559,123,123,0,1,
31560,130,130,0,1,
31561,119,119,0,1,
31562,122,122,0,1,
31563,110,110,0,1,
31564,109,109,0,1,
31565,106,106,0,1,
31566,112,112,0,1,
31567,106,106,0,1,
31568,108,108,0,1,
31569,115,115,0,1,
31570,129,129,0,1,
31571,116,116,0,1,
31572,114,114,0,1,
31573,102,102,0,1,
31574,114,114,0,1,
31575,115,115,0,1,
31576,116,116,0,1,
31577,117,117,0,1,
31578,129,129,0,1,
31579,116,116,0,1,
31580,120,120,0,1,
31581,124,124,0,1,
31582,121,121,0,1,
31583,114,114,0,1,
31584,125,125,0,1,
31585,117,117,0,1,
31586,117,117,0,1,
31587,108,108,0,1,
31588,121,121,0,1,
31589,116,116,0,1,
31590,113,113,0,1,
31591,105,105,0,1,
31592,122,122,0,1,
31593,112,112,0,1,
31594,127,127,0,1,
31595,113,113,0,1,
31596,116,116,0,1,
31597,117,117,0,1,
31598,117,117,0,1,
31599,108,108,0,1,
31600,114,114,0,1,
31601,123,123,0,1,
31602,111,111,0,1,
31603,117,117,0,1,
31604,128,128,0,1,
31605,114,114,0,1,
31606,116,116,0,1,
31607,123,123,0,1,
31608,121,121,0,1,
31609,132,132,0,1,
31610,118,118,0,1,
31611,110,110,0,1,
31612,115,115,0,1,
31613,108,108,0,1,
31614,108,108,0,1,
31615,119,119,0,1,
31616,125,125,0,1,
31617,115,115,0,1,
31618,116,116,0,1,
31619,114,114,0,1,
31620,122,122,0,1,
31621,122,122,0,1,
31622,108,108,0,1,
31623,121,121,0,1,
31624,115,115,0,1,
31625,125,125,0,1,
31626,120,120,0,1,
31627,115,115,0,1,
31628,117,117,0,1,
31629,119,119,0,1,
31630,120,120,0,1,
31631,113,113,0,1,
31632,106,106,0,1,
31633,114,114,0,1,
31634,108,108,0,1,
31635,108,108,0,1,
31636,121,121,0,1,
31637,108,108,0,1,
31638,121,121,0,1,
31639,118,118,0,1,
31640,118,118,0,1,
31641,114,114,0,1,
31642,112,112,0,1,
31643,117,117,0,1,
31644,109,109,0,1,
31645,123,123,0,1,
31646,115,115,0,1,
31647,120,120,0,1,
31648,103,103,0,1,
31649,118,118,0,1,
31650,122,122,0,1,
31651,123,123,0,1,
31652,119,119,0,1,
31653,127,127,0,1,
31654,115,115,0,1,
31655,114,114,0,1,
31656,115,115,0,1,
31657,104,104,0,1,
31658,112,112,0,1,
31659,118,118,0,1,
31660,119,119,0,1,
31661,114,114,0,1,
31662,114,114,0,1,
31663,111,111,0,1,
31664,116,116,0,1,
31665,118,118,0,1,
31666,106,106,0,1,
31667,105,105,0,1,
31668,121,121,0,1,
31669,118,118,0,1,
31670,108,108,0,1,
31671,112,112,0,1,
31672,117,117,0,1,
31673,120,120,0,1,
31674,106,106,0,1,
31675,115,115,0,1,
31676,101,101,0,1,
31677,118,118,0,1,
31678,120,120,0,1,
31679,110,110,0,1,
31680,113,113,0,1,
31681,106,106,0,1,
31682,114,114,0,1,
31683,105,105,0,1,
31684,111,111,0,1,
31685,115,115,0,1,
31686,107,107,0,1,
31687,108,108,0,1,
31688,111,111,0,1,
31689,110,110,0,1,
31690,117,117,0,1,
31691,120,120,0,1,
31692,117,117,0,1,
31693,119,119,0,1,
31694,117,117,0,1,
31695,107,107,0,1,
31696,112,112,0,1,
31697,117,117,0,1,
31698,127,127,0,1,
31699,125,125,0,1,
31700,115,115,0,1,
31701,126,126,0,1,
31702,111,111,0,1,
31703,120,120,0,1,
31704,128,128,0,1,
31705,122,122,0,1,
31706,113,113,0,1,
31707,110,110,0,1,
31708,118,118,0,1,
31709,109,109,0,1,
31710,120,120,0,1,
31711,114,114,0,1,
31712,105,105,0,1,
31713,130,130,0,1,
31714,106,106,0,1,
31715,106,106,0,1,
31716,123,123,0,1,
31717,109,109,0,1,
31718,124,124,0,1,
31719,109,109,0,1,
31720,112,112,0,1,
31721,110,110,0,1,
31722,111,111,0,1,
31723,118,118,0,1,
31724,114,114,0,1,
31725,126,126,0,1,
31726,118,118,0,1,
31727,115,115,0,1,
31728,123,123,0,1,
31729,117,117,0,1,
31730,114,114,0,1,
31731,115,115,0,1,
31732,113,113,0,1,
31733,117,117,0,1,
31734,127,127,0,1,
31735,123,123,0,1,
31736,116,116,0,1,
31737,104,104,0,1,
31738,108,108,0,1,
31739,122,122,0,1,
31740,113,113,0,1,
31741,108,108,0,1,
31742,114,114,0,1,
31743,106,106,0,1,
31744,112,112,0,1,
31745,111,111,0,1,
31746,115,115,0,1,
31747,115,115,0,1,
31748,123,123,0,1,
31749,123,123,0,1,
31750,108,108,0,1,
31751,125,125,0,1,
31752,114,114,0,1,
31753,124,124,0,1,
31754,118,118,0,1,
31755,111,111,0,1,
31756,123,123,0,1,
31757,109,109,0,1,
31758,119,119,0,1,
31759,117,117,0,1,
31760,123,123,0,1,
31761,111,111,0,1,
31762,121,121,0,1,
31763,122,122,0,1,
31764,107,107,0,1,
31765,113,113,0,1,
31766,105,105,0,1,
31767,112,112,0,1,
31768,112,112,0,1,
31769,109,109,0,1,
31770,105,105,0,1,
31771,120,120,0,1,
31772,108,108,0,1,
31773,123,123,0,1,
31774,111,111,0,1,
31775,123,123,0,1,
31776,131,131,0,1,
31777,112,112,0,1,
31778,106,106,0,1,
31779,108,108,0,1,
31780,109,109,0,1,
31781,119,119,0,1,
31782,112,112,0,1,
31783,110,110,0,1,
31784,119,119,0,1,
31785,115,115,0,1,
31786,119,119,0,1,
31787,123,123,0,1,
31788,106,106,0,1,
31789,115,115,0,1,
31790,112,112,0,1,
31791,110,110,0,1,
31792,113,113,0,1,
31793,116,116,0,1,
31794,115,115,0,1,
31795,117,117,0,1,
31796,113,113,0,1,
31797,120,120,0,1,
31798,125,125,0,1,
31799,120,120,0,1,
31800,120,120,0,1,
31801,117,117,0,1,
31802,118,118,0,1,
31803,115,115,0,1,
31804,118,118,0,1,
31805,116,116,0,1,
31806,122,122,0,1,
31807,118,118,0,1,
31808,117,117,0,1,
31809,114,114,0,1,
31810,110,110,0,1,
31811,115,115,0,1,
31812,110,110,0,1,
31813,118,118,0,1,
31814,113,113,0,1,
31815,109,109,0,1,
31816,116,116,0,1,
31817,114,114,0,1,
31818,122,122,0,1,
31819,106,106,0,1,
31820,114,114,0,1,
31821,112,112,0,1,
31822,110,110,0,1,
31823,116,116,0,1,
31824,119,119,0,1,
31825,127,127,0,1,
31826,120,120,0,1,
31827,118,118,0,1,
31828,122,122,0,1,
31829,127,127,0,1,
31830,121,121,0,1,
31831,114,114,0,1,
31832,121,121,0,1,
31833,123,123,0,1,
31834,122,122,0,1,
31835,127,127,0,1,
31836,128,128,0,1,
31837,124,124,0,1,
31838,112,112,0,1,
31839,111,111,0,1,
31840,115,115,0,1,
31841,115,115,0,1,
31842,115,115,0,1,
31843,122,122,0,1,
31844,105,105,0,1,
31845,119,119,0,1,
31846,103,103,0,1,
31847,115,115,0,1,
31848,125,125,0,1,
31849,115,115,0,1,
31850,113,113,0,1,
31851,107,107,0,1,
31852,127,127,0,1,
31853,123,123,0,1,
31854,110,110,0,1,
31855,122,122,0,1,
31856,118,118,0,1,
31857,108,108,0,1,
31858,117,117,0,1,
31859,106,106,0,1,
31860,130,130,0,1,
31861,109,109,0,1,
31862,116,116,0,1,
31863,107,107,0,1,
31864,124,124,0,1,
31865,119,119,0,1,
31866,120,120,0,1,
31867,118,118,0,1,
31868,125,125,0,1,
31869,119,119,0,1,
31870,108,108,0,1,
31871,108,108,0,1,
31872,124,124,0,1,
31873,115,115,0,1,
31874,119,119,0,1,
31875,115,115,0,1,
31876,115,115,0,1,
31877,114,114,0,1,
31878,115,115,0,1,
31879,123,123,0,1,
31880,111,111,0,1,
31881,123,123,0,1,
31882,111,111,0,1,
31883,117,117,0,1,
31884,125,125,0,1,
31885,111,111,0,1,
31886,110,110,0,1,
31887,103,103,0,1,
31888,120,120,0,1,
31889,111,111,0,1,
31890,113,113,0,1,
31891,111,111,0,1,
31892,118,118,0,1,
31893,124,124,0,1,
31894,117,117,0,1,
31895,113,113,0,1,
31896,110,110,0,1,
31897,121,121,0,1,
31898,109,109,0,1,
31899,109,109,0,1,
31900,113,113,0,1,
31901,120,120,0,1,
31902,111,111,0,1,
31903,105,105,0,1,
31904,113,113,0,1,
31905,108,108,0,1,
31906,118,118,0,1,
31907,108,108,0,1,
31908,124,124,0,1,
31909,120,120,0,1,
31910,112,112,0,1,
31911,124,124,0,1,
31912,128,128,0,1,
31913,123,123,0,1,
31914,112,112,0,1,
31915,127,127,0,1,
31916,117,117,0,1,
31917,121,121,0,1,
31918,114,114,0,1,
31919,113,113,0,1,
31920,124,124,0,1,
31921,119,119,0,1,
31922,123,123,0,1,
31923,100,100,0,1,
31924,121,121,0,1,
31925,107,107,0,1,
31926,112,112,0,1,
31927,121,121,0,1,
31928,120,120,0,1,
31929,117,117,0,1,
31930,115,115,0,1,
31931,107,107,0,1,
31932,120,120,0,1,
31933,111,111,0,1,
31934,108,108,0,1,
31935,109,109,0,1,
31936,112,112,0,1,
31937,115,115,0,1,
31938,109,109,0,1,
31939,119,119,0,1,
31940,107,107,0,1,
31941,124,124,0,1,
31942,118,118,0,1,
31943,108,108,0,1,
31944,135,135,0,1,
31945,124,124,0,1,
31946,120,120,0,1,
31947,121,121,0,1,
31948,109,109,0,1,
31949,119,119,0,1,
31950,115,115,0,1,
31951,114,114,0,1,
31952,109,109,0,1,
31953,112,112,0,1,
31954,110,110,0,1,
31955,130,130,0,1,
31956,121,121,0,1,
31957,112,112,0,1,
31958,111,111,0,1,
31959,114,114,0,1,
31960,109,109,0,1,
31961,109,109,0,1,
31962,125,125,0,1,
31963,108,108,0,1,
31964,108,108,0,1,
31965,115,115,0,1,
31966,110,110,0,1,
31967,126,126,0,1,
31968,105,105,0,1,
31969,124,124,0,1,
31970,120,120,0,1,
31971,113,113,0,1,
31972,121,121,0,1,
31973,117,117,0,1,
31974,113,113,0,1,
31975,126,126,0,1,
31976,108,108,0,1,
31977,114,114,0,1,
31978,111,111,0,1,
31979,108,108,0,1,
31980,109,109,0,1,
31981,113,113,0,1,
31982,124,124,0,1,
31983,119,119,0,1,
31984,115,115,0,1,
31985,113,113,0,1,
31986,106,106,0,1,
31987,115,115,0,1,
31988,110,110,0,1,
31989,125,125,0,1,
31990,118,118,0,1,
31991,119,119,0,1,
31992,106,106,0,1,
31993,110,110,0,1,
31994,131,131,0,1,
31995,110,110,0,1,
31996,116,116,0,1,
31997,110,110,0,1,
31998,109,109,0,1,
31999,109,109,0,1,
32000,119,119,0,1,
32001,123,123,0,1,
32002,121,121,0,1,
32003,125,125,0,1,
32004,116,116,0,1,
32005,105,105,0,1,
32006,117,117,0,1,
32007,112,112,0,1,
32008,109,109,0,1,
32009,120,120,0,1,
32010,114,114,0,1,
32011,107,107,0,1,
32012,119,119,0,1,
32013,107,107,0,1,
32014,114,114,0,1,
32015,108,108,0,1,
32016,124,124,0,1,
32017,112,112,0,1,
32018,115,115,0,1,
32019,131,131,0,1,
32020,127,127,0,1,
32021,110,110,0,1,
32022,119,119,0,1,
32023,115,115,0,1,
32024,121,121,0,1,
32025,124,124,0,1,
32026,110,110,0,1,
32027,119,119,0,1,
32028,107,107,0,1,
32029,119,119,0,1,
32030,110,110,0,1,
32031,117,117,0,1,
32032,118,118,0,1,
32033,106,106,0,1,
32034,106,106,0,1,
32035,126,126,0,1,
32036,111,111,0,1,
32037,119,119,0,1,
32038,106,106,0,1,
32039,120,120,0,1,
32040,120,120,0,1,
32041,116,116,0,1,
32042,107,107,0,1,
32043,107,107,0,1,
32044,112,112,0,1,
32045,114,114,0,1,
32046,118,118,0,1,
32047,117,117,0,1,
32048,108,108,0,1,
32049,112,112,0,1,
32050,106,106,0,1,
32051,105,105,0,1,
32052,117,117,0,1,
32053,115,115,0,1,
32054,123,123,0,1,
32055,110,110,0,1,
32056,114,114,0,1,
32057,117,117,0,1,
32058,115,115,0,1,
32059,107,107,0,1,
32060,120,120,0,1,
32061,114,114,0,1,
32062,115,115,0,1,
32063,126,126,0,1,
32064,117,117,0,1,
32065,116,116,0,1,
32066,114,114,0,1,
32067,111,111,0,1,
32068,111,111,0,1,
32069,124,124,0,1,
32070,105,105,0,1,
32071,113,113,0,1,
32072,121,121,0,1,
32073,119,119,0,1,
32074,120,120,0,1,
32075,133,133,0,1,
32076,107,107,0,1,
32077,118,118,0,1,
32078,119,119,0,1,
32079,116,116,0,1,
32080,118,118,0,1,
32081,114,114,0,1,
32082,113,113,0,1,
32083,110,110,0,1,
32084,110,110,0,1,
32085,112,112,0,1,
32086,108,108,0,1,
32087,107,107,0,1,
32088,123,123,0,1,
32089,121,121,0,1,
32090,113,113,0,1,
32091,117,117,0,1,
32092,118,118,0,1,
32093,121,121,0,1,
32094,108,108,0,1,
32095,112,112,0,1,
32096,107,107,0,1,
32097,117,117,0,1,
32098,113,113,0,1,
32099,103,103,0,1,
32100,110,110,0,1,
32101,116,116,0,1,
32102,119,119,0,1,
32103,112,112,0,1,
32104,118,118,0,1,
32105,113,113,0,1,
32106,125,125,0,1,
32107,118,118,0,1,
32108,125,125,0,1,
32109,129,129,0,1,
32110,110,110,0,1,
32111,114,114,0,1,
32112,126,126,0,1,
32113,118,118,0,1,
32114,119,119,0,1,
32115,122,122,0,1,
32116,105,105,0,1,
32117,112,112,0,1,
32118,113,113,0,1,
32119,123,123,0,1,
32120,114,114,0,1,
32121,111,111,0,1,
32122,114,114,0,1,
32123,109,109,0,1,
32124,121,121,0,1,
32125,115,115,0,1,
32126,113,113,0,1,
32127,110,110,0,1,
32128,112,112,0,1,
32129,118,118,0,1,
32130,117,117,0,1,
32131,126,126,0,1,
32132,117,117,0,1,
32133,111,111,0,1,
32134,115,115,0,1,
32135,108,108,0,1,
32136,113,113,0,1,
32137,115,115,0,1,
32138,112,112,0,1,
32139,123,123,0,1,
32140,113,113,0,1,
32141,125,125,0,1,
32142,107,107,0,1,
32143,113,113,0,1,
32144,130,130,0,1,
32145,110,110,0,1,
32146,112,112,0,1,
32147,113,113,0,1,
32148,124,124,0,1,
32149,117,117,0,1,
32150,124,124,0,1,
32151,108,108,0,1,
32152,106,106,0,1,
32153,125,125,0,1,
32154,113,113,0,1,
32155,102,102,0,1,
32156,117,117,0,1,
32157,116,116,0,1,
32158,119,119,0,1,
32159,119,119,0,1,
32160,110,110,0,1,
32161,116,116,0,1,
32162,110,110,0,1,
32163,116,116,0,1,
32164,122,122,0,1,
32165,122,122,0,1,
32166,112,112,0,1,
32167,111,111,0,1,
32168,111,111,0,1,
32169,111,111,0,1,
32170,107,107,0,1,
32171,107,107,0,1,
32172,108,108,0,1,
32173,111,111,0,1,
32174,118,118,0,1,
32175,108,108,0,1,
32176,115,115,0,1,
32177,115,115,0,1,
32178,110,110,0,1,
32179,109,109,0,1,
32180,104,104,0,1,
32181,122,122,0,1,
32182,122,122,0,1,
32183,107,107,0,1,
32184,117,117,0,1,
32185,101,101,0,1,
32186,110,110,0,1,
32187,120,120,0,1,
32188,114,114,0,1,
32189,117,117,0,1,
32190,115,115,0,1,
32191,117,117,0,1,
32192,118,118,0,1,
32193,119,119,0,1,
32194,121,121,0,1,
32195,120,120,0,1,
32196,115,115,0,1,
32197,111,111,0,1,
32198,119,119,0,1,
32199,115,115,0,1,
32200,118,118,0,1,
32201,123,123,0,1,
32202,120,120,0,1,
32203,120,120,0,1,
32204,111,111,0,1,
32205,126,126,0,1,
32206,119,119,0,1,
32207,123,123,0,1,
32208,121,121,0,1,
32209,105,105,0,1,
32210,114,114,0,1,
32211,113,113,0,1,
32212,113,113,0,1,
32213,112,112,0,1,
32214,112,112,0,1,
32215,113,113,0,1,
32216,112,112,0,1,
32217,121,121,0,1,
32218,117,117,0,1,
32219,114,114,0,1,
32220,104,104,0,1,
32221,115,115,0,1,
32222,122,122,0,1,
32223,118,118,0,1,
32224,116,116,0,1,
32225,110,110,0,1,
32226,108,108,0,1,
32227,118,118,0,1,
32228,101,101,0,1,
32229,108,108,0,1,
32230,112,112,0,1,
32231,105,105,0,1,
32232,111,111,0,1,
32233,113,113,0,1,
32234,104,104,0,1,
32235,112,112,0,1,
32236,111,111,0,1,
32237,122,122,0,1,
32238,116,116,0,1,
32239,113,113,0,1,
32240,109,109,0,1,
32241,108,108,0,1,
32242,112,112,0,1,
32243,110,110,0,1,
32244,126,126,0,1,
32245,113,113,0,1,
32246,121,121,0,1,
32247,120,120,0,1,
32248,111,111,0,1,
32249,110,110,0,1,
32250,123,123,0,1,
32251,114,114,0,1,
32252,115,115,0,1,
32253,111,111,0,1,
32254,119,119,0,1,
32255,116,116,0,1,
32256,114,114,0,1,
32257,121,121,0,1,
32258,119,119,0,1,
32259,115,115,0,1,
32260,107,107,0,1,
32261,105,105,0,1,
32262,112,112,0,1,
32263,121,121,0,1,
32264,120,120,0,1,
32265,113,113,0,1,
32266,120,120,0,1,
32267,121,121,0,1,
32268,107,107,0,1,
32269,108,108,0,1,
32270,117,117,0,1,
32271,119,119,0,1,
32272,108,108,0,1,
32273,120,120,0,1,
32274,118,118,0,1,
32275,124,124,0,1,
32276,115,115,0,1,
32277,120,120,0,1,
32278,113,113,0,1,
32279,114,114,0,1,
32280,113,113,0,1,
32281,109,109,0,1,
32282,122,122,0,1,
32283,104,104,0,1,
32284,127,127,0,1,
32285,119,119,0,1,
32286,112,112,0,1,
32287,124,124,0,1,
32288,112,112,0,1,
32289,103,103,0,1,
32290,117,117,0,1,
32291,116,116,0,1,
32292,113,113,0,1,
32293,113,113,0,1,
32294,113,113,0,1,
32295,112,112,0,1,
32296,117,117,0,1,
32297,116,116,0,1,
32298,107,107,0,1,
32299,120,120,0,1,
32300,116,116,0,1,
32301,121,121,0,1,
32302,114,114,0,1,
32303,118,118,0,1,
32304,106,106,0,1,
32305,125,125,0,1,
32306,116,116,0,1,
32307,121,121,0,1,
32308,123,123,0,1,
32309,116,116,0,1,
32310,116,116,0,1,
32311,118,118,0,1,
32312,119,119,0,1,
32313,105,105,0,1,
32314,115,115,0,1,
32315,112,112,0,1,
32316,117,117,0,1,
32317,122,122,0,1,
32318,109,109,0,1,
32319,130,130,0,1,
32320,117,117,0,1,
32321,119,119,0,1,
32322,111,111,0,1,
32323,112,112,0,1,
32324,126,126,0,1,
32325,105,105,0,1,
32326,120,120,0,1,
32327,119,119,0,1,
32328,121,121,0,1,
32329,107,107,0,1,
32330,124,124,0,1,
32331,110,110,0,1,
32332,124,124,0,1,
32333,118,118,0,1,
32334,114,114,0,1,
32335,110,110,0,1,
32336,117,117,0,1,
32337,109,109,0,1,
32338,111,111,0,1,
32339,123,123,0,1,
32340,109,109,0,1,
32341,117,117,0,1,
32342,112,112,0,1,
32343,115,115,0,1,
32344,107,107,0,1,
32345,111,111,0,1,
32346,120,120,0,1,
32347,109,109,0,1,
32348,106,106,0,1,
32349,109,109,0,1,
32350,114,114,0,1,
32351,110,110,0,1,
32352,115,115,0,1,
32353,125,125,0,1,
32354,108,108,0,1,
32355,112,112,0,1,
32356,119,119,0,1,
32357,112,112,0,1,
32358,130,130,0,1,
32359,112,112,0,1,
32360,111,111,0,1,
32361,105,105,0,1,
32362,109,109,0,1,
32363,118,118,0,1,
32364,117,117,0,1,
32365,120,120,0,1,
32366,117,117,0,1,
32367,122,122,0,1,
32368,125,125,0,1,
32369,116,116,0,1,
32370,112,112,0,1,
32371,106,106,0,1,
32372,118,118,0,1,
32373,114,114,0,1,
32374,103,103,0,1,
32375,115,115,0,1,
32376,112,112,0,1,
32377,125,125,0,1,
32378,111,111,0,1,
32379,116,116,0,1,
32380,121,121,0,1,
32381,105,105,0,1,
32382,124,124,0,1,
32383,115,115,0,1,
32384,116,116,0,1,
32385,114,114,0,1,
32386,113,113,0,1,
32387,115,115,0,1,
32388,119,119,0,1,
32389,121,121,0,1,
32390,122,122,0,1,
32391,118,118,0,1,
32392,113,113,0,1,
32393,116,116,0,1,
32394,108,108,0,1,
32395,115,115,0,1,
32396,109,109,0,1,
32397,115,115,0,1,
32398,113,113,0,1,
32399,105,105,0,1,
32400,113,113,0,1,
32401,110,110,0,1,
32402,111,111,0,1,
32403,124,124,0,1,
32404,118,118,0,1,
32405,112,112,0,1,
32406,129,129,0,1,
32407,121,121,0,1,
32408,125,125,0,1,
32409,107,107,0,1,
32410,123,123,0,1,
32411,126,126,0,1,
32412,125,125,0,1,
32413,120,120,0,1,
32414,112,112,0,1,
32415,116,116,0,1,
32416,104,104,0,1,
32417,126,126,0,1,
32418,110,110,0,1,
32419,111,111,0,1,
32420,120,120,0,1,
32421,109,109,0,1,
32422,105,105,0,1,
32423,117,117,0,1,
32424,116,116,0,1,
32425,113,113,0,1,
32426,112,112,0,1,
32427,111,111,0,1,
32428,124,124,0,1,
32429,125,125,0,1,
32430,116,116,0,1,
32431,110,110,0,1,
32432,112,112,0,1,
32433,118,118,0,1,
32434,125,125,0,1,
32435,114,114,0,1,
32436,119,119,0,1,
32437,125,125,0,1,
32438,119,119,0,1,
32439,127,127,0,1,
32440,122,122,0,1,
32441,116,116,0,1,
32442,111,111,0,1,
32443,134,134,0,1,
32444,121,121,0,1,
32445,111,111,0,1,
32446,120,120,0,1,
32447,107,107,0,1,
32448,117,117,0,1,
32449,119,119,0,1,
32450,112,112,0,1,
32451,108,108,0,1,
32452,112,112,0,1,
32453,111,111,0,1,
32454,118,118,0,1,
32455,118,118,0,1,
32456,126,126,0,1,
32457,114,114,0,1,
32458,119,119,0,1,
32459,118,118,0,1,
32460,117,117,0,1,
32461,112,112,0,1,
32462,114,114,0,1,
32463,120,120,0,1,
32464,111,111,0,1,
32465,119,119,0,1,
32466,125,125,0,1,
32467,115,115,0,1,
32468,106,106,0,1,
32469,115,115,0,1,
32470,111,111,0,1,
32471,115,115,0,1,
32472,123,123,0,1,
32473,113,113,0,1,
32474,106,106,0,1,
32475,123,123,0,1,
32476,114,114,0,1,
32477,112,112,0,1,
32478,113,113,0,1,
32479,110,110,0,1,
32480,114,114,0,1,
32481,113,113,0,1,
32482,105,105,0,1,
32483,110,110,0,1,
32484,116,116,0,1,
32485,106,106,0,1,
32486,121,121,0,1,
32487,112,112,0,1,
32488,118,118,0,1,
32489,119,119,0,1,
32490,130,130,0,1,
32491,126,126,0,1,
32492,118,118,0,1,
32493,116,116,0,1,
32494,116,116,0,1,
32495,121,121,0,1,
32496,104,104,0,1,
32497,126,126,0,1,
32498,114,114,0,1,
32499,128,128,0,1,
32500,108,108,0,1,
32501,118,118,0,1,
32502,132,132,0,1,
32503,117,117,0,1,
32504,129,129,0,1,
32505,117,117,0,1,
32506,122,122,0,1,
32507,120,120,0,1,
32508,125,125,0,1,
32509,123,123,0,1,
32510,113,113,0,1,
32511,113,113,0,1,
32512,118,118,0,1,
32513,113,113,0,1,
32514,110,110,0,1,
32515,115,115,0,1,
32516,114,114,0,1,
32517,126,126,0,1,
32518,114,114,0,1,
32519,123,123,0,1,
32520,106,106,0,1,
32521,106,106,0,1,
32522,108,108,0,1,
32523,111,111,0,1,
32524,116,116,0,1,
32525,116,116,0,1,
32526,112,112,0,1,
32527,108,108,0,1,
32528,113,113,0,1,
32529,115,115,0,1,
32530,120,120,0,1,
32531,107,107,0,1,
32532,116,116,0,1,
32533,115,115,0,1,
32534,110,110,0,1,
32535,115,115,0,1,
32536,100,100,0,1,
32537,117,117,0,1,
32538,115,115,0,1,
32539,121,121,0,1,
32540,112,112,0,1,
32541,123,123,0,1,
32542,114,114,0,1,
32543,110,110,0,1,
32544,115,115,0,1,
32545,121,121,0,1,
32546,108,108,0,1,
32547,114,114,0,1,
32548,111,111,0,1,
32549,116,116,0,1,
32550,119,119,0,1,
32551,118,118,0,1,
32552,110,110,0,1,
32553,113,113,0,1,
32554,120,120,0,1,
32555,110,110,0,1,
32556,114,114,0,1,
32557,128,128,0,1,
32558,106,106,0,1,
32559,130,130,0,1,
32560,114,114,0,1,
32561,105,105,0,1,
32562,110,110,0,1,
32563,113,113,0,1,
32564,101,101,0,1,
32565,118,118,0,1,
32566,117,117,0,1,
32567,120,120,0,1,
32568,116,116,0,1,
32569,123,123,0,1,
32570,111,111,0,1,
32571,120,120,0,1,
32572,126,126,0,1,
32573,125,125,0,1,
32574,124,124,0,1,
32575,124,124,0,1,
32576,121,121,0,1,
32577,127,127,0,1,
32578,110,110,0,1,
32579,115,115,0,1,
32580,115,115,0,1,
32581,109,109,0,1,
32582,124,124,0,1,
32583,108,108,0,1,
32584,122,122,0,1,
32585,113,113,0,1,
32586,118,118,0,1,
32587,117,117,0,1,
32588,114,114,0,1,
32589,118,118,0,1,
32590,117,117,0,1,
32591,112,112,0,1,
32592,110,110,0,1,
32593,129,129,0,1,
32594,110,110,0,1,
32595,118,118,0,1,
32596,113,113,0,1,
32597,115,115,0,1,
32598,119,119,0,1,
32599,116,116,0,1,
32600,116,116,0,1,
32601,110,110,0,1,
32602,118,118,0,1,
32603,129,129,0,1,
32604,117,117,0,1,
32605,110,110,0,1,
32606,121,121,0,1,
32607,115,115,0,1,
32608,109,109,0,1,
32609,123,123,0,1,
32610,123,123,0,1,
32611,111,111,0,1,
32612,118,118,0,1,
32613,107,107,0,1,
32614,107,107,0,1,
32615,118,118,0,1,
32616,114,114,0,1,
32617,123,123,0,1,
32618,109,109,0,1,
32619,113,113,0,1,
32620,109,109,0,1,
32621,115,115,0,1,
32622,107,107,0,1,
32623,110,110,0,1,
32624,118,118,0,1,
32625,123,123,0,1,
32626,105,105,0,1,
32627,125,125,0,1,
32628,116,116,0,1,
32629,103,103,0,1,
32630,131,131,0,1,
32631,108,108,0,1,
32632,124,124,0,1,
32633,113,113,0,1,
32634,109,109,0,1,
32635,128,128,0,1,
32636,110,110,0,1,
32637,118,118,0,1,
32638,112,112,0,1,
32639,111,111,0,1,
32640,120,120,0,1,
32641,126,126,0,1,
32642,113,113,0,1,
32643,118,118,0,1,
32644,115,115,0,1,
32645,115,115,0,1,
32646,116,116,0,1,
32647,115,115,0,1,
32648,127,127,0,1,
32649,125,125,0,1,
32650,121,121,0,1,
32651,113,113,0,1,
32652,116,116,0,1,
32653,113,113,0,1,
32654,119,119,0,1,
32655,102,102,0,1,
32656,112,112,0,1,
32657,116,116,0,1,
32658,119,119,0,1,
32659,115,115,0,1,
32660,111,111,0,1,
32661,118,118,0,1,
32662,127,127,0,1,
32663,126,126,0,1,
32664,127,127,0,1,
32665,107,107,0,1,
32666,119,119,0,1,
32667,111,111,0,1,
32668,113,113,0,1,
32669,118,118,0,1,
32670,111,111,0,1,
32671,116,116,0,1,
32672,122,122,0,1,
32673,117,117,0,1,
32674,111,111,0,1,
32675,117,117,0,1,
32676,128,128,0,1,
32677,118,118,0,1,
32678,108,108,0,1,
32679,109,109,0,1,
32680,103,103,0,1,
32681,111,111,0,1,
32682,111,111,0,1,
32683,110,110,0,1,
32684,121,121,0,1,
32685,106,106,0,1,
32686,118,118,0,1,
32687,113,113,0,1,
32688,117,117,0,1,
32689,120,120,0,1,
32690,128,128,0,1,
32691,119,119,0,1,
32692,116,116,0,1,
32693,105,105,0,1,
32694,110,110,0,1,
32695,118,118,0,1,
32696,119,119,0,1,
32697,120,120,0,1,
32698,125,125,0,1,
32699,113,113,0,1,
32700,107,107,0,1,
32701,109,109,0,1,
32702,113,113,0,1,
32703,127,127,0,1,
32704,118,118,0,1,
32705,113,113,0,1,
32706,103,103,0,1,
32707,121,121,0,1,
32708,107,107,0,1,
32709,115,115,0,1,
32710,120,120,0,1,
32711,117,117,0,1,
32712,108,108,0,1,
32713,109,109,0,1,
32714,113,113,0,1,
32715,115,115,0,1,
32716,106,106,0,1,
32717,113,113,0,1,
32718,116,116,0,1,
32719,107,107,0,1,
32720,122,122,0,1,
32721,111,111,0,1,
32722,121,121,0,1,
32723,112,112,0,1,
32724,121,121,0,1,
32725,114,114,0,1,
32726,118,118,0,1,
32727,121,121,0,1,
32728,108,108,0,1,
32729,116,116,0,1,
32730,111,111,0,1,
32731,116,116,0,1,
32732,116,116,0,1,
32733,131,131,0,1,
32734,115,115,0,1,
32735,118,118,0,1,
32736,115,115,0,1,
32737,109,109,0,1,
32738,129,129,0,1,
32739,123,123,0,1,
32740,112,112,0,1,
32741,124,124,0,1,
32742,104,104,0,1,
32743,119,119,0,1,
32744,115,115,0,1,
32745,119,119,0,1,
32746,115,115,0,1,
32747,112,112,0,1,
32748,114,114,0,1,
32749,119,119,0,1,
32750,114,114,0,1,
32751,121,121,0,1,
32752,110,110,0,1,
32753,107,107,0,1,
32754,115,115,0,1,
32755,126,126,0,1,
32756,114,114,0,1,
32757,118,118,0,1,
32758,109,109,0,1,
32759,108,108,0,1,
32760,124,124,0,1,
32761,111,111,0,1,
32762,111,111,0,1,
32763,116,116,0,1,
32764,129,129,0,1,
32765,107,107,0,1,
32766,107,107,0,1,
32767,113,113,0,1,
32768,113,113,0,1,
32769,107,107,0,1,
32770,126,126,0,1,
32771,117,117,0,1,
32772,114,114,0,1,
32773,122,122,0,1,
32774,117,117,0,1,
32775,106,106,0,1,
32776,121,121,0,1,
32777,110,110,0,1,
32778,124,124,0,1,
32779,117,117,0,1,
32780,109,109,0,1,
32781,109,109,0,1,
32782,114,114,0,1,
32783,117,117,0,1,
32784,119,119,0,1,
32785,116,116,0,1,
32786,104,104,0,1,
32787,111,111,0,1,
32788,118,118,0,1,
32789,107,107,0,1,
32790,113,113,0,1,
32791,110,110,0,1,
32792,117,117,0,1,
32793,112,112,0,1,
32794,115,115,0,1,
32795,107,107,0,1,
32796,103,103,0,1,
32797,105,105,0,1,
32798,109,109,0,1,
32799,110,110,0,1,
32800,119,119,0,1,
32801,112,112,0,1,
32802,109,109,0,1,
32803,122,122,0,1,
32804,123,123,0,1,
32805,109,109,0,1,
32806,114,114,0,1,
32807,103,103,0,1,
32808,114,114,0,1,
32809,115,115,0,1,
32810,120,120,0,1,
32811,112,112,0,1,
32812,126,126,0,1,
32813,117,117,0,1,
32814,111,111,0,1,
32815,113,113,0,1,
32816,104,104,0,1,
32817,123,123,0,1,
32818,115,115,0,1,
32819,110,110,0,1,
32820,118,118,0,1,
32821,111,111,0,1,
32822,109,109,0,1,
32823,108,108,0,1,
32824,113,113,0,1,
32825,113,113,0,1,
32826,122,122,0,1,
32827,112,112,0,1,
32828,126,126,0,1,
32829,112,112,0,1,
32830,112,112,0,1,
32831,118,118,0,1,
32832,110,110,0,1,
32833,118,118,0,1,
32834,110,110,0,1,
32835,116,116,0,1,
32836,117,117,0,1,
32837,108,108,0,1,
32838,121,121,0,1,
32839,113,113,0,1,
32840,127,127,0,1,
32841,123,123,0,1,
32842,125,125,0,1,
32843,116,116,0,1,
32844,111,111,0,1,
32845,115,115,0,1,
32846,117,117,0,1,
32847,106,106,0,1,
32848,120,120,0,1,
32849,106,106,0,1,
32850,121,121,0,1,
32851,109,109,0,1,
32852,107,107,0,1,
32853,108,108,0,1,
32854,111,111,0,1,
32855,112,112,0,1,
32856,119,119,0,1,
32857,128,128,0,1,
32858,118,118,0,1,
32859,109,109,0,1,
32860,115,115,0,1,
32861,117,117,0,1,
32862,116,116,0,1,
32863,117,117,0,1,
32864,110,110,0,1,
32865,118,118,0,1,
32866,118,118,0,1,
32867,111,111,0,1,
32868,117,117,0,1,
32869,122,122,0,1,
32870,119,119,0,1,
32871,125,125,0,1,
32872,108,108,0,1,
32873,120,120,0,1,
32874,118,118,0,1,
32875,122,122,0,1,
32876,114,114,0,1,
32877,106,106,0,1,
32878,106,106,0,1,
32879,127,127,0,1,
32880,104,104,0,1,
32881,125,125,0,1,
32882,103,103,0,1,
32883,109,109,0,1,
32884,111,111,0,1,
32885,118,118,0,1,
32886,115,115,0,1,
32887,113,113,0,1,
32888,114,114,0,1,
32889,118,118,0,1,
32890,108,108,0,1,
32891,114,114,0,1,
32892,122,122,0,1,
32893,111,111,0,1,
32894,111,111,0,1,
32895,116,116,0,1,
32896,120,120,0,1,
32897,111,111,0,1,
32898,115,115,0,1,
32899,125,125,0,1,
32900,121,121,0,1,
32901,115,115,0,1,
32902,113,113,0,1,
32903,108,108,0,1,
32904,115,115,0,1,
32905,113,113,0,1,
32906,119,119,0,1,
32907,113,113,0,1,
32908,132,132,0,1,
32909,116,116,0,1,
32910,111,111,0,1,
32911,111,111,0,1,
32912,128,128,0,1,
32913,120,120,0,1,
32914,113,113,0,1,
32915,124,124,0,1,
32916,114,114,0,1,
32917,120,120,0,1,
32918,111,111,0,1,
32919,115,115,0,1,
32920,107,107,0,1,
32921,111,111,0,1,
32922,116,116,0,1,
32923,113,113,0,1,
32924,120,120,0,1,
32925,114,114,0,1,
32926,115,115,0,1,
32927,108,108,0,1,
32928,129,129,0,1,
32929,115,115,0,1,
32930,104,104,0,1,
32931,123,123,0,1,
32932,111,111,0,1,
32933,122,122,0,1,
32934,115,115,0,1,
32935,119,119,0,1,
32936,111,111,0,1,
32937,106,106,0,1,
32938,114,114,0,1,
32939,130,130,0,1,
32940,125,125,0,1,
32941,103,103,0,1,
32942,110,110,0,1,
32943,112,112,0,1,
32944,109,109,0,1,
32945,121,121,0,1,
32946,110,110,0,1,
32947,129,129,0,1,
32948,108,108,0,1,
32949,118,118,0,1,
32950,104,104,0,1,
32951,117,117,0,1,
32952,120,120,0,1,
32953,107,107,0,1,
32954,114,114,0,1,
32955,125,125,0,1,
32956,120,120,0,1,
32957,113,113,0,1,
32958,112,112,0,1,
32959,122,122,0,1,
32960,121,121,0,1,
32961,111,111,0,1,
32962,126,126,0,1,
32963,114,114,0,1,
32964,113,113,0,1,
32965,118,118,0,1,
32966,112,112,0,1,
32967,121,121,0,1,
32968,106,106,0,1,
32969,118,118,0,1,
32970,117,117,0,1,
32971,110,110,0,1,
32972,101,101,0,1,
32973,118,118,0,1,
32974,128,128,0,1,
32975,115,115,0,1,
32976,108,108,0,1,
32977,121,121,0,1,
32978,115,115,0,1,
32979,118,118,0,1,
32980,117,117,0,1,
32981,118,118,0,1,
32982,118,118,0,1,
32983,116,116,0,1,
32984,120,120,0,1,
32985,117,117,0,1,
32986,128,128,0,1,
32987,110,110,0,1,
32988,108,108,0,1,
32989,116,116,0,1,
32990,111,111,0,1,
32991,112,112,0,1,
32992,111,111,0,1,
32993,116,116,0,1,
32994,117,117,0,1,
32995,116,116,0,1,
32996,118,118,0,1,
32997,120,120,0,1,
32998,102,102,0,1,
32999,112,112,0,1,
33000,123,123,0,1,
33001,113,113,0,1,
33002,114,114,0,1,
33003,113,113,0,1,
33004,122,122,0,1,
33005,117,117,0,1,
33006,118,118,0,1,
33007,120,120,0,1,
33008,116,116,0,1,
33009,132,132,0,1,
33010,127,127,0,1,
33011,113,113,0,1,
33012,122,122,0,1,
33013,117,117,0,1,
33014,108,108,0,1,
33015,106,106,0,1,
33016,113,113,0,1,
33017,113,113,0,1,
33018,106,106,0,1,
33019,111,111,0,1,
33020,119,119,0,1,
33021,122,122,0,1,
33022,105,105,0,1,
33023,115,115,0,1,
33024,109,109,0,1,
33025,122,122,0,1,
33026,109,109,0,1,
33027,121,121,0,1,
33028,113,113,0,1,
33029,119,119,0,1,
33030,116,116,0,1,
33031,112,112,0,1,
33032,116,116,0,1,
33033,109,109,0,1,
33034,103,103,0,1,
33035,112,112,0,1,
33036,124,124,0,1,
33037,121,121,0,1,
33038,111,111,0,1,
33039,122,122,0,1,
33040,113,113,0,1,
33041,111,111,0,1,
33042,109,109,0,1,
33043,111,111,0,1,
33044,110,110,0,1,
33045,117,117,0,1,
33046,126,126,0,1,
33047,122,122,0,1,
33048,119,119,0,1,
33049,107,107,0,1,
33050,116,116,0,1,
33051,114,114,0,1,
33052,119,119,0,1,
33053,123,123,0,1,
33054,120,120,0,1,
33055,114,114,0,1,
33056,121,121,0,1,
33057,104,104,0,1,
33058,109,109,0,1,
33059,105,105,0,1,
33060,122,122,0,1,
33061,123,123,0,1,
33062,115,115,0,1,
33063,98,98,0,1,
33064,114,114,0,1,
33065,106,106,0,1,
33066,113,113,0,1,
33067,116,116,0,1,
33068,122,122,0,1,
33069,119,119,0,1,
33070,113,113,0,1,
33071,113,113,0,1,
33072,120,120,0,1,
33073,112,112,0,1,
33074,115,115,0,1,
33075,122,122,0,1,
33076,111,111,0,1,
33077,115,115,0,1,
33078,114,114,0,1,
33079,108,108,0,1,
33080,108,108,0,1,
33081,113,113,0,1,
33082,113,113,0,1,
33083,111,111,0,1,
33084,123,123,0,1,
33085,114,114,0,1,
33086,125,125,0,1,
33087,114,114,0,1,
33088,121,121,0,1,
33089,120,120,0,1,
33090,107,107,0,1,
33091,110,110,0,1,
33092,125,125,0,1,
33093,117,117,0,1,
33094,121,121,0,1,
33095,130,130,0,1,
33096,125,125,0,1,
33097,114,114,0,1,
33098,107,107,0,1,
33099,115,115,0,1,
33100,109,109,0,1,
33101,117,117,0,1,
33102,111,111,0,1,
33103,111,111,0,1,
33104,109,109,0,1,
33105,111,111,0,1,
33106,113,113,0,1,
33107,117,117,0,1,
33108,121,121,0,1,
33109,111,111,0,1,
33110,107,107,0,1,
33111,112,112,0,1,
33112,116,116,0,1,
33113,108,108,0,1,
33114,114,114,0,1,
33115,120,120,0,1,
33116,110,110,0,1,
33117,119,119,0,1,
33118,104,104,0,1,
33119,129,129,0,1,
33120,117,117,0,1,
33121,112,112,0,1,
33122,112,112,0,1,
33123,115,115,0,1,
33124,123,123,0,1,
33125,110,110,0,1,
33126,118,118,0,1,
33127,103,103,0,1,
33128,116,116,0,1,
33129,112,112,0,1,
33130,110,110,0,1,
33131,127,127,0,1,
33132,108,108,0,1,
33133,108,108,0,1,
33134,121,121,0,1,
33135,121,121,0,1,
33136,121,121,0,1,
33137,115,115,0,1,
33138,101,101,0,1,
33139,122,122,0,1,
33140,121,121,0,1,
33141,116,116,0,1,
33142,120,120,0,1,
33143,114,114,0,1,
33144,114,114,0,1,
33145,117,117,0,1,
33146,124,124,0,1,
33147,115,115,0,1,
33148,118,118,0,1,
33149,123,123,0,1,
33150,118,118,0,1,
33151,108,108,0,1,
33152,110,110,0,1,
33153,120,120,0,1,
33154,112,112,0,1,
33155,119,119,0,1,
33156,113,113,0,1,
33157,109,109,0,1,
33158,123,123,0,1,
33159,114,114,0,1,
33160,125,125,0,1,
33161,114,114,0,1,
33162,112,112,0,1,
33163,114,114,0,1,
33164,118,118,0,1,
33165,126,126,0,1,
33166,110,110,0,1,
33167,120,120,0,1,
33168,111,111,0,1,
33169,109,109,0,1,
33170,106,106,0,1,
33171,108,108,0,1,
33172,115,115,0,1,
33173,118,118,0,1,
33174,119,119,0,1,
33175,120,120,0,1,
33176,106,106,0,1,
33177,116,116,0,1,
33178,108,108,0,1,
33179,118,118,0,1,
33180,112,112,0,1,
33181,114,114,0,1,
33182,123,123,0,1,
33183,109,109,0,1,
33184,124,124,0,1,
33185,118,118,0,1,
33186,111,111,0,1,
33187,122,122,0,1,
33188,123,123,0,1,
33189,122,122,0,1,
33190,115,115,0,1,
33191,108,108,0,1,
33192,117,117,0,1,
33193,113,113,0,1,
33194,112,112,0,1,
33195,109,109,0,1,
33196,121,121,0,1,
33197,116,116,0,1,
33198,110,110,0,1,
33199,117,117,0,1,
33200,117,117,0,1,
33201,108,108,0,1,
33202,122,122,0,1,
33203,111,111,0,1,
33204,124,124,0,1,
33205,120,120,0,1,
33206,107,107,0,1,
33207,114,114,0,1,
33208,112,112,0,1,
33209,109,109,0,1,
33210,112,112,0,1,
33211,113,113,0,1,
33212,125,125,0,1,
33213,120,120,0,1,
33214,115,115,0,1,
33215,119,119,0,1,
33216,112,112,0,1,
33217,113,113,0,1,
33218,121,121,0,1,
33219,118,118,0,1,
33220,107,107,0,1,
33221,111,111,0,1,
33222,119,119,0,1,
33223,104,104,0,1,
33224,112,112,0,1,
33225,109,109,0,1,
33226,122,122,0,1,
33227,120,120,0,1,
33228,121,121,0,1,
33229,128,128,0,1,
33230,109,109,0,1,
33231,114,114,0,1,
33232,110,110,0,1,
33233,122,122,0,1,
33234,109,109,0,1,
33235,110,110,0,1,
33236,133,133,0,1,
33237,113,113,0,1,
33238,115,115,0,1,
33239,107,107,0,1,
33240,114,114,0,1,
33241,107,107,0,1,
33242,123,123,0,1,
33243,105,105,0,1,
33244,109,109,0,1,
33245,121,121,0,1,
33246,123,123,0,1,
33247,115,115,0,1,
33248,129,129,0,1,
33249,120,120,0,1,
33250,106,106,0,1,
33251,117,117,0,1,
33252,115,115,0,1,
33253,107,107,0,1,
33254,108,108,0,1,
33255,108,108,0,1,
33256,115,115,0,1,
33257,116,116,0,1,
33258,110,110,0,1,
33259,120,120,0,1,
33260,104,104,0,1,
33261,119,119,0,1,
33262,110,110,0,1,
33263,110,110,0,1,
33264,118,118,0,1,
33265,109,109,0,1,
33266,107,107,0,1,
33267,109,109,0,1,
33268,115,115,0,1,
33269,118,118,0,1,
33270,111,111,0,1,
33271,107,107,0,1,
33272,113,113,0,1,
33273,118,118,0,1,
33274,118,118,0,1,
33275,103,103,0,1,
33276,119,119,0,1,
33277,119,119,0,1,
33278,117,117,0,1,
33279,111,111,0,1,
33280,106,106,0,1,
33281,116,116,0,1,
33282,107,107,0,1,
33283,115,115,0,1,
33284,118,118,0,1,
33285,112,112,0,1,
33286,125,125,0,1,
33287,127,127,0,1,
33288,118,118,0,1,
33289,121,121,0,1,
33290,110,110,0,1,
33291,119,119,0,1,
33292,114,114,0,1,
33293,106,106,0,1,
33294,115,115,0,1,
33295,117,117,0,1,
33296,118,118,0,1,
33297,123,123,0,1,
33298,113,113,0,1,
33299,123,123,0,1,
33300,112,112,0,1,
33301,117,117,0,1,
33302,126,126,0,1,
33303,116,116,0,1,
33304,116,116,0,1,
33305,128,128,0,1,
33306,119,119,0,1,
33307,116,116,0,1,
33308,102,102,0,1,
33309,107,107,0,1,
33310,118,118,0,1,
33311,115,115,0,1,
33312,112,112,0,1,
33313,122,122,0,1,
33314,112,112,0,1,
33315,116,116,0,1,
33316,127,127,0,1,
33317,120,120,0,1,
33318,115,115,0,1,
33319,116,116,0,1,
33320,109,109,0,1,
33321,120,120,0,1,
33322,116,116,0,1,
33323,116,116,0,1,
33324,107,107,0,1,
33325,113,113,0,1,
33326,116,116,0,1,
33327,105,105,0,1,
33328,109,109,0,1,
33329,118,118,0,1,
33330,128,128,0,1,
33331,123,123,0,1,
33332,108,108,0,1,
33333,111,111,0,1,
33334,117,117,0,1,
33335,118,118,0,1,
33336,112,112,0,1,
33337,116,116,0,1,
33338,116,116,0,1,
33339,112,112,0,1,
33340,112,112,0,1,
33341,110,110,0,1,
33342,119,119,0,1,
33343,113,113,0,1,
33344,117,117,0,1,
33345,102,102,0,1,
33346,123,123,0,1,
33347,116,116,0,1,
33348,120,120,0,1,
33349,117,117,0,1,
33350,113,113,0,1,
33351,119,119,0,1,
33352,114,114,0,1,
33353,115,115,0,1,
33354,113,113,0,1,
33355,120,120,0,1,
33356,112,112,0,1,
33357,107,107,0,1,
33358,126,126,0,1,
33359,112,112,0,1,
33360,107,107,0,1,
33361,118,118,0,1,
33362,116,116,0,1,
33363,126,126,0,1,
33364,117,117,0,1,
33365,113,113,0,1,
33366,114,114,0,1,
33367,131,131,0,1,
33368,102,102,0,1,
33369,117,117,0,1,
33370,119,119,0,1,
33371,119,119,0,1,
33372,109,109,0,1,
33373,114,114,0,1,
33374,116,116,0,1,
33375,124,124,0,1,
33376,116,116,0,1,
33377,106,106,0,1,
33378,114,114,0,1,
33379,110,110,0,1,
33380,111,111,0,1,
33381,109,109,0,1,
33382,113,113,0,1,
33383,125,125,0,1,
33384,122,122,0,1,
33385,106,106,0,1,
33386,114,114,0,1,
33387,120,120,0,1,
33388,115,115,0,1,
33389,115,115,0,1,
33390,116,116,0,1,
33391,106,106,0,1,
33392,123,123,0,1,
33393,110,110,0,1,
33394,111,111,0,1,
33395,116,116,0,1,
33396,121,121,0,1,
33397,116,116,0,1,
33398,117,117,0,1,
33399,118,118,0,1,
33400,112,112,0,1,
33401,116,116,0,1,
33402,114,114,0,1,
33403,114,114,0,1,
33404,121,121,0,1,
33405,112,112,0,1,
33406,127,127,0,1,
33407,114,114,0,1,
33408,111,111,0,1,
33409,111,111,0,1,
33410,122,122,0,1,
33411,110,110,0,1,
33412,107,107,0,1,
33413,119,119,0,1,
33414,121,121,0,1,
33415,116,116,0,1,
33416,109,109,0,1,
33417,127,127,0,1,
33418,111,111,0,1,
33419,117,117,0,1,
33420,121,121,0,1,
33421,109,109,0,1,
33422,118,118,0,1,
33423,122,122,0,1,
33424,111,111,0,1,
33425,112,112,0,1,
33426,108,108,0,1,
33427,126,126,0,1,
33428,108,108,0,1,
33429,129,129,0,1,
33430,109,109,0,1,
33431,111,111,0,1,
33432,111,111,0,1,
33433,121,121,0,1,
33434,113,113,0,1,
33435,117,117,0,1,
33436,120,120,0,1,
33437,121,121,0,1,
33438,121,121,0,1,
33439,114,114,0,1,
33440,119,119,0,1,
33441,110,110,0,1,
33442,104,104,0,1,
33443,119,119,0,1,
33444,115,115,0,1,
33445,119,119,0,1,
33446,112,112,0,1,
33447,122,122,0,1,
33448,125,125,0,1,
33449,112,112,0,1,
33450,124,124,0,1,
33451,111,111,0,1,
33452,113,113,0,1,
33453,117,117,0,1,
33454,118,118,0,1,
33455,120,120,0,1,
33456,123,123,0,1,
33457,126,126,0,1,
33458,110,110,0,1,
33459,112,112,0,1,
33460,114,114,0,1,
33461,113,113,0,1,
33462,123,123,0,1,
33463,118,118,0,1,
33464,99,99,0,1,
33465,114,114,0,1,
33466,121,121,0,1,
33467,103,103,0,1,
33468,128,128,0,1,
33469,121,121,0,1,
33470,120,120,0,1,
33471,105,105,0,1,
33472,108,108,0,1,
33473,107,107,0,1,
33474,106,106,0,1,
33475,112,112,0,1,
33476,117,117,0,1,
33477,121,121,0,1,
33478,114,114,0,1,
33479,103,103,0,1,
33480,117,117,0,1,
33481,115,115,0,1,
33482,125,125,0,1,
33483,120,120,0,1,
33484,116,116,0,1,
33485,121,121,0,1,
33486,109,109,0,1,
33487,119,119,0,1,
33488,125,125,0,1,
33489,131,131,0,1,
33490,118,118,0,1,
33491,125,125,0,1,
33492,110,110,0,1,
33493,106,106,0,1,
33494,116,116,0,1,
33495,108,108,0,1,
33496,124,124,0,1,
33497,126,126,0,1,
33498,116,116,0,1,
33499,124,124,0,1,
33500,109,109,0,1,
33501,114,114,0,1,
33502,117,117,0,1,
33503,123,123,0,1,
33504,122,122,0,1,
33505,111,111,0,1,
33506,120,120,0,1,
33507,111,111,0,1,
33508,108,108,0,1,
33509,112,112,0,1,
33510,119,119,0,1,
33511,119,119,0,1,
33512,109,109,0,1,
33513,114,114,0,1,
33514,113,113,0,1,
33515,110,110,0,1,
33516,115,115,0,1,
33517,116,116,0,1,
33518,110,110,0,1,
33519,114,114,0,1,
33520,114,114,0,1,
33521,104,104,0,1,
33522,108,108,0,1,
33523,127,127,0,1,
33524,119,119,0,1,
33525,112,112,0,1,
33526,125,125,0,1,
33527,112,112,0,1,
33528,113,113,0,1,
33529,102,102,0,1,
33530,124,124,0,1,
33531,115,115,0,1,
33532,113,113,0,1,
33533,126,126,0,1,
33534,116,116,0,1,
33535,114,114,0,1,
33536,117,117,0,1,
33537,114,114,0,1,
33538,116,116,0,1,
33539,107,107,0,1,
33540,115,115,0,1,
33541,126,126,0,1,
33542,117,117,0,1,
33543,120,120,0,1,
33544,113,113,0,1,
33545,121,121,0,1,
33546,112,112,0,1,
33547,108,108,0,1,
33548,109,109,0,1,
33549,110,110,0,1,
33550,114,114,0,1,
33551,108,108,0,1,
33552,114,114,0,1,
33553,115,115,0,1,
33554,131,131,0,1,
33555,115,115,0,1,
33556,117,117,0,1,
33557,122,122,0,1,
33558,124,124,0,1,
33559,109,109,0,1,
33560,104,104,0,1,
33561,117,117,0,1,
33562,104,104,0,1,
33563,109,109,0,1,
33564,107,107,0,1,
33565,121,121,0,1,
33566,109,109,0,1,
33567,119,119,0,1,
33568,122,122,0,1,
33569,111,111,0,1,
33570,121,121,0,1,
33571,113,113,0,1,
33572,118,118,0,1,
33573,119,119,0,1,
33574,120,120,0,1,
33575,119,119,0,1,
33576,112,112,0,1,
33577,120,120,0,1,
33578,109,109,0,1,
33579,110,110,0,1,
33580,118,118,0,1,
33581,109,109,0,1,
33582,116,116,0,1,
33583,126,126,0,1,
33584,125,125,0,1,
33585,127,127,0,1,
33586,110,110,0,1,
33587,112,112,0,1,
33588,108,108,0,1,
33589,112,112,0,1,
33590,104,104,0,1,
33591,109,109,0,1,
33592,121,121,0,1,
33593,116,116,0,1,
33594,113,113,0,1,
33595,130,130,0,1,
33596,126,126,0,1,
33597,118,118,0,1,
33598,111,111,0,1,
33599,121,121,0,1,
33600,113,113,0,1,
33601,118,118,0,1,
33602,111,111,0,1,
33603,106,106,0,1,
33604,109,109,0,1,
33605,121,121,0,1,
33606,109,109,0,1,
33607,104,104,0,1,
33608,126,126,0,1,
33609,110,110,0,1,
33610,128,128,0,1,
33611,120,120,0,1,
33612,118,118,0,1,
33613,115,115,0,1,
33614,103,103,0,1,
33615,125,125,0,1,
33616,123,123,0,1,
33617,120,120,0,1,
33618,118,118,0,1,
33619,110,110,0,1,
33620,117,117,0,1,
33621,128,128,0,1,
33622,111,111,0,1,
33623,121,121,0,1,
33624,110,110,0,1,
33625,115,115,0,1,
33626,107,107,0,1,
33627,111,111,0,1,
33628,109,109,0,1,
33629,121,121,0,1,
33630,115,115,0,1,
33631,120,120,0,1,
33632,123,123,0,1,
33633,115,115,0,1,
33634,120,120,0,1,
33635,121,121,0,1,
33636,112,112,0,1,
33637,113,113,0,1,
33638,108,108,0,1,
33639,108,108,0,1,
33640,113,113,0,1,
33641,117,117,0,1,
33642,109,109,0,1,
33643,112,112,0,1,
33644,119,119,0,1,
33645,118,118,0,1,
33646,110,110,0,1,
33647,107,107,0,1,
33648,116,116,0,1,
33649,113,113,0,1,
33650,116,116,0,1,
33651,114,114,0,1,
33652,116,116,0,1,
33653,107,107,0,1,
33654,113,113,0,1,
33655,109,109,0,1,
33656,115,115,0,1,
33657,116,116,0,1,
33658,108,108,0,1,
33659,113,113,0,1,
33660,109,109,0,1,
33661,111,111,0,1,
33662,116,116,0,1,
33663,119,119,0,1,
33664,111,111,0,1,
33665,121,121,0,1,
33666,111,111,0,1,
33667,118,118,0,1,
33668,109,109,0,1,
33669,105,105,0,1,
33670,121,121,0,1,
33671,113,113,0,1,
33672,106,106,0,1,
33673,119,119,0,1,
33674,124,124,0,1,
33675,105,105,0,1,
33676,106,106,0,1,
33677,118,118,0,1,
33678,105,105,0,1,
33679,107,107,0,1,
33680,111,111,0,1,
33681,111,111,0,1,
33682,122,122,0,1,
33683,111,111,0,1,
33684,116,116,0,1,
33685,112,112,0,1,
33686,115,115,0,1,
33687,109,109,0,1,
33688,113,113,0,1,
33689,115,115,0,1,
33690,111,111,0,1,
33691,111,111,0,1,
33692,112,112,0,1,
33693,121,121,0,1,
33694,118,118,0,1,
33695,123,123,0,1,
33696,109,109,0,1,
33697,108,108,0,1,
33698,110,110,0,1,
33699,116,116,0,1,
33700,108,108,0,1,
33701,115,115,0,1,
33702,120,120,0,1,
33703,112,112,0,1,
33704,126,126,0,1,
33705,117,117,0,1,
33706,111,111,0,1,
33707,108,108,0,1,
33708,113,113,0,1,
33709,112,112,0,1,
33710,112,112,0,1,
33711,125,125,0,1,
33712,111,111,0,1,
33713,105,105,0,1,
33714,116,116,0,1,
33715,118,118,0,1,
33716,115,115,0,1,
33717,121,121,0,1,
33718,114,114,0,1,
33719,111,111,0,1,
33720,120,120,0,1,
33721,112,112,0,1,
33722,112,112,0,1,
33723,113,113,0,1,
33724,110,110,0,1,
33725,130,130,0,1,
33726,118,118,0,1,
33727,108,108,0,1,
33728,115,115,0,1,
33729,112,112,0,1,
33730,118,118,0,1,
33731,107,107,0,1,
33732,112,112,0,1,
33733,129,129,0,1,
33734,122,122,0,1,
33735,125,125,0,1,
33736,130,130,0,1,
33737,120,120,0,1,
33738,118,118,0,1,
33739,117,117,0,1,
33740,126,126,0,1,
33741,113,113,0,1,
33742,109,109,0,1,
33743,113,113,0,1,
33744,114,114,0,1,
33745,122,122,0,1,
33746,126,126,0,1,
33747,112,112,0,1,
33748,122,122,0,1,
33749,129,129,0,1,
33750,115,115,0,1,
33751,114,114,0,1,
33752,118,118,0,1,
33753,119,119,0,1,
33754,113,113,0,1,
33755,108,108,0,1,
33756,110,110,0,1,
33757,104,104,0,1,
33758,119,119,0,1,
33759,126,126,0,1,
33760,127,127,0,1,
33761,125,125,0,1,
33762,118,118,0,1,
33763,114,114,0,1,
33764,113,113,0,1,
33765,119,119,0,1,
33766,129,129,0,1,
33767,116,116,0,1,
33768,121,121,0,1,
33769,115,115,0,1,
33770,129,129,0,1,
33771,117,117,0,1,
33772,105,105,0,1,
33773,111,111,0,1,
33774,107,107,0,1,
33775,117,117,0,1,
33776,106,106,0,1,
33777,106,106,0,1,
33778,114,114,0,1,
33779,120,120,0,1,
33780,110,110,0,1,
33781,105,105,0,1,
33782,118,118,0,1,
33783,118,118,0,1,
33784,105,105,0,1,
33785,117,117,0,1,
33786,109,109,0,1,
33787,111,111,0,1,
33788,121,121,0,1,
33789,118,118,0,1,
33790,122,122,0,1,
33791,111,111,0,1,
33792,111,111,0,1,
33793,120,120,0,1,
33794,119,119,0,1,
33795,125,125,0,1,
33796,126,126,0,1,
33797,119,119,0,1,
33798,106,106,0,1,
33799,123,123,0,1,
33800,115,115,0,1,
33801,121,121,0,1,
33802,103,103,0,1,
33803,113,113,0,1,
33804,121,121,0,1,
33805,119,119,0,1,
33806,112,112,0,1,
33807,116,116,0,1,
33808,111,111,0,1,
33809,112,112,0,1,
33810,117,117,0,1,
33811,108,108,0,1,
33812,99,99,0,1,
33813,116,116,0,1,
33814,122,122,0,1,
33815,121,121,0,1,
33816,112,112,0,1,
33817,105,105,0,1,
33818,128,128,0,1,
33819,102,102,0,1,
33820,121,121,0,1,
33821,118,118,0,1,
33822,117,117,0,1,
33823,126,126,0,1,
33824,114,114,0,1,
33825,114,114,0,1,
33826,109,109,0,1,
33827,109,109,0,1,
33828,119,119,0,1,
33829,107,107,0,1,
33830,117,117,0,1,
33831,112,112,0,1,
33832,117,117,0,1,
33833,111,111,0,1,
33834,109,109,0,1,
33835,109,109,0,1,
33836,124,124,0,1,
33837,115,115,0,1,
33838,112,112,0,1,
33839,108,108,0,1,
33840,120,120,0,1,
33841,113,113,0,1,
33842,121,121,0,1,
33843,122,122,0,1,
33844,114,114,0,1,
33845,113,113,0,1,
33846,110,110,0,1,
33847,119,119,0,1,
33848,128,128,0,1,
33849,122,122,0,1,
33850,113,113,0,1,
33851,105,105,0,1,
33852,119,119,0,1,
33853,108,108,0,1,
33854,127,127,0,1,
33855,118,118,0,1,
33856,119,119,0,1,
33857,114,114,0,1,
33858,111,111,0,1,
33859,123,123,0,1,
33860,115,115,0,1,
33861,123,123,0,1,
33862,109,109,0,1,
33863,110,110,0,1,
33864,127,127,0,1,
33865,106,106,0,1,
33866,113,113,0,1,
33867,110,110,0,1,
33868,107,107,0,1,
33869,127,127,0,1,
33870,110,110,0,1,
33871,110,110,0,1,
33872,133,133,0,1,
33873,113,113,0,1,
33874,108,108,0,1,
33875,105,105,0,1,
33876,113,113,0,1,
33877,120,120,0,1,
33878,116,116,0,1,
33879,121,121,0,1,
33880,120,120,0,1,
33881,113,113,0,1,
33882,110,110,0,1,
33883,114,114,0,1,
33884,123,123,0,1,
33885,124,124,0,1,
33886,113,113,0,1,
33887,119,119,0,1,
33888,119,119,0,1,
33889,106,106,0,1,
33890,129,129,0,1,
33891,119,119,0,1,
33892,121,121,0,1,
33893,107,107,0,1,
33894,112,112,0,1,
33895,110,110,0,1,
33896,113,113,0,1,
33897,114,114,0,1,
33898,121,121,0,1,
33899,110,110,0,1,
33900,111,111,0,1,
33901,117,117,0,1,
33902,112,112,0,1,
33903,127,127,0,1,
33904,108,108,0,1,
33905,107,107,0,1,
33906,118,118,0,1,
33907,110,110,0,1,
33908,109,109,0,1,
33909,113,113,0,1,
33910,120,120,0,1,
33911,120,120,0,1,
33912,122,122,0,1,
33913,113,113,0,1,
33914,126,126,0,1,
33915,123,123,0,1,
33916,113,113,0,1,
33917,112,112,0,1,
33918,117,117,0,1,
33919,110,110,0,1,
33920,119,119,0,1,
33921,113,113,0,1,
33922,125,125,0,1,
33923,101,101,0,1,
33924,123,123,0,1,
33925,116,116,0,1,
33926,106,106,0,1,
33927,115,115,0,1,
33928,116,116,0,1,
33929,115,115,0,1,
33930,119,119,0,1,
33931,116,116,0,1,
33932,121,121,0,1,
33933,110,110,0,1,
33934,124,124,0,1,
33935,110,110,0,1,
33936,129,129,0,1,
33937,107,107,0,1,
33938,117,117,0,1,
33939,104,104,0,1,
33940,112,112,0,1,
33941,127,127,0,1,
33942,105,105,0,1,
33943,116,116,0,1,
33944,118,118,0,1,
33945,112,112,0,1,
33946,110,110,0,1,
33947,126,126,0,1,
33948,115,115,0,1,
33949,106,106,0,1,
33950,120,120,0,1,
33951,111,111,0,1,
33952,118,118,0,1,
33953,116,116,0,1,
33954,113,113,0,1,
33955,115,115,0,1,
33956,104,104,0,1,
33957,116,116,0,1,
33958,118,118,0,1,
33959,116,116,0,1,
33960,113,113,0,1,
33961,109,109,0,1,
33962,115,115,0,1,
33963,122,122,0,1,
33964,115,115,0,1,
33965,120,120,0,1,
33966,107,107,0,1,
33967,108,108,0,1,
33968,109,109,0,1,
33969,114,114,0,1,
33970,113,113,0,1,
33971,123,123,0,1,
33972,114,114,0,1,
33973,114,114,0,1,
33974,118,118,0,1,
33975,116,116,0,1,
33976,119,119,0,1,
33977,123,123,0,1,
33978,112,112,0,1,
33979,119,119,0,1,
33980,114,114,0,1,
33981,110,110,0,1,
33982,110,110,0,1,
33983,120,120,0,1,
33984,123,123,0,1,
33985,104,104,0,1,
33986,116,116,0,1,
33987,117,117,0,1,
33988,115,115,0,1,
33989,113,113,0,1,
33990,109,109,0,1,
33991,120,120,0,1,
33992,108,108,0,1,
33993,111,111,0,1,
33994,111,111,0,1,
33995,124,124,0,1,
33996,118,118,0,1,
33997,117,117,0,1,
33998,112,112,0,1,
33999,111,111,0,1,
34000,118,118,0,1,
34001,117,117,0,1,
34002,118,118,0,1,
34003,127,127,0,1,
34004,128,128,0,1,
34005,123,123,0,1,
34006,110,110,0,1,
34007,114,114,0,1,
34008,114,114,0,1,
34009,119,119,0,1,
34010,111,111,0,1,
34011,112,112,0,1,
34012,119,119,0,1,
34013,123,123,0,1,
34014,122,122,0,1,
34015,103,103,0,1,
34016,112,112,0,1,
34017,114,114,0,1,
34018,131,131,0,1,
34019,115,115,0,1,
34020,111,111,0,1,
34021,114,114,0,1,
34022,122,122,0,1,
34023,110,110,0,1,
34024,123,123,0,1,
34025,118,118,0,1,
34026,116,116,0,1,
34027,119,119,0,1,
34028,114,114,0,1,
34029,111,111,0,1,
34030,116,116,0,1,
34031,115,115,0,1,
34032,109,109,0,1,
34033,118,118,0,1,
34034,124,124,0,1,
34035,117,117,0,1,
34036,107,107,0,1,
34037,107,107,0,1,
34038,112,112,0,1,
34039,122,122,0,1,
34040,106,106,0,1,
34041,120,120,0,1,
34042,124,124,0,1,
34043,116,116,0,1,
34044,119,119,0,1,
34045,110,110,0,1,
34046,117,117,0,1,
34047,111,111,0,1,
34048,125,125,0,1,
34049,122,122,0,1,
34050,112,112,0,1,
34051,112,112,0,1,
34052,112,112,0,1,
34053,109,109,0,1,
34054,110,110,0,1,
34055,120,120,0,1,
34056,122,122,0,1,
34057,122,122,0,1,
34058,119,119,0,1,
34059,117,117,0,1,
34060,109,109,0,1,
34061,117,117,0,1,
34062,123,123,0,1,
34063,122,122,0,1,
34064,110,110,0,1,
34065,120,120,0,1,
34066,124,124,0,1,
34067,120,120,0,1,
34068,110,110,0,1,
34069,115,115,0,1,
34070,121,121,0,1,
34071,116,116,0,1,
34072,111,111,0,1,
34073,117,117,0,1,
34074,113,113,0,1,
34075,114,114,0,1,
34076,106,106,0,1,
34077,117,117,0,1,
34078,123,123,0,1,
34079,122,122,0,1,
34080,116,116,0,1,
34081,113,113,0,1,
34082,103,103,0,1,
34083,119,119,0,1,
34084,111,111,0,1,
34085,112,112,0,1,
34086,112,112,0,1,
34087,119,119,0,1,
34088,122,122,0,1,
34089,115,115,0,1,
34090,115,115,0,1,
34091,112,112,0,1,
34092,117,117,0,1,
34093,116,116,0,1,
34094,120,120,0,1,
34095,105,105,0,1,
34096,113,113,0,1,
34097,122,122,0,1,
34098,125,125,0,1,
34099,101,101,0,1,
34100,120,120,0,1,
34101,118,118,0,1,
34102,108,108,0,1,
34103,118,118,0,1,
34104,108,108,0,1,
34105,105,105,0,1,
34106,109,109,0,1,
34107,114,114,0,1,
34108,120,120,0,1,
34109,107,107,0,1,
34110,106,106,0,1,
34111,119,119,0,1,
34112,114,114,0,1,
34113,106,106,0,1,
34114,121,121,0,1,
34115,127,127,0,1,
34116,129,129,0,1,
34117,115,115,0,1,
34118,118,118,0,1,
34119,116,116,0,1,
34120,123,123,0,1,
34121,119,119,0,1,
34122,110,110,0,1,
34123,123,123,0,1,
34124,115,115,0,1,
34125,113,113,0,1,
34126,116,116,0,1,
34127,114,114,0,1,
34128,108,108,0,1,
34129,116,116,0,1,
34130,105,105,0,1,
34131,122,122,0,1,
34132,106,106,0,1,
34133,117,117,0,1,
34134,116,116,0,1,
34135,108,108,0,1,
34136,118,118,0,1,
34137,116,116,0,1,
34138,122,122,0,1,
34139,110,110,0,1,
34140,113,113,0,1,
34141,110,110,0,1,
34142,126,126,0,1,
34143,123,123,0,1,
34144,110,110,0,1,
34145,103,103,0,1,
34146,109,109,0,1,
34147,116,116,0,1,
34148,127,127,0,1,
34149,114,114,0,1,
34150,105,105,0,1,
34151,108,108,0,1,
34152,120,120,0,1,
34153,117,117,0,1,
34154,116,116,0,1,
34155,115,115,0,1,
34156,116,116,0,1,
34157,110,110,0,1,
34158,133,133,0,1,
34159,119,119,0,1,
34160,108,108,0,1,
34161,120,120,0,1,
34162,119,119,0,1,
34163,119,119,0,1,
34164,119,119,0,1,
34165,108,108,0,1,
34166,106,106,0,1,
34167,111,111,0,1,
34168,112,112,0,1,
34169,119,119,0,1,
34170,114,114,0,1,
34171,120,120,0,1,
34172,117,117,0,1,
34173,118,118,0,1,
34174,108,108,0,1,
34175,118,118,0,1,
34176,108,108,0,1,
34177,114,114,0,1,
34178,126,126,0,1,
34179,110,110,0,1,
34180,116,116,0,1,
34181,119,119,0,1,
34182,124,124,0,1,
34183,110,110,0,1,
34184,114,114,0,1,
34185,114,114,0,1,
34186,120,120,0,1,
34187,104,104,0,1,
34188,119,119,0,1,
34189,123,123,0,1,
34190,135,135,0,1,
34191,128,128,0,1,
34192,104,104,0,1,
34193,113,113,0,1,
34194,103,103,0,1,
34195,114,114,0,1,
34196,115,115,0,1,
34197,119,119,0,1,
34198,123,123,0,1,
34199,126,126,0,1,
34200,113,113,0,1,
34201,111,111,0,1,
34202,111,111,0,1,
34203,106,106,0,1,
34204,121,121,0,1,
34205,117,117,0,1,
34206,110,110,0,1,
34207,116,116,0,1,
34208,112,112,0,1,
34209,114,114,0,1,
34210,109,109,0,1,
34211,115,115,0,1,
34212,126,126,0,1,
34213,120,120,0,1,
34214,114,114,0,1,
34215,105,105,0,1,
34216,106,106,0,1,
34217,113,113,0,1,
34218,117,117,0,1,
34219,103,103,0,1,
34220,115,115,0,1,
34221,127,127,0,1,
34222,119,119,0,1,
34223,112,112,0,1,
34224,123,123,0,1,
34225,121,121,0,1,
34226,114,114,0,1,
34227,116,116,0,1,
34228,103,103,0,1,
34229,118,118,0,1,
34230,119,119,0,1,
34231,124,124,0,1,
34232,112,112,0,1,
34233,111,111,0,1,
34234,112,112,0,1,
34235,118,118,0,1,
34236,127,127,0,1,
34237,106,106,0,1,
34238,110,110,0,1,
34239,114,114,0,1,
34240,108,108,0,1,
34241,122,122,0,1,
34242,115,115,0,1,
34243,104,104,0,1,
34244,115,115,0,1,
34245,109,109,0,1,
34246,120,120,0,1,
34247,111,111,0,1,
34248,108,108,0,1,
34249,117,117,0,1,
34250,110,110,0,1,
34251,114,114,0,1,
34252,114,114,0,1,
34253,120,120,0,1,
34254,122,122,0,1,
34255,120,120,0,1,
34256,117,117,0,1,
34257,114,114,0,1,
34258,106,106,0,1,
34259,114,114,0,1,
34260,119,119,0,1,
34261,115,115,0,1,
34262,122,122,0,1,
34263,112,112,0,1,
34264,129,129,0,1,
34265,105,105,0,1,
34266,113,113,0,1,
34267,114,114,0,1,
34268,124,124,0,1,
34269,124,124,0,1,
34270,113,113,0,1,
34271,118,118,0,1,
34272,114,114,0,1,
34273,111,111,0,1,
34274,116,116,0,1,
34275,117,117,0,1,
34276,115,115,0,1,
34277,110,110,0,1,
34278,107,107,0,1,
34279,117,117,0,1,
34280,107,107,0,1,
34281,111,111,0,1,
34282,116,116,0,1,
34283,118,118,0,1,
34284,128,128,0,1,
34285,119,119,0,1,
34286,113,113,0,1,
34287,119,119,0,1,
34288,115,115,0,1,
34289,118,118,0,1,
34290,122,122,0,1,
34291,109,109,0,1,
34292,111,111,0,1,
34293,115,115,0,1,
34294,120,120,0,1,
34295,113,113,0,1,
34296,118,118,0,1,
34297,119,119,0,1,
34298,117,117,0,1,
34299,108,108,0,1,
34300,119,119,0,1,
34301,104,104,0,1,
34302,121,121,0,1,
34303,112,112,0,1,
34304,111,111,0,1,
34305,108,108,0,1,
34306,123,123,0,1,
34307,106,106,0,1,
34308,108,108,0,1,
34309,114,114,0,1,
34310,118,118,0,1,
34311,119,119,0,1,
34312,115,115,0,1,
34313,108,108,0,1,
34314,121,121,0,1,
34315,118,118,0,1,
34316,113,113,0,1,
34317,113,113,0,1,
34318,113,113,0,1,
34319,119,119,0,1,
34320,114,114,0,1,
34321,126,126,0,1,
34322,112,112,0,1,
34323,110,110,0,1,
34324,113,113,0,1,
34325,113,113,0,1,
34326,107,107,0,1,
34327,122,122,0,1,
34328,110,110,0,1,
34329,110,110,0,1,
34330,116,116,0,1,
34331,124,124,0,1,
34332,130,130,0,1,
34333,124,124,0,1,
34334,118,118,0,1,
34335,118,118,0,1,
34336,120,120,0,1,
34337,128,128,0,1,
34338,112,112,0,1,
34339,109,109,0,1,
34340,114,114,0,1,
34341,122,122,0,1,
34342,112,112,0,1,
34343,119,119,0,1,
34344,126,126,0,1,
34345,112,112,0,1,
34346,114,114,0,1,
34347,120,120,0,1,
34348,102,102,0,1,
34349,106,106,0,1,
34350,118,118,0,1,
34351,108,108,0,1,
34352,126,126,0,1,
34353,127,127,0,1,
34354,118,118,0,1,
34355,117,117,0,1,
34356,115,115,0,1,
34357,113,113,0,1,
34358,104,104,0,1,
34359,130,130,0,1,
34360,117,117,0,1,
34361,128,128,0,1,
34362,106,106,0,1,
34363,112,112,0,1,
34364,114,114,0,1,
34365,115,115,0,1,
34366,122,122,0,1,
34367,113,113,0,1,
34368,124,124,0,1,
34369,120,120,0,1,
34370,111,111,0,1,
34371,109,109,0,1,
34372,111,111,0,1,
34373,116,116,0,1,
34374,111,111,0,1,
34375,106,106,0,1,
34376,119,119,0,1,
34377,114,114,0,1,
34378,114,114,0,1,
34379,115,115,0,1,
34380,118,118,0,1,
34381,117,117,0,1,
34382,113,113,0,1,
34383,124,124,0,1,
34384,113,113,0,1,
34385,113,113,0,1,
34386,116,116,0,1,
34387,113,113,0,1,
34388,118,118,0,1,
34389,114,114,0,1,
34390,114,114,0,1,
34391,127,127,0,1,
34392,107,107,0,1,
34393,116,116,0,1,
34394,122,122,0,1,
34395,112,112,0,1,
34396,112,112,0,1,
34397,115,115,0,1,
34398,113,113,0,1,
34399,122,122,0,1,
34400,116,116,0,1,
34401,112,112,0,1,
34402,109,109,0,1,
34403,111,111,0,1,
34404,111,111,0,1,
34405,119,119,0,1,
34406,110,110,0,1,
34407,112,112,0,1,
34408,128,128,0,1,
34409,130,130,0,1,
34410,114,114,0,1,
34411,107,107,0,1,
34412,113,113,0,1,
34413,117,117,0,1,
34414,112,112,0,1,
34415,121,121,0,1,
34416,108,108,0,1,
34417,109,109,0,1,
34418,114,114,0,1,
34419,112,112,0,1,
34420,113,113,0,1,
34421,115,115,0,1,
34422,126,126,0,1,
34423,106,106,0,1,
34424,107,107,0,1,
34425,111,111,0,1,
34426,107,107,0,1,
34427,118,118,0,1,
34428,115,115,0,1,
34429,122,122,0,1,
34430,112,112,0,1,
34431,108,108,0,1,
34432,119,119,0,1,
34433,113,113,0,1,
34434,110,110,0,1,
34435,119,119,0,1,
34436,118,118,0,1,
34437,115,115,0,1,
34438,111,111,0,1,
34439,112,112,0,1,
34440,117,117,0,1,
34441,110,110,0,1,
34442,116,116,0,1,
34443,111,111,0,1,
34444,112,112,0,1,
34445,125,125,0,1,
34446,112,112,0,1,
34447,113,113,0,1,
34448,118,118,0,1,
34449,106,106,0,1,
34450,125,125,0,1,
34451,124,124,0,1,
34452,114,114,0,1,
34453,109,109,0,1,
34454,117,117,0,1,
34455,118,118,0,1,
34456,118,118,0,1,
34457,118,118,0,1,
34458,110,110,0,1,
34459,119,119,0,1,
34460,117,117,0,1,
34461,112,112,0,1,
34462,126,126,0,1,
34463,129,129,0,1,
34464,125,125,0,1,
34465,108,108,0,1,
34466,104,104,0,1,
34467,116,116,0,1,
34468,113,113,0,1,
34469,127,127,0,1,
34470,119,119,0,1,
34471,116,116,0,1,
34472,115,115,0,1,
34473,114,114,0,1,
34474,108,108,0,1,
34475,116,116,0,1,
34476,122,122,0,1,
34477,126,126,0,1,
34478,115,115,0,1,
34479,127,127,0,1,
34480,106,106,0,1,
34481,116,116,0,1,
34482,119,119,0,1,
34483,113,113,0,1,
34484,126,126,0,1,
34485,106,106,0,1,
34486,105,105,0,1,
34487,102,102,0,1,
34488,117,117,0,1,
34489,115,115,0,1,
34490,114,114,0,1,
34491,109,109,0,1,
34492,122,122,0,1,
34493,116,116,0,1,
34494,116,116,0,1,
34495,117,117,0,1,
34496,120,120,0,1,
34497,110,110,0,1,
34498,105,105,0,1,
34499,110,110,0,1,
34500,123,123,0,1,
34501,114,114,0,1,
34502,124,124,0,1,
34503,121,121,0,1,
34504,125,125,0,1,
34505,122,122,0,1,
34506,121,121,0,1,
34507,118,118,0,1,
34508,119,119,0,1,
34509,107,107,0,1,
34510,119,119,0,1,
34511,130,130,0,1,
34512,116,116,0,1,
34513,115,115,0,1,
34514,111,111,0,1,
34515,120,120,0,1,
34516,114,114,0,1,
34517,118,118,0,1,
34518,111,111,0,1,
34519,114,114,0,1,
34520,120,120,0,1,
34521,120,120,0,1,
34522,115,115,0,1,
34523,110,110,0,1,
34524,121,121,0,1,
34525,108,108,0,1,
34526,112,112,0,1,
34527,117,117,0,1,
34528,107,107,0,1,
34529,111,111,0,1,
34530,126,126,0,1,
34531,117,117,0,1,
34532,115,115,0,1,
34533,124,124,0,1,
34534,127,127,0,1,
34535,116,116,0,1,
34536,121,121,0,1,
34537,114,114,0,1,
34538,106,106,0,1,
34539,114,114,0,1,
34540,108,108,0,1,
34541,117,117,0,1,
34542,109,109,0,1,
34543,123,123,0,1,
34544,110,110,0,1,
34545,115,115,0,1,
34546,124,124,0,1,
34547,106,106,0,1,
34548,108,108,0,1,
34549,122,122,0,1,
34550,113,113,0,1,
34551,123,123,0,1,
34552,106,106,0,1,
34553,107,107,0,1,
34554,122,122,0,1,
34555,102,102,0,1,
34556,105,105,0,1,
34557,111,111,0,1,
34558,122,122,0,1,
34559,112,112,0,1,
34560,113,113,0,1,
34561,109,109,0,1,
34562,119,119,0,1,
34563,105,105,0,1,
34564,112,112,0,1,
34565,111,111,0,1,
34566,103,103,0,1,
34567,122,122,0,1,
34568,126,126,0,1,
34569,117,117,0,1,
34570,110,110,0,1,
34571,104,104,0,1,
34572,113,113,0,1,
34573,124,124,0,1,
34574,109,109,0,1,
34575,110,110,0,1,
34576,118,118,0,1,
34577,109,109,0,1,
34578,108,108,0,1,
34579,117,117,0,1,
34580,117,117,0,1,
34581,132,132,0,1,
34582,115,115,0,1,
34583,122,122,0,1,
34584,118,118,0,1,
34585,107,107,0,1,
34586,108,108,0,1,
34587,113,113,0,1,
34588,117,117,0,1,
34589,118,118,0,1,
34590,115,115,0,1,
34591,127,127,0,1,
34592,114,114,0,1,
34593,117,117,0,1,
34594,115,115,0,1,
34595,114,114,0,1,
34596,121,121,0,1,
34597,111,111,0,1,
34598,119,119,0,1,
34599,110,110,0,1,
34600,111,111,0,1,
34601,116,116,0,1,
34602,111,111,0,1,
34603,122,122,0,1,
34604,117,117,0,1,
34605,112,112,0,1,
34606,118,118,0,1,
34607,108,108,0,1,
34608,111,111,0,1,
34609,119,119,0,1,
34610,118,118,0,1,
34611,118,118,0,1,
34612,109,109,0,1,
34613,120,120,0,1,
34614,117,117,0,1,
34615,108,108,0,1,
34616,103,103,0,1,
34617,104,104,0,1,
34618,106,106,0,1,
34619,116,116,0,1,
34620,110,110,0,1,
34621,114,114,0,1,
34622,112,112,0,1,
34623,114,114,0,1,
34624,117,117,0,1,
34625,113,113,0,1,
34626,115,115,0,1,
34627,113,113,0,1,
34628,120,120,0,1,
34629,123,123,0,1,
34630,111,111,0,1,
34631,123,123,0,1,
34632,117,117,0,1,
34633,108,108,0,1,
34634,114,114,0,1,
34635,124,124,0,1,
34636,107,107,0,1,
34637,122,122,0,1,
34638,119,119,0,1,
34639,116,116,0,1,
34640,121,121,0,1,
34641,113,113,0,1,
34642,106,106,0,1,
34643,115,115,0,1,
34644,114,114,0,1,
34645,113,113,0,1,
34646,122,122,0,1,
34647,119,119,0,1,
34648,110,110,0,1,
34649,121,121,0,1,
34650,119,119,0,1,
34651,104,104,0,1,
34652,118,118,0,1,
34653,113,113,0,1,
34654,118,118,0,1,
34655,126,126,0,1,
34656,116,116,0,1,
34657,114,114,0,1,
34658,112,112,0,1,
34659,115,115,0,1,
34660,110,110,0,1,
34661,109,109,0,1,
34662,117,117,0,1,
34663,124,124,0,1,
34664,113,113,0,1,
34665,121,121,0,1,
34666,125,125,0,1,
34667,106,106,0,1,
34668,111,111,0,1,
34669,118,118,0,1,
34670,107,107,0,1,
34671,112,112,0,1,
34672,117,117,0,1,
34673,113,113,0,1,
34674,106,106,0,1,
34675,122,122,0,1,
34676,115,115,0,1,
34677,109,109,0,1,
34678,125,125,0,1,
34679,116,116,0,1,
34680,109,109,0,1,
34681,112,112,0,1,
34682,112,112,0,1,
34683,112,112,0,1,
34684,114,114,0,1,
34685,120,120,0,1,
34686,109,109,0,1,
34687,113,113,0,1,
34688,121,121,0,1,
34689,126,126,0,1,
34690,113,113,0,1,
34691,122,122,0,1,
34692,119,119,0,1,
34693,113,113,0,1,
34694,103,103,0,1,
34695,127,127,0,1,
34696,116,116,0,1,
34697,118,118,0,1,
34698,113,113,0,1,
34699,110,110,0,1,
34700,122,122,0,1,
34701,125,125,0,1,
34702,109,109,0,1,
34703,109,109,0,1,
34704,121,121,0,1,
34705,119,119,0,1,
34706,118,118,0,1,
34707,110,110,0,1,
34708,110,110,0,1,
34709,104,104,0,1,
34710,119,119,0,1,
34711,108,108,0,1,
34712,120,120,0,1,
34713,106,106,0,1,
34714,123,123,0,1,
34715,115,115,0,1,
34716,109,109,0,1,
34717,117,117,0,1,
34718,124,124,0,1,
34719,112,112,0,1,
34720,115,115,0,1,
34721,115,115,0,1,
34722,117,117,0,1,
34723,111,111,0,1,
34724,115,115,0,1,
34725,114,114,0,1,
34726,116,116,0,1,
34727,110,110,0,1,
34728,119,119,0,1,
34729,102,102,0,1,
34730,113,113,0,1,
34731,121,121,0,1,
34732,109,109,0,1,
34733,102,102,0,1,
34734,114,114,0,1,
34735,112,112,0,1,
34736,117,117,0,1,
34737,122,122,0,1,
34738,112,112,0,1,
34739,121,121,0,1,
34740,116,116,0,1,
34741,116,116,0,1,
34742,119,119,0,1,
34743,106,106,0,1,
34744,114,114,0,1,
34745,109,109,0,1,
34746,116,116,0,1,
34747,123,123,0,1,
34748,106,106,0,1,
34749,133,133,0,1,
34750,120,120,0,1,
34751,114,114,0,1,
34752,121,121,0,1,
34753,107,107,0,1,
34754,113,113,0,1,
34755,112,112,0,1,
34756,115,115,0,1,
34757,113,113,0,1,
34758,113,113,0,1,
34759,106,106,0,1,
34760,100,100,0,1,
34761,117,117,0,1,
34762,115,115,0,1,
34763,109,109,0,1,
34764,113,113,0,1,
34765,118,118,0,1,
34766,114,114,0,1,
34767,114,114,0,1,
34768,123,123,0,1,
34769,118,118,0,1,
34770,110,110,0,1,
34771,111,111,0,1,
34772,125,125,0,1,
34773,109,109,0,1,
34774,108,108,0,1,
34775,105,105,0,1,
34776,122,122,0,1,
34777,108,108,0,1,
34778,110,110,0,1,
34779,115,115,0,1,
34780,124,124,0,1,
34781,104,104,0,1,
34782,127,127,0,1,
34783,113,113,0,1,
34784,124,124,0,1,
34785,105,105,0,1,
34786,113,113,0,1,
34787,114,114,0,1,
34788,114,114,0,1,
34789,116,116,0,1,
34790,116,116,0,1,
34791,118,118,0,1,
34792,116,116,0,1,
34793,124,124,0,1,
34794,119,119,0,1,
34795,117,117,0,1,
34796,118,118,0,1,
34797,123,123,0,1,
34798,115,115,0,1,
34799,124,124,0,1,
34800,118,118,0,1,
34801,121,121,0,1,
34802,119,119,0,1,
34803,129,129,0,1,
34804,125,125,0,1,
34805,118,118,0,1,
34806,114,114,0,1,
34807,119,119,0,1,
34808,116,116,0,1,
34809,113,113,0,1,
34810,106,106,0,1,
34811,130,130,0,1,
34812,107,107,0,1,
34813,106,106,0,1,
34814,105,105,0,1,
34815,112,112,0,1,
34816,111,111,0,1,
34817,110,110,0,1,
34818,116,116,0,1,
34819,120,120,0,1,
34820,126,126,0,1,
34821,116,116,0,1,
34822,114,114,0,1,
34823,108,108,0,1,
34824,118,118,0,1,
34825,121,121,0,1,
34826,113,113,0,1,
34827,110,110,0,1,
34828,111,111,0,1,
34829,116,116,0,1,
34830,119,119,0,1,
34831,110,110,0,1,
34832,126,126,0,1,
34833,107,107,0,1,
34834,124,124,0,1,
34835,123,123,0,1,
34836,113,113,0,1,
34837,117,117,0,1,
34838,119,119,0,1,
34839,115,115,0,1,
34840,115,115,0,1,
34841,110,110,0,1,
34842,125,125,0,1,
34843,110,110,0,1,
34844,108,108,0,1,
34845,121,121,0,1,
34846,124,124,0,1,
34847,114,114,0,1,
34848,112,112,0,1,
34849,102,102,0,1,
34850,112,112,0,1,
34851,111,111,0,1,
34852,111,111,0,1,
34853,109,109,0,1,
34854,109,109,0,1,
34855,111,111,0,1,
34856,114,114,0,1,
34857,108,108,0,1,
34858,107,107,0,1,
34859,109,109,0,1,
34860,120,120,0,1,
34861,129,129,0,1,
34862,111,111,0,1,
34863,117,117,0,1,
34864,122,122,0,1,
34865,113,113,0,1,
34866,109,109,0,1,
34867,124,124,0,1,
34868,114,114,0,1,
34869,117,117,0,1,
34870,112,112,0,1,
34871,115,115,0,1,
34872,119,119,0,1,
34873,114,114,0,1,
34874,125,125,0,1,
34875,108,108,0,1,
34876,123,123,0,1,
34877,124,124,0,1,
34878,112,112,0,1,
34879,127,127,0,1,
34880,106,106,0,1,
34881,125,125,0,1,
34882,107,107,0,1,
34883,120,120,0,1,
34884,109,109,0,1,
34885,122,122,0,1,
34886,105,105,0,1,
34887,106,106,0,1,
34888,119,119,0,1,
34889,124,124,0,1,
34890,107,107,0,1,
34891,122,122,0,1,
34892,100,100,0,1,
34893,118,118,0,1,
34894,103,103,0,1,
34895,121,121,0,1,
34896,124,124,0,1,
34897,121,121,0,1,
34898,109,109,0,1,
34899,114,114,0,1,
34900,119,119,0,1,
34901,112,112,0,1,
34902,124,124,0,1,
34903,112,112,0,1,
34904,117,117,0,1,
34905,108,108,0,1,
34906,110,110,0,1,
34907,111,111,0,1,
34908,117,117,0,1,
34909,110,110,0,1,
34910,122,122,0,1,
34911,116,116,0,1,
34912,123,123,0,1,
34913,116,116,0,1,
34914,114,114,0,1,
34915,112,112,0,1,
34916,115,115,0,1,
34917,122,122,0,1,
34918,123,123,0,1,
34919,126,126,0,1,
34920,111,111,0,1,
34921,110,110,0,1,
34922,117,117,0,1,
34923,122,122,0,1,
34924,123,123,0,1,
34925,121,121,0,1,
34926,117,117,0,1,
34927,119,119,0,1,
34928,101,101,0,1,
34929,115,115,0,1,
34930,114,114,0,1,
34931,119,119,0,1,
34932,110,110,0,1,
34933,129,129,0,1,
34934,117,117,0,1,
34935,121,121,0,1,
34936,123,123,0,1,
34937,114,114,0,1,
34938,122,122,0,1,
34939,114,114,0,1,
34940,103,103,0,1,
34941,105,105,0,1,
34942,122,122,0,1,
34943,113,113,0,1,
34944,112,112,0,1,
34945,115,115,0,1,
34946,128,128,0,1,
34947,126,126,0,1,
34948,109,109,0,1,
34949,118,118,0,1,
34950,106,106,0,1,
34951,115,115,0,1,
34952,115,115,0,1,
34953,113,113,0,1,
34954,124,124,0,1,
34955,130,130,0,1,
34956,121,121,0,1,
34957,121,121,0,1,
34958,114,114,0,1,
34959,108,108,0,1,
34960,115,115,0,1,
34961,107,107,0,1,
34962,109,109,0,1,
34963,113,113,0,1,
34964,116,116,0,1,
34965,103,103,0,1,
34966,119,119,0,1,
34967,122,122,0,1,
34968,117,117,0,1,
34969,110,110,0,1,
34970,106,106,0,1,
34971,105,105,0,1,
34972,117,117,0,1,
34973,126,126,0,1,
34974,115,115,0,1,
34975,123,123,0,1,
34976,111,111,0,1,
34977,112,112,0,1,
34978,132,132,0,1,
34979,117,117,0,1,
34980,116,116,0,1,
34981,114,114,0,1,
34982,123,123,0,1,
34983,125,125,0,1,
34984,123,123,0,1,
34985,123,123,0,1,
34986,114,114,0,1,
34987,125,125,0,1,
34988,127,127,0,1,
34989,124,124,0,1,
34990,121,121,0,1,
34991,123,123,0,1,
34992,116,116,0,1,
34993,123,123,0,1,
34994,117,117,0,1,
34995,108,108,0,1,
34996,119,119,0,1,
34997,110,110,0,1,
34998,118,118,0,1,
34999,115,115,0,1,
35000,116,116,0,1,
35001,122,122,0,1,
35002,125,125,0,1,
35003,110,110,0,1,
35004,114,114,0,1,
35005,114,114,0,1,
35006,122,122,0,1,
35007,119,119,0,1,
35008,121,121,0,1,
35009,108,108,0,1,
35010,120,120,0,1,
35011,109,109,0,1,
35012,113,113,0,1,
35013,121,121,0,1,
35014,116,116,0,1,
35015,109,109,0,1,
35016,121,121,0,1,
35017,108,108,0,1,
35018,112,112,0,1,
35019,109,109,0,1,
35020,123,123,0,1,
35021,112,112,0,1,
35022,117,117,0,1,
35023,125,125,0,1,
35024,122,122,0,1,
35025,115,115,0,1,
35026,117,117,0,1,
35027,109,109,0,1,
35028,118,118,0,1,
35029,124,124,0,1,
35030,113,113,0,1,
35031,107,107,0,1,
35032,111,111,0,1,
35033,117,117,0,1,
35034,114,114,0,1,
35035,110,110,0,1,
35036,119,119,0,1,
35037,124,124,0,1,
35038,109,109,0,1,
35039,112,112,0,1,
35040,117,117,0,1,
35041,114,114,0,1,
35042,114,114,0,1,
35043,115,115,0,1,
35044,125,125,0,1,
35045,113,113,0,1,
35046,108,108,0,1,
35047,108,108,0,1,
35048,120,120,0,1,
35049,115,115,0,1,
35050,109,109,0,1,
35051,109,109,0,1,
35052,112,112,0,1,
35053,116,116,0,1,
35054,114,114,0,1,
35055,111,111,0,1,
35056,112,112,0,1,
35057,128,128,0,1,
35058,104,104,0,1,
35059,114,114,0,1,
35060,116,116,0,1,
35061,111,111,0,1,
35062,105,105,0,1,
35063,109,109,0,1,
35064,128,128,0,1,
35065,114,114,0,1,
35066,117,117,0,1,
35067,110,110,0,1,
35068,120,120,0,1,
35069,130,130,0,1,
35070,110,110,0,1,
35071,118,118,0,1,
35072,111,111,0,1,
35073,112,112,0,1,
35074,109,109,0,1,
35075,115,115,0,1,
35076,107,107,0,1,
35077,115,115,0,1,
35078,120,120,0,1,
35079,116,116,0,1,
35080,111,111,0,1,
35081,122,122,0,1,
35082,118,118,0,1,
35083,127,127,0,1,
35084,118,118,0,1,
35085,115,115,0,1,
35086,127,127,0,1,
35087,115,115,0,1,
35088,111,111,0,1,
35089,107,107,0,1,
35090,126,126,0,1,
35091,121,121,0,1,
35092,115,115,0,1,
35093,120,120,0,1,
35094,111,111,0,1,
35095,113,113,0,1,
35096,123,123,0,1,
35097,106,106,0,1,
35098,108,108,0,1,
35099,117,117,0,1,
35100,112,112,0,1,
35101,126,126,0,1,
35102,111,111,0,1,
35103,126,126,0,1,
35104,115,115,0,1,
35105,118,118,0,1,
35106,115,115,0,1,
35107,111,111,0,1,
35108,121,121,0,1,
35109,105,105,0,1,
35110,113,113,0,1,
35111,101,101,0,1,
35112,121,121,0,1,
35113,117,117,0,1,
35114,116,116,0,1,
35115,120,120,0,1,
35116,120,120,0,1,
35117,111,111,0,1,
35118,116,116,0,1,
35119,111,111,0,1,
35120,114,114,0,1,
35121,111,111,0,1,
35122,128,128,0,1,
35123,110,110,0,1,
35124,112,112,0,1,
35125,123,123,0,1,
35126,113,113,0,1,
35127,115,115,0,1,
35128,115,115,0,1,
35129,115,115,0,1,
35130,118,118,0,1,
35131,112,112,0,1,
35132,130,130,0,1,
35133,129,129,0,1,
35134,123,123,0,1,
35135,117,117,0,1,
35136,112,112,0,1,
35137,113,113,0,1,
35138,113,113,0,1,
35139,122,122,0,1,
35140,121,121,0,1,
35141,109,109,0,1,
35142,120,120,0,1,
35143,111,111,0,1,
35144,112,112,0,1,
35145,117,117,0,1,
35146,111,111,0,1,
35147,109,109,0,1,
35148,115,115,0,1,
35149,111,111,0,1,
35150,116,116,0,1,
35151,111,111,0,1,
35152,115,115,0,1,
35153,109,109,0,1,
35154,112,112,0,1,
35155,120,120,0,1,
35156,112,112,0,1,
35157,115,115,0,1,
35158,105,105,0,1,
35159,117,117,0,1,
35160,122,122,0,1,
35161,103,103,0,1,
35162,116,116,0,1,
35163,118,118,0,1,
35164,112,112,0,1,
35165,102,102,0,1,
35166,103,103,0,1,
35167,115,115,0,1,
35168,119,119,0,1,
35169,122,122,0,1,
35170,127,127,0,1,
35171,104,104,0,1,
35172,108,108,0,1,
35173,116,116,0,1,
35174,119,119,0,1,
35175,122,122,0,1,
35176,111,111,0,1,
35177,118,118,0,1,
35178,119,119,0,1,
35179,121,121,0,1,
35180,129,129,0,1,
35181,112,112,0,1,
35182,113,113,0,1,
35183,121,121,0,1,
35184,121,121,0,1,
35185,112,112,0,1,
35186,115,115,0,1,
35187,111,111,0,1,
35188,120,120,0,1,
35189,117,117,0,1,
35190,111,111,0,1,
35191,115,115,0,1,
35192,111,111,0,1,
35193,111,111,0,1,
35194,117,117,0,1,
35195,119,119,0,1,
35196,106,106,0,1,
35197,118,118,0,1,
35198,119,119,0,1,
35199,110,110,0,1,
35200,105,105,0,1,
35201,113,113,0,1,
35202,118,118,0,1,
35203,111,111,0,1,
35204,122,122,0,1,
35205,110,110,0,1,
35206,111,111,0,1,
35207,105,105,0,1,
35208,112,112,0,1,
35209,114,114,0,1,
35210,115,115,0,1,
35211,112,112,0,1,
35212,104,104,0,1,
35213,129,129,0,1,
35214,105,105,0,1,
35215,123,123,0,1,
35216,119,119,0,1,
35217,128,128,0,1,
35218,115,115,0,1,
35219,121,121,0,1,
35220,114,114,0,1,
35221,108,108,0,1,
35222,111,111,0,1,
35223,119,119,0,1,
35224,123,123,0,1,
35225,117,117,0,1,
35226,116,116,0,1,
35227,112,112,0,1,
35228,112,112,0,1,
35229,123,123,0,1,
35230,111,111,0,1,
35231,116,116,0,1,
35232,117,117,0,1,
35233,108,108,0,1,
35234,121,121,0,1,
35235,106,106,0,1,
35236,115,115,0,1,
35237,118,118,0,1,
35238,113,113,0,1,
35239,110,110,0,1,
35240,110,110,0,1,
35241,121,121,0,1,
35242,127,127,0,1,
35243,115,115,0,1,
35244,123,123,0,1,
35245,126,126,0,1,
35246,119,119,0,1,
35247,116,116,0,1,
35248,121,121,0,1,
35249,120,120,0,1,
35250,108,108,0,1,
35251,122,122,0,1,
35252,118,118,0,1,
35253,118,118,0,1,
35254,119,119,0,1,
35255,109,109,0,1,
35256,109,109,0,1,
35257,118,118,0,1,
35258,119,119,0,1,
35259,107,107,0,1,
35260,120,120,0,1,
35261,125,125,0,1,
35262,115,115,0,1,
35263,128,128,0,1,
35264,109,109,0,1,
35265,108,108,0,1,
35266,120,120,0,1,
35267,120,120,0,1,
35268,110,110,0,1,
35269,114,114,0,1,
35270,110,110,0,1,
35271,115,115,0,1,
35272,111,111,0,1,
35273,117,117,0,1,
35274,120,120,0,1,
35275,108,108,0,1,
35276,113,113,0,1,
35277,108,108,0,1,
35278,115,115,0,1,
35279,116,116,0,1,
35280,122,122,0,1,
35281,117,117,0,1,
35282,106,106,0,1,
35283,118,118,0,1,
35284,105,105,0,1,
35285,118,118,0,1,
35286,130,130,0,1,
35287,130,130,0,1,
35288,113,113,0,1,
35289,113,113,0,1,
35290,120,120,0,1,
35291,111,111,0,1,
35292,111,111,0,1,
35293,111,111,0,1,
35294,117,117,0,1,
35295,116,116,0,1,
35296,117,117,0,1,
35297,117,117,0,1,
35298,116,116,0,1,
35299,110,110,0,1,
35300,115,115,0,1,
35301,113,113,0,1,
35302,125,125,0,1,
35303,112,112,0,1,
35304,111,111,0,1,
35305,116,116,0,1,
35306,125,125,0,1,
35307,112,112,0,1,
35308,111,111,0,1,
35309,109,109,0,1,
35310,116,116,0,1,
35311,113,113,0,1,
35312,115,115,0,1,
35313,119,119,0,1,
35314,113,113,0,1,
35315,108,108,0,1,
35316,121,121,0,1,
35317,120,120,0,1,
35318,116,116,0,1,
35319,117,117,0,1,
35320,125,125,0,1,
35321,114,114,0,1,
35322,116,116,0,1,
35323,115,115,0,1,
35324,112,112,0,1,
35325,111,111,0,1,
35326,118,118,0,1,
35327,119,119,0,1,
35328,114,114,0,1,
35329,116,116,0,1,
35330,124,124,0,1,
35331,131,131,0,1,
35332,123,123,0,1,
35333,123,123,0,1,
35334,110,110,0,1,
35335,118,118,0,1,
35336,103,103,0,1,
35337,122,122,0,1,
35338,114,114,0,1,
35339,119,119,0,1,
35340,120,120,0,1,
35341,110,110,0,1,
35342,111,111,0,1,
35343,112,112,0,1,
35344,120,120,0,1,
35345,115,115,0,1,
35346,110,110,0,1,
35347,101,101,0,1,
35348,117,117,0,1,
35349,117,117,0,1,
35350,115,115,0,1,
35351,107,107,0,1,
35352,117,117,0,1,
35353,117,117,0,1,
35354,121,121,0,1,
35355,116,116,0,1,
35356,107,107,0,1,
35357,102,102,0,1,
35358,115,115,0,1,
35359,126,126,0,1,
35360,103,103,0,1,
35361,108,108,0,1,
35362,129,129,0,1,
35363,127,127,0,1,
35364,128,128,0,1,
35365,129,129,0,1,
35366,107,107,0,1,
35367,117,117,0,1,
35368,117,117,0,1,
35369,114,114,0,1,
35370,125,125,0,1,
35371,117,117,0,1,
35372,113,113,0,1,
35373,117,117,0,1,
35374,118,118,0,1,
35375,120,120,0,1,
35376,115,115,0,1,
35377,107,107,0,1,
35378,113,113,0,1,
35379,116,116,0,1,
35380,110,110,0,1,
35381,128,128,0,1,
35382,115,115,0,1,
35383,119,119,0,1,
35384,112,112,0,1,
35385,109,109,0,1,
35386,121,121,0,1,
35387,111,111,0,1,
35388,119,119,0,1,
35389,128,128,0,1,
35390,121,121,0,1,
35391,125,125,0,1,
35392,104,104,0,1,
35393,109,109,0,1,
35394,109,109,0,1,
35395,118,118,0,1,
35396,118,118,0,1,
35397,109,109,0,1,
35398,127,127,0,1,
35399,108,108,0,1,
35400,118,118,0,1,
35401,120,120,0,1,
35402,106,106,0,1,
35403,118,118,0,1,
35404,102,102,0,1,
35405,109,109,0,1,
35406,125,125,0,1,
35407,116,116,0,1,
35408,111,111,0,1,
35409,114,114,0,1,
35410,111,111,0,1,
35411,125,125,0,1,
35412,117,117,0,1,
35413,108,108,0,1,
35414,118,118,0,1,
35415,104,104,0,1,
35416,108,108,0,1,
35417,117,117,0,1,
35418,116,116,0,1,
35419,118,118,0,1,
35420,112,112,0,1,
35421,106,106,0,1,
35422,111,111,0,1,
35423,112,112,0,1,
35424,112,112,0,1,
35425,121,121,0,1,
35426,108,108,0,1,
35427,129,129,0,1,
35428,121,121,0,1,
35429,125,125,0,1,
35430,112,112,0,1,
35431,126,126,0,1,
35432,114,114,0,1,
35433,114,114,0,1,
35434,114,114,0,1,
35435,116,116,0,1,
35436,112,112,0,1,
35437,115,115,0,1,
35438,119,119,0,1,
35439,117,117,0,1,
35440,110,110,0,1,
35441,104,104,0,1,
35442,123,123,0,1,
35443,130,130,0,1,
35444,114,114,0,1,
35445,111,111,0,1,
35446,121,121,0,1,
35447,119,119,0,1,
35448,109,109,0,1,
35449,121,121,0,1,
35450,113,113,0,1,
35451,134,134,0,1,
35452,131,131,0,1,
35453,115,115,0,1,
35454,112,112,0,1,
35455,108,108,0,1,
35456,113,113,0,1,
35457,109,109,0,1,
35458,110,110,0,1,
35459,112,112,0,1,
35460,108,108,0,1,
35461,106,106,0,1,
35462,129,129,0,1,
35463,108,108,0,1,
35464,105,105,0,1,
35465,117,117,0,1,
35466,100,100,0,1,
35467,117,117,0,1,
35468,123,123,0,1,
35469,123,123,0,1,
35470,117,117,0,1,
35471,122,122,0,1,
35472,111,111,0,1,
35473,126,126,0,1,
35474,118,118,0,1,
35475,109,109,0,1,
35476,122,122,0,1,
35477,117,117,0,1,
35478,112,112,0,1,
35479,105,105,0,1,
35480,120,120,0,1,
35481,105,105,0,1,
35482,113,113,0,1,
35483,116,116,0,1,
35484,108,108,0,1,
35485,126,126,0,1,
35486,110,110,0,1,
35487,109,109,0,1,
35488,120,120,0,1,
35489,129,129,0,1,
35490,115,115,0,1,
35491,127,127,0,1,
35492,123,123,0,1,
35493,111,111,0,1,
35494,115,115,0,1,
35495,113,113,0,1,
35496,114,114,0,1,
35497,113,113,0,1,
35498,112,112,0,1,
35499,117,117,0,1,
35500,124,124,0,1,
35501,112,112,0,1,
35502,121,121,0,1,
35503,121,121,0,1,
35504,114,114,0,1,
35505,120,120,0,1,
35506,109,109,0,1,
35507,117,117,0,1,
35508,116,116,0,1,
35509,122,122,0,1,
35510,106,106,0,1,
35511,112,112,0,1,
35512,112,112,0,1,
35513,120,120,0,1,
35514,117,117,0,1,
35515,102,102,0,1,
35516,112,112,0,1,
35517,104,104,0,1,
35518,120,120,0,1,
35519,122,122,0,1,
35520,111,111,0,1,
35521,113,113,0,1,
35522,118,118,0,1,
35523,109,109,0,1,
35524,126,126,0,1,
35525,105,105,0,1,
35526,105,105,0,1,
35527,108,108,0,1,
35528,118,118,0,1,
35529,118,118,0,1,
35530,120,120,0,1,
35531,123,123,0,1,
35532,110,110,0,1,
35533,114,114,0,1,
35534,111,111,0,1,
35535,122,122,0,1,
35536,113,113,0,1,
35537,110,110,0,1,
35538,110,110,0,1,
35539,115,115,0,1,
35540,112,112,0,1,
35541,118,118,0,1,
35542,117,117,0,1,
35543,117,117,0,1,
35544,114,114,0,1,
35545,113,113,0,1,
35546,117,117,0,1,
35547,118,118,0,1,
35548,119,119,0,1,
35549,112,112,0,1,
35550,109,109,0,1,
35551,115,115,0,1,
35552,119,119,0,1,
35553,126,126,0,1,
35554,111,111,0,1,
35555,110,110,0,1,
35556,113,113,0,1,
35557,114,114,0,1,
35558,115,115,0,1,
35559,115,115,0,1,
35560,116,116,0,1,
35561,120,120,0,1,
35562,109,109,0,1,
35563,124,124,0,1,
35564,117,117,0,1,
35565,110,110,0,1,
35566,118,118,0,1,
35567,117,117,0,1,
35568,109,109,0,1,
35569,130,130,0,1,
35570,105,105,0,1,
35571,115,115,0,1,
35572,109,109,0,1,
35573,119,119,0,1,
35574,118,118,0,1,
35575,120,120,0,1,
35576,113,113,0,1,
35577,117,117,0,1,
35578,120,120,0,1,
35579,123,123,0,1,
35580,118,118,0,1,
35581,125,125,0,1,
35582,102,102,0,1,
35583,103,103,0,1,
35584,122,122,0,1,
35585,108,108,0,1,
35586,113,113,0,1,
35587,113,113,0,1,
35588,116,116,0,1,
35589,122,122,0,1,
35590,124,124,0,1,
35591,114,114,0,1,
35592,114,114,0,1,
35593,115,115,0,1,
35594,127,127,0,1,
35595,113,113,0,1,
35596,113,113,0,1,
35597,107,107,0,1,
35598,121,121,0,1,
35599,117,117,0,1,
35600,109,109,0,1,
35601,119,119,0,1,
35602,125,125,0,1,
35603,116,116,0,1,
35604,112,112,0,1,
35605,113,113,0,1,
35606,118,118,0,1,
35607,114,114,0,1,
35608,117,117,0,1,
35609,109,109,0,1,
35610,109,109,0,1,
35611,131,131,0,1,
35612,109,109,0,1,
35613,111,111,0,1,
35614,115,115,0,1,
35615,108,108,0,1,
35616,119,119,0,1,
35617,111,111,0,1,
35618,119,119,0,1,
35619,125,125,0,1,
35620,110,110,0,1,
35621,116,116,0,1,
35622,112,112,0,1,
35623,105,105,0,1,
35624,106,106,0,1,
35625,107,107,0,1,
35626,121,121,0,1,
35627,123,123,0,1,
35628,103,103,0,1,
35629,125,125,0,1,
35630,126,126,0,1,
35631,118,118,0,1,
35632,120,120,0,1,
35633,128,128,0,1,
35634,121,121,0,1,
35635,122,122,0,1,
35636,115,115,0,1,
35637,116,116,0,1,
35638,121,121,0,1,
35639,115,115,0,1,
35640,115,115,0,1,
35641,112,112,0,1,
35642,105,105,0,1,
35643,113,113,0,1,
35644,110,110,0,1,
35645,116,116,0,1,
35646,106,106,0,1,
35647,112,112,0,1,
35648,128,128,0,1,
35649,128,128,0,1,
35650,115,115,0,1,
35651,114,114,0,1,
35652,116,116,0,1,
35653,117,117,0,1,
35654,114,114,0,1,
35655,115,115,0,1,
35656,114,114,0,1,
35657,120,120,0,1,
35658,107,107,0,1,
35659,117,117,0,1,
35660,119,119,0,1,
35661,121,121,0,1,
35662,122,122,0,1,
35663,127,127,0,1,
35664,114,114,0,1,
35665,123,123,0,1,
35666,119,119,0,1,
35667,121,121,0,1,
35668,121,121,0,1,
35669,111,111,0,1,
35670,110,110,0,1,
35671,111,111,0,1,
35672,113,113,0,1,
35673,119,119,0,1,
35674,121,121,0,1,
35675,108,108,0,1,
35676,116,116,0,1,
35677,114,114,0,1,
35678,109,109,0,1,
35679,114,114,0,1,
35680,116,116,0,1,
35681,131,131,0,1,
35682,106,106,0,1,
35683,114,114,0,1,
35684,119,119,0,1,
35685,125,125,0,1,
35686,118,118,0,1,
35687,110,110,0,1,
35688,119,119,0,1,
35689,105,105,0,1,
35690,109,109,0,1,
35691,113,113,0,1,
35692,115,115,0,1,
35693,115,115,0,1,
35694,123,123,0,1,
35695,110,110,0,1,
35696,114,114,0,1,
35697,124,124,0,1,
35698,118,118,0,1,
35699,122,122,0,1,
35700,115,115,0,1,
35701,119,119,0,1,
35702,112,112,0,1,
35703,115,115,0,1,
35704,119,119,0,1,
35705,123,123,0,1,
35706,123,123,0,1,
35707,122,122,0,1,
35708,112,112,0,1,
35709,116,116,0,1,
35710,115,115,0,1,
35711,123,123,0,1,
35712,118,118,0,1,
35713,111,111,0,1,
35714,117,117,0,1,
35715,110,110,0,1,
35716,121,121,0,1,
35717,112,112,0,1,
35718,117,117,0,1,
35719,116,116,0,1,
35720,123,123,0,1,
35721,115,115,0,1,
35722,110,110,0,1,
35723,115,115,0,1,
35724,124,124,0,1,
35725,113,113,0,1,
35726,119,119,0,1,
35727,108,108,0,1,
35728,112,112,0,1,
35729,110,110,0,1,
35730,114,114,0,1,
35731,118,118,0,1,
35732,113,113,0,1,
35733,104,104,0,1,
35734,113,113,0,1,
35735,113,113,0,1,
35736,119,119,0,1,
35737,121,121,0,1,
35738,111,111,0,1,
35739,122,122,0,1,
35740,123,123,0,1,
35741,112,112,0,1,
35742,120,120,0,1,
35743,117,117,0,1,
35744,115,115,0,1,
35745,119,119,0,1,
35746,121,121,0,1,
35747,112,112,0,1,
35748,122,122,0,1,
35749,125,125,0,1,
35750,119,119,0,1,
35751,119,119,0,1,
35752,107,107,0,1,
35753,122,122,0,1,
35754,124,124,0,1,
35755,117,117,0,1,
35756,106,106,0,1,
35757,117,117,0,1,
35758,107,107,0,1,
35759,114,114,0,1,
35760,108,108,0,1,
35761,123,123,0,1,
35762,106,106,0,1,
35763,121,121,0,1,
35764,110,110,0,1,
35765,112,112,0,1,
35766,114,114,0,1,
35767,106,106,0,1,
35768,114,114,0,1,
35769,119,119,0,1,
35770,112,112,0,1,
35771,121,121,0,1,
35772,113,113,0,1,
35773,108,108,0,1,
35774,122,122,0,1,
35775,121,121,0,1,
35776,114,114,0,1,
35777,129,129,0,1,
35778,113,113,0,1,
35779,116,116,0,1,
35780,120,120,0,1,
35781,128,128,0,1,
35782,115,115,0,1,
35783,110,110,0,1,
35784,122,122,0,1,
35785,122,122,0,1,
35786,111,111,0,1,
35787,113,113,0,1,
35788,111,111,0,1,
35789,122,122,0,1,
35790,109,109,0,1,
35791,125,125,0,1,
35792,108,108,0,1,
35793,110,110,0,1,
35794,120,120,0,1,
35795,109,109,0,1,
35796,110,110,0,1,
35797,121,121,0,1,
35798,117,117,0,1,
35799,111,111,0,1,
35800,121,121,0,1,
35801,111,111,0,1,
35802,121,121,0,1,
35803,132,132,0,1,
35804,118,118,0,1,
35805,116,116,0,1,
35806,126,126,0,1,
35807,121,121,0,1,
35808,104,104,0,1,
35809,108,108,0,1,
35810,115,115,0,1,
35811,115,115,0,1,
35812,115,115,0,1,
35813,117,117,0,1,
35814,121,121,0,1,
35815,118,118,0,1,
35816,116,116,0,1,
35817,113,113,0,1,
35818,125,125,0,1,
35819,109,109,0,1,
35820,121,121,0,1,
35821,124,124,0,1,
35822,120,120,0,1,
35823,119,119,0,1,
35824,110,110,0,1,
35825,119,119,0,1,
35826,102,102,0,1,
35827,113,113,0,1,
35828,122,122,0,1,
35829,109,109,0,1,
35830,118,118,0,1,
35831,116,116,0,1,
35832,120,120,0,1,
35833,115,115,0,1,
35834,119,119,0,1,
35835,108,108,0,1,
35836,125,125,0,1,
35837,120,120,0,1,
35838,116,116,0,1,
35839,114,114,0,1,
35840,114,114,0,1,
35841,116,116,0,1,
35842,122,122,0,1,
35843,109,109,0,1,
35844,123,123,0,1,
35845,116,116,0,1,
35846,119,119,0,1,
35847,116,116,0,1,
35848,116,116,0,1,
35849,109,109,0,1,
35850,114,114,0,1,
35851,126,126,0,1,
35852,125,125,0,1,
35853,108,108,0,1,
35854,126,126,0,1,
35855,116,116,0,1,
35856,115,115,0,1,
35857,113,113,0,1,
35858,106,106,0,1,
35859,111,111,0,1,
35860,114,114,0,1,
35861,120,120,0,1,
35862,113,113,0,1,
35863,113,113,0,1,
35864,128,128,0,1,
35865,120,120,0,1,
35866,116,116,0,1,
35867,132,132,0,1,
35868,124,124,0,1,
35869,114,114,0,1,
35870,129,129,0,1,
35871,112,112,0,1,
35872,109,109,0,1,
35873,126,126,0,1,
35874,123,123,0,1,
35875,111,111,0,1,
35876,123,123,0,1,
35877,113,113,0,1,
35878,121,121,0,1,
35879,116,116,0,1,
35880,121,121,0,1,
35881,104,104,0,1,
35882,125,125,0,1,
35883,117,117,0,1,
35884,118,118,0,1,
35885,113,113,0,1,
35886,127,127,0,1,
35887,106,106,0,1,
35888,118,118,0,1,
35889,118,118,0,1,
35890,104,104,0,1,
35891,111,111,0,1,
35892,110,110,0,1,
35893,124,124,0,1,
35894,118,118,0,1,
35895,106,106,0,1,
35896,104,104,0,1,
35897,109,109,0,1,
35898,114,114,0,1,
35899,122,122,0,1,
35900,126,126,0,1,
35901,110,110,0,1,
35902,105,105,0,1,
35903,118,118,0,1,
35904,119,119,0,1,
35905,106,106,0,1,
35906,120,120,0,1,
35907,115,115,0,1,
35908,122,122,0,1,
35909,105,105,0,1,
35910,111,111,0,1,
35911,107,107,0,1,
35912,111,111,0,1,
35913,123,123,0,1,
35914,120,120,0,1,
35915,108,108,0,1,
35916,119,119,0,1,
35917,109,109,0,1,
35918,108,108,0,1,
35919,109,109,0,1,
35920,116,116,0,1,
35921,117,117,0,1,
35922,113,113,0,1,
35923,115,115,0,1,
35924,116,116,0,1,
35925,118,118,0,1,
35926,110,110,0,1,
35927,112,112,0,1,
35928,103,103,0,1,
35929,121,121,0,1,
35930,121,121,0,1,
35931,113,113,0,1,
35932,123,123,0,1,
35933,109,109,0,1,
35934,118,118,0,1,
35935,114,114,0,1,
35936,126,126,0,1,
35937,116,116,0,1,
35938,117,117,0,1,
35939,126,126,0,1,
35940,122,122,0,1,
35941,117,117,0,1,
35942,129,129,0,1,
35943,123,123,0,1,
35944,118,118,0,1,
35945,124,124,0,1,
35946,114,114,0,1,
35947,103,103,0,1,
35948,125,125,0,1,
35949,114,114,0,1,
35950,108,108,0,1,
35951,103,103,0,1,
35952,117,117,0,1,
35953,128,128,0,1,
35954,119,119,0,1,
35955,107,107,0,1,
35956,113,113,0,1,
35957,110,110,0,1,
35958,113,113,0,1,
35959,126,126,0,1,
35960,113,113,0,1,
35961,106,106,0,1,
35962,120,120,0,1,
35963,125,125,0,1,
35964,123,123,0,1,
35965,110,110,0,1,
35966,115,115,0,1,
35967,119,119,0,1,
35968,117,117,0,1,
35969,119,119,0,1,
35970,113,113,0,1,
35971,109,109,0,1,
35972,114,114,0,1,
35973,125,125,0,1,
35974,111,111,0,1,
35975,128,128,0,1,
35976,116,116,0,1,
35977,122,122,0,1,
35978,120,120,0,1,
35979,119,119,0,1,
35980,113,113,0,1,
35981,111,111,0,1,
35982,113,113,0,1,
35983,107,107,0,1,
35984,128,128,0,1,
35985,116,116,0,1,
35986,104,104,0,1,
35987,118,118,0,1,
35988,109,109,0,1,
35989,122,122,0,1,
35990,113,113,0,1,
35991,115,115,0,1,
35992,117,117,0,1,
35993,125,125,0,1,
35994,122,122,0,1,
35995,115,115,0,1,
35996,111,111,0,1,
35997,119,119,0,1,
35998,110,110,0,1,
35999,118,118,0,1,
36000,113,113,0,1,
36001,111,111,0,1,
36002,122,122,0,1,
36003,113,113,0,1,
36004,109,109,0,1,
36005,113,113,0,1,
36006,114,114,0,1,
36007,116,116,0,1,
36008,120,120,0,1,
36009,110,110,0,1,
36010,119,119,0,1,
36011,118,118,0,1,
36012,112,112,0,1,
36013,107,107,0,1,
36014,120,120,0,1,
36015,109,109,0,1,
36016,114,114,0,1,
36017,113,113,0,1,
36018,118,118,0,1,
36019,126,126,0,1,
36020,120,120,0,1,
36021,119,119,0,1,
36022,112,112,0,1,
36023,114,114,0,1,
36024,106,106,0,1,
36025,106,106,0,1,
36026,124,124,0,1,
36027,110,110,0,1,
36028,125,125,0,1,
36029,120,120,0,1,
36030,106,106,0,1,
36031,114,114,0,1,
36032,124,124,0,1,
36033,119,119,0,1,
36034,116,116,0,1,
36035,112,112,0,1,
36036,122,122,0,1,
36037,109,109,0,1,
36038,109,109,0,1,
36039,109,109,0,1,
36040,102,102,0,1,
36041,116,116,0,1,
36042,115,115,0,1,
36043,109,109,0,1,
36044,102,102,0,1,
36045,114,114,0,1,
36046,124,124,0,1,
36047,114,114,0,1,
36048,110,110,0,1,
36049,118,118,0,1,
36050,107,107,0,1,
36051,115,115,0,1,
36052,114,114,0,1,
36053,124,124,0,1,
36054,107,107,0,1,
36055,115,115,0,1,
36056,122,122,0,1,
36057,105,105,0,1,
36058,121,121,0,1,
36059,122,122,0,1,
36060,117,117,0,1,
36061,110,110,0,1,
36062,120,120,0,1,
36063,110,110,0,1,
36064,110,110,0,1,
36065,118,118,0,1,
36066,109,109,0,1,
36067,110,110,0,1,
36068,105,105,0,1,
36069,116,116,0,1,
36070,109,109,0,1,
36071,123,123,0,1,
36072,117,117,0,1,
36073,108,108,0,1,
36074,110,110,0,1,
36075,115,115,0,1,
36076,111,111,0,1,
36077,115,115,0,1,
36078,124,124,0,1,
36079,118,118,0,1,
36080,129,129,0,1,
36081,122,122,0,1,
36082,118,118,0,1,
36083,103,103,0,1,
36084,109,109,0,1,
36085,118,118,0,1,
36086,123,123,0,1,
36087,116,116,0,1,
36088,106,106,0,1,
36089,117,117,0,1,
36090,109,109,0,1,
36091,124,124,0,1,
36092,114,114,0,1,
36093,115,115,0,1,
36094,125,125,0,1,
36095,119,119,0,1,
36096,110,110,0,1,
36097,114,114,0,1,
36098,108,108,0,1,
36099,113,113,0,1,
36100,111,111,0,1,
36101,119,119,0,1,
36102,113,113,0,1,
36103,131,131,0,1,
36104,116,116,0,1,
36105,115,115,0,1,
36106,112,112,0,1,
36107,115,115,0,1,
36108,129,129,0,1,
36109,108,108,0,1,
36110,120,120,0,1,
36111,114,114,0,1,
36112,125,125,0,1,
36113,102,102,0,1,
36114,110,110,0,1,
36115,123,123,0,1,
36116,119,119,0,1,
36117,107,107,0,1,
36118,108,108,0,1,
36119,122,122,0,1,
36120,110,110,0,1,
36121,110,110,0,1,
36122,112,112,0,1,
36123,106,106,0,1,
36124,108,108,0,1,
36125,116,116,0,1,
36126,106,106,0,1,
36127,105,105,0,1,
36128,122,122,0,1,
36129,118,118,0,1,
36130,120,120,0,1,
36131,120,120,0,1,
36132,117,117,0,1,
36133,116,116,0,1,
36134,109,109,0,1,
36135,108,108,0,1,
36136,125,125,0,1,
36137,113,113,0,1,
36138,124,124,0,1,
36139,108,108,0,1,
36140,116,116,0,1,
36141,120,120,0,1,
36142,110,110,0,1,
36143,114,114,0,1,
36144,121,121,0,1,
36145,125,125,0,1,
36146,112,112,0,1,
36147,119,119,0,1,
36148,117,117,0,1,
36149,113,113,0,1,
36150,104,104,0,1,
36151,107,107,0,1,
36152,111,111,0,1,
36153,111,111,0,1,
36154,113,113,0,1,
36155,114,114,0,1,
36156,119,119,0,1,
36157,114,114,0,1,
36158,109,109,0,1,
36159,119,119,0,1,
36160,123,123,0,1,
36161,123,123,0,1,
36162,112,112,0,1,
36163,117,117,0,1,
36164,119,119,0,1,
36165,109,109,0,1,
36166,116,116,0,1,
36167,113,113,0,1,
36168,112,112,0,1,
36169,129,129,0,1,
36170,116,116,0,1,
36171,114,114,0,1,
36172,106,106,0,1,
36173,104,104,0,1,
36174,120,120,0,1,
36175,111,111,0,1,
36176,122,122,0,1,
36177,119,119,0,1,
36178,115,115,0,1,
36179,120,120,0,1,
36180,107,107,0,1,
36181,111,111,0,1,
36182,105,105,0,1,
36183,108,108,0,1,
36184,122,122,0,1,
36185,125,125,0,1,
36186,114,114,0,1,
36187,110,110,0,1,
36188,109,109,0,1,
36189,119,119,0,1,
36190,114,114,0,1,
36191,122,122,0,1,
36192,107,107,0,1,
36193,116,116,0,1,
36194,112,112,0,1,
36195,111,111,0,1,
36196,110,110,0,1,
36197,116,116,0,1,
36198,117,117,0,1,
36199,109,109,0,1,
36200,126,126,0,1,
36201,126,126,0,1,
36202,103,103,0,1,
36203,115,115,0,1,
36204,112,112,0,1,
36205,123,123,0,1,
36206,106,106,0,1,
36207,101,101,0,1,
36208,116,116,0,1,
36209,124,124,0,1,
36210,126,126,0,1,
36211,123,123,0,1,
36212,113,113,0,1,
36213,124,124,0,1,
36214,111,111,0,1,
36215,121,121,0,1,
36216,128,128,0,1,
36217,112,112,0,1,
36218,113,113,0,1,
36219,114,114,0,1,
36220,107,107,0,1,
36221,119,119,0,1,
36222,113,113,0,1,
36223,117,117,0,1,
36224,114,114,0,1,
36225,113,113,0,1,
36226,115,115,0,1,
36227,105,105,0,1,
36228,113,113,0,1,
36229,109,109,0,1,
36230,109,109,0,1,
36231,117,117,0,1,
36232,117,117,0,1,
36233,120,120,0,1,
36234,114,114,0,1,
36235,126,126,0,1,
36236,117,117,0,1,
36237,112,112,0,1,
36238,119,119,0,1,
36239,104,104,0,1,
36240,122,122,0,1,
36241,113,113,0,1,
36242,119,119,0,1,
36243,119,119,0,1,
36244,113,113,0,1,
36245,115,115,0,1,
36246,111,111,0,1,
36247,114,114,0,1,
36248,118,118,0,1,
36249,119,119,0,1,
36250,114,114,0,1,
36251,119,119,0,1,
36252,122,122,0,1,
36253,114,114,0,1,
36254,108,108,0,1,
36255,112,112,0,1,
36256,106,106,0,1,
36257,120,120,0,1,
36258,111,111,0,1,
36259,116,116,0,1,
36260,110,110,0,1,
36261,130,130,0,1,
36262,108,108,0,1,
36263,111,111,0,1,
36264,104,104,0,1,
36265,124,124,0,1,
36266,118,118,0,1,
36267,107,107,0,1,
36268,124,124,0,1,
36269,116,116,0,1,
36270,117,117,0,1,
36271,125,125,0,1,
36272,114,114,0,1,
36273,106,106,0,1,
36274,118,118,0,1,
36275,123,123,0,1,
36276,113,113,0,1,
36277,111,111,0,1,
36278,115,115,0,1,
36279,117,117,0,1,
36280,111,111,0,1,
36281,118,118,0,1,
36282,111,111,0,1,
36283,120,120,0,1,
36284,115,115,0,1,
36285,123,123,0,1,
36286,115,115,0,1,
36287,111,111,0,1,
36288,115,115,0,1,
36289,115,115,0,1,
36290,113,113,0,1,
36291,118,118,0,1,
36292,116,116,0,1,
36293,123,123,0,1,
36294,113,113,0,1,
36295,107,107,0,1,
36296,130,130,0,1,
36297,130,130,0,1,
36298,111,111,0,1,
36299,104,104,0,1,
36300,108,108,0,1,
36301,111,111,0,1,
36302,114,114,0,1,
36303,116,116,0,1,
36304,121,121,0,1,
36305,119,119,0,1,
36306,109,109,0,1,
36307,125,125,0,1,
36308,115,115,0,1,
36309,118,118,0,1,
36310,116,116,0,1,
36311,110,110,0,1,
36312,122,122,0,1,
36313,125,125,0,1,
36314,114,114,0,1,
36315,119,119,0,1,
36316,106,106,0,1,
36317,119,119,0,1,
36318,116,116,0,1,
36319,120,120,0,1,
36320,119,119,0,1,
36321,115,115,0,1,
36322,112,112,0,1,
36323,120,120,0,1,
36324,119,119,0,1,
36325,110,110,0,1,
36326,120,120,0,1,
36327,108,108,0,1,
36328,112,112,0,1,
36329,116,116,0,1,
36330,122,122,0,1,
36331,112,112,0,1,
36332,120,120,0,1,
36333,109,109,0,1,
36334,108,108,0,1,
36335,114,114,0,1,
36336,119,119,0,1,
36337,116,116,0,1,
36338,129,129,0,1,
36339,128,128,0,1,
36340,120,120,0,1,
36341,114,114,0,1,
36342,119,119,0,1,
36343,120,120,0,1,
36344,121,121,0,1,
36345,109,109,0,1,
36346,106,106,0,1,
36347,120,120,0,1,
36348,108,108,0,1,
36349,122,122,0,1,
36350,108,108,0,1,
36351,117,117,0,1,
36352,105,105,0,1,
36353,110,110,0,1,
36354,111,111,0,1,
36355,117,117,0,1,
36356,122,122,0,1,
36357,109,109,0,1,
36358,114,114,0,1,
36359,113,113,0,1,
36360,112,112,0,1,
36361,115,115,0,1,
36362,111,111,0,1,
36363,127,127,0,1,
36364,113,113,0,1,
36365,129,129,0,1,
36366,116,116,0,1,
36367,106,106,0,1,
36368,114,114,0,1,
36369,123,123,0,1,
36370,108,108,0,1,
36371,125,125,0,1,
36372,123,123,0,1,
36373,106,106,0,1,
36374,118,118,0,1,
36375,123,123,0,1,
36376,113,113,0,1,
36377,107,107,0,1,
36378,114,114,0,1,
36379,113,113,0,1,
36380,126,126,0,1,
36381,124,124,0,1,
36382,119,119,0,1,
36383,125,125,0,1,
36384,118,118,0,1,
36385,121,121,0,1,
36386,112,112,0,1,
36387,112,112,0,1,
36388,115,115,0,1,
36389,118,118,0,1,
36390,110,110,0,1,
36391,106,106,0,1,
36392,116,116,0,1,
36393,125,125,0,1,
36394,110,110,0,1,
36395,112,112,0,1,
36396,112,112,0,1,
36397,104,104,0,1,
36398,109,109,0,1,
36399,103,103,0,1,
36400,116,116,0,1,
36401,111,111,0,1,
36402,106,106,0,1,
36403,122,122,0,1,
36404,117,117,0,1,
36405,116,116,0,1,
36406,117,117,0,1,
36407,117,117,0,1,
36408,118,118,0,1,
36409,110,110,0,1,
36410,109,109,0,1,
36411,112,112,0,1,
36412,111,111,0,1,
36413,112,112,0,1,
36414,123,123,0,1,
36415,113,113,0,1,
36416,105,105,0,1,
36417,120,120,0,1,
36418,115,115,0,1,
36419,116,116,0,1,
36420,117,117,0,1,
36421,126,126,0,1,
36422,121,121,0,1,
36423,118,118,0,1,
36424,112,112,0,1,
36425,109,109,0,1,
36426,119,119,0,1,
36427,111,111,0,1,
36428,111,111,0,1,
36429,110,110,0,1,
36430,108,108,0,1,
36431,115,115,0,1,
36432,104,104,0,1,
36433,116,116,0,1,
36434,121,121,0,1,
36435,116,116,0,1,
36436,110,110,0,1,
36437,131,131,0,1,
36438,126,126,0,1,
36439,132,132,0,1,
36440,118,118,0,1,
36441,116,116,0,1,
36442,113,113,0,1,
36443,125,125,0,1,
36444,109,109,0,1,
36445,103,103,0,1,
36446,123,123,0,1,
36447,117,117,0,1,
36448,123,123,0,1,
36449,104,104,0,1,
36450,113,113,0,1,
36451,114,114,0,1,
36452,109,109,0,1,
36453,112,112,0,1,
36454,110,110,0,1,
36455,115,115,0,1,
36456,104,104,0,1,
36457,114,114,0,1,
36458,110,110,0,1,
36459,115,115,0,1,
36460,108,108,0,1,
36461,124,124,0,1,
36462,122,122,0,1,
36463,118,118,0,1,
36464,113,113,0,1,
36465,112,112,0,1,
36466,105,105,0,1,
36467,126,126,0,1,
36468,110,110,0,1,
36469,113,113,0,1,
36470,111,111,0,1,
36471,114,114,0,1,
36472,111,111,0,1,
36473,117,117,0,1,
36474,106,106,0,1,
36475,120,120,0,1,
36476,125,125,0,1,
36477,105,105,0,1,
36478,114,114,0,1,
36479,112,112,0,1,
36480,119,119,0,1,
36481,124,124,0,1,
36482,116,116,0,1,
36483,123,123,0,1,
36484,114,114,0,1,
36485,130,130,0,1,
36486,125,125,0,1,
36487,104,104,0,1,
36488,108,108,0,1,
36489,114,114,0,1,
36490,118,118,0,1,
36491,107,107,0,1,
36492,119,119,0,1,
36493,105,105,0,1,
36494,123,123,0,1,
36495,114,114,0,1,
36496,110,110,0,1,
36497,105,105,0,1,
36498,112,112,0,1,
36499,113,113,0,1,
36500,116,116,0,1,
36501,112,112,0,1,
36502,127,127,0,1,
36503,102,102,0,1,
36504,122,122,0,1,
36505,122,122,0,1,
36506,111,111,0,1,
36507,115,115,0,1,
36508,107,107,0,1,
36509,108,108,0,1,
36510,130,130,0,1,
36511,120,120,0,1,
36512,107,107,0,1,
36513,115,115,0,1,
36514,134,134,0,1,
36515,113,113,0,1,
36516,123,123,0,1,
36517,114,114,0,1,
36518,105,105,0,1,
36519,108,108,0,1,
36520,109,109,0,1,
36521,107,107,0,1,
36522,125,125,0,1,
36523,119,119,0,1,
36524,112,112,0,1,
36525,128,128,0,1,
36526,114,114,0,1,
36527,110,110,0,1,
36528,110,110,0,1,
36529,116,116,0,1,
36530,121,121,0,1,
36531,123,123,0,1,
36532,118,118,0,1,
36533,111,111,0,1,
36534,125,125,0,1,
36535,117,117,0,1,
36536,116,116,0,1,
36537,121,121,0,1,
36538,100,100,0,1,
36539,111,111,0,1,
36540,120,120,0,1,
36541,111,111,0,1,
36542,115,115,0,1,
36543,126,126,0,1,
36544,112,112,0,1,
36545,107,107,0,1,
36546,114,114,0,1,
36547,109,109,0,1,
36548,118,118,0,1,
36549,112,112,0,1,
36550,109,109,0,1,
36551,117,117,0,1,
36552,126,126,0,1,
36553,114,114,0,1,
36554,113,113,0,1,
36555,119,119,0,1,
36556,108,108,0,1,
36557,113,113,0,1,
36558,115,115,0,1,
36559,106,106,0,1,
36560,112,112,0,1,
36561,121,121,0,1,
36562,119,119,0,1,
36563,117,117,0,1,
36564,108,108,0,1,
36565,115,115,0,1,
36566,128,128,0,1,
36567,111,111,0,1,
36568,111,111,0,1,
36569,114,114,0,1,
36570,130,130,0,1,
36571,111,111,0,1,
36572,127,127,0,1,
36573,111,111,0,1,
36574,120,120,0,1,
36575,129,129,0,1,
36576,123,123,0,1,
36577,105,105,0,1,
36578,105,105,0,1,
36579,116,116,0,1,
36580,115,115,0,1,
36581,120,120,0,1,
36582,114,114,0,1,
36583,112,112,0,1,
36584,109,109,0,1,
36585,123,123,0,1,
36586,129,129,0,1,
36587,102,102,0,1,
36588,111,111,0,1,
36589,106,106,0,1,
36590,115,115,0,1,
36591,110,110,0,1,
36592,117,117,0,1,
36593,130,130,0,1,
36594,116,116,0,1,
36595,107,107,0,1,
36596,108,108,0,1,
36597,109,109,0,1,
36598,113,113,0,1,
36599,104,104,0,1,
36600,121,121,0,1,
36601,112,112,0,1,
36602,118,118,0,1,
36603,104,104,0,1,
36604,119,119,0,1,
36605,110,110,0,1,
36606,117,117,0,1,
36607,115,115,0,1,
36608,116,116,0,1,
36609,111,111,0,1,
36610,100,100,0,1,
36611,113,113,0,1,
36612,108,108,0,1,
36613,115,115,0,1,
36614,117,117,0,1,
36615,115,115,0,1,
36616,123,123,0,1,
36617,109,109,0,1,
36618,120,120,0,1,
36619,122,122,0,1,
36620,107,107,0,1,
36621,123,123,0,1,
36622,120,120,0,1,
36623,115,115,0,1,
36624,118,118,0,1,
36625,121,121,0,1,
36626,117,117,0,1,
36627,123,123,0,1,
36628,114,114,0,1,
36629,115,115,0,1,
36630,108,108,0,1,
36631,127,127,0,1,
36632,110,110,0,1,
36633,123,123,0,1,
36634,111,111,0,1,
36635,110,110,0,1,
36636,111,111,0,1,
36637,109,109,0,1,
36638,111,111,0,1,
36639,128,128,0,1,
36640,116,116,0,1,
36641,106,106,0,1,
36642,106,106,0,1,
36643,114,114,0,1,
36644,119,119,0,1,
36645,112,112,0,1,
36646,105,105,0,1,
36647,116,116,0,1,
36648,122,122,0,1,
36649,101,101,0,1,
36650,113,113,0,1,
36651,118,118,0,1,
36652,108,108,0,1,
36653,108,108,0,1,
36654,110,110,0,1,
36655,124,124,0,1,
36656,118,118,0,1,
36657,109,109,0,1,
36658,112,112,0,1,
36659,110,110,0,1,
36660,117,117,0,1,
36661,114,114,0,1,
36662,121,121,0,1,
36663,113,113,0,1,
36664,114,114,0,1,
36665,107,107,0,1,
36666,116,116,0,1,
36667,104,104,0,1,
36668,119,119,0,1,
36669,104,104,0,1,
36670,119,119,0,1,
36671,114,114,0,1,
36672,113,113,0,1,
36673,111,111,0,1,
36674,123,123,0,1,
36675,104,104,0,1,
36676,118,118,0,1,
36677,104,104,0,1,
36678,131,131,0,1,
36679,123,123,0,1,
36680,112,112,0,1,
36681,114,114,0,1,
36682,130,130,0,1,
36683,120,120,0,1,
36684,112,112,0,1,
36685,108,108,0,1,
36686,112,112,0,1,
36687,115,115,0,1,
36688,109,109,0,1,
36689,117,117,0,1,
36690,115,115,0,1,
36691,118,118,0,1,
36692,115,115,0,1,
36693,111,111,0,1,
36694,120,120,0,1,
36695,107,107,0,1,
36696,131,131,0,1,
36697,111,111,0,1,
36698,117,117,0,1,
36699,119,119,0,1,
36700,109,109,0,1,
36701,123,123,0,1,
36702,113,113,0,1,
36703,113,113,0,1,
36704,118,118,0,1,
36705,111,111,0,1,
36706,120,120,0,1,
36707,119,119,0,1,
36708,132,132,0,1,
36709,124,124,0,1,
36710,127,127,0,1,
36711,110,110,0,1,
36712,120,120,0,1,
36713,112,112,0,1,
36714,117,117,0,1,
36715,107,107,0,1,
36716,114,114,0,1,
36717,106,106,0,1,
36718,121,121,0,1,
36719,114,114,0,1,
36720,112,112,0,1,
36721,109,109,0,1,
36722,113,113,0,1,
36723,117,117,0,1,
36724,119,119,0,1,
36725,110,110,0,1,
36726,117,117,0,1,
36727,123,123,0,1,
36728,124,124,0,1,
36729,112,112,0,1,
36730,116,116,0,1,
36731,109,109,0,1,
36732,119,119,0,1,
36733,111,111,0,1,
36734,107,107,0,1,
36735,111,111,0,1,
36736,111,111,0,1,
36737,119,119,0,1,
36738,115,115,0,1,
36739,119,119,0,1,
36740,123,123,0,1,
36741,116,116,0,1,
36742,120,120,0,1,
36743,112,112,0,1,
36744,128,128,0,1,
36745,109,109,0,1,
36746,125,125,0,1,
36747,114,114,0,1,
36748,119,119,0,1,
36749,119,119,0,1,
36750,115,115,0,1,
36751,120,120,0,1,
36752,126,126,0,1,
36753,118,118,0,1,
36754,123,123,0,1,
36755,125,125,0,1,
36756,109,109,0,1,
36757,118,118,0,1,
36758,126,126,0,1,
36759,111,111,0,1,
36760,119,119,0,1,
36761,120,120,0,1,
36762,114,114,0,1,
36763,120,120,0,1,
36764,112,112,0,1,
36765,107,107,0,1,
36766,115,115,0,1,
36767,117,117,0,1,
36768,115,115,0,1,
36769,116,116,0,1,
36770,122,122,0,1,
36771,121,121,0,1,
36772,111,111,0,1,
36773,114,114,0,1,
36774,108,108,0,1,
36775,117,117,0,1,
36776,115,115,0,1,
36777,121,121,0,1,
36778,113,113,0,1,
36779,116,116,0,1,
36780,120,120,0,1,
36781,131,131,0,1,
36782,116,116,0,1,
36783,106,106,0,1,
36784,115,115,0,1,
36785,107,107,0,1,
36786,115,115,0,1,
36787,109,109,0,1,
36788,117,117,0,1,
36789,112,112,0,1,
36790,124,124,0,1,
36791,110,110,0,1,
36792,107,107,0,1,
36793,117,117,0,1,
36794,123,123,0,1,
36795,125,125,0,1,
36796,120,120,0,1,
36797,119,119,0,1,
36798,114,114,0,1,
36799,112,112,0,1,
36800,126,126,0,1,
36801,115,115,0,1,
36802,113,113,0,1,
36803,106,106,0,1,
36804,109,109,0,1,
36805,116,116,0,1,
36806,113,113,0,1,
36807,114,114,0,1,
36808,110,110,0,1,
36809,108,108,0,1,
36810,120,120,0,1,
36811,115,115,0,1,
36812,112,112,0,1,
36813,119,119,0,1,
36814,119,119,0,1,
36815,117,117,0,1,
36816,124,124,0,1,
36817,110,110,0,1,
36818,128,128,0,1,
36819,110,110,0,1,
36820,112,112,0,1,
36821,112,112,0,1,
36822,105,105,0,1,
36823,116,116,0,1,
36824,116,116,0,1,
36825,112,112,0,1,
36826,104,104,0,1,
36827,106,106,0,1,
36828,119,119,0,1,
36829,104,104,0,1,
36830,119,119,0,1,
36831,110,110,0,1,
36832,115,115,0,1,
36833,113,113,0,1,
36834,123,123,0,1,
36835,114,114,0,1,
36836,108,108,0,1,
36837,114,114,0,1,
36838,107,107,0,1,
36839,112,112,0,1,
36840,122,122,0,1,
36841,122,122,0,1,
36842,108,108,0,1,
36843,108,108,0,1,
36844,115,115,0,1,
36845,121,121,0,1,
36846,115,115,0,1,
36847,118,118,0,1,
36848,110,110,0,1,
36849,112,112,0,1,
36850,111,111,0,1,
36851,111,111,0,1,
36852,111,111,0,1,
36853,106,106,0,1,
36854,113,113,0,1,
36855,113,113,0,1,
36856,105,105,0,1,
36857,121,121,0,1,
36858,121,121,0,1,
36859,119,119,0,1,
36860,106,106,0,1,
36861,111,111,0,1,
36862,114,114,0,1,
36863,114,114,0,1,
36864,104,104,0,1,
36865,122,122,0,1,
36866,111,111,0,1,
36867,103,103,0,1,
36868,115,115,0,1,
36869,113,113,0,1,
36870,114,114,0,1,
36871,123,123,0,1,
36872,115,115,0,1,
36873,109,109,0,1,
36874,110,110,0,1,
36875,111,111,0,1,
36876,110,110,0,1,
36877,118,118,0,1,
36878,114,114,0,1,
36879,119,119,0,1,
36880,108,108,0,1,
36881,123,123,0,1,
36882,115,115,0,1,
36883,117,117,0,1,
36884,110,110,0,1,
36885,116,116,0,1,
36886,116,116,0,1,
36887,124,124,0,1,
36888,115,115,0,1,
36889,119,119,0,1,
36890,111,111,0,1,
36891,119,119,0,1,
36892,111,111,0,1,
36893,116,116,0,1,
36894,115,115,0,1,
36895,123,123,0,1,
36896,107,107,0,1,
36897,103,103,0,1,
36898,105,105,0,1,
36899,114,114,0,1,
36900,119,119,0,1,
36901,110,110,0,1,
36902,117,117,0,1,
36903,112,112,0,1,
36904,120,120,0,1,
36905,122,122,0,1,
36906,108,108,0,1,
36907,110,110,0,1,
36908,108,108,0,1,
36909,100,100,0,1,
36910,109,109,0,1,
36911,118,118,0,1,
36912,111,111,0,1,
36913,105,105,0,1,
36914,113,113,0,1,
36915,115,115,0,1,
36916,117,117,0,1,
36917,110,110,0,1,
36918,115,115,0,1,
36919,115,115,0,1,
36920,113,113,0,1,
36921,114,114,0,1,
36922,116,116,0,1,
36923,112,112,0,1,
36924,111,111,0,1,
36925,127,127,0,1,
36926,114,114,0,1,
36927,115,115,0,1,
36928,108,108,0,1,
36929,112,112,0,1,
36930,108,108,0,1,
36931,114,114,0,1,
36932,115,115,0,1,
36933,112,112,0,1,
36934,109,109,0,1,
36935,125,125,0,1,
36936,107,107,0,1,
36937,120,120,0,1,
36938,121,121,0,1,
36939,116,116,0,1,
36940,117,117,0,1,
36941,127,127,0,1,
36942,117,117,0,1,
36943,131,131,0,1,
36944,130,130,0,1,
36945,130,130,0,1,
36946,111,111,0,1,
36947,104,104,0,1,
36948,107,107,0,1,
36949,116,116,0,1,
36950,124,124,0,1,
36951,128,128,0,1,
36952,121,121,0,1,
36953,110,110,0,1,
36954,113,113,0,1,
36955,118,118,0,1,
36956,113,113,0,1,
36957,112,112,0,1,
36958,120,120,0,1,
36959,122,122,0,1,
36960,114,114,0,1,
36961,119,119,0,1,
36962,118,118,0,1,
36963,115,115,0,1,
36964,121,121,0,1,
36965,117,117,0,1,
36966,109,109,0,1,
36967,109,109,0,1,
36968,112,112,0,1,
36969,114,114,0,1,
36970,126,126,0,1,
36971,107,107,0,1,
36972,118,118,0,1,
36973,127,127,0,1,
36974,114,114,0,1,
36975,110,110,0,1,
36976,124,124,0,1,
36977,117,117,0,1,
36978,119,119,0,1,
36979,107,107,0,1,
36980,120,120,0,1,
36981,111,111,0,1,
36982,115,115,0,1,
36983,124,124,0,1,
36984,113,113,0,1,
36985,124,124,0,1,
36986,131,131,0,1,
36987,111,111,0,1,
36988,125,125,0,1,
36989,113,113,0,1,
36990,113,113,0,1,
36991,119,119,0,1,
36992,112,112,0,1,
36993,112,112,0,1,
36994,119,119,0,1,
36995,111,111,0,1,
36996,128,128,0,1,
36997,111,111,0,1,
36998,121,121,0,1,
36999,116,116,0,1,
37000,111,111,0,1,
37001,122,122,0,1,
37002,121,121,0,1,
37003,106,106,0,1,
37004,112,112,0,1,
37005,116,116,0,1,
37006,123,123,0,1,
37007,110,110,0,1,
37008,116,116,0,1,
37009,115,115,0,1,
37010,122,122,0,1,
37011,115,115,0,1,
37012,111,111,0,1,
37013,109,109,0,1,
37014,120,120,0,1,
37015,107,107,0,1,
37016,115,115,0,1,
37017,105,105,0,1,
37018,119,119,0,1,
37019,109,109,0,1,
37020,109,109,0,1,
37021,110,110,0,1,
37022,119,119,0,1,
37023,120,120,0,1,
37024,108,108,0,1,
37025,116,116,0,1,
37026,118,118,0,1,
37027,112,112,0,1,
37028,114,114,0,1,
37029,111,111,0,1,
37030,123,123,0,1,
37031,122,122,0,1,
37032,115,115,0,1,
37033,115,115,0,1,
37034,121,121,0,1,
37035,123,123,0,1,
37036,116,116,0,1,
37037,108,108,0,1,
37038,125,125,0,1,
37039,120,120,0,1,
37040,124,124,0,1,
37041,115,115,0,1,
37042,106,106,0,1,
37043,112,112,0,1,
37044,111,111,0,1,
37045,113,113,0,1,
37046,113,113,0,1,
37047,111,111,0,1,
37048,118,118,0,1,
37049,129,129,0,1,
37050,107,107,0,1,
37051,106,106,0,1,
37052,116,116,0,1,
37053,128,128,0,1,
37054,108,108,0,1,
37055,109,109,0,1,
37056,111,111,0,1,
37057,118,118,0,1,
37058,114,114,0,1,
37059,118,118,0,1,
37060,105,105,0,1,
37061,112,112,0,1,
37062,107,107,0,1,
37063,114,114,0,1,
37064,117,117,0,1,
37065,123,123,0,1,
37066,112,112,0,1,
37067,109,109,0,1,
37068,122,122,0,1,
37069,119,119,0,1,
37070,115,115,0,1,
37071,124,124,0,1,
37072,113,113,0,1,
37073,112,112,0,1,
37074,122,122,0,1,
37075,115,115,0,1,
37076,119,119,0,1,
37077,117,117,0,1,
37078,108,108,0,1,
37079,109,109,0,1,
37080,113,113,0,1,
37081,124,124,0,1,
37082,124,124,0,1,
37083,118,118,0,1,
37084,110,110,0,1,
37085,109,109,0,1,
37086,113,113,0,1,
37087,123,123,0,1,
37088,107,107,0,1,
37089,124,124,0,1,
37090,114,114,0,1,
37091,115,115,0,1,
37092,111,111,0,1,
37093,121,121,0,1,
37094,112,112,0,1,
37095,111,111,0,1,
37096,114,114,0,1,
37097,111,111,0,1,
37098,112,112,0,1,
37099,109,109,0,1,
37100,107,107,0,1,
37101,116,116,0,1,
37102,109,109,0,1,
37103,106,106,0,1,
37104,125,125,0,1,
37105,123,123,0,1,
37106,110,110,0,1,
37107,113,113,0,1,
37108,125,125,0,1,
37109,111,111,0,1,
37110,127,127,0,1,
37111,109,109,0,1,
37112,108,108,0,1,
37113,109,109,0,1,
37114,116,116,0,1,
37115,114,114,0,1,
37116,121,121,0,1,
37117,112,112,0,1,
37118,111,111,0,1,
37119,119,119,0,1,
37120,122,122,0,1,
37121,108,108,0,1,
37122,108,108,0,1,
37123,113,113,0,1,
37124,111,111,0,1,
37125,109,109,0,1,
37126,115,115,0,1,
37127,115,115,0,1,
37128,120,120,0,1,
37129,119,119,0,1,
37130,123,123,0,1,
37131,110,110,0,1,
37132,112,112,0,1,
37133,119,119,0,1,
37134,113,113,0,1,
37135,112,112,0,1,
37136,109,109,0,1,
37137,110,110,0,1,
37138,115,115,0,1,
37139,112,112,0,1,
37140,114,114,0,1,
37141,114,114,0,1,
37142,112,112,0,1,
37143,120,120,0,1,
37144,117,117,0,1,
37145,104,104,0,1,
37146,107,107,0,1,
37147,115,115,0,1,
37148,105,105,0,1,
37149,118,118,0,1,
37150,119,119,0,1,
37151,107,107,0,1,
37152,112,112,0,1,
37153,111,111,0,1,
37154,112,112,0,1,
37155,113,113,0,1,
37156,120,120,0,1,
37157,118,118,0,1,
37158,123,123,0,1,
37159,110,110,0,1,
37160,115,115,0,1,
37161,123,123,0,1,
37162,112,112,0,1,
37163,120,120,0,1,
37164,110,110,0,1,
37165,124,124,0,1,
37166,110,110,0,1,
37167,123,123,0,1,
37168,123,123,0,1,
37169,115,115,0,1,
37170,107,107,0,1,
37171,134,134,0,1,
37172,117,117,0,1,
37173,127,127,0,1,
37174,110,110,0,1,
37175,118,118,0,1,
37176,118,118,0,1,
37177,109,109,0,1,
37178,116,116,0,1,
37179,123,123,0,1,
37180,113,113,0,1,
37181,106,106,0,1,
37182,114,114,0,1,
37183,129,129,0,1,
37184,117,117,0,1,
37185,104,104,0,1,
37186,112,112,0,1,
37187,114,114,0,1,
37188,113,113,0,1,
37189,124,124,0,1,
37190,112,112,0,1,
37191,124,124,0,1,
37192,118,118,0,1,
37193,118,118,0,1,
37194,118,118,0,1,
37195,117,117,0,1,
37196,116,116,0,1,
37197,109,109,0,1,
37198,122,122,0,1,
37199,112,112,0,1,
37200,115,115,0,1,
37201,115,115,0,1,
37202,103,103,0,1,
37203,109,109,0,1,
37204,121,121,0,1,
37205,111,111,0,1,
37206,105,105,0,1,
37207,109,109,0,1,
37208,108,108,0,1,
37209,118,118,0,1,
37210,116,116,0,1,
37211,113,113,0,1,
37212,119,119,0,1,
37213,125,125,0,1,
37214,110,110,0,1,
37215,113,113,0,1,
37216,110,110,0,1,
37217,112,112,0,1,
37218,110,110,0,1,
37219,121,121,0,1,
37220,123,123,0,1,
37221,121,121,0,1,
37222,115,115,0,1,
37223,115,115,0,1,
37224,117,117,0,1,
37225,114,114,0,1,
37226,111,111,0,1,
37227,117,117,0,1,
37228,123,123,0,1,
37229,118,118,0,1,
37230,129,129,0,1,
37231,123,123,0,1,
37232,107,107,0,1,
37233,105,105,0,1,
37234,131,131,0,1,
37235,113,113,0,1,
37236,122,122,0,1,
37237,117,117,0,1,
37238,128,128,0,1,
37239,130,130,0,1,
37240,115,115,0,1,
37241,113,113,0,1,
37242,117,117,0,1,
37243,110,110,0,1,
37244,117,117,0,1,
37245,107,107,0,1,
37246,121,121,0,1,
37247,128,128,0,1,
37248,121,121,0,1,
37249,124,124,0,1,
37250,120,120,0,1,
37251,106,106,0,1,
37252,111,111,0,1,
37253,123,123,0,1,
37254,131,131,0,1,
37255,125,125,0,1,
37256,104,104,0,1,
37257,119,119,0,1,
37258,113,113,0,1,
37259,112,112,0,1,
37260,126,126,0,1,
37261,107,107,0,1,
37262,123,123,0,1,
37263,108,108,0,1,
37264,121,121,0,1,
37265,118,118,0,1,
37266,107,107,0,1,
37267,125,125,0,1,
37268,119,119,0,1,
37269,114,114,0,1,
37270,125,125,0,1,
37271,98,98,0,1,
37272,107,107,0,1,
37273,116,116,0,1,
37274,121,121,0,1,
37275,108,108,0,1,
37276,127,127,0,1,
37277,117,117,0,1,
37278,116,116,0,1,
37279,119,119,0,1,
37280,116,116,0,1,
37281,112,112,0,1,
37282,112,112,0,1,
37283,117,117,0,1,
37284,127,127,0,1,
37285,115,115,0,1,
37286,114,114,0,1,
37287,110,110,0,1,
37288,111,111,0,1,
37289,113,113,0,1,
37290,105,105,0,1,
37291,108,108,0,1,
37292,105,105,0,1,
37293,121,121,0,1,
37294,123,123,0,1,
37295,114,114,0,1,
37296,109,109,0,1,
37297,111,111,0,1,
37298,121,121,0,1,
37299,114,114,0,1,
37300,120,120,0,1,
37301,117,117,0,1,
37302,121,121,0,1,
37303,108,108,0,1,
37304,115,115,0,1,
37305,101,101,0,1,
37306,116,116,0,1,
37307,111,111,0,1,
37308,124,124,0,1,
37309,124,124,0,1,
37310,119,119,0,1,
37311,119,119,0,1,
37312,115,115,0,1,
37313,115,115,0,1,
37314,113,113,0,1,
37315,110,110,0,1,
37316,125,125,0,1,
37317,119,119,0,1,
37318,121,121,0,1,
37319,114,114,0,1,
37320,107,107,0,1,
37321,111,111,0,1,
37322,119,119,0,1,
37323,105,105,0,1,
37324,106,106,0,1,
37325,116,116,0,1,
37326,101,101,0,1,
37327,105,105,0,1,
37328,112,112,0,1,
37329,125,125,0,1,
37330,121,121,0,1,
37331,116,116,0,1,
37332,104,104,0,1,
37333,110,110,0,1,
37334,112,112,0,1,
37335,109,109,0,1,
37336,123,123,0,1,
37337,116,116,0,1,
37338,113,113,0,1,
37339,114,114,0,1,
37340,119,119,0,1,
37341,124,124,0,1,
37342,122,122,0,1,
37343,104,104,0,1,
37344,121,121,0,1,
37345,125,125,0,1,
37346,114,114,0,1,
37347,107,107,0,1,
37348,109,109,0,1,
37349,111,111,0,1,
37350,118,118,0,1,
37351,112,112,0,1,
37352,107,107,0,1,
37353,110,110,0,1,
37354,110,110,0,1,
37355,110,110,0,1,
37356,123,123,0,1,
37357,118,118,0,1,
37358,130,130,0,1,
37359,113,113,0,1,
37360,113,113,0,1,
37361,109,109,0,1,
37362,110,110,0,1,
37363,113,113,0,1,
37364,115,115,0,1,
37365,109,109,0,1,
37366,113,113,0,1,
37367,112,112,0,1,
37368,112,112,0,1,
37369,128,128,0,1,
37370,116,116,0,1,
37371,124,124,0,1,
37372,125,125,0,1,
37373,106,106,0,1,
37374,109,109,0,1,
37375,115,115,0,1,
37376,108,108,0,1,
37377,115,115,0,1,
37378,109,109,0,1,
37379,124,124,0,1,
37380,107,107,0,1,
37381,120,120,0,1,
37382,104,104,0,1,
37383,120,120,0,1,
37384,113,113,0,1,
37385,117,117,0,1,
37386,106,106,0,1,
37387,116,116,0,1,
37388,118,118,0,1,
37389,118,118,0,1,
37390,111,111,0,1,
37391,113,113,0,1,
37392,103,103,0,1,
37393,117,117,0,1,
37394,113,113,0,1,
37395,118,118,0,1,
37396,119,119,0,1,
37397,126,126,0,1,
37398,120,120,0,1,
37399,115,115,0,1,
37400,128,128,0,1,
37401,117,117,0,1,
37402,124,124,0,1,
37403,113,113,0,1,
37404,110,110,0,1,
37405,123,123,0,1,
37406,112,112,0,1,
37407,121,121,0,1,
37408,112,112,0,1,
37409,116,116,0,1,
37410,109,109,0,1,
37411,114,114,0,1,
37412,127,127,0,1,
37413,115,115,0,1,
37414,118,118,0,1,
37415,119,119,0,1,
37416,118,118,0,1,
37417,123,123,0,1,
37418,121,121,0,1,
37419,120,120,0,1,
37420,107,107,0,1,
37421,104,104,0,1,
37422,112,112,0,1,
37423,117,117,0,1,
37424,126,126,0,1,
37425,112,112,0,1,
37426,110,110,0,1,
37427,112,112,0,1,
37428,114,114,0,1,
37429,120,120,0,1,
37430,120,120,0,1,
37431,110,110,0,1,
37432,130,130,0,1,
37433,112,112,0,1,
37434,113,113,0,1,
37435,112,112,0,1,
37436,122,122,0,1,
37437,118,118,0,1,
37438,125,125,0,1,
37439,123,123,0,1,
37440,114,114,0,1,
37441,111,111,0,1,
37442,109,109,0,1,
37443,123,123,0,1,
37444,108,108,0,1,
37445,113,113,0,1,
37446,112,112,0,1,
37447,117,117,0,1,
37448,113,113,0,1,
37449,123,123,0,1,
37450,109,109,0,1,
37451,113,113,0,1,
37452,111,111,0,1,
37453,102,102,0,1,
37454,110,110,0,1,
37455,119,119,0,1,
37456,108,108,0,1,
37457,118,118,0,1,
37458,122,122,0,1,
37459,115,115,0,1,
37460,117,117,0,1,
37461,108,108,0,1,
37462,113,113,0,1,
37463,113,113,0,1,
37464,114,114,0,1,
37465,126,126,0,1,
37466,112,112,0,1,
37467,116,116,0,1,
37468,118,118,0,1,
37469,123,123,0,1,
37470,130,130,0,1,
37471,126,126,0,1,
37472,111,111,0,1,
37473,126,126,0,1,
37474,118,118,0,1,
37475,122,122,0,1,
37476,119,119,0,1,
37477,122,122,0,1,
37478,126,126,0,1,
37479,103,103,0,1,
37480,124,124,0,1,
37481,103,103,0,1,
37482,110,110,0,1,
37483,114,114,0,1,
37484,111,111,0,1,
37485,123,123,0,1,
37486,104,104,0,1,
37487,111,111,0,1,
37488,118,118,0,1,
37489,105,105,0,1,
37490,123,123,0,1,
37491,120,120,0,1,
37492,118,118,0,1,
37493,116,116,0,1,
37494,124,124,0,1,
37495,123,123,0,1,
37496,125,125,0,1,
37497,119,119,0,1,
37498,118,118,0,1,
37499,116,116,0,1,
37500,111,111,0,1,
37501,110,110,0,1,
37502,121,121,0,1,
37503,113,113,0,1,
37504,109,109,0,1,
37505,131,131,0,1,
37506,110,110,0,1,
37507,111,111,0,1,
37508,110,110,0,1,
37509,116,116,0,1,
37510,105,105,0,1,
37511,117,117,0,1,
37512,116,116,0,1,
37513,113,113,0,1,
37514,105,105,0,1,
37515,123,123,0,1,
37516,112,112,0,1,
37517,115,115,0,1,
37518,124,124,0,1,
37519,113,113,0,1,
37520,116,116,0,1,
37521,113,113,0,1,
37522,112,112,0,1,
37523,112,112,0,1,
37524,116,116,0,1,
37525,117,117,0,1,
37526,117,117,0,1,
37527,113,113,0,1,
37528,109,109,0,1,
37529,111,111,0,1,
37530,112,112,0,1,
37531,113,113,0,1,
37532,120,120,0,1,
37533,107,107,0,1,
37534,113,113,0,1,
37535,117,117,0,1,
37536,116,116,0,1,
37537,118,118,0,1,
37538,114,114,0,1,
37539,115,115,0,1,
37540,118,118,0,1,
37541,108,108,0,1,
37542,121,121,0,1,
37543,120,120,0,1,
37544,115,115,0,1,
37545,129,129,0,1,
37546,109,109,0,1,
37547,109,109,0,1,
37548,121,121,0,1,
37549,116,116,0,1,
37550,113,113,0,1,
37551,107,107,0,1,
37552,113,113,0,1,
37553,113,113,0,1,
37554,105,105,0,1,
37555,116,116,0,1,
37556,119,119,0,1,
37557,102,102,0,1,
37558,116,116,0,1,
37559,123,123,0,1,
37560,114,114,0,1,
37561,113,113,0,1,
37562,111,111,0,1,
37563,119,119,0,1,
37564,107,107,0,1,
37565,126,126,0,1,
37566,116,116,0,1,
37567,109,109,0,1,
37568,108,108,0,1,
37569,124,124,0,1,
37570,115,115,0,1,
37571,112,112,0,1,
37572,125,125,0,1,
37573,123,123,0,1,
37574,115,115,0,1,
37575,112,112,0,1,
37576,122,122,0,1,
37577,108,108,0,1,
37578,114,114,0,1,
37579,110,110,0,1,
37580,123,123,0,1,
37581,122,122,0,1,
37582,117,117,0,1,
37583,117,117,0,1,
37584,118,118,0,1,
37585,121,121,0,1,
37586,109,109,0,1,
37587,113,113,0,1,
37588,111,111,0,1,
37589,120,120,0,1,
37590,106,106,0,1,
37591,109,109,0,1,
37592,119,119,0,1,
37593,108,108,0,1,
37594,108,108,0,1,
37595,119,119,0,1,
37596,113,113,0,1,
37597,111,111,0,1,
37598,115,115,0,1,
37599,126,126,0,1,
37600,114,114,0,1,
37601,108,108,0,1,
37602,121,121,0,1,
37603,105,105,0,1,
37604,118,118,0,1,
37605,107,107,0,1,
37606,127,127,0,1,
37607,113,113,0,1,
37608,119,119,0,1,
37609,107,107,0,1,
37610,112,112,0,1,
37611,132,132,0,1,
37612,111,111,0,1,
37613,115,115,0,1,
37614,107,107,0,1,
37615,110,110,0,1,
37616,115,115,0,1,
37617,108,108,0,1,
37618,109,109,0,1,
37619,115,115,0,1,
37620,122,122,0,1,
37621,109,109,0,1,
37622,111,111,0,1,
37623,115,115,0,1,
37624,114,114,0,1,
37625,108,108,0,1,
37626,108,108,0,1,
37627,121,121,0,1,
37628,108,108,0,1,
37629,114,114,0,1,
37630,109,109,0,1,
37631,123,123,0,1,
37632,123,123,0,1,
37633,120,120,0,1,
37634,120,120,0,1,
37635,127,127,0,1,
37636,113,113,0,1,
37637,122,122,0,1,
37638,128,128,0,1,
37639,123,123,0,1,
37640,124,124,0,1,
37641,116,116,0,1,
37642,118,118,0,1,
37643,106,106,0,1,
37644,112,112,0,1,
37645,112,112,0,1,
37646,111,111,0,1,
37647,118,118,0,1,
37648,123,123,0,1,
37649,124,124,0,1,
37650,111,111,0,1,
37651,114,114,0,1,
37652,121,121,0,1,
37653,121,121,0,1,
37654,107,107,0,1,
37655,111,111,0,1,
37656,106,106,0,1,
37657,126,126,0,1,
37658,115,115,0,1,
37659,111,111,0,1,
37660,109,109,0,1,
37661,120,120,0,1,
37662,126,126,0,1,
37663,113,113,0,1,
37664,116,116,0,1,
37665,109,109,0,1,
37666,113,113,0,1,
37667,108,108,0,1,
37668,119,119,0,1,
37669,126,126,0,1,
37670,103,103,0,1,
37671,128,128,0,1,
37672,115,115,0,1,
37673,111,111,0,1,
37674,119,119,0,1,
37675,113,113,0,1,
37676,115,115,0,1,
37677,108,108,0,1,
37678,129,129,0,1,
37679,122,122,0,1,
37680,103,103,0,1,
37681,119,119,0,1,
37682,122,122,0,1,
37683,117,117,0,1,
37684,131,131,0,1,
37685,112,112,0,1,
37686,122,122,0,1,
37687,120,120,0,1,
37688,119,119,0,1,
37689,110,110,0,1,
37690,115,115,0,1,
37691,111,111,0,1,
37692,119,119,0,1,
37693,118,118,0,1,
37694,117,117,0,1,
37695,109,109,0,1,
37696,108,108,0,1,
37697,119,119,0,1,
37698,115,115,0,1,
37699,109,109,0,1,
37700,114,114,0,1,
37701,108,108,0,1,
37702,108,108,0,1,
37703,108,108,0,1,
37704,124,124,0,1,
37705,118,118,0,1,
37706,106,106,0,1,
37707,116,116,0,1,
37708,114,114,0,1,
37709,114,114,0,1,
37710,117,117,0,1,
37711,114,114,0,1,
37712,113,113,0,1,
37713,112,112,0,1,
37714,114,114,0,1,
37715,120,120,0,1,
37716,111,111,0,1,
37717,115,115,0,1,
37718,128,128,0,1,
37719,111,111,0,1,
37720,113,113,0,1,
37721,116,116,0,1,
37722,130,130,0,1,
37723,120,120,0,1,
37724,109,109,0,1,
37725,113,113,0,1,
37726,110,110,0,1,
37727,116,116,0,1,
37728,124,124,0,1,
37729,119,119,0,1,
37730,112,112,0,1,
37731,112,112,0,1,
37732,119,119,0,1,
37733,105,105,0,1,
37734,123,123,0,1,
37735,110,110,0,1,
37736,109,109,0,1,
37737,112,112,0,1,
37738,122,122,0,1,
37739,112,112,0,1,
37740,125,125,0,1,
37741,110,110,0,1,
37742,107,107,0,1,
37743,110,110,0,1,
37744,112,112,0,1,
37745,110,110,0,1,
37746,112,112,0,1,
37747,113,113,0,1,
37748,116,116,0,1,
37749,109,109,0,1,
37750,109,109,0,1,
37751,112,112,0,1,
37752,116,116,0,1,
37753,118,118,0,1,
37754,112,112,0,1,
37755,114,114,0,1,
37756,117,117,0,1,
37757,124,124,0,1,
37758,115,115,0,1,
37759,111,111,0,1,
37760,120,120,0,1,
37761,109,109,0,1,
37762,122,122,0,1,
37763,119,119,0,1,
37764,109,109,0,1,
37765,120,120,0,1,
37766,118,118,0,1,
37767,111,111,0,1,
37768,111,111,0,1,
37769,121,121,0,1,
37770,113,113,0,1,
37771,120,120,0,1,
37772,115,115,0,1,
37773,119,119,0,1,
37774,111,111,0,1,
37775,104,104,0,1,
37776,117,117,0,1,
37777,126,126,0,1,
37778,116,116,0,1,
37779,109,109,0,1,
37780,116,116,0,1,
37781,117,117,0,1,
37782,116,116,0,1,
37783,120,120,0,1,
37784,119,119,0,1,
37785,125,125,0,1,
37786,115,115,0,1,
37787,111,111,0,1,
37788,107,107,0,1,
37789,110,110,0,1,
37790,109,109,0,1,
37791,127,127,0,1,
37792,112,112,0,1,
37793,115,115,0,1,
37794,118,118,0,1,
37795,113,113,0,1,
37796,110,110,0,1,
37797,116,116,0,1,
37798,122,122,0,1,
37799,107,107,0,1,
37800,109,109,0,1,
37801,110,110,0,1,
37802,112,112,0,1,
37803,117,117,0,1,
37804,119,119,0,1,
37805,125,125,0,1,
37806,112,112,0,1,
37807,113,113,0,1,
37808,130,130,0,1,
37809,117,117,0,1,
37810,132,132,0,1,
37811,124,124,0,1,
37812,114,114,0,1,
37813,105,105,0,1,
37814,117,117,0,1,
37815,110,110,0,1,
37816,120,120,0,1,
37817,115,115,0,1,
37818,106,106,0,1,
37819,118,118,0,1,
37820,107,107,0,1,
37821,122,122,0,1,
37822,117,117,0,1,
37823,112,112,0,1,
37824,115,115,0,1,
37825,123,123,0,1,
37826,114,114,0,1,
37827,108,108,0,1,
37828,119,119,0,1,
37829,108,108,0,1,
37830,116,116,0,1,
37831,116,116,0,1,
37832,108,108,0,1,
37833,121,121,0,1,
37834,108,108,0,1,
37835,109,109,0,1,
37836,107,107,0,1,
37837,105,105,0,1,
37838,126,126,0,1,
37839,110,110,0,1,
37840,113,113,0,1,
37841,123,123,0,1,
37842,110,110,0,1,
37843,131,131,0,1,
37844,120,120,0,1,
37845,113,113,0,1,
37846,114,114,0,1,
37847,120,120,0,1,
37848,116,116,0,1,
37849,116,116,0,1,
37850,106,106,0,1,
37851,118,118,0,1,
37852,114,114,0,1,
37853,118,118,0,1,
37854,122,122,0,1,
37855,108,108,0,1,
37856,109,109,0,1,
37857,112,112,0,1,
37858,110,110,0,1,
37859,116,116,0,1,
37860,127,127,0,1,
37861,114,114,0,1,
37862,116,116,0,1,
37863,115,115,0,1,
37864,119,119,0,1,
37865,112,112,0,1,
37866,115,115,0,1,
37867,115,115,0,1,
37868,114,114,0,1,
37869,116,116,0,1,
37870,106,106,0,1,
37871,113,113,0,1,
37872,110,110,0,1,
37873,114,114,0,1,
37874,118,118,0,1,
37875,120,120,0,1,
37876,112,112,0,1,
37877,113,113,0,1,
37878,111,111,0,1,
37879,108,108,0,1,
37880,116,116,0,1,
37881,116,116,0,1,
37882,107,107,0,1,
37883,120,120,0,1,
37884,112,112,0,1,
37885,113,113,0,1,
37886,120,120,0,1,
37887,112,112,0,1,
37888,109,109,0,1,
37889,114,114,0,1,
37890,111,111,0,1,
37891,114,114,0,1,
37892,116,116,0,1,
37893,112,112,0,1,
37894,129,129,0,1,
37895,112,112,0,1,
37896,124,124,0,1,
37897,115,115,0,1,
37898,113,113,0,1,
37899,117,117,0,1,
37900,123,123,0,1,
37901,113,113,0,1,
37902,120,120,0,1,
37903,121,121,0,1,
37904,129,129,0,1,
37905,113,113,0,1,
37906,105,105,0,1,
37907,123,123,0,1,
37908,119,119,0,1,
37909,113,113,0,1,
37910,122,122,0,1,
37911,110,110,0,1,
37912,112,112,0,1,
37913,109,109,0,1,
37914,115,115,0,1,
37915,103,103,0,1,
37916,113,113,0,1,
37917,108,108,0,1,
37918,122,122,0,1,
37919,117,117,0,1,
37920,131,131,0,1,
37921,117,117,0,1,
37922,117,117,0,1,
37923,129,129,0,1,
37924,114,114,0,1,
37925,114,114,0,1,
37926,112,112,0,1,
37927,112,112,0,1,
37928,115,115,0,1,
37929,112,112,0,1,
37930,109,109,0,1,
37931,105,105,0,1,
37932,119,119,0,1,
37933,104,104,0,1,
37934,121,121,0,1,
37935,125,125,0,1,
37936,121,121,0,1,
37937,108,108,0,1,
37938,124,124,0,1,
37939,110,110,0,1,
37940,112,112,0,1,
37941,110,110,0,1,
37942,127,127,0,1,
37943,114,114,0,1,
37944,110,110,0,1,
37945,107,107,0,1,
37946,116,116,0,1,
37947,131,131,0,1,
37948,130,130,0,1,
37949,111,111,0,1,
37950,115,115,0,1,
37951,111,111,0,1,
37952,114,114,0,1,
37953,109,109,0,1,
37954,116,116,0,1,
37955,114,114,0,1,
37956,116,116,0,1,
37957,119,119,0,1,
37958,116,116,0,1,
37959,118,118,0,1,
37960,108,108,0,1,
37961,113,113,0,1,
37962,113,113,0,1,
37963,116,116,0,1,
37964,114,114,0,1,
37965,120,120,0,1,
37966,108,108,0,1,
37967,114,114,0,1,
37968,113,113,0,1,
37969,113,113,0,1,
37970,110,110,0,1,
37971,117,117,0,1,
37972,115,115,0,1,
37973,111,111,0,1,
37974,119,119,0,1,
37975,119,119,0,1,
37976,107,107,0,1,
37977,124,124,0,1,
37978,108,108,0,1,
37979,105,105,0,1,
37980,129,129,0,1,
37981,111,111,0,1,
37982,118,118,0,1,
37983,114,114,0,1,
37984,106,106,0,1,
37985,124,124,0,1,
37986,116,116,0,1,
37987,109,109,0,1,
37988,110,110,0,1,
37989,116,116,0,1,
37990,117,117,0,1,
37991,112,112,0,1,
37992,129,129,0,1,
37993,113,113,0,1,
37994,115,115,0,1,
37995,116,116,0,1,
37996,109,109,0,1,
37997,108,108,0,1,
37998,108,108,0,1,
37999,110,110,0,1,
38000,124,124,0,1,
38001,104,104,0,1,
38002,114,114,0,1,
38003,111,111,0,1,
38004,119,119,0,1,
38005,109,109,0,1,
38006,110,110,0,1,
38007,108,108,0,1,
38008,120,120,0,1,
38009,123,123,0,1,
38010,106,106,0,1,
38011,116,116,0,1,
38012,110,110,0,1,
38013,126,126,0,1,
38014,111,111,0,1,
38015,112,112,0,1,
38016,109,109,0,1,
38017,121,121,0,1,
38018,123,123,0,1,
38019,112,112,0,1,
38020,113,113,0,1,
38021,109,109,0,1,
38022,112,112,0,1,
38023,118,118,0,1,
38024,123,123,0,1,
38025,107,107,0,1,
38026,115,115,0,1,
38027,111,111,0,1,
38028,117,117,0,1,
38029,116,116,0,1,
38030,114,114,0,1,
38031,125,125,0,1,
38032,121,121,0,1,
38033,110,110,0,1,
38034,130,130,0,1,
38035,118,118,0,1,
38036,115,115,0,1,
38037,111,111,0,1,
38038,105,105,0,1,
38039,105,105,0,1,
38040,113,113,0,1,
38041,110,110,0,1,
38042,117,117,0,1,
38043,111,111,0,1,
38044,119,119,0,1,
38045,113,113,0,1,
38046,125,125,0,1,
38047,111,111,0,1,
38048,120,120,0,1,
38049,106,106,0,1,
38050,120,120,0,1,
38051,107,107,0,1,
38052,109,109,0,1,
38053,115,115,0,1,
38054,123,123,0,1,
38055,116,116,0,1,
38056,119,119,0,1,
38057,121,121,0,1,
38058,125,125,0,1,
38059,118,118,0,1,
38060,106,106,0,1,
38061,110,110,0,1,
38062,107,107,0,1,
38063,119,119,0,1,
38064,133,133,0,1,
38065,112,112,0,1,
38066,117,117,0,1,
38067,117,117,0,1,
38068,121,121,0,1,
38069,113,113,0,1,
38070,112,112,0,1,
38071,110,110,0,1,
38072,121,121,0,1,
38073,113,113,0,1,
38074,120,120,0,1,
38075,122,122,0,1,
38076,118,118,0,1,
38077,116,116,0,1,
38078,110,110,0,1,
38079,110,110,0,1,
38080,114,114,0,1,
38081,112,112,0,1,
38082,124,124,0,1,
38083,115,115,0,1,
38084,118,118,0,1,
38085,106,106,0,1,
38086,122,122,0,1,
38087,120,120,0,1,
38088,122,122,0,1,
38089,105,105,0,1,
38090,116,116,0,1,
38091,108,108,0,1,
38092,128,128,0,1,
38093,129,129,0,1,
38094,122,122,0,1,
38095,107,107,0,1,
38096,123,123,0,1,
38097,115,115,0,1,
38098,107,107,0,1,
38099,122,122,0,1,
38100,110,110,0,1,
38101,106,106,0,1,
38102,111,111,0,1,
38103,116,116,0,1,
38104,110,110,0,1,
38105,118,118,0,1,
38106,111,111,0,1,
38107,127,127,0,1,
38108,110,110,0,1,
38109,121,121,0,1,
38110,110,110,0,1,
38111,121,121,0,1,
38112,111,111,0,1,
38113,113,113,0,1,
38114,119,119,0,1,
38115,112,112,0,1,
38116,115,115,0,1,
38117,111,111,0,1,
38118,116,116,0,1,
38119,109,109,0,1,
38120,116,116,0,1,
38121,111,111,0,1,
38122,111,111,0,1,
38123,122,122,0,1,
38124,104,104,0,1,
38125,113,113,0,1,
38126,123,123,0,1,
38127,114,114,0,1,
38128,117,117,0,1,
38129,111,111,0,1,
38130,107,107,0,1,
38131,124,124,0,1,
38132,115,115,0,1,
38133,111,111,0,1,
38134,111,111,0,1,
38135,114,114,0,1,
38136,109,109,0,1,
38137,114,114,0,1,
38138,114,114,0,1,
38139,104,104,0,1,
38140,114,114,0,1,
38141,103,103,0,1,
38142,116,116,0,1,
38143,102,102,0,1,
38144,111,111,0,1,
38145,113,113,0,1,
38146,105,105,0,1,
38147,102,102,0,1,
38148,107,107,0,1,
38149,111,111,0,1,
38150,117,117,0,1,
38151,122,122,0,1,
38152,116,116,0,1,
38153,121,121,0,1,
38154,118,118,0,1,
38155,128,128,0,1,
38156,114,114,0,1,
38157,113,113,0,1,
38158,114,114,0,1,
38159,113,113,0,1,
38160,112,112,0,1,
38161,119,119,0,1,
38162,109,109,0,1,
38163,127,127,0,1,
38164,117,117,0,1,
38165,118,118,0,1,
38166,121,121,0,1,
38167,119,119,0,1,
38168,101,101,0,1,
38169,110,110,0,1,
38170,107,107,0,1,
38171,115,115,0,1,
38172,115,115,0,1,
38173,121,121,0,1,
38174,113,113,0,1,
38175,104,104,0,1,
38176,122,122,0,1,
38177,115,115,0,1,
38178,106,106,0,1,
38179,113,113,0,1,
38180,109,109,0,1,
38181,106,106,0,1,
38182,123,123,0,1,
38183,125,125,0,1,
38184,119,119,0,1,
38185,123,123,0,1,
38186,115,115,0,1,
38187,110,110,0,1,
38188,113,113,0,1,
38189,110,110,0,1,
38190,110,110,0,1,
38191,115,115,0,1,
38192,117,117,0,1,
38193,107,107,0,1,
38194,113,113,0,1,
38195,121,121,0,1,
38196,122,122,0,1,
38197,119,119,0,1,
38198,111,111,0,1,
38199,119,119,0,1,
38200,119,119,0,1,
38201,122,122,0,1,
38202,133,133,0,1,
38203,119,119,0,1,
38204,117,117,0,1,
38205,105,105,0,1,
38206,105,105,0,1,
38207,112,112,0,1,
38208,102,102,0,1,
38209,111,111,0,1,
38210,116,116,0,1,
38211,107,107,0,1,
38212,104,104,0,1,
38213,121,121,0,1,
38214,107,107,0,1,
38215,107,107,0,1,
38216,117,117,0,1,
38217,116,116,0,1,
38218,114,114,0,1,
38219,114,114,0,1,
38220,113,113,0,1,
38221,116,116,0,1,
38222,109,109,0,1,
38223,119,119,0,1,
38224,115,115,0,1,
38225,124,124,0,1,
38226,112,112,0,1,
38227,122,122,0,1,
38228,118,118,0,1,
38229,116,116,0,1,
38230,116,116,0,1,
38231,111,111,0,1,
38232,118,118,0,1,
38233,105,105,0,1,
38234,113,113,0,1,
38235,107,107,0,1,
38236,123,123,0,1,
38237,123,123,0,1,
38238,118,118,0,1,
38239,115,115,0,1,
38240,105,105,0,1,
38241,117,117,0,1,
38242,113,113,0,1,
38243,103,103,0,1,
38244,120,120,0,1,
38245,112,112,0,1,
38246,109,109,0,1,
38247,121,121,0,1,
38248,122,122,0,1,
38249,110,110,0,1,
38250,116,116,0,1,
38251,118,118,0,1,
38252,119,119,0,1,
38253,116,116,0,1,
38254,107,107,0,1,
38255,121,121,0,1,
38256,118,118,0,1,
38257,115,115,0,1,
38258,112,112,0,1,
38259,114,114,0,1,
38260,105,105,0,1,
38261,104,104,0,1,
38262,128,128,0,1,
38263,119,119,0,1,
38264,122,122,0,1,
38265,118,118,0,1,
38266,120,120,0,1,
38267,127,127,0,1,
38268,109,109,0,1,
38269,107,107,0,1,
38270,114,114,0,1,
38271,121,121,0,1,
38272,114,114,0,1,
38273,113,113,0,1,
38274,128,128,0,1,
38275,118,118,0,1,
38276,117,117,0,1,
38277,112,112,0,1,
38278,127,127,0,1,
38279,119,119,0,1,
38280,129,129,0,1,
38281,118,118,0,1,
38282,116,116,0,1,
38283,124,124,0,1,
38284,121,121,0,1,
38285,112,112,0,1,
38286,124,124,0,1,
38287,107,107,0,1,
38288,124,124,0,1,
38289,122,122,0,1,
38290,107,107,0,1,
38291,112,112,0,1,
38292,114,114,0,1,
38293,112,112,0,1,
38294,117,117,0,1,
38295,117,117,0,1,
38296,112,112,0,1,
38297,125,125,0,1,
38298,112,112,0,1,
38299,118,118,0,1,
38300,109,109,0,1,
38301,117,117,0,1,
38302,108,108,0,1,
38303,115,115,0,1,
38304,114,114,0,1,
38305,109,109,0,1,
38306,112,112,0,1,
38307,111,111,0,1,
38308,118,118,0,1,
38309,105,105,0,1,
38310,117,117,0,1,
38311,123,123,0,1,
38312,117,117,0,1,
38313,113,113,0,1,
38314,119,119,0,1,
38315,110,110,0,1,
38316,113,113,0,1,
38317,116,116,0,1,
38318,119,119,0,1,
38319,118,118,0,1,
38320,111,111,0,1,
38321,110,110,0,1,
38322,117,117,0,1,
38323,120,120,0,1,
38324,121,121,0,1,
38325,127,127,0,1,
38326,110,110,0,1,
38327,120,120,0,1,
38328,112,112,0,1,
38329,135,135,0,1,
38330,111,111,0,1,
38331,113,113,0,1,
38332,119,119,0,1,
38333,110,110,0,1,
38334,118,118,0,1,
38335,122,122,0,1,
38336,122,122,0,1,
38337,108,108,0,1,
38338,115,115,0,1,
38339,110,110,0,1,
38340,112,112,0,1,
38341,118,118,0,1,
38342,121,121,0,1,
38343,107,107,0,1,
38344,120,120,0,1,
38345,114,114,0,1,
38346,115,115,0,1,
38347,122,122,0,1,
38348,108,108,0,1,
38349,119,119,0,1,
38350,120,120,0,1,
38351,126,126,0,1,
38352,115,115,0,1,
38353,121,121,0,1,
38354,114,114,0,1,
38355,105,105,0,1,
38356,118,118,0,1,
38357,125,125,0,1,
38358,131,131,0,1,
38359,108,108,0,1,
38360,107,107,0,1,
38361,125,125,0,1,
38362,117,117,0,1,
38363,109,109,0,1,
38364,108,108,0,1,
38365,116,116,0,1,
38366,106,106,0,1,
38367,127,127,0,1,
38368,112,112,0,1,
38369,106,106,0,1,
38370,114,114,0,1,
38371,120,120,0,1,
38372,121,121,0,1,
38373,122,122,0,1,
38374,124,124,0,1,
38375,116,116,0,1,
38376,107,107,0,1,
38377,108,108,0,1,
38378,109,109,0,1,
38379,112,112,0,1,
38380,107,107,0,1,
38381,113,113,0,1,
38382,123,123,0,1,
38383,127,127,0,1,
38384,112,112,0,1,
38385,116,116,0,1,
38386,119,119,0,1,
38387,111,111,0,1,
38388,117,117,0,1,
38389,110,110,0,1,
38390,108,108,0,1,
38391,108,108,0,1,
38392,120,120,0,1,
38393,113,113,0,1,
38394,112,112,0,1,
38395,111,111,0,1,
38396,111,111,0,1,
38397,118,118,0,1,
38398,120,120,0,1,
38399,119,119,0,1,
38400,124,124,0,1,
38401,112,112,0,1,
38402,101,101,0,1,
38403,110,110,0,1,
38404,118,118,0,1,
38405,117,117,0,1,
38406,120,120,0,1,
38407,114,114,0,1,
38408,121,121,0,1,
38409,109,109,0,1,
38410,120,120,0,1,
38411,114,114,0,1,
38412,113,113,0,1,
38413,114,114,0,1,
38414,108,108,0,1,
38415,112,112,0,1,
38416,126,126,0,1,
38417,123,123,0,1,
38418,112,112,0,1,
38419,121,121,0,1,
38420,117,117,0,1,
38421,122,122,0,1,
38422,113,113,0,1,
38423,118,118,0,1,
38424,105,105,0,1,
38425,112,112,0,1,
38426,114,114,0,1,
38427,115,115,0,1,
38428,115,115,0,1,
38429,114,114,0,1,
38430,110,110,0,1,
38431,118,118,0,1,
38432,118,118,0,1,
38433,124,124,0,1,
38434,108,108,0,1,
38435,115,115,0,1,
38436,120,120,0,1,
38437,122,122,0,1,
38438,114,114,0,1,
38439,104,104,0,1,
38440,107,107,0,1,
38441,113,113,0,1,
38442,114,114,0,1,
38443,114,114,0,1,
38444,124,124,0,1,
38445,111,111,0,1,
38446,112,112,0,1,
38447,112,112,0,1,
38448,103,103,0,1,
38449,121,121,0,1,
38450,108,108,0,1,
38451,112,112,0,1,
38452,119,119,0,1,
38453,117,117,0,1,
38454,108,108,0,1,
38455,107,107,0,1,
38456,104,104,0,1,
38457,116,116,0,1,
38458,109,109,0,1,
38459,102,102,0,1,
38460,107,107,0,1,
38461,111,111,0,1,
38462,126,126,0,1,
38463,126,126,0,1,
38464,116,116,0,1,
38465,102,102,0,1,
38466,109,109,0,1,
38467,129,129,0,1,
38468,121,121,0,1,
38469,114,114,0,1,
38470,112,112,0,1,
38471,120,120,0,1,
38472,107,107,0,1,
38473,109,109,0,1,
38474,115,115,0,1,
38475,109,109,0,1,
38476,114,114,0,1,
38477,108,108,0,1,
38478,110,110,0,1,
38479,110,110,0,1,
38480,110,110,0,1,
38481,118,118,0,1,
38482,120,120,0,1,
38483,115,115,0,1,
38484,122,122,0,1,
38485,108,108,0,1,
38486,119,119,0,1,
38487,114,114,0,1,
38488,111,111,0,1,
38489,103,103,0,1,
38490,122,122,0,1,
38491,119,119,0,1,
38492,122,122,0,1,
38493,116,116,0,1,
38494,117,117,0,1,
38495,118,118,0,1,
38496,116,116,0,1,
38497,126,126,0,1,
38498,108,108,0,1,
38499,115,115,0,1,
38500,122,122,0,1,
38501,118,118,0,1,
38502,115,115,0,1,
38503,121,121,0,1,
38504,117,117,0,1,
38505,118,118,0,1,
38506,120,120,0,1,
38507,116,116,0,1,
38508,107,107,0,1,
38509,119,119,0,1,
38510,116,116,0,1,
38511,120,120,0,1,
38512,111,111,0,1,
38513,120,120,0,1,
38514,121,121,0,1,
38515,111,111,0,1,
38516,115,115,0,1,
38517,109,109,0,1,
38518,116,116,0,1,
38519,120,120,0,1,
38520,117,117,0,1,
38521,109,109,0,1,
38522,122,122,0,1,
38523,114,114,0,1,
38524,123,123,0,1,
38525,115,115,0,1,
38526,113,113,0,1,
38527,113,113,0,1,
38528,112,112,0,1,
38529,120,120,0,1,
38530,119,119,0,1,
38531,118,118,0,1,
38532,112,112,0,1,
38533,115,115,0,1,
38534,110,110,0,1,
38535,106,106,0,1,
38536,113,113,0,1,
38537,119,119,0,1,
38538,107,107,0,1,
38539,117,117,0,1,
38540,118,118,0,1,
38541,112,112,0,1,
38542,123,123,0,1,
38543,126,126,0,1,
38544,117,117,0,1,
38545,124,124,0,1,
38546,112,112,0,1,
38547,121,121,0,1,
38548,113,113,0,1,
38549,121,121,0,1,
38550,116,116,0,1,
38551,114,114,0,1,
38552,120,120,0,1,
38553,109,109,0,1,
38554,112,112,0,1,
38555,109,109,0,1,
38556,115,115,0,1,
38557,119,119,0,1,
38558,120,120,0,1,
38559,125,125,0,1,
38560,102,102,0,1,
38561,109,109,0,1,
38562,116,116,0,1,
38563,107,107,0,1,
38564,110,110,0,1,
38565,126,126,0,1,
38566,109,109,0,1,
38567,108,108,0,1,
38568,109,109,0,1,
38569,114,114,0,1,
38570,117,117,0,1,
38571,115,115,0,1,
38572,110,110,0,1,
38573,107,107,0,1,
38574,107,107,0,1,
38575,113,113,0,1,
38576,123,123,0,1,
38577,122,122,0,1,
38578,115,115,0,1,
38579,122,122,0,1,
38580,111,111,0,1,
38581,116,116,0,1,
38582,128,128,0,1,
38583,114,114,0,1,
38584,110,110,0,1,
38585,116,116,0,1,
38586,115,115,0,1,
38587,121,121,0,1,
38588,120,120,0,1,
38589,113,113,0,1,
38590,121,121,0,1,
38591,107,107,0,1,
38592,124,124,0,1,
38593,115,115,0,1,
38594,122,122,0,1,
38595,127,127,0,1,
38596,112,112,0,1,
38597,110,110,0,1,
38598,109,109,0,1,
38599,108,108,0,1,
38600,114,114,0,1,
38601,118,118,0,1,
38602,109,109,0,1,
38603,115,115,0,1,
38604,117,117,0,1,
38605,114,114,0,1,
38606,118,118,0,1,
38607,115,115,0,1,
38608,120,120,0,1,
38609,124,124,0,1,
38610,119,119,0,1,
38611,113,113,0,1,
38612,122,122,0,1,
38613,107,107,0,1,
38614,127,127,0,1,
38615,112,112,0,1,
38616,117,117,0,1,
38617,121,121,0,1,
38618,119,119,0,1,
38619,115,115,0,1,
38620,120,120,0,1,
38621,123,123,0,1,
38622,112,112,0,1,
38623,118,118,0,1,
38624,104,104,0,1,
38625,125,125,0,1,
38626,118,118,0,1,
38627,111,111,0,1,
38628,133,133,0,1,
38629,121,121,0,1,
38630,114,114,0,1,
38631,122,122,0,1,
38632,112,112,0,1,
38633,120,120,0,1,
38634,113,113,0,1,
38635,107,107,0,1,
38636,110,110,0,1,
38637,112,112,0,1,
38638,115,115,0,1,
38639,122,122,0,1,
38640,116,116,0,1,
38641,106,106,0,1,
38642,118,118,0,1,
38643,122,122,0,1,
38644,109,109,0,1,
38645,121,121,0,1,
38646,109,109,0,1,
38647,106,106,0,1,
38648,125,125,0,1,
38649,125,125,0,1,
38650,110,110,0,1,
38651,111,111,0,1,
38652,118,118,0,1,
38653,123,123,0,1,
38654,117,117,0,1,
38655,108,108,0,1,
38656,110,110,0,1,
38657,118,118,0,1,
38658,121,121,0,1,
38659,123,123,0,1,
38660,124,124,0,1,
38661,118,118,0,1,
38662,113,113,0,1,
38663,113,113,0,1,
38664,113,113,0,1,
38665,113,113,0,1,
38666,115,115,0,1,
38667,118,118,0,1,
38668,113,113,0,1,
38669,108,108,0,1,
38670,120,120,0,1,
38671,132,132,0,1,
38672,103,103,0,1,
38673,115,115,0,1,
38674,121,121,0,1,
38675,116,116,0,1,
38676,118,118,0,1,
38677,117,117,0,1,
38678,122,122,0,1,
38679,113,113,0,1,
38680,116,116,0,1,
38681,124,124,0,1,
38682,117,117,0,1,
38683,126,126,0,1,
38684,108,108,0,1,
38685,110,110,0,1,
38686,118,118,0,1,
38687,109,109,0,1,
38688,115,115,0,1,
38689,121,121,0,1,
38690,106,106,0,1,
38691,109,109,0,1,
38692,109,109,0,1,
38693,104,104,0,1,
38694,114,114,0,1,
38695,118,118,0,1,
38696,117,117,0,1,
38697,107,107,0,1,
38698,119,119,0,1,
38699,123,123,0,1,
38700,108,108,0,1,
38701,111,111,0,1,
38702,111,111,0,1,
38703,118,118,0,1,
38704,125,125,0,1,
38705,110,110,0,1,
38706,120,120,0,1,
38707,109,109,0,1,
38708,127,127,0,1,
38709,108,108,0,1,
38710,113,113,0,1,
38711,115,115,0,1,
38712,119,119,0,1,
38713,108,108,0,1,
38714,125,125,0,1,
38715,107,107,0,1,
38716,113,113,0,1,
38717,111,111,0,1,
38718,109,109,0,1,
38719,113,113,0,1,
38720,121,121,0,1,
38721,120,120,0,1,
38722,114,114,0,1,
38723,119,119,0,1,
38724,119,119,0,1,
38725,103,103,0,1,
38726,104,104,0,1,
38727,117,117,0,1,
38728,109,109,0,1,
38729,108,108,0,1,
38730,117,117,0,1,
38731,118,118,0,1,
38732,117,117,0,1,
38733,116,116,0,1,
38734,118,118,0,1,
38735,137,137,0,1,
38736,118,118,0,1,
38737,111,111,0,1,
38738,105,105,0,1,
38739,107,107,0,1,
38740,116,116,0,1,
38741,114,114,0,1,
38742,112,112,0,1,
38743,110,110,0,1,
38744,118,118,0,1,
38745,114,114,0,1,
38746,113,113,0,1,
38747,109,109,0,1,
38748,115,115,0,1,
38749,127,127,0,1,
38750,117,117,0,1,
38751,110,110,0,1,
38752,114,114,0,1,
38753,102,102,0,1,
38754,107,107,0,1,
38755,109,109,0,1,
38756,116,116,0,1,
38757,119,119,0,1,
38758,121,121,0,1,
38759,123,123,0,1,
38760,107,107,0,1,
38761,116,116,0,1,
38762,110,110,0,1,
38763,117,117,0,1,
38764,111,111,0,1,
38765,120,120,0,1,
38766,111,111,0,1,
38767,117,117,0,1,
38768,123,123,0,1,
38769,118,118,0,1,
38770,120,120,0,1,
38771,107,107,0,1,
38772,111,111,0,1,
38773,119,119,0,1,
38774,119,119,0,1,
38775,116,116,0,1,
38776,112,112,0,1,
38777,121,121,0,1,
38778,118,118,0,1,
38779,114,114,0,1,
38780,111,111,0,1,
38781,106,106,0,1,
38782,126,126,0,1,
38783,121,121,0,1,
38784,121,121,0,1,
38785,113,113,0,1,
38786,114,114,0,1,
38787,113,113,0,1,
38788,126,126,0,1,
38789,111,111,0,1,
38790,108,108,0,1,
38791,122,122,0,1,
38792,120,120,0,1,
38793,105,105,0,1,
38794,117,117,0,1,
38795,122,122,0,1,
38796,108,108,0,1,
38797,110,110,0,1,
38798,105,105,0,1,
38799,127,127,0,1,
38800,113,113,0,1,
38801,119,119,0,1,
38802,115,115,0,1,
38803,118,118,0,1,
38804,121,121,0,1,
38805,120,120,0,1,
38806,115,115,0,1,
38807,106,106,0,1,
38808,114,114,0,1,
38809,118,118,0,1,
38810,122,122,0,1,
38811,114,114,0,1,
38812,109,109,0,1,
38813,124,124,0,1,
38814,113,113,0,1,
38815,108,108,0,1,
38816,105,105,0,1,
38817,117,117,0,1,
38818,106,106,0,1,
38819,117,117,0,1,
38820,104,104,0,1,
38821,105,105,0,1,
38822,110,110,0,1,
38823,113,113,0,1,
38824,114,114,0,1,
38825,124,124,0,1,
38826,119,119,0,1,
38827,123,123,0,1,
38828,110,110,0,1,
38829,111,111,0,1,
38830,107,107,0,1,
38831,110,110,0,1,
38832,125,125,0,1,
38833,119,119,0,1,
38834,116,116,0,1,
38835,110,110,0,1,
38836,123,123,0,1,
38837,103,103,0,1,
38838,113,113,0,1,
38839,115,115,0,1,
38840,121,121,0,1,
38841,106,106,0,1,
38842,119,119,0,1,
38843,118,118,0,1,
38844,117,117,0,1,
38845,108,108,0,1,
38846,108,108,0,1,
38847,109,109,0,1,
38848,119,119,0,1,
38849,116,116,0,1,
38850,111,111,0,1,
38851,111,111,0,1,
38852,109,109,0,1,
38853,108,108,0,1,
38854,115,115,0,1,
38855,116,116,0,1,
38856,127,127,0,1,
38857,108,108,0,1,
38858,125,125,0,1,
38859,113,113,0,1,
38860,119,119,0,1,
38861,124,124,0,1,
38862,114,114,0,1,
38863,112,112,0,1,
38864,106,106,0,1,
38865,113,113,0,1,
38866,120,120,0,1,
38867,118,118,0,1,
38868,130,130,0,1,
38869,117,117,0,1,
38870,130,130,0,1,
38871,111,111,0,1,
38872,118,118,0,1,
38873,126,126,0,1,
38874,113,113,0,1,
38875,116,116,0,1,
38876,110,110,0,1,
38877,118,118,0,1,
38878,114,114,0,1,
38879,132,132,0,1,
38880,119,119,0,1,
38881,116,116,0,1,
38882,106,106,0,1,
38883,114,114,0,1,
38884,116,116,0,1,
38885,120,120,0,1,
38886,118,118,0,1,
38887,109,109,0,1,
38888,111,111,0,1,
38889,115,115,0,1,
38890,104,104,0,1,
38891,126,126,0,1,
38892,109,109,0,1,
38893,114,114,0,1,
38894,124,124,0,1,
38895,119,119,0,1,
38896,114,114,0,1,
38897,106,106,0,1,
38898,124,124,0,1,
38899,108,108,0,1,
38900,113,113,0,1,
38901,124,124,0,1,
38902,117,117,0,1,
38903,112,112,0,1,
38904,121,121,0,1,
38905,127,127,0,1,
38906,115,115,0,1,
38907,126,126,0,1,
38908,117,117,0,1,
38909,107,107,0,1,
38910,110,110,0,1,
38911,109,109,0,1,
38912,114,114,0,1,
38913,109,109,0,1,
38914,116,116,0,1,
38915,112,112,0,1,
38916,124,124,0,1,
38917,112,112,0,1,
38918,114,114,0,1,
38919,104,104,0,1,
38920,107,107,0,1,
38921,110,110,0,1,
38922,111,111,0,1,
38923,109,109,0,1,
38924,108,108,0,1,
38925,111,111,0,1,
38926,116,116,0,1,
38927,127,127,0,1,
38928,106,106,0,1,
38929,123,123,0,1,
38930,104,104,0,1,
38931,105,105,0,1,
38932,110,110,0,1,
38933,113,113,0,1,
38934,110,110,0,1,
38935,114,114,0,1,
38936,106,106,0,1,
38937,111,111,0,1,
38938,119,119,0,1,
38939,110,110,0,1,
38940,106,106,0,1,
38941,117,117,0,1,
38942,121,121,0,1,
38943,121,121,0,1,
38944,112,112,0,1,
38945,116,116,0,1,
38946,115,115,0,1,
38947,119,119,0,1,
38948,119,119,0,1,
38949,108,108,0,1,
38950,115,115,0,1,
38951,110,110,0,1,
38952,116,116,0,1,
38953,119,119,0,1,
38954,110,110,0,1,
38955,119,119,0,1,
38956,113,113,0,1,
38957,113,113,0,1,
38958,119,119,0,1,
38959,123,123,0,1,
38960,118,118,0,1,
38961,116,116,0,1,
38962,115,115,0,1,
38963,115,115,0,1,
38964,109,109,0,1,
38965,111,111,0,1,
38966,116,116,0,1,
38967,113,113,0,1,
38968,110,110,0,1,
38969,117,117,0,1,
38970,118,118,0,1,
38971,121,121,0,1,
38972,105,105,0,1,
38973,112,112,0,1,
38974,118,118,0,1,
38975,120,120,0,1,
38976,112,112,0,1,
38977,114,114,0,1,
38978,121,121,0,1,
38979,122,122,0,1,
38980,119,119,0,1,
38981,119,119,0,1,
38982,120,120,0,1,
38983,122,122,0,1,
38984,122,122,0,1,
38985,116,116,0,1,
38986,106,106,0,1,
38987,112,112,0,1,
38988,109,109,0,1,
38989,110,110,0,1,
38990,121,121,0,1,
38991,114,114,0,1,
38992,110,110,0,1,
38993,112,112,0,1,
38994,112,112,0,1,
38995,115,115,0,1,
38996,120,120,0,1,
38997,119,119,0,1,
38998,108,108,0,1,
38999,115,115,0,1,
39000,119,119,0,1,
39001,126,126,0,1,
39002,113,113,0,1,
39003,110,110,0,1,
39004,108,108,0,1,
39005,125,125,0,1,
39006,113,113,0,1,
39007,112,112,0,1,
39008,113,113,0,1,
39009,108,108,0,1,
39010,124,124,0,1,
39011,110,110,0,1,
39012,125,125,0,1,
39013,112,112,0,1,
39014,121,121,0,1,
39015,108,108,0,1,
39016,109,109,0,1,
39017,116,116,0,1,
39018,114,114,0,1,
39019,118,118,0,1,
39020,123,123,0,1,
39021,123,123,0,1,
39022,115,115,0,1,
39023,112,112,0,1,
39024,119,119,0,1,
39025,112,112,0,1,
39026,121,121,0,1,
39027,118,118,0,1,
39028,108,108,0,1,
39029,111,111,0,1,
39030,110,110,0,1,
39031,117,117,0,1,
39032,125,125,0,1,
39033,117,117,0,1,
39034,123,123,0,1,
39035,120,120,0,1,
39036,119,119,0,1,
39037,115,115,0,1,
39038,122,122,0,1,
39039,114,114,0,1,
39040,119,119,0,1,
39041,114,114,0,1,
39042,115,115,0,1,
39043,105,105,0,1,
39044,128,128,0,1,
39045,107,107,0,1,
39046,121,121,0,1,
39047,111,111,0,1,
39048,118,118,0,1,
39049,110,110,0,1,
39050,120,120,0,1,
39051,111,111,0,1,
39052,114,114,0,1,
39053,105,105,0,1,
39054,111,111,0,1,
39055,118,118,0,1,
39056,118,118,0,1,
39057,116,116,0,1,
39058,108,108,0,1,
39059,123,123,0,1,
39060,120,120,0,1,
39061,122,122,0,1,
39062,116,116,0,1,
39063,118,118,0,1,
39064,114,114,0,1,
39065,112,112,0,1,
39066,120,120,0,1,
39067,107,107,0,1,
39068,115,115,0,1,
39069,115,115,0,1,
39070,113,113,0,1,
39071,109,109,0,1,
39072,121,121,0,1,
39073,107,107,0,1,
39074,111,111,0,1,
39075,121,121,0,1,
39076,114,114,0,1,
39077,112,112,0,1,
39078,113,113,0,1,
39079,113,113,0,1,
39080,113,113,0,1,
39081,125,125,0,1,
39082,133,133,0,1,
39083,119,119,0,1,
39084,129,129,0,1,
39085,104,104,0,1,
39086,115,115,0,1,
39087,117,117,0,1,
39088,119,119,0,1,
39089,106,106,0,1,
39090,128,128,0,1,
39091,101,101,0,1,
39092,108,108,0,1,
39093,116,116,0,1,
39094,113,113,0,1,
39095,111,111,0,1,
39096,109,109,0,1,
39097,115,115,0,1,
39098,120,120,0,1,
39099,113,113,0,1,
39100,123,123,0,1,
39101,118,118,0,1,
39102,123,123,0,1,
39103,109,109,0,1,
39104,111,111,0,1,
39105,113,113,0,1,
39106,119,119,0,1,
39107,128,128,0,1,
39108,115,115,0,1,
39109,118,118,0,1,
39110,111,111,0,1,
39111,110,110,0,1,
39112,119,119,0,1,
39113,105,105,0,1,
39114,118,118,0,1,
39115,108,108,0,1,
39116,106,106,0,1,
39117,114,114,0,1,
39118,112,112,0,1,
39119,123,123,0,1,
39120,124,124,0,1,
39121,117,117,0,1,
39122,120,120,0,1,
39123,110,110,0,1,
39124,108,108,0,1,
39125,110,110,0,1,
39126,108,108,0,1,
39127,116,116,0,1,
39128,108,108,0,1,
39129,112,112,0,1,
39130,110,110,0,1,
39131,112,112,0,1,
39132,111,111,0,1,
39133,113,113,0,1,
39134,104,104,0,1,
39135,114,114,0,1,
39136,113,113,0,1,
39137,119,119,0,1,
39138,111,111,0,1,
39139,103,103,0,1,
39140,118,118,0,1,
39141,113,113,0,1,
39142,128,128,0,1,
39143,108,108,0,1,
39144,109,109,0,1,
39145,126,126,0,1,
39146,115,115,0,1,
39147,113,113,0,1,
39148,108,108,0,1,
39149,108,108,0,1,
39150,111,111,0,1,
39151,121,121,0,1,
39152,121,121,0,1,
39153,130,130,0,1,
39154,110,110,0,1,
39155,114,114,0,1,
39156,111,111,0,1,
39157,109,109,0,1,
39158,128,128,0,1,
39159,103,103,0,1,
39160,122,122,0,1,
39161,112,112,0,1,
39162,119,119,0,1,
39163,120,120,0,1,
39164,120,120,0,1,
39165,107,107,0,1,
39166,113,113,0,1,
39167,119,119,0,1,
39168,121,121,0,1,
39169,110,110,0,1,
39170,108,108,0,1,
39171,116,116,0,1,
39172,120,120,0,1,
39173,109,109,0,1,
39174,116,116,0,1,
39175,123,123,0,1,
39176,117,117,0,1,
39177,109,109,0,1,
39178,112,112,0,1,
39179,113,113,0,1,
39180,110,110,0,1,
39181,106,106,0,1,
39182,110,110,0,1,
39183,111,111,0,1,
39184,119,119,0,1,
39185,120,120,0,1,
39186,113,113,0,1,
39187,112,112,0,1,
39188,114,114,0,1,
39189,125,125,0,1,
39190,113,113,0,1,
39191,115,115,0,1,
39192,118,118,0,1,
39193,113,113,0,1,
39194,115,115,0,1,
39195,112,112,0,1,
39196,116,116,0,1,
39197,113,113,0,1,
39198,114,114,0,1,
39199,118,118,0,1,
39200,114,114,0,1,
39201,125,125,0,1,
39202,124,124,0,1,
39203,106,106,0,1,
39204,105,105,0,1,
39205,111,111,0,1,
39206,119,119,0,1,
39207,119,119,0,1,
39208,114,114,0,1,
39209,112,112,0,1,
39210,118,118,0,1,
39211,116,116,0,1,
39212,112,112,0,1,
39213,107,107,0,1,
39214,116,116,0,1,
39215,123,123,0,1,
39216,116,116,0,1,
39217,128,128,0,1,
39218,119,119,0,1,
39219,128,128,0,1,
39220,118,118,0,1,
39221,116,116,0,1,
39222,114,114,0,1,
39223,128,128,0,1,
39224,111,111,0,1,
39225,116,116,0,1,
39226,114,114,0,1,
39227,116,116,0,1,
39228,118,118,0,1,
39229,116,116,0,1,
39230,115,115,0,1,
39231,106,106,0,1,
39232,116,116,0,1,
39233,104,104,0,1,
39234,122,122,0,1,
39235,120,120,0,1,
39236,116,116,0,1,
39237,116,116,0,1,
39238,106,106,0,1,
39239,117,117,0,1,
39240,110,110,0,1,
39241,130,130,0,1,
39242,121,121,0,1,
39243,111,111,0,1,
39244,122,122,0,1,
39245,120,120,0,1,
39246,115,115,0,1,
39247,117,117,0,1,
39248,112,112,0,1,
39249,109,109,0,1,
39250,108,108,0,1,
39251,111,111,0,1,
39252,125,125,0,1,
39253,117,117,0,1,
39254,118,118,0,1,
39255,112,112,0,1,
39256,106,106,0,1,
39257,107,107,0,1,
39258,116,116,0,1,
39259,107,107,0,1,
39260,113,113,0,1,
39261,127,127,0,1,
39262,125,125,0,1,
39263,110,110,0,1,
39264,111,111,0,1,
39265,115,115,0,1,
39266,129,129,0,1,
39267,125,125,0,1,
39268,108,108,0,1,
39269,106,106,0,1,
39270,128,128,0,1,
39271,108,108,0,1,
39272,118,118,0,1,
39273,106,106,0,1,
39274,128,128,0,1,
39275,105,105,0,1,
39276,111,111,0,1,
39277,114,114,0,1,
39278,121,121,0,1,
39279,113,113,0,1,
39280,113,113,0,1,
39281,125,125,0,1,
39282,109,109,0,1,
39283,119,119,0,1,
39284,107,107,0,1,
39285,122,122,0,1,
39286,112,112,0,1,
39287,123,123,0,1,
39288,119,119,0,1,
39289,127,127,0,1,
39290,123,123,0,1,
39291,110,110,0,1,
39292,121,121,0,1,
39293,107,107,0,1,
39294,124,124,0,1,
39295,107,107,0,1,
39296,107,107,0,1,
39297,114,114,0,1,
39298,117,117,0,1,
39299,113,113,0,1,
39300,114,114,0,1,
39301,115,115,0,1,
39302,114,114,0,1,
39303,127,127,0,1,
39304,118,118,0,1,
39305,128,128,0,1,
39306,111,111,0,1,
39307,113,113,0,1,
39308,124,124,0,1,
39309,119,119,0,1,
39310,122,122,0,1,
39311,116,116,0,1,
39312,119,119,0,1,
39313,109,109,0,1,
39314,118,118,0,1,
39315,117,117,0,1,
39316,121,121,0,1,
39317,112,112,0,1,
39318,121,121,0,1,
39319,123,123,0,1,
39320,117,117,0,1,
39321,112,112,0,1,
39322,122,122,0,1,
39323,109,109,0,1,
39324,120,120,0,1,
39325,122,122,0,1,
39326,107,107,0,1,
39327,118,118,0,1,
39328,121,121,0,1,
39329,118,118,0,1,
39330,122,122,0,1,
39331,105,105,0,1,
39332,108,108,0,1,
39333,128,128,0,1,
39334,104,104,0,1,
39335,125,125,0,1,
39336,107,107,0,1,
39337,118,118,0,1,
39338,117,117,0,1,
39339,120,120,0,1,
39340,114,114,0,1,
39341,122,122,0,1,
39342,111,111,0,1,
39343,114,114,0,1,
39344,113,113,0,1,
39345,120,120,0,1,
39346,115,115,0,1,
39347,109,109,0,1,
39348,108,108,0,1,
39349,119,119,0,1,
39350,117,117,0,1,
39351,112,112,0,1,
39352,107,107,0,1,
39353,110,110,0,1,
39354,119,119,0,1,
39355,124,124,0,1,
39356,117,117,0,1,
39357,120,120,0,1,
39358,104,104,0,1,
39359,118,118,0,1,
39360,118,118,0,1,
39361,116,116,0,1,
39362,109,109,0,1,
39363,108,108,0,1,
39364,122,122,0,1,
39365,115,115,0,1,
39366,111,111,0,1,
39367,111,111,0,1,
39368,116,116,0,1,
39369,110,110,0,1,
39370,119,119,0,1,
39371,115,115,0,1,
39372,107,107,0,1,
39373,114,114,0,1,
39374,122,122,0,1,
39375,117,117,0,1,
39376,115,115,0,1,
39377,117,117,0,1,
39378,103,103,0,1,
39379,112,112,0,1,
39380,111,111,0,1,
39381,108,108,0,1,
39382,114,114,0,1,
39383,116,116,0,1,
39384,116,116,0,1,
39385,125,125,0,1,
39386,113,113,0,1,
39387,113,113,0,1,
39388,108,108,0,1,
39389,113,113,0,1,
39390,123,123,0,1,
39391,110,110,0,1,
39392,119,119,0,1,
39393,132,132,0,1,
39394,121,121,0,1,
39395,108,108,0,1,
39396,109,109,0,1,
39397,119,119,0,1,
39398,124,124,0,1,
39399,118,118,0,1,
39400,109,109,0,1,
39401,121,121,0,1,
39402,112,112,0,1,
39403,114,114,0,1,
39404,109,109,0,1,
39405,121,121,0,1,
39406,104,104,0,1,
39407,109,109,0,1,
39408,123,123,0,1,
39409,110,110,0,1,
39410,116,116,0,1,
39411,115,115,0,1,
39412,119,119,0,1,
39413,111,111,0,1,
39414,117,117,0,1,
39415,114,114,0,1,
39416,113,113,0,1,
39417,114,114,0,1,
39418,119,119,0,1,
39419,115,115,0,1,
39420,115,115,0,1,
39421,106,106,0,1,
39422,112,112,0,1,
39423,128,128,0,1,
39424,109,109,0,1,
39425,116,116,0,1,
39426,105,105,0,1,
39427,112,112,0,1,
39428,117,117,0,1,
39429,117,117,0,1,
39430,118,118,0,1,
39431,128,128,0,1,
39432,117,117,0,1,
39433,107,107,0,1,
39434,110,110,0,1,
39435,108,108,0,1,
39436,114,114,0,1,
39437,109,109,0,1,
39438,127,127,0,1,
39439,112,112,0,1,
39440,122,122,0,1,
39441,106,106,0,1,
39442,106,106,0,1,
39443,111,111,0,1,
39444,119,119,0,1,
39445,112,112,0,1,
39446,124,124,0,1,
39447,111,111,0,1,
39448,110,110,0,1,
39449,114,114,0,1,
39450,112,112,0,1,
39451,109,109,0,1,
39452,127,127,0,1,
39453,120,120,0,1,
39454,117,117,0,1,
39455,118,118,0,1,
39456,107,107,0,1,
39457,106,106,0,1,
39458,128,128,0,1,
39459,117,117,0,1,
39460,122,122,0,1,
39461,116,116,0,1,
39462,115,115,0,1,
39463,121,121,0,1,
39464,120,120,0,1,
39465,114,114,0,1,
39466,124,124,0,1,
39467,117,117,0,1,
39468,110,110,0,1,
39469,114,114,0,1,
39470,108,108,0,1,
39471,108,108,0,1,
39472,124,124,0,1,
39473,115,115,0,1,
39474,121,121,0,1,
39475,104,104,0,1,
39476,120,120,0,1,
39477,112,112,0,1,
39478,108,108,0,1,
39479,109,109,0,1,
39480,120,120,0,1,
39481,110,110,0,1,
39482,115,115,0,1,
39483,117,117,0,1,
39484,112,112,0,1,
39485,117,117,0,1,
39486,108,108,0,1,
39487,108,108,0,1,
39488,121,121,0,1,
39489,117,117,0,1,
39490,114,114,0,1,
39491,125,125,0,1,
39492,111,111,0,1,
39493,109,109,0,1,
39494,101,101,0,1,
39495,123,123,0,1,
39496,114,114,0,1,
39497,124,124,0,1,
39498,110,110,0,1,
39499,106,106,0,1,
39500,120,120,0,1,
39501,119,119,0,1,
39502,126,126,0,1,
39503,113,113,0,1,
39504,108,108,0,1,
39505,106,106,0,1,
39506,113,113,0,1,
39507,113,113,0,1,
39508,109,109,0,1,
39509,113,113,0,1,
39510,114,114,0,1,
39511,108,108,0,1,
39512,123,123,0,1,
39513,111,111,0,1,
39514,126,126,0,1,
39515,123,123,0,1,
39516,110,110,0,1,
39517,118,118,0,1,
39518,117,117,0,1,
39519,109,109,0,1,
39520,112,112,0,1,
39521,122,122,0,1,
39522,111,111,0,1,
39523,112,112,0,1,
39524,115,115,0,1,
39525,105,105,0,1,
39526,120,120,0,1,
39527,111,111,0,1,
39528,115,115,0,1,
39529,118,118,0,1,
39530,121,121,0,1,
39531,117,117,0,1,
39532,121,121,0,1,
39533,121,121,0,1,
39534,119,119,0,1,
39535,108,108,0,1,
39536,116,116,0,1,
39537,123,123,0,1,
39538,111,111,0,1,
39539,109,109,0,1,
39540,114,114,0,1,
39541,110,110,0,1,
39542,120,120,0,1,
39543,106,106,0,1,
39544,117,117,0,1,
39545,115,115,0,1,
39546,124,124,0,1,
39547,113,113,0,1,
39548,121,121,0,1,
39549,108,108,0,1,
39550,106,106,0,1,
39551,111,111,0,1,
39552,104,104,0,1,
39553,106,106,0,1,
39554,115,115,0,1,
39555,107,107,0,1,
39556,107,107,0,1,
39557,113,113,0,1,
39558,107,107,0,1,
39559,116,116,0,1,
39560,111,111,0,1,
39561,114,114,0,1,
39562,131,131,0,1,
39563,112,112,0,1,
39564,109,109,0,1,
39565,107,107,0,1,
39566,129,129,0,1,
39567,119,119,0,1,
39568,111,111,0,1,
39569,111,111,0,1,
39570,107,107,0,1,
39571,118,118,0,1,
39572,122,122,0,1,
39573,109,109,0,1,
39574,111,111,0,1,
39575,109,109,0,1,
39576,111,111,0,1,
39577,114,114,0,1,
39578,113,113,0,1,
39579,116,116,0,1,
39580,113,113,0,1,
39581,118,118,0,1,
39582,113,113,0,1,
39583,123,123,0,1,
39584,116,116,0,1,
39585,102,102,0,1,
39586,114,114,0,1,
39587,120,120,0,1,
39588,110,110,0,1,
39589,109,109,0,1,
39590,110,110,0,1,
39591,113,113,0,1,
39592,110,110,0,1,
39593,114,114,0,1,
39594,122,122,0,1,
39595,117,117,0,1,
39596,108,108,0,1,
39597,113,113,0,1,
39598,116,116,0,1,
39599,125,125,0,1,
39600,106,106,0,1,
39601,114,114,0,1,
39602,116,116,0,1,
39603,108,108,0,1,
39604,118,118,0,1,
39605,122,122,0,1,
39606,111,111,0,1,
39607,113,113,0,1,
39608,112,112,0,1,
39609,117,117,0,1,
39610,111,111,0,1,
39611,117,117,0,1,
39612,121,121,0,1,
39613,111,111,0,1,
39614,113,113,0,1,
39615,111,111,0,1,
39616,114,114,0,1,
39617,118,118,0,1,
39618,125,125,0,1,
39619,113,113,0,1,
39620,122,122,0,1,
39621,116,116,0,1,
39622,106,106,0,1,
39623,120,120,0,1,
39624,110,110,0,1,
39625,114,114,0,1,
39626,110,110,0,1,
39627,110,110,0,1,
39628,126,126,0,1,
39629,108,108,0,1,
39630,110,110,0,1,
39631,111,111,0,1,
39632,125,125,0,1,
39633,119,119,0,1,
39634,122,122,0,1,
39635,111,111,0,1,
39636,123,123,0,1,
39637,121,121,0,1,
39638,113,113,0,1,
39639,113,113,0,1,
39640,125,125,0,1,
39641,110,110,0,1,
39642,119,119,0,1,
39643,119,119,0,1,
39644,120,120,0,1,
39645,108,108,0,1,
39646,119,119,0,1,
39647,118,118,0,1,
39648,112,112,0,1,
39649,116,116,0,1,
39650,110,110,0,1,
39651,119,119,0,1,
39652,105,105,0,1,
39653,111,111,0,1,
39654,106,106,0,1,
39655,106,106,0,1,
39656,120,120,0,1,
39657,113,113,0,1,
39658,110,110,0,1,
39659,114,114,0,1,
39660,111,111,0,1,
39661,110,110,0,1,
39662,113,113,0,1,
39663,124,124,0,1,
39664,117,117,0,1,
39665,119,119,0,1,
39666,108,108,0,1,
39667,120,120,0,1,
39668,107,107,0,1,
39669,112,112,0,1,
39670,116,116,0,1,
39671,116,116,0,1,
39672,102,102,0,1,
39673,121,121,0,1,
39674,110,110,0,1,
39675,114,114,0,1,
39676,115,115,0,1,
39677,115,115,0,1,
39678,116,116,0,1,
39679,121,121,0,1,
39680,111,111,0,1,
39681,119,119,0,1,
39682,117,117,0,1,
39683,124,124,0,1,
39684,115,115,0,1,
39685,107,107,0,1,
39686,121,121,0,1,
39687,111,111,0,1,
39688,121,121,0,1,
39689,124,124,0,1,
39690,107,107,0,1,
39691,125,125,0,1,
39692,124,124,0,1,
39693,118,118,0,1,
39694,126,126,0,1,
39695,120,120,0,1,
39696,124,124,0,1,
39697,117,117,0,1,
39698,108,108,0,1,
39699,110,110,0,1,
39700,112,112,0,1,
39701,114,114,0,1,
39702,110,110,0,1,
39703,128,128,0,1,
39704,111,111,0,1,
39705,117,117,0,1,
39706,111,111,0,1,
39707,114,114,0,1,
39708,125,125,0,1,
39709,111,111,0,1,
39710,119,119,0,1,
39711,108,108,0,1,
39712,111,111,0,1,
39713,112,112,0,1,
39714,119,119,0,1,
39715,111,111,0,1,
39716,107,107,0,1,
39717,110,110,0,1,
39718,121,121,0,1,
39719,116,116,0,1,
39720,120,120,0,1,
39721,115,115,0,1,
39722,118,118,0,1,
39723,127,127,0,1,
39724,117,117,0,1,
39725,113,113,0,1,
39726,119,119,0,1,
39727,122,122,0,1,
39728,122,122,0,1,
39729,113,113,0,1,
39730,110,110,0,1,
39731,125,125,0,1,
39732,117,117,0,1,
39733,124,124,0,1,
39734,120,120,0,1,
39735,111,111,0,1,
39736,127,127,0,1,
39737,124,124,0,1,
39738,110,110,0,1,
39739,118,118,0,1,
39740,113,113,0,1,
39741,115,115,0,1,
39742,120,120,0,1,
39743,118,118,0,1,
39744,109,109,0,1,
39745,114,114,0,1,
39746,118,118,0,1,
39747,112,112,0,1,
39748,117,117,0,1,
39749,111,111,0,1,
39750,130,130,0,1,
39751,119,119,0,1,
39752,120,120,0,1,
39753,107,107,0,1,
39754,106,106,0,1,
39755,120,120,0,1,
39756,110,110,0,1,
39757,108,108,0,1,
39758,112,112,0,1,
39759,121,121,0,1,
39760,125,125,0,1,
39761,117,117,0,1,
39762,124,124,0,1,
39763,110,110,0,1,
39764,109,109,0,1,
39765,110,110,0,1,
39766,109,109,0,1,
39767,102,102,0,1,
39768,111,111,0,1,
39769,123,123,0,1,
39770,110,110,0,1,
39771,124,124,0,1,
39772,116,116,0,1,
39773,122,122,0,1,
39774,112,112,0,1,
39775,112,112,0,1,
39776,114,114,0,1,
39777,120,120,0,1,
39778,108,108,0,1,
39779,122,122,0,1,
39780,117,117,0,1,
39781,121,121,0,1,
39782,122,122,0,1,
39783,104,104,0,1,
39784,115,115,0,1,
39785,110,110,0,1,
39786,119,119,0,1,
39787,126,126,0,1,
39788,110,110,0,1,
39789,107,107,0,1,
39790,112,112,0,1,
39791,126,126,0,1,
39792,106,106,0,1,
39793,119,119,0,1,
39794,113,113,0,1,
39795,122,122,0,1,
39796,111,111,0,1,
39797,118,118,0,1,
39798,115,115,0,1,
39799,109,109,0,1,
39800,116,116,0,1,
39801,112,112,0,1,
39802,113,113,0,1,
39803,114,114,0,1,
39804,118,118,0,1,
39805,118,118,0,1,
39806,114,114,0,1,
39807,118,118,0,1,
39808,113,113,0,1,
39809,129,129,0,1,
39810,122,122,0,1,
39811,119,119,0,1,
39812,117,117,0,1,
39813,112,112,0,1,
39814,125,125,0,1,
39815,117,117,0,1,
39816,119,119,0,1,
39817,113,113,0,1,
39818,114,114,0,1,
39819,124,124,0,1,
39820,129,129,0,1,
39821,108,108,0,1,
39822,119,119,0,1,
39823,114,114,0,1,
39824,108,108,0,1,
39825,115,115,0,1,
39826,121,121,0,1,
39827,124,124,0,1,
39828,117,117,0,1,
39829,112,112,0,1,
39830,111,111,0,1,
39831,114,114,0,1,
39832,111,111,0,1,
39833,121,121,0,1,
39834,106,106,0,1,
39835,126,126,0,1,
39836,116,116,0,1,
39837,109,109,0,1,
39838,107,107,0,1,
39839,120,120,0,1,
39840,112,112,0,1,
39841,113,113,0,1,
39842,113,113,0,1,
39843,114,114,0,1,
39844,101,101,0,1,
39845,109,109,0,1,
39846,111,111,0,1,
39847,120,120,0,1,
39848,125,125,0,1,
39849,110,110,0,1,
39850,123,123,0,1,
39851,122,122,0,1,
39852,117,117,0,1,
39853,105,105,0,1,
39854,105,105,0,1,
39855,109,109,0,1,
39856,112,112,0,1,
39857,116,116,0,1,
39858,112,112,0,1,
39859,111,111,0,1,
39860,118,118,0,1,
39861,110,110,0,1,
39862,112,112,0,1,
39863,104,104,0,1,
39864,106,106,0,1,
39865,108,108,0,1,
39866,116,116,0,1,
39867,119,119,0,1,
39868,116,116,0,1,
39869,114,114,0,1,
39870,104,104,0,1,
39871,124,124,0,1,
39872,105,105,0,1,
39873,108,108,0,1,
39874,116,116,0,1,
39875,105,105,0,1,
39876,119,119,0,1,
39877,119,119,0,1,
39878,105,105,0,1,
39879,112,112,0,1,
39880,120,120,0,1,
39881,123,123,0,1,
39882,115,115,0,1,
39883,112,112,0,1,
39884,111,111,0,1,
39885,117,117,0,1,
39886,117,117,0,1,
39887,123,123,0,1,
39888,107,107,0,1,
39889,114,114,0,1,
39890,109,109,0,1,
39891,115,115,0,1,
39892,114,114,0,1,
39893,117,117,0,1,
39894,125,125,0,1,
39895,108,108,0,1,
39896,124,124,0,1,
39897,106,106,0,1,
39898,121,121,0,1,
39899,114,114,0,1,
39900,112,112,0,1,
39901,112,112,0,1,
39902,122,122,0,1,
39903,118,118,0,1,
39904,108,108,0,1,
39905,109,109,0,1,
39906,123,123,0,1,
39907,109,109,0,1,
39908,120,120,0,1,
39909,115,115,0,1,
39910,110,110,0,1,
39911,123,123,0,1,
39912,111,111,0,1,
39913,113,113,0,1,
39914,119,119,0,1,
39915,110,110,0,1,
39916,122,122,0,1,
39917,115,115,0,1,
39918,107,107,0,1,
39919,120,120,0,1,
39920,114,114,0,1,
39921,118,118,0,1,
39922,111,111,0,1,
39923,120,120,0,1,
39924,119,119,0,1,
39925,115,115,0,1,
39926,111,111,0,1,
39927,120,120,0,1,
39928,114,114,0,1,
39929,123,123,0,1,
39930,105,105,0,1,
39931,121,121,0,1,
39932,114,114,0,1,
39933,121,121,0,1,
39934,109,109,0,1,
39935,119,119,0,1,
39936,117,117,0,1,
39937,108,108,0,1,
39938,125,125,0,1,
39939,110,110,0,1,
39940,120,120,0,1,
39941,123,123,0,1,
39942,118,118,0,1,
39943,113,113,0,1,
39944,111,111,0,1,
39945,109,109,0,1,
39946,120,120,0,1,
39947,110,110,0,1,
39948,120,120,0,1,
39949,110,110,0,1,
39950,116,116,0,1,
39951,105,105,0,1,
39952,111,111,0,1,
39953,131,131,0,1,
39954,122,122,0,1,
39955,106,106,0,1,
39956,127,127,0,1,
39957,115,115,0,1,
39958,107,107,0,1,
39959,112,112,0,1,
39960,114,114,0,1,
39961,107,107,0,1,
39962,132,132,0,1,
39963,120,120,0,1,
39964,112,112,0,1,
39965,104,104,0,1,
39966,121,121,0,1,
39967,113,113,0,1,
39968,115,115,0,1,
39969,120,120,0,1,
39970,108,108,0,1,
39971,116,116,0,1,
39972,112,112,0,1,
39973,108,108,0,1,
39974,129,129,0,1,
39975,114,114,0,1,
39976,114,114,0,1,
39977,117,117,0,1,
39978,122,122,0,1,
39979,107,107,0,1,
39980,116,116,0,1,
39981,127,127,0,1,
39982,123,123,0,1,
39983,126,126,0,1,
39984,109,109,0,1,
39985,112,112,0,1,
39986,112,112,0,1,
39987,109,109,0,1,
39988,113,113,0,1,
39989,122,122,0,1,
39990,121,121,0,1,
39991,125,125,0,1,
39992,125,125,0,1,
39993,107,107,0,1,
39994,114,114,0,1,
39995,122,122,0,1,
39996,124,124,0,1,
39997,124,124,0,1,
39998,115,115,0,1,
39999,112,112,0,1,
40000,109,109,0,1,
40001,116,116,0,1,
40002,117,117,0,1,
40003,108,108,0,1,
40004,111,111,0,1,
40005,116,116,0,1,
40006,114,114,0,1,
40007,104,104,0,1,
40008,122,122,0,1,
40009,106,106,0,1,
40010,106,106,0,1,
40011,123,123,0,1,
40012,111,111,0,1,
40013,120,120,0,1,
40014,122,122,0,1,
40015,113,113,0,1,
40016,116,116,0,1,
40017,124,124,0,1,
40018,116,116,0,1,
40019,118,118,0,1,
40020,120,120,0,1,
40021,117,117,0,1,
40022,116,116,0,1,
40023,115,115,0,1,
40024,113,113,0,1,
40025,116,116,0,1,
40026,128,128,0,1,
40027,121,121,0,1,
40028,108,108,0,1,
40029,110,110,0,1,
40030,123,123,0,1,
40031,112,112,0,1,
40032,115,115,0,1,
40033,112,112,0,1,
40034,115,115,0,1,
40035,114,114,0,1,
40036,106,106,0,1,
40037,113,113,0,1,
40038,118,118,0,1,
40039,118,118,0,1,
40040,117,117,0,1,
40041,120,120,0,1,
40042,114,114,0,1,
40043,114,114,0,1,
40044,104,104,0,1,
40045,118,118,0,1,
40046,121,121,0,1,
40047,113,113,0,1,
40048,121,121,0,1,
40049,112,112,0,1,
40050,115,115,0,1,
40051,116,116,0,1,
40052,119,119,0,1,
40053,110,110,0,1,
40054,115,115,0,1,
40055,110,110,0,1,
40056,117,117,0,1,
40057,109,109,0,1,
40058,116,116,0,1,
40059,114,114,0,1,
40060,112,112,0,1,
40061,121,121,0,1,
40062,111,111,0,1,
40063,117,117,0,1,
40064,118,118,0,1,
40065,117,117,0,1,
40066,113,113,0,1,
40067,113,113,0,1,
40068,113,113,0,1,
40069,118,118,0,1,
40070,105,105,0,1,
40071,115,115,0,1,
40072,117,117,0,1,
40073,111,111,0,1,
40074,130,130,0,1,
40075,110,110,0,1,
40076,114,114,0,1,
40077,116,116,0,1,
40078,109,109,0,1,
40079,120,120,0,1,
40080,113,113,0,1,
40081,103,103,0,1,
40082,111,111,0,1,
40083,120,120,0,1,
40084,116,116,0,1,
40085,113,113,0,1,
40086,118,118,0,1,
40087,108,108,0,1,
40088,125,125,0,1,
40089,118,118,0,1,
40090,124,124,0,1,
40091,118,118,0,1,
40092,119,119,0,1,
40093,121,121,0,1,
40094,123,123,0,1,
40095,120,120,0,1,
40096,111,111,0,1,
40097,117,117,0,1,
40098,106,106,0,1,
40099,115,115,0,1,
40100,129,129,0,1,
40101,110,110,0,1,
40102,114,114,0,1,
40103,124,124,0,1,
40104,110,110,0,1,
40105,111,111,0,1,
40106,116,116,0,1,
40107,114,114,0,1,
40108,115,115,0,1,
40109,119,119,0,1,
40110,112,112,0,1,
40111,108,108,0,1,
40112,117,117,0,1,
40113,104,104,0,1,
40114,109,109,0,1,
40115,115,115,0,1,
40116,128,128,0,1,
40117,130,130,0,1,
40118,115,115,0,1,
40119,112,112,0,1,
40120,120,120,0,1,
40121,119,119,0,1,
40122,110,110,0,1,
40123,106,106,0,1,
40124,107,107,0,1,
40125,116,116,0,1,
40126,117,117,0,1,
40127,112,112,0,1,
40128,114,114,0,1,
40129,121,121,0,1,
40130,117,117,0,1,
40131,112,112,0,1,
40132,110,110,0,1,
40133,114,114,0,1,
40134,112,112,0,1,
40135,130,130,0,1,
40136,126,126,0,1,
40137,115,115,0,1,
40138,112,112,0,1,
40139,108,108,0,1,
40140,108,108,0,1,
40141,107,107,0,1,
40142,115,115,0,1,
40143,112,112,0,1,
40144,121,121,0,1,
40145,122,122,0,1,
40146,125,125,0,1,
40147,108,108,0,1,
40148,114,114,0,1,
40149,103,103,0,1,
40150,103,103,0,1,
40151,108,108,0,1,
40152,117,117,0,1,
40153,118,118,0,1,
40154,123,123,0,1,
40155,114,114,0,1,
40156,130,130,0,1,
40157,114,114,0,1,
40158,114,114,0,1,
40159,114,114,0,1,
40160,105,105,0,1,
40161,109,109,0,1,
40162,124,124,0,1,
40163,111,111,0,1,
40164,121,121,0,1,
40165,109,109,0,1,
40166,106,106,0,1,
40167,117,117,0,1,
40168,122,122,0,1,
40169,120,120,0,1,
40170,104,104,0,1,
40171,114,114,0,1,
40172,122,122,0,1,
40173,114,114,0,1,
40174,107,107,0,1,
40175,112,112,0,1,
40176,113,113,0,1,
40177,126,126,0,1,
40178,103,103,0,1,
40179,110,110,0,1,
40180,116,116,0,1,
40181,113,113,0,1,
40182,113,113,0,1,
40183,115,115,0,1,
40184,106,106,0,1,
40185,116,116,0,1,
40186,119,119,0,1,
40187,127,127,0,1,
40188,126,126,0,1,
40189,118,118,0,1,
40190,106,106,0,1,
40191,116,116,0,1,
40192,108,108,0,1,
40193,118,118,0,1,
40194,112,112,0,1,
40195,110,110,0,1,
40196,116,116,0,1,
40197,118,118,0,1,
40198,112,112,0,1,
40199,106,106,0,1,
40200,118,118,0,1,
40201,110,110,0,1,
40202,119,119,0,1,
40203,110,110,0,1,
40204,108,108,0,1,
40205,121,121,0,1,
40206,124,124,0,1,
40207,114,114,0,1,
40208,128,128,0,1,
40209,116,116,0,1,
40210,112,112,0,1,
40211,113,113,0,1,
40212,111,111,0,1,
40213,117,117,0,1,
40214,105,105,0,1,
40215,117,117,0,1,
40216,112,112,0,1,
40217,122,122,0,1,
40218,106,106,0,1,
40219,123,123,0,1,
40220,106,106,0,1,
40221,104,104,0,1,
40222,103,103,0,1,
40223,120,120,0,1,
40224,108,108,0,1,
40225,116,116,0,1,
40226,116,116,0,1,
40227,116,116,0,1,
40228,124,124,0,1,
40229,111,111,0,1,
40230,108,108,0,1,
40231,117,117,0,1,
40232,119,119,0,1,
40233,113,113,0,1,
40234,115,115,0,1,
40235,120,120,0,1,
40236,116,116,0,1,
40237,112,112,0,1,
40238,117,117,0,1,
40239,107,107,0,1,
40240,117,117,0,1,
40241,115,115,0,1,
40242,120,120,0,1,
40243,125,125,0,1,
40244,115,115,0,1,
40245,121,121,0,1,
40246,118,118,0,1,
40247,118,118,0,1,
40248,116,116,0,1,
40249,115,115,0,1,
40250,111,111,0,1,
40251,110,110,0,1,
40252,104,104,0,1,
40253,118,118,0,1,
40254,123,123,0,1,
40255,109,109,0,1,
40256,122,122,0,1,
40257,118,118,0,1,
40258,110,110,0,1,
40259,114,114,0,1,
40260,123,123,0,1,
40261,125,125,0,1,
40262,111,111,0,1,
40263,108,108,0,1,
40264,120,120,0,1,
40265,116,116,0,1,
40266,119,119,0,1,
40267,120,120,0,1,
40268,116,116,0,1,
40269,125,125,0,1,
40270,117,117,0,1,
40271,119,119,0,1,
40272,113,113,0,1,
40273,126,126,0,1,
40274,118,118,0,1,
40275,123,123,0,1,
40276,127,127,0,1,
40277,102,102,0,1,
40278,114,114,0,1,
40279,113,113,0,1,
40280,104,104,0,1,
40281,104,104,0,1,
40282,116,116,0,1,
40283,110,110,0,1,
40284,118,118,0,1,
40285,115,115,0,1,
40286,122,122,0,1,
40287,118,118,0,1,
40288,105,105,0,1,
40289,117,117,0,1,
40290,104,104,0,1,
40291,123,123,0,1,
40292,116,116,0,1,
40293,121,121,0,1,
40294,116,116,0,1,
40295,113,113,0,1,
40296,124,124,0,1,
40297,110,110,0,1,
40298,120,120,0,1,
40299,113,113,0,1,
40300,127,127,0,1,
40301,117,117,0,1,
40302,122,122,0,1,
40303,120,120,0,1,
40304,102,102,0,1,
40305,110,110,0,1,
40306,115,115,0,1,
40307,111,111,0,1,
40308,109,109,0,1,
40309,124,124,0,1,
40310,119,119,0,1,
40311,119,119,0,1,
40312,126,126,0,1,
40313,123,123,0,1,
40314,120,120,0,1,
40315,131,131,0,1,
40316,108,108,0,1,
40317,109,109,0,1,
40318,106,106,0,1,
40319,122,122,0,1,
40320,117,117,0,1,
40321,109,109,0,1,
40322,106,106,0,1,
40323,112,112,0,1,
40324,124,124,0,1,
40325,123,123,0,1,
40326,120,120,0,1,
40327,108,108,0,1,
40328,121,121,0,1,
40329,112,112,0,1,
40330,125,125,0,1,
40331,107,107,0,1,
40332,118,118,0,1,
40333,129,129,0,1,
40334,113,113,0,1,
40335,124,124,0,1,
40336,120,120,0,1,
40337,108,108,0,1,
40338,123,123,0,1,
40339,113,113,0,1,
40340,110,110,0,1,
40341,120,120,0,1,
40342,113,113,0,1,
40343,114,114,0,1,
40344,117,117,0,1,
40345,108,108,0,1,
40346,113,113,0,1,
40347,118,118,0,1,
40348,118,118,0,1,
40349,121,121,0,1,
40350,126,126,0,1,
40351,108,108,0,1,
40352,117,117,0,1,
40353,119,119,0,1,
40354,103,103,0,1,
40355,111,111,0,1,
40356,120,120,0,1,
40357,109,109,0,1,
40358,121,121,0,1,
40359,129,129,0,1,
40360,110,110,0,1,
40361,117,117,0,1,
40362,116,116,0,1,
40363,121,121,0,1,
40364,115,115,0,1,
40365,104,104,0,1,
40366,115,115,0,1,
40367,122,122,0,1,
40368,114,114,0,1,
40369,115,115,0,1,
40370,126,126,0,1,
40371,112,112,0,1,
40372,123,123,0,1,
40373,120,120,0,1,
40374,117,117,0,1,
40375,106,106,0,1,
40376,118,118,0,1,
40377,122,122,0,1,
40378,114,114,0,1,
40379,107,107,0,1,
40380,110,110,0,1,
40381,126,126,0,1,
40382,127,127,0,1,
40383,119,119,0,1,
40384,113,113,0,1,
40385,118,118,0,1,
40386,119,119,0,1,
40387,112,112,0,1,
40388,116,116,0,1,
40389,119,119,0,1,
40390,110,110,0,1,
40391,116,116,0,1,
40392,102,102,0,1,
40393,120,120,0,1,
40394,116,116,0,1,
40395,118,118,0,1,
40396,124,124,0,1,
40397,123,123,0,1,
40398,113,113,0,1,
40399,110,110,0,1,
40400,123,123,0,1,
40401,109,109,0,1,
40402,102,102,0,1,
40403,124,124,0,1,
40404,113,113,0,1,
40405,124,124,0,1,
40406,126,126,0,1,
40407,123,123,0,1,
40408,118,118,0,1,
40409,114,114,0,1,
40410,117,117,0,1,
40411,117,117,0,1,
40412,122,122,0,1,
40413,120,120,0,1,
40414,118,118,0,1,
40415,111,111,0,1,
40416,114,114,0,1,
40417,116,116,0,1,
40418,109,109,0,1,
40419,114,114,0,1,
40420,108,108,0,1,
40421,118,118,0,1,
40422,121,121,0,1,
40423,124,124,0,1,
40424,113,113,0,1,
40425,110,110,0,1,
40426,110,110,0,1,
40427,120,120,0,1,
40428,114,114,0,1,
40429,112,112,0,1,
40430,117,117,0,1,
40431,111,111,0,1,
40432,111,111,0,1,
40433,112,112,0,1,
40434,127,127,0,1,
40435,117,117,0,1,
40436,114,114,0,1,
40437,117,117,0,1,
40438,128,128,0,1,
40439,116,116,0,1,
40440,119,119,0,1,
40441,111,111,0,1,
40442,103,103,0,1,
40443,121,121,0,1,
40444,111,111,0,1,
40445,105,105,0,1,
40446,114,114,0,1,
40447,109,109,0,1,
40448,122,122,0,1,
40449,111,111,0,1,
40450,112,112,0,1,
40451,119,119,0,1,
40452,122,122,0,1,
40453,122,122,0,1,
40454,122,122,0,1,
40455,110,110,0,1,
40456,119,119,0,1,
40457,121,121,0,1,
40458,123,123,0,1,
40459,112,112,0,1,
40460,115,115,0,1,
40461,130,130,0,1,
40462,105,105,0,1,
40463,128,128,0,1,
40464,120,120,0,1,
40465,126,126,0,1,
40466,120,120,0,1,
40467,116,116,0,1,
40468,111,111,0,1,
40469,119,119,0,1,
40470,118,118,0,1,
40471,103,103,0,1,
40472,124,124,0,1,
40473,121,121,0,1,
40474,116,116,0,1,
40475,118,118,0,1,
40476,112,112,0,1,
40477,109,109,0,1,
40478,118,118,0,1,
40479,113,113,0,1,
40480,120,120,0,1,
40481,121,121,0,1,
40482,116,116,0,1,
40483,122,122,0,1,
40484,109,109,0,1,
40485,111,111,0,1,
40486,112,112,0,1,
40487,120,120,0,1,
40488,119,119,0,1,
40489,116,116,0,1,
40490,121,121,0,1,
40491,107,107,0,1,
40492,112,112,0,1,
40493,120,120,0,1,
40494,118,118,0,1,
40495,124,124,0,1,
40496,105,105,0,1,
40497,115,115,0,1,
40498,112,112,0,1,
40499,109,109,0,1,
40500,121,121,0,1,
40501,115,115,0,1,
40502,104,104,0,1,
40503,120,120,0,1,
40504,126,126,0,1,
40505,119,119,0,1,
40506,105,105,0,1,
40507,125,125,0,1,
40508,116,116,0,1,
40509,114,114,0,1,
40510,118,118,0,1,
40511,115,115,0,1,
40512,115,115,0,1,
40513,119,119,0,1,
40514,116,116,0,1,
40515,113,113,0,1,
40516,131,131,0,1,
40517,103,103,0,1,
40518,118,118,0,1,
40519,110,110,0,1,
40520,108,108,0,1,
40521,123,123,0,1,
40522,107,107,0,1,
40523,110,110,0,1,
40524,115,115,0,1,
40525,122,122,0,1,
40526,108,108,0,1,
40527,117,117,0,1,
40528,127,127,0,1,
40529,109,109,0,1,
40530,117,117,0,1,
40531,121,121,0,1,
40532,105,105,0,1,
40533,123,123,0,1,
40534,130,130,0,1,
40535,109,109,0,1,
40536,129,129,0,1,
40537,114,114,0,1,
40538,121,121,0,1,
40539,106,106,0,1,
40540,123,123,0,1,
40541,114,114,0,1,
40542,116,116,0,1,
40543,117,117,0,1,
40544,113,113,0,1,
40545,111,111,0,1,
40546,128,128,0,1,
40547,124,124,0,1,
40548,111,111,0,1,
40549,124,124,0,1,
40550,113,113,0,1,
40551,115,115,0,1,
40552,116,116,0,1,
40553,120,120,0,1,
40554,126,126,0,1,
40555,106,106,0,1,
40556,129,129,0,1,
40557,124,124,0,1,
40558,125,125,0,1,
40559,111,111,0,1,
40560,120,120,0,1,
40561,122,122,0,1,
40562,118,118,0,1,
40563,108,108,0,1,
40564,110,110,0,1,
40565,112,112,0,1,
40566,113,113,0,1,
40567,117,117,0,1,
40568,113,113,0,1,
40569,113,113,0,1,
40570,109,109,0,1,
40571,119,119,0,1,
40572,115,115,0,1,
40573,114,114,0,1,
40574,116,116,0,1,
40575,114,114,0,1,
40576,130,130,0,1,
40577,106,106,0,1,
40578,110,110,0,1,
40579,114,114,0,1,
40580,126,126,0,1,
40581,109,109,0,1,
40582,112,112,0,1,
40583,107,107,0,1,
40584,127,127,0,1,
40585,103,103,0,1,
40586,118,118,0,1,
40587,114,114,0,1,
40588,118,118,0,1,
40589,123,123,0,1,
40590,119,119,0,1,
40591,110,110,0,1,
40592,110,110,0,1,
40593,107,107,0,1,
40594,119,119,0,1,
40595,115,115,0,1,
40596,113,113,0,1,
40597,104,104,0,1,
40598,125,125,0,1,
40599,129,129,0,1,
40600,124,124,0,1,
40601,113,113,0,1,
40602,111,111,0,1,
40603,115,115,0,1,
40604,119,119,0,1,
40605,126,126,0,1,
40606,113,113,0,1,
40607,103,103,0,1,
40608,115,115,0,1,
40609,105,105,0,1,
40610,109,109,0,1,
40611,114,114,0,1,
40612,125,125,0,1,
40613,111,111,0,1,
40614,109,109,0,1,
40615,105,105,0,1,
40616,116,116,0,1,
40617,122,122,0,1,
40618,120,120,0,1,
40619,114,114,0,1,
40620,111,111,0,1,
40621,119,119,0,1,
40622,123,123,0,1,
40623,117,117,0,1,
40624,124,124,0,1,
40625,113,113,0,1,
40626,115,115,0,1,
40627,133,133,0,1,
40628,107,107,0,1,
40629,118,118,0,1,
40630,113,113,0,1,
40631,107,107,0,1,
40632,120,120,0,1,
40633,112,112,0,1,
40634,118,118,0,1,
40635,114,114,0,1,
40636,108,108,0,1,
40637,112,112,0,1,
40638,118,118,0,1,
40639,108,108,0,1,
40640,121,121,0,1,
40641,111,111,0,1,
40642,123,123,0,1,
40643,115,115,0,1,
40644,124,124,0,1,
40645,103,103,0,1,
40646,119,119,0,1,
40647,122,122,0,1,
40648,128,128,0,1,
40649,114,114,0,1,
40650,113,113,0,1,
40651,109,109,0,1,
40652,117,117,0,1,
40653,117,117,0,1,
40654,129,129,0,1,
40655,122,122,0,1,
40656,111,111,0,1,
40657,112,112,0,1,
40658,116,116,0,1,
40659,106,106,0,1,
40660,118,118,0,1,
40661,119,119,0,1,
40662,124,124,0,1,
40663,111,111,0,1,
40664,116,116,0,1,
40665,117,117,0,1,
40666,112,112,0,1,
40667,117,117,0,1,
40668,118,118,0,1,
40669,119,119,0,1,
40670,122,122,0,1,
40671,107,107,0,1,
40672,119,119,0,1,
40673,116,116,0,1,
40674,119,119,0,1,
40675,110,110,0,1,
40676,117,117,0,1,
40677,120,120,0,1,
40678,121,121,0,1,
40679,132,132,0,1,
40680,119,119,0,1,
40681,127,127,0,1,
40682,122,122,0,1,
40683,111,111,0,1,
40684,112,112,0,1,
40685,125,125,0,1,
40686,109,109,0,1,
40687,117,117,0,1,
40688,115,115,0,1,
40689,120,120,0,1,
40690,116,116,0,1,
40691,119,119,0,1,
40692,113,113,0,1,
40693,112,112,0,1,
40694,122,122,0,1,
40695,114,114,0,1,
40696,123,123,0,1,
40697,114,114,0,1,
40698,122,122,0,1,
40699,119,119,0,1,
40700,123,123,0,1,
40701,118,118,0,1,
40702,120,120,0,1,
40703,109,109,0,1,
40704,116,116,0,1,
40705,121,121,0,1,
40706,121,121,0,1,
40707,116,116,0,1,
40708,114,114,0,1,
40709,117,117,0,1,
40710,105,105,0,1,
40711,128,128,0,1,
40712,114,114,0,1,
40713,115,115,0,1,
40714,113,113,0,1,
40715,110,110,0,1,
40716,106,106,0,1,
40717,114,114,0,1,
40718,112,112,0,1,
40719,113,113,0,1,
40720,109,109,0,1,
40721,111,111,0,1,
40722,110,110,0,1,
40723,108,108,0,1,
40724,116,116,0,1,
40725,110,110,0,1,
40726,129,129,0,1,
40727,114,114,0,1,
40728,125,125,0,1,
40729,106,106,0,1,
40730,107,107,0,1,
40731,117,117,0,1,
40732,109,109,0,1,
40733,107,107,0,1,
40734,115,115,0,1,
40735,112,112,0,1,
40736,111,111,0,1,
40737,124,124,0,1,
40738,110,110,0,1,
40739,109,109,0,1,
40740,110,110,0,1,
40741,119,119,0,1,
40742,124,124,0,1,
40743,127,127,0,1,
40744,101,101,0,1,
40745,126,126,0,1,
40746,117,117,0,1,
40747,105,105,0,1,
40748,113,113,0,1,
40749,112,112,0,1,
40750,115,115,0,1,
40751,125,125,0,1,
40752,111,111,0,1,
40753,116,116,0,1,
40754,117,117,0,1,
40755,116,116,0,1,
40756,109,109,0,1,
40757,126,126,0,1,
40758,123,123,0,1,
40759,112,112,0,1,
40760,117,117,0,1,
40761,117,117,0,1,
40762,111,111,0,1,
40763,107,107,0,1,
40764,116,116,0,1,
40765,111,111,0,1,
40766,119,119,0,1,
40767,117,117,0,1,
40768,111,111,0,1,
40769,103,103,0,1,
40770,113,113,0,1,
40771,118,118,0,1,
40772,102,102,0,1,
40773,108,108,0,1,
40774,115,115,0,1,
40775,124,124,0,1,
40776,120,120,0,1,
40777,118,118,0,1,
40778,118,118,0,1,
40779,122,122,0,1,
40780,118,118,0,1,
40781,109,109,0,1,
40782,120,120,0,1,
40783,115,115,0,1,
40784,113,113,0,1,
40785,122,122,0,1,
40786,110,110,0,1,
40787,107,107,0,1,
40788,113,113,0,1,
40789,117,117,0,1,
40790,114,114,0,1,
40791,122,122,0,1,
40792,111,111,0,1,
40793,130,130,0,1,
40794,126,126,0,1,
40795,122,122,0,1,
40796,116,116,0,1,
40797,112,112,0,1,
40798,115,115,0,1,
40799,117,117,0,1,
40800,120,120,0,1,
40801,110,110,0,1,
40802,105,105,0,1,
40803,127,127,0,1,
40804,114,114,0,1,
40805,119,119,0,1,
40806,113,113,0,1,
40807,122,122,0,1,
40808,116,116,0,1,
40809,110,110,0,1,
40810,123,123,0,1,
40811,122,122,0,1,
40812,125,125,0,1,
40813,110,110,0,1,
40814,116,116,0,1,
40815,117,117,0,1,
40816,105,105,0,1,
40817,122,122,0,1,
40818,120,120,0,1,
40819,116,116,0,1,
40820,111,111,0,1,
40821,116,116,0,1,
40822,115,115,0,1,
40823,123,123,0,1,
40824,115,115,0,1,
40825,102,102,0,1,
40826,115,115,0,1,
40827,107,107,0,1,
40828,125,125,0,1,
40829,111,111,0,1,
40830,116,116,0,1,
40831,107,107,0,1,
40832,122,122,0,1,
40833,116,116,0,1,
40834,118,118,0,1,
40835,107,107,0,1,
40836,116,116,0,1,
40837,105,105,0,1,
40838,109,109,0,1,
40839,117,117,0,1,
40840,106,106,0,1,
40841,112,112,0,1,
40842,113,113,0,1,
40843,115,115,0,1,
40844,119,119,0,1,
40845,112,112,0,1,
40846,122,122,0,1,
40847,107,107,0,1,
40848,122,122,0,1,
40849,104,104,0,1,
40850,112,112,0,1,
40851,113,113,0,1,
40852,104,104,0,1,
40853,110,110,0,1,
40854,116,116,0,1,
40855,127,127,0,1,
40856,113,113,0,1,
40857,116,116,0,1,
40858,129,129,0,1,
40859,107,107,0,1,
40860,124,124,0,1,
40861,127,127,0,1,
40862,119,119,0,1,
40863,109,109,0,1,
40864,118,118,0,1,
40865,120,120,0,1,
40866,110,110,0,1,
40867,105,105,0,1,
40868,118,118,0,1,
40869,109,109,0,1,
40870,114,114,0,1,
40871,114,114,0,1,
40872,111,111,0,1,
40873,112,112,0,1,
40874,123,123,0,1,
40875,111,111,0,1,
40876,100,100,0,1,
40877,116,116,0,1,
40878,119,119,0,1,
40879,118,118,0,1,
40880,120,120,0,1,
40881,115,115,0,1,
40882,112,112,0,1,
40883,127,127,0,1,
40884,108,108,0,1,
40885,125,125,0,1,
40886,108,108,0,1,
40887,107,107,0,1,
40888,110,110,0,1,
40889,116,116,0,1,
40890,108,108,0,1,
40891,107,107,0,1,
40892,119,119,0,1,
40893,114,114,0,1,
40894,106,106,0,1,
40895,120,120,0,1,
40896,112,112,0,1,
40897,126,126,0,1,
40898,116,116,0,1,
40899,127,127,0,1,
40900,118,118,0,1,
40901,117,117,0,1,
40902,114,114,0,1,
40903,117,117,0,1,
40904,109,109,0,1,
40905,122,122,0,1,
40906,114,114,0,1,
40907,111,111,0,1,
40908,114,114,0,1,
40909,114,114,0,1,
40910,112,112,0,1,
40911,108,108,0,1,
40912,115,115,0,1,
40913,103,103,0,1,
40914,107,107,0,1,
40915,108,108,0,1,
40916,115,115,0,1,
40917,109,109,0,1,
40918,119,119,0,1,
40919,119,119,0,1,
40920,117,117,0,1,
40921,107,107,0,1,
40922,111,111,0,1,
40923,116,116,0,1,
40924,124,124,0,1,
40925,117,117,0,1,
40926,112,112,0,1,
40927,106,106,0,1,
40928,110,110,0,1,
40929,114,114,0,1,
40930,112,112,0,1,
40931,114,114,0,1,
40932,107,107,0,1,
40933,120,120,0,1,
40934,116,116,0,1,
40935,123,123,0,1,
40936,121,121,0,1,
40937,116,116,0,1,
40938,123,123,0,1,
40939,112,112,0,1,
40940,115,115,0,1,
40941,115,115,0,1,
40942,121,121,0,1,
40943,116,116,0,1,
40944,117,117,0,1,
40945,110,110,0,1,
40946,125,125,0,1,
40947,109,109,0,1,
40948,118,118,0,1,
40949,115,115,0,1,
40950,125,125,0,1,
40951,112,112,0,1,
40952,127,127,0,1,
40953,118,118,0,1,
40954,109,109,0,1,
40955,110,110,0,1,
40956,123,123,0,1,
40957,116,116,0,1,
40958,125,125,0,1,
40959,130,130,0,1,
40960,119,119,0,1,
40961,108,108,0,1,
40962,115,115,0,1,
40963,105,105,0,1,
40964,107,107,0,1,
40965,122,122,0,1,
40966,114,114,0,1,
40967,107,107,0,1,
40968,117,117,0,1,
40969,110,110,0,1,
40970,118,118,0,1,
40971,121,121,0,1,
40972,113,113,0,1,
40973,104,104,0,1,
40974,108,108,0,1,
40975,117,117,0,1,
40976,124,124,0,1,
40977,115,115,0,1,
40978,114,114,0,1,
40979,110,110,0,1,
40980,129,129,0,1,
40981,117,117,0,1,
40982,114,114,0,1,
40983,115,115,0,1,
40984,123,123,0,1,
40985,107,107,0,1,
40986,111,111,0,1,
40987,113,113,0,1,
40988,120,120,0,1,
40989,117,117,0,1,
40990,108,108,0,1,
40991,125,125,0,1,
40992,113,113,0,1,
40993,108,108,0,1,
40994,114,114,0,1,
40995,117,117,0,1,
40996,116,116,0,1,
40997,110,110,0,1,
40998,116,116,0,1,
40999,113,113,0,1,
41000,121,121,0,1,
41001,117,117,0,1,
41002,114,114,0,1,
41003,118,118,0,1,
41004,115,115,0,1,
41005,112,112,0,1,
41006,115,115,0,1,
41007,124,124,0,1,
41008,126,126,0,1,
41009,109,109,0,1,
41010,115,115,0,1,
41011,111,111,0,1,
41012,128,128,0,1,
41013,115,115,0,1,
41014,128,128,0,1,
41015,109,109,0,1,
41016,112,112,0,1,
41017,115,115,0,1,
41018,112,112,0,1,
41019,116,116,0,1,
41020,108,108,0,1,
41021,112,112,0,1,
41022,123,123,0,1,
41023,117,117,0,1,
41024,113,113,0,1,
41025,120,120,0,1,
41026,120,120,0,1,
41027,120,120,0,1,
41028,115,115,0,1,
41029,114,114,0,1,
41030,118,118,0,1,
41031,124,124,0,1,
41032,119,119,0,1,
41033,119,119,0,1,
41034,109,109,0,1,
41035,106,106,0,1,
41036,113,113,0,1,
41037,124,124,0,1,
41038,113,113,0,1,
41039,122,122,0,1,
41040,130,130,0,1,
41041,114,114,0,1,
41042,122,122,0,1,
41043,112,112,0,1,
41044,110,110,0,1,
41045,118,118,0,1,
41046,125,125,0,1,
41047,122,122,0,1,
41048,104,104,0,1,
41049,124,124,0,1,
41050,113,113,0,1,
41051,115,115,0,1,
41052,109,109,0,1,
41053,108,108,0,1,
41054,125,125,0,1,
41055,117,117,0,1,
41056,125,125,0,1,
41057,115,115,0,1,
41058,122,122,0,1,
41059,124,124,0,1,
41060,106,106,0,1,
41061,121,121,0,1,
41062,109,109,0,1,
41063,112,112,0,1,
41064,119,119,0,1,
41065,127,127,0,1,
41066,113,113,0,1,
41067,115,115,0,1,
41068,112,112,0,1,
41069,130,130,0,1,
41070,120,120,0,1,
41071,124,124,0,1,
41072,116,116,0,1,
41073,125,125,0,1,
41074,112,112,0,1,
41075,116,116,0,1,
41076,110,110,0,1,
41077,106,106,0,1,
41078,108,108,0,1,
41079,111,111,0,1,
41080,109,109,0,1,
41081,116,116,0,1,
41082,105,105,0,1,
41083,115,115,0,1,
41084,113,113,0,1,
41085,118,118,0,1,
41086,126,126,0,1,
41087,109,109,0,1,
41088,122,122,0,1,
41089,120,120,0,1,
41090,115,115,0,1,
41091,111,111,0,1,
41092,110,110,0,1,
41093,122,122,0,1,
41094,102,102,0,1,
41095,107,107,0,1,
41096,123,123,0,1,
41097,109,109,0,1,
41098,112,112,0,1,
41099,114,114,0,1,
41100,118,118,0,1,
41101,118,118,0,1,
41102,118,118,0,1,
41103,113,113,0,1,
41104,116,116,0,1,
41105,114,114,0,1,
41106,107,107,0,1,
41107,116,116,0,1,
41108,123,123,0,1,
41109,111,111,0,1,
41110,116,116,0,1,
41111,122,122,0,1,
41112,116,116,0,1,
41113,113,113,0,1,
41114,115,115,0,1,
41115,126,126,0,1,
41116,112,112,0,1,
41117,120,120,0,1,
41118,112,112,0,1,
41119,106,106,0,1,
41120,129,129,0,1,
41121,104,104,0,1,
41122,110,110,0,1,
41123,112,112,0,1,
41124,127,127,0,1,
41125,116,116,0,1,
41126,122,122,0,1,
41127,115,115,0,1,
41128,116,116,0,1,
41129,121,121,0,1,
41130,112,112,0,1,
41131,111,111,0,1,
41132,119,119,0,1,
41133,112,112,0,1,
41134,113,113,0,1,
41135,114,114,0,1,
41136,126,126,0,1,
41137,119,119,0,1,
41138,108,108,0,1,
41139,123,123,0,1,
41140,125,125,0,1,
41141,119,119,0,1,
41142,111,111,0,1,
41143,106,106,0,1,
41144,116,116,0,1,
41145,105,105,0,1,
41146,107,107,0,1,
41147,107,107,0,1,
41148,114,114,0,1,
41149,110,110,0,1,
41150,108,108,0,1,
41151,120,120,0,1,
41152,116,116,0,1,
41153,120,120,0,1,
41154,115,115,0,1,
41155,109,109,0,1,
41156,119,119,0,1,
41157,108,108,0,1,
41158,119,119,0,1,
41159,122,122,0,1,
41160,115,115,0,1,
41161,119,119,0,1,
41162,107,107,0,1,
41163,110,110,0,1,
41164,124,124,0,1,
41165,124,124,0,1,
41166,133,133,0,1,
41167,128,128,0,1,
41168,117,117,0,1,
41169,110,110,0,1,
41170,107,107,0,1,
41171,125,125,0,1,
41172,112,112,0,1,
41173,112,112,0,1,
41174,111,111,0,1,
41175,120,120,0,1,
41176,115,115,0,1,
41177,109,109,0,1,
41178,112,112,0,1,
41179,122,122,0,1,
41180,111,111,0,1,
41181,121,121,0,1,
41182,122,122,0,1,
41183,121,121,0,1,
41184,125,125,0,1,
41185,104,104,0,1,
41186,128,128,0,1,
41187,114,114,0,1,
41188,125,125,0,1,
41189,121,121,0,1,
41190,118,118,0,1,
41191,105,105,0,1,
41192,128,128,0,1,
41193,123,123,0,1,
41194,116,116,0,1,
41195,113,113,0,1,
41196,115,115,0,1,
41197,117,117,0,1,
41198,118,118,0,1,
41199,111,111,0,1,
41200,115,115,0,1,
41201,116,116,0,1,
41202,121,121,0,1,
41203,113,113,0,1,
41204,108,108,0,1,
41205,112,112,0,1,
41206,115,115,0,1,
41207,112,112,0,1,
41208,112,112,0,1,
41209,120,120,0,1,
41210,114,114,0,1,
41211,116,116,0,1,
41212,111,111,0,1,
41213,106,106,0,1,
41214,111,111,0,1,
41215,112,112,0,1,
41216,123,123,0,1,
41217,104,104,0,1,
41218,111,111,0,1,
41219,109,109,0,1,
41220,119,119,0,1,
41221,110,110,0,1,
41222,123,123,0,1,
41223,121,121,0,1,
41224,118,118,0,1,
41225,121,121,0,1,
41226,111,111,0,1,
41227,110,110,0,1,
41228,113,113,0,1,
41229,107,107,0,1,
41230,111,111,0,1,
41231,124,124,0,1,
41232,117,117,0,1,
41233,115,115,0,1,
41234,114,114,0,1,
41235,123,123,0,1,
41236,107,107,0,1,
41237,106,106,0,1,
41238,118,118,0,1,
41239,119,119,0,1,
41240,118,118,0,1,
41241,108,108,0,1,
41242,110,110,0,1,
41243,123,123,0,1,
41244,128,128,0,1,
41245,114,114,0,1,
41246,114,114,0,1,
41247,114,114,0,1,
41248,114,114,0,1,
41249,104,104,0,1,
41250,118,118,0,1,
41251,118,118,0,1,
41252,108,108,0,1,
41253,112,112,0,1,
41254,116,116,0,1,
41255,109,109,0,1,
41256,127,127,0,1,
41257,121,121,0,1,
41258,101,101,0,1,
41259,107,107,0,1,
41260,114,114,0,1,
41261,122,122,0,1,
41262,109,109,0,1,
41263,122,122,0,1,
41264,122,122,0,1,
41265,124,124,0,1,
41266,131,131,0,1,
41267,128,128,0,1,
41268,115,115,0,1,
41269,119,119,0,1,
41270,112,112,0,1,
41271,106,106,0,1,
41272,107,107,0,1,
41273,117,117,0,1,
41274,111,111,0,1,
41275,111,111,0,1,
41276,118,118,0,1,
41277,119,119,0,1,
41278,112,112,0,1,
41279,124,124,0,1,
41280,108,108,0,1,
41281,112,112,0,1,
41282,114,114,0,1,
41283,110,110,0,1,
41284,121,121,0,1,
41285,121,121,0,1,
41286,123,123,0,1,
41287,116,116,0,1,
41288,123,123,0,1,
41289,118,118,0,1,
41290,115,115,0,1,
41291,105,105,0,1,
41292,127,127,0,1,
41293,113,113,0,1,
41294,114,114,0,1,
41295,108,108,0,1,
41296,111,111,0,1,
41297,117,117,0,1,
41298,111,111,0,1,
41299,105,105,0,1,
41300,111,111,0,1,
41301,117,117,0,1,
41302,105,105,0,1,
41303,109,109,0,1,
41304,114,114,0,1,
41305,111,111,0,1,
41306,109,109,0,1,
41307,110,110,0,1,
41308,115,115,0,1,
41309,120,120,0,1,
41310,122,122,0,1,
41311,125,125,0,1,
41312,110,110,0,1,
41313,116,116,0,1,
41314,115,115,0,1,
41315,123,123,0,1,
41316,119,119,0,1,
41317,101,101,0,1,
41318,114,114,0,1,
41319,115,115,0,1,
41320,107,107,0,1,
41321,118,118,0,1,
41322,118,118,0,1,
41323,111,111,0,1,
41324,114,114,0,1,
41325,117,117,0,1,
41326,111,111,0,1,
41327,119,119,0,1,
41328,118,118,0,1,
41329,109,109,0,1,
41330,109,109,0,1,
41331,114,114,0,1,
41332,121,121,0,1,
41333,116,116,0,1,
41334,111,111,0,1,
41335,110,110,0,1,
41336,108,108,0,1,
41337,116,116,0,1,
41338,112,112,0,1,
41339,116,116,0,1,
41340,123,123,0,1,
41341,123,123,0,1,
41342,110,110,0,1,
41343,127,127,0,1,
41344,107,107,0,1,
41345,122,122,0,1,
41346,117,117,0,1,
41347,121,121,0,1,
41348,111,111,0,1,
41349,108,108,0,1,
41350,108,108,0,1,
41351,112,112,0,1,
41352,113,113,0,1,
41353,124,124,0,1,
41354,109,109,0,1,
41355,121,121,0,1,
41356,115,115,0,1,
41357,120,120,0,1,
41358,113,113,0,1,
41359,121,121,0,1,
41360,114,114,0,1,
41361,117,117,0,1,
41362,109,109,0,1,
41363,114,114,0,1,
41364,113,113,0,1,
41365,120,120,0,1,
41366,106,106,0,1,
41367,112,112,0,1,
41368,121,121,0,1,
41369,109,109,0,1,
41370,108,108,0,1,
41371,112,112,0,1,
41372,124,124,0,1,
41373,111,111,0,1,
41374,114,114,0,1,
41375,133,133,0,1,
41376,117,117,0,1,
41377,112,112,0,1,
41378,110,110,0,1,
41379,115,115,0,1,
41380,119,119,0,1,
41381,115,115,0,1,
41382,116,116,0,1,
41383,112,112,0,1,
41384,113,113,0,1,
41385,119,119,0,1,
41386,108,108,0,1,
41387,120,120,0,1,
41388,110,110,0,1,
41389,115,115,0,1,
41390,122,122,0,1,
41391,109,109,0,1,
41392,120,120,0,1,
41393,127,127,0,1,
41394,112,112,0,1,
41395,117,117,0,1,
41396,117,117,0,1,
41397,109,109,0,1,
41398,104,104,0,1,
41399,116,116,0,1,
41400,122,122,0,1,
41401,111,111,0,1,
41402,109,109,0,1,
41403,123,123,0,1,
41404,125,125,0,1,
41405,128,128,0,1,
41406,106,106,0,1,
41407,122,122,0,1,
41408,113,113,0,1,
41409,113,113,0,1,
41410,106,106,0,1,
41411,114,114,0,1,
41412,125,125,0,1,
41413,114,114,0,1,
41414,105,105,0,1,
41415,122,122,0,1,
41416,111,111,0,1,
41417,126,126,0,1,
41418,115,115,0,1,
41419,117,117,0,1,
41420,115,115,0,1,
41421,112,112,0,1,
41422,109,109,0,1,
41423,126,126,0,1,
41424,127,127,0,1,
41425,111,111,0,1,
41426,119,119,0,1,
41427,114,114,0,1,
41428,127,127,0,1,
41429,114,114,0,1,
41430,115,115,0,1,
41431,118,118,0,1,
41432,110,110,0,1,
41433,112,112,0,1,
41434,120,120,0,1,
41435,111,111,0,1,
41436,114,114,0,1,
41437,122,122,0,1,
41438,115,115,0,1,
41439,111,111,0,1,
41440,116,116,0,1,
41441,129,129,0,1,
41442,114,114,0,1,
41443,121,121,0,1,
41444,112,112,0,1,
41445,108,108,0,1,
41446,119,119,0,1,
41447,111,111,0,1,
41448,116,116,0,1,
41449,113,113,0,1,
41450,107,107,0,1,
41451,118,118,0,1,
41452,121,121,0,1,
41453,118,118,0,1,
41454,105,105,0,1,
41455,117,117,0,1,
41456,121,121,0,1,
41457,122,122,0,1,
41458,110,110,0,1,
41459,109,109,0,1,
41460,112,112,0,1,
41461,117,117,0,1,
41462,117,117,0,1,
41463,115,115,0,1,
41464,128,128,0,1,
41465,114,114,0,1,
41466,121,121,0,1,
41467,123,123,0,1,
41468,111,111,0,1,
41469,116,116,0,1,
41470,117,117,0,1,
41471,114,114,0,1,
41472,119,119,0,1,
41473,102,102,0,1,
41474,116,116,0,1,
41475,109,109,0,1,
41476,110,110,0,1,
41477,108,108,0,1,
41478,112,112,0,1,
41479,119,119,0,1,
41480,109,109,0,1,
41481,110,110,0,1,
41482,110,110,0,1,
41483,111,111,0,1,
41484,119,119,0,1,
41485,118,118,0,1,
41486,110,110,0,1,
41487,121,121,0,1,
41488,114,114,0,1,
41489,115,115,0,1,
41490,117,117,0,1,
41491,112,112,0,1,
41492,124,124,0,1,
41493,118,118,0,1,
41494,119,119,0,1,
41495,115,115,0,1,
41496,113,113,0,1,
41497,102,102,0,1,
41498,119,119,0,1,
41499,113,113,0,1,
41500,115,115,0,1,
41501,112,112,0,1,
41502,108,108,0,1,
41503,108,108,0,1,
41504,118,118,0,1,
41505,104,104,0,1,
41506,107,107,0,1,
41507,116,116,0,1,
41508,110,110,0,1,
41509,118,118,0,1,
41510,127,127,0,1,
41511,117,117,0,1,
41512,106,106,0,1,
41513,125,125,0,1,
41514,123,123,0,1,
41515,122,122,0,1,
41516,122,122,0,1,
41517,110,110,0,1,
41518,110,110,0,1,
41519,115,115,0,1,
41520,120,120,0,1,
41521,118,118,0,1,
41522,114,114,0,1,
41523,124,124,0,1,
41524,124,124,0,1,
41525,108,108,0,1,
41526,121,121,0,1,
41527,108,108,0,1,
41528,116,116,0,1,
41529,126,126,0,1,
41530,111,111,0,1,
41531,116,116,0,1,
41532,119,119,0,1,
41533,110,110,0,1,
41534,108,108,0,1,
41535,105,105,0,1,
41536,108,108,0,1,
41537,119,119,0,1,
41538,114,114,0,1,
41539,113,113,0,1,
41540,106,106,0,1,
41541,111,111,0,1,
41542,107,107,0,1,
41543,115,115,0,1,
41544,117,117,0,1,
41545,128,128,0,1,
41546,114,114,0,1,
41547,126,126,0,1,
41548,114,114,0,1,
41549,122,122,0,1,
41550,123,123,0,1,
41551,110,110,0,1,
41552,112,112,0,1,
41553,122,122,0,1,
41554,115,115,0,1,
41555,122,122,0,1,
41556,114,114,0,1,
41557,123,123,0,1,
41558,120,120,0,1,
41559,105,105,0,1,
41560,111,111,0,1,
41561,108,108,0,1,
41562,119,119,0,1,
41563,113,113,0,1,
41564,123,123,0,1,
41565,121,121,0,1,
41566,115,115,0,1,
41567,107,107,0,1,
41568,108,108,0,1,
41569,114,114,0,1,
41570,111,111,0,1,
41571,119,119,0,1,
41572,113,113,0,1,
41573,126,126,0,1,
41574,118,118,0,1,
41575,128,128,0,1,
41576,117,117,0,1,
41577,118,118,0,1,
41578,117,117,0,1,
41579,123,123,0,1,
41580,122,122,0,1,
41581,121,121,0,1,
41582,110,110,0,1,
41583,116,116,0,1,
41584,115,115,0,1,
41585,118,118,0,1,
41586,119,119,0,1,
41587,118,118,0,1,
41588,107,107,0,1,
41589,110,110,0,1,
41590,121,121,0,1,
41591,120,120,0,1,
41592,115,115,0,1,
41593,118,118,0,1,
41594,107,107,0,1,
41595,110,110,0,1,
41596,109,109,0,1,
41597,105,105,0,1,
41598,121,121,0,1,
41599,113,113,0,1,
41600,124,124,0,1,
41601,119,119,0,1,
41602,112,112,0,1,
41603,121,121,0,1,
41604,118,118,0,1,
41605,113,113,0,1,
41606,114,114,0,1,
41607,120,120,0,1,
41608,114,114,0,1,
41609,108,108,0,1,
41610,121,121,0,1,
41611,120,120,0,1,
41612,103,103,0,1,
41613,107,107,0,1,
41614,104,104,0,1,
41615,111,111,0,1,
41616,109,109,0,1,
41617,115,115,0,1,
41618,129,129,0,1,
41619,116,116,0,1,
41620,113,113,0,1,
41621,114,114,0,1,
41622,114,114,0,1,
41623,115,115,0,1,
41624,102,102,0,1,
41625,107,107,0,1,
41626,121,121,0,1,
41627,108,108,0,1,
41628,128,128,0,1,
41629,106,106,0,1,
41630,110,110,0,1,
41631,113,113,0,1,
41632,108,108,0,1,
41633,110,110,0,1,
41634,108,108,0,1,
41635,105,105,0,1,
41636,120,120,0,1,
41637,106,106,0,1,
41638,117,117,0,1,
41639,115,115,0,1,
41640,119,119,0,1,
41641,105,105,0,1,
41642,126,126,0,1,
41643,109,109,0,1,
41644,126,126,0,1,
41645,110,110,0,1,
41646,127,127,0,1,
41647,106,106,0,1,
41648,119,119,0,1,
41649,114,114,0,1,
41650,118,118,0,1,
41651,122,122,0,1,
41652,120,120,0,1,
41653,114,114,0,1,
41654,122,122,0,1,
41655,119,119,0,1,
41656,115,115,0,1,
41657,108,108,0,1,
41658,120,120,0,1,
41659,119,119,0,1,
41660,114,114,0,1,
41661,117,117,0,1,
41662,120,120,0,1,
41663,112,112,0,1,
41664,107,107,0,1,
41665,123,123,0,1,
41666,111,111,0,1,
41667,110,110,0,1,
41668,124,124,0,1,
41669,113,113,0,1,
41670,122,122,0,1,
41671,127,127,0,1,
41672,120,120,0,1,
41673,108,108,0,1,
41674,115,115,0,1,
41675,114,114,0,1,
41676,114,114,0,1,
41677,121,121,0,1,
41678,121,121,0,1,
41679,119,119,0,1,
41680,117,117,0,1,
41681,105,105,0,1,
41682,108,108,0,1,
41683,113,113,0,1,
41684,111,111,0,1,
41685,110,110,0,1,
41686,117,117,0,1,
41687,125,125,0,1,
41688,112,112,0,1,
41689,124,124,0,1,
41690,109,109,0,1,
41691,111,111,0,1,
41692,116,116,0,1,
41693,113,113,0,1,
41694,114,114,0,1,
41695,106,106,0,1,
41696,116,116,0,1,
41697,120,120,0,1,
41698,118,118,0,1,
41699,109,109,0,1,
41700,112,112,0,1,
41701,114,114,0,1,
41702,115,115,0,1,
41703,107,107,0,1,
41704,119,119,0,1,
41705,113,113,0,1,
41706,115,115,0,1,
41707,115,115,0,1,
41708,110,110,0,1,
41709,124,124,0,1,
41710,125,125,0,1,
41711,124,124,0,1,
41712,117,117,0,1,
41713,102,102,0,1,
41714,122,122,0,1,
41715,116,116,0,1,
41716,126,126,0,1,
41717,106,106,0,1,
41718,121,121,0,1,
41719,114,114,0,1,
41720,116,116,0,1,
41721,119,119,0,1,
41722,112,112,0,1,
41723,121,121,0,1,
41724,114,114,0,1,
41725,125,125,0,1,
41726,125,125,0,1,
41727,107,107,0,1,
41728,121,121,0,1,
41729,123,123,0,1,
41730,114,114,0,1,
41731,124,124,0,1,
41732,113,113,0,1,
41733,126,126,0,1,
41734,115,115,0,1,
41735,103,103,0,1,
41736,119,119,0,1,
41737,113,113,0,1,
41738,108,108,0,1,
41739,112,112,0,1,
41740,114,114,0,1,
41741,118,118,0,1,
41742,114,114,0,1,
41743,105,105,0,1,
41744,108,108,0,1,
41745,111,111,0,1,
41746,127,127,0,1,
41747,115,115,0,1,
41748,121,121,0,1,
41749,113,113,0,1,
41750,108,108,0,1,
41751,123,123,0,1,
41752,112,112,0,1,
41753,116,116,0,1,
41754,110,110,0,1,
41755,112,112,0,1,
41756,121,121,0,1,
41757,104,104,0,1,
41758,121,121,0,1,
41759,106,106,0,1,
41760,108,108,0,1,
41761,101,101,0,1,
41762,108,108,0,1,
41763,112,112,0,1,
41764,113,113,0,1,
41765,124,124,0,1,
41766,110,110,0,1,
41767,106,106,0,1,
41768,116,116,0,1,
41769,108,108,0,1,
41770,120,120,0,1,
41771,119,119,0,1,
41772,131,131,0,1,
41773,128,128,0,1,
41774,114,114,0,1,
41775,114,114,0,1,
41776,126,126,0,1,
41777,105,105,0,1,
41778,122,122,0,1,
41779,120,120,0,1,
41780,116,116,0,1,
41781,120,120,0,1,
41782,123,123,0,1,
41783,114,114,0,1,
41784,119,119,0,1,
41785,108,108,0,1,
41786,119,119,0,1,
41787,111,111,0,1,
41788,123,123,0,1,
41789,108,108,0,1,
41790,119,119,0,1,
41791,115,115,0,1,
41792,103,103,0,1,
41793,119,119,0,1,
41794,111,111,0,1,
41795,112,112,0,1,
41796,111,111,0,1,
41797,117,117,0,1,
41798,123,123,0,1,
41799,126,126,0,1,
41800,103,103,0,1,
41801,121,121,0,1,
41802,107,107,0,1,
41803,114,114,0,1,
41804,120,120,0,1,
41805,110,110,0,1,
41806,117,117,0,1,
41807,119,119,0,1,
41808,125,125,0,1,
41809,122,122,0,1,
41810,121,121,0,1,
41811,111,111,0,1,
41812,116,116,0,1,
41813,118,118,0,1,
41814,107,107,0,1,
41815,121,121,0,1,
41816,119,119,0,1,
41817,113,113,0,1,
41818,106,106,0,1,
41819,105,105,0,1,
41820,97,97,0,1,
41821,133,133,0,1,
41822,113,113,0,1,
41823,126,126,0,1,
41824,111,111,0,1,
41825,109,109,0,1,
41826,112,112,0,1,
41827,118,118,0,1,
41828,110,110,0,1,
41829,119,119,0,1,
41830,108,108,0,1,
41831,114,114,0,1,
41832,117,117,0,1,
41833,112,112,0,1,
41834,111,111,0,1,
41835,111,111,0,1,
41836,111,111,0,1,
41837,117,117,0,1,
41838,115,115,0,1,
41839,116,116,0,1,
41840,120,120,0,1,
41841,115,115,0,1,
41842,122,122,0,1,
41843,109,109,0,1,
41844,120,120,0,1,
41845,116,116,0,1,
41846,108,108,0,1,
41847,110,110,0,1,
41848,119,119,0,1,
41849,121,121,0,1,
41850,107,107,0,1,
41851,116,116,0,1,
41852,119,119,0,1,
41853,108,108,0,1,
41854,105,105,0,1,
41855,101,101,0,1,
41856,113,113,0,1,
41857,106,106,0,1,
41858,111,111,0,1,
41859,121,121,0,1,
41860,118,118,0,1,
41861,111,111,0,1,
41862,123,123,0,1,
41863,125,125,0,1,
41864,125,125,0,1,
41865,109,109,0,1,
41866,123,123,0,1,
41867,118,118,0,1,
41868,110,110,0,1,
41869,117,117,0,1,
41870,119,119,0,1,
41871,112,112,0,1,
41872,103,103,0,1,
41873,111,111,0,1,
41874,122,122,0,1,
41875,109,109,0,1,
41876,117,117,0,1,
41877,106,106,0,1,
41878,109,109,0,1,
41879,114,114,0,1,
41880,117,117,0,1,
41881,138,138,0,1,
41882,108,108,0,1,
41883,112,112,0,1,
41884,112,112,0,1,
41885,121,121,0,1,
41886,105,105,0,1,
41887,114,114,0,1,
41888,112,112,0,1,
41889,124,124,0,1,
41890,119,119,0,1,
41891,115,115,0,1,
41892,111,111,0,1,
41893,107,107,0,1,
41894,108,108,0,1,
41895,110,110,0,1,
41896,125,125,0,1,
41897,111,111,0,1,
41898,111,111,0,1,
41899,104,104,0,1,
41900,117,117,0,1,
41901,122,122,0,1,
41902,117,117,0,1,
41903,117,117,0,1,
41904,128,128,0,1,
41905,109,109,0,1,
41906,124,124,0,1,
41907,111,111,0,1,
41908,113,113,0,1,
41909,114,114,0,1,
41910,114,114,0,1,
41911,117,117,0,1,
41912,122,122,0,1,
41913,113,113,0,1,
41914,117,117,0,1,
41915,123,123,0,1,
41916,117,117,0,1,
41917,107,107,0,1,
41918,126,126,0,1,
41919,113,113,0,1,
41920,119,119,0,1,
41921,122,122,0,1,
41922,121,121,0,1,
41923,117,117,0,1,
41924,129,129,0,1,
41925,107,107,0,1,
41926,113,113,0,1,
41927,115,115,0,1,
41928,118,118,0,1,
41929,111,111,0,1,
41930,111,111,0,1,
41931,116,116,0,1,
41932,116,116,0,1,
41933,125,125,0,1,
41934,124,124,0,1,
41935,112,112,0,1,
41936,118,118,0,1,
41937,112,112,0,1,
41938,106,106,0,1,
41939,118,118,0,1,
41940,128,128,0,1,
41941,115,115,0,1,
41942,114,114,0,1,
41943,119,119,0,1,
41944,125,125,0,1,
41945,112,112,0,1,
41946,110,110,0,1,
41947,114,114,0,1,
41948,109,109,0,1,
41949,110,110,0,1,
41950,114,114,0,1,
41951,113,113,0,1,
41952,110,110,0,1,
41953,111,111,0,1,
41954,106,106,0,1,
41955,114,114,0,1,
41956,107,107,0,1,
41957,120,120,0,1,
41958,128,128,0,1,
41959,116,116,0,1,
41960,124,124,0,1,
41961,105,105,0,1,
41962,116,116,0,1,
41963,112,112,0,1,
41964,121,121,0,1,
41965,113,113,0,1,
41966,124,124,0,1,
41967,107,107,0,1,
41968,112,112,0,1,
41969,107,107,0,1,
41970,121,121,0,1,
41971,110,110,0,1,
41972,109,109,0,1,
41973,114,114,0,1,
41974,118,118,0,1,
41975,121,121,0,1,
41976,116,116,0,1,
41977,117,117,0,1,
41978,117,117,0,1,
41979,118,118,0,1,
41980,123,123,0,1,
41981,127,127,0,1,
41982,119,119,0,1,
41983,112,112,0,1,
41984,103,103,0,1,
41985,116,116,0,1,
41986,113,113,0,1,
41987,120,120,0,1,
41988,121,121,0,1,
41989,111,111,0,1,
41990,125,125,0,1,
41991,115,115,0,1,
41992,131,131,0,1,
41993,113,113,0,1,
41994,125,125,0,1,
41995,115,115,0,1,
41996,114,114,0,1,
41997,114,114,0,1,
41998,118,118,0,1,
41999,111,111,0,1,
42000,118,118,0,1,
42001,111,111,0,1,
42002,117,117,0,1,
42003,113,113,0,1,
42004,104,104,0,1,
42005,118,118,0,1,
42006,107,107,0,1,
42007,115,115,0,1,
42008,128,128,0,1,
42009,110,110,0,1,
42010,117,117,0,1,
42011,129,129,0,1,
42012,112,112,0,1,
42013,120,120,0,1,
42014,118,118,0,1,
42015,113,113,0,1,
42016,111,111,0,1,
42017,109,109,0,1,
42018,115,115,0,1,
42019,108,108,0,1,
42020,108,108,0,1,
42021,115,115,0,1,
42022,126,126,0,1,
42023,107,107,0,1,
42024,110,110,0,1,
42025,108,108,0,1,
42026,117,117,0,1,
42027,131,131,0,1,
42028,115,115,0,1,
42029,113,113,0,1,
42030,114,114,0,1,
42031,124,124,0,1,
42032,124,124,0,1,
42033,109,109,0,1,
42034,121,121,0,1,
42035,122,122,0,1,
42036,121,121,0,1,
42037,120,120,0,1,
42038,108,108,0,1,
42039,116,116,0,1,
42040,115,115,0,1,
42041,115,115,0,1,
42042,107,107,0,1,
42043,110,110,0,1,
42044,117,117,0,1,
42045,113,113,0,1,
42046,113,113,0,1,
42047,130,130,0,1,
42048,111,111,0,1,
42049,123,123,0,1,
42050,108,108,0,1,
42051,108,108,0,1,
42052,119,119,0,1,
42053,122,122,0,1,
42054,111,111,0,1,
42055,117,117,0,1,
42056,115,115,0,1,
42057,111,111,0,1,
42058,113,113,0,1,
42059,112,112,0,1,
42060,112,112,0,1,
42061,116,116,0,1,
42062,113,113,0,1,
42063,115,115,0,1,
42064,122,122,0,1,
42065,112,112,0,1,
42066,117,117,0,1,
42067,112,112,0,1,
42068,104,104,0,1,
42069,114,114,0,1,
42070,117,117,0,1,
42071,115,115,0,1,
42072,120,120,0,1,
42073,130,130,0,1,
42074,126,126,0,1,
42075,115,115,0,1,
42076,113,113,0,1,
42077,106,106,0,1,
42078,112,112,0,1,
42079,122,122,0,1,
42080,119,119,0,1,
42081,114,114,0,1,
42082,120,120,0,1,
42083,118,118,0,1,
42084,106,106,0,1,
42085,109,109,0,1,
42086,119,119,0,1,
42087,116,116,0,1,
42088,110,110,0,1,
42089,112,112,0,1,
42090,115,115,0,1,
42091,121,121,0,1,
42092,103,103,0,1,
42093,118,118,0,1,
42094,112,112,0,1,
42095,119,119,0,1,
42096,116,116,0,1,
42097,120,120,0,1,
42098,120,120,0,1,
42099,111,111,0,1,
42100,119,119,0,1,
42101,110,110,0,1,
42102,113,113,0,1,
42103,120,120,0,1,
42104,122,122,0,1,
42105,113,113,0,1,
42106,110,110,0,1,
42107,123,123,0,1,
42108,113,113,0,1,
42109,104,104,0,1,
42110,121,121,0,1,
42111,118,118,0,1,
42112,115,115,0,1,
42113,121,121,0,1,
42114,115,115,0,1,
42115,118,118,0,1,
42116,129,129,0,1,
42117,112,112,0,1,
42118,109,109,0,1,
42119,123,123,0,1,
42120,105,105,0,1,
42121,110,110,0,1,
42122,106,106,0,1,
42123,115,115,0,1,
42124,127,127,0,1,
42125,106,106,0,1,
42126,115,115,0,1,
42127,111,111,0,1,
42128,121,121,0,1,
42129,115,115,0,1,
42130,124,124,0,1,
42131,119,119,0,1,
42132,118,118,0,1,
42133,116,116,0,1,
42134,128,128,0,1,
42135,118,118,0,1,
42136,132,132,0,1,
42137,118,118,0,1,
42138,120,120,0,1,
42139,115,115,0,1,
42140,121,121,0,1,
42141,114,114,0,1,
42142,112,112,0,1,
42143,118,118,0,1,
42144,124,124,0,1,
42145,111,111,0,1,
42146,118,118,0,1,
42147,118,118,0,1,
42148,107,107,0,1,
42149,128,128,0,1,
42150,116,116,0,1,
42151,116,116,0,1,
42152,125,125,0,1,
42153,111,111,0,1,
42154,117,117,0,1,
42155,119,119,0,1,
42156,116,116,0,1,
42157,112,112,0,1,
42158,130,130,0,1,
42159,110,110,0,1,
42160,112,112,0,1,
42161,121,121,0,1,
42162,125,125,0,1,
42163,107,107,0,1,
42164,114,114,0,1,
42165,109,109,0,1,
42166,120,120,0,1,
42167,120,120,0,1,
42168,103,103,0,1,
42169,120,120,0,1,
42170,112,112,0,1,
42171,119,119,0,1,
42172,116,116,0,1,
42173,114,114,0,1,
42174,118,118,0,1,
42175,106,106,0,1,
42176,128,128,0,1,
42177,120,120,0,1,
42178,121,121,0,1,
42179,120,120,0,1,
42180,125,125,0,1,
42181,112,112,0,1,
42182,115,115,0,1,
42183,106,106,0,1,
42184,110,110,0,1,
42185,110,110,0,1,
42186,112,112,0,1,
42187,117,117,0,1,
42188,122,122,0,1,
42189,110,110,0,1,
42190,113,113,0,1,
42191,127,127,0,1,
42192,114,114,0,1,
42193,105,105,0,1,
42194,113,113,0,1,
42195,110,110,0,1,
42196,115,115,0,1,
42197,123,123,0,1,
42198,123,123,0,1,
42199,125,125,0,1,
42200,120,120,0,1,
42201,112,112,0,1,
42202,119,119,0,1,
42203,126,126,0,1,
42204,122,122,0,1,
42205,110,110,0,1,
42206,118,118,0,1,
42207,113,113,0,1,
42208,113,113,0,1,
42209,120,120,0,1,
42210,121,121,0,1,
42211,116,116,0,1,
42212,111,111,0,1,
42213,109,109,0,1,
42214,110,110,0,1,
42215,120,120,0,1,
42216,105,105,0,1,
42217,119,119,0,1,
42218,120,120,0,1,
42219,110,110,0,1,
42220,107,107,0,1,
42221,111,111,0,1,
42222,106,106,0,1,
42223,133,133,0,1,
42224,125,125,0,1,
42225,116,116,0,1,
42226,118,118,0,1,
42227,115,115,0,1,
42228,106,106,0,1,
42229,121,121,0,1,
42230,115,115,0,1,
42231,115,115,0,1,
42232,124,124,0,1,
42233,118,118,0,1,
42234,118,118,0,1,
42235,104,104,0,1,
42236,108,108,0,1,
42237,128,128,0,1,
42238,110,110,0,1,
42239,121,121,0,1,
42240,104,104,0,1,
42241,122,122,0,1,
42242,112,112,0,1,
42243,110,110,0,1,
42244,116,116,0,1,
42245,120,120,0,1,
42246,112,112,0,1,
42247,115,115,0,1,
42248,114,114,0,1,
42249,126,126,0,1,
42250,111,111,0,1,
42251,111,111,0,1,
42252,109,109,0,1,
42253,113,113,0,1,
42254,107,107,0,1,
42255,113,113,0,1,
42256,118,118,0,1,
42257,114,114,0,1,
42258,109,109,0,1,
42259,122,122,0,1,
42260,124,124,0,1,
42261,111,111,0,1,
42262,119,119,0,1,
42263,107,107,0,1,
42264,118,118,0,1,
42265,109,109,0,1,
42266,105,105,0,1,
42267,124,124,0,1,
42268,113,113,0,1,
42269,111,111,0,1,
42270,104,104,0,1,
42271,106,106,0,1,
42272,107,107,0,1,
42273,115,115,0,1,
42274,119,119,0,1,
42275,121,121,0,1,
42276,120,120,0,1,
42277,114,114,0,1,
42278,112,112,0,1,
42279,113,113,0,1,
42280,107,107,0,1,
42281,112,112,0,1,
42282,124,124,0,1,
42283,116,116,0,1,
42284,123,123,0,1,
42285,117,117,0,1,
42286,123,123,0,1,
42287,111,111,0,1,
42288,104,104,0,1,
42289,108,108,0,1,
42290,125,125,0,1,
42291,104,104,0,1,
42292,120,120,0,1,
42293,110,110,0,1,
42294,121,121,0,1,
42295,113,113,0,1,
42296,114,114,0,1,
42297,126,126,0,1,
42298,108,108,0,1,
42299,118,118,0,1,
42300,121,121,0,1,
42301,116,116,0,1,
42302,111,111,0,1,
42303,106,106,0,1,
42304,108,108,0,1,
42305,112,112,0,1,
42306,126,126,0,1,
42307,127,127,0,1,
42308,111,111,0,1,
42309,115,115,0,1,
42310,110,110,0,1,
42311,115,115,0,1,
42312,115,115,0,1,
42313,118,118,0,1,
42314,116,116,0,1,
42315,102,102,0,1,
42316,115,115,0,1,
42317,121,121,0,1,
42318,112,112,0,1,
42319,115,115,0,1,
42320,109,109,0,1,
42321,111,111,0,1,
42322,111,111,0,1,
42323,120,120,0,1,
42324,113,113,0,1,
42325,114,114,0,1,
42326,109,109,0,1,
42327,109,109,0,1,
42328,117,117,0,1,
42329,120,120,0,1,
42330,111,111,0,1,
42331,110,110,0,1,
42332,108,108,0,1,
42333,118,118,0,1,
42334,114,114,0,1,
42335,122,122,0,1,
42336,109,109,0,1,
42337,119,119,0,1,
42338,116,116,0,1,
42339,115,115,0,1,
42340,120,120,0,1,
42341,107,107,0,1,
42342,123,123,0,1,
42343,127,127,0,1,
42344,117,117,0,1,
42345,128,128,0,1,
42346,116,116,0,1,
42347,123,123,0,1,
42348,124,124,0,1,
42349,120,120,0,1,
42350,114,114,0,1,
42351,117,117,0,1,
42352,117,117,0,1,
42353,110,110,0,1,
42354,116,116,0,1,
42355,111,111,0,1,
42356,118,118,0,1,
42357,120,120,0,1,
42358,118,118,0,1,
42359,129,129,0,1,
42360,117,117,0,1,
42361,116,116,0,1,
42362,115,115,0,1,
42363,113,113,0,1,
42364,110,110,0,1,
42365,126,126,0,1,
42366,129,129,0,1,
42367,112,112,0,1,
42368,116,116,0,1,
42369,117,117,0,1,
42370,124,124,0,1,
42371,126,126,0,1,
42372,117,117,0,1,
42373,119,119,0,1,
42374,115,115,0,1,
42375,110,110,0,1,
42376,121,121,0,1,
42377,125,125,0,1,
42378,120,120,0,1,
42379,111,111,0,1,
42380,108,108,0,1,
42381,110,110,0,1,
42382,111,111,0,1,
42383,127,127,0,1,
42384,105,105,0,1,
42385,109,109,0,1,
42386,109,109,0,1,
42387,118,118,0,1,
42388,123,123,0,1,
42389,106,106,0,1,
42390,115,115,0,1,
42391,115,115,0,1,
42392,126,126,0,1,
42393,110,110,0,1,
42394,120,120,0,1,
42395,106,106,0,1,
42396,111,111,0,1,
42397,117,117,0,1,
42398,117,117,0,1,
42399,115,115,0,1,
42400,118,118,0,1,
42401,120,120,0,1,
42402,113,113,0,1,
42403,112,112,0,1,
42404,111,111,0,1,
42405,122,122,0,1,
42406,109,109,0,1,
42407,108,108,0,1,
42408,124,124,0,1,
42409,109,109,0,1,
42410,109,109,0,1,
42411,111,111,0,1,
42412,112,112,0,1,
42413,126,126,0,1,
42414,105,105,0,1,
42415,122,122,0,1,
42416,108,108,0,1,
42417,106,106,0,1,
42418,115,115,0,1,
42419,116,116,0,1,
42420,119,119,0,1,
42421,115,115,0,1,
42422,114,114,0,1,
42423,126,126,0,1,
42424,121,121,0,1,
42425,111,111,0,1,
42426,111,111,0,1,
42427,112,112,0,1,
42428,111,111,0,1,
42429,108,108,0,1,
42430,121,121,0,1,
42431,111,111,0,1,
42432,113,113,0,1,
42433,114,114,0,1,
42434,115,115,0,1,
42435,103,103,0,1,
42436,114,114,0,1,
42437,123,123,0,1,
42438,108,108,0,1,
42439,107,107,0,1,
42440,112,112,0,1,
42441,119,119,0,1,
42442,105,105,0,1,
42443,113,113,0,1,
42444,119,119,0,1,
42445,107,107,0,1,
42446,123,123,0,1,
42447,108,108,0,1,
42448,108,108,0,1,
42449,121,121,0,1,
42450,111,111,0,1,
42451,123,123,0,1,
42452,122,122,0,1,
42453,124,124,0,1,
42454,104,104,0,1,
42455,118,118,0,1,
42456,116,116,0,1,
42457,110,110,0,1,
42458,116,116,0,1,
42459,107,107,0,1,
42460,119,119,0,1,
42461,111,111,0,1,
42462,108,108,0,1,
42463,118,118,0,1,
42464,115,115,0,1,
42465,119,119,0,1,
42466,122,122,0,1,
42467,123,123,0,1,
42468,115,115,0,1,
42469,121,121,0,1,
42470,116,116,0,1,
42471,113,113,0,1,
42472,123,123,0,1,
42473,116,116,0,1,
42474,107,107,0,1,
42475,113,113,0,1,
42476,122,122,0,1,
42477,124,124,0,1,
42478,128,128,0,1,
42479,107,107,0,1,
42480,120,120,0,1,
42481,116,116,0,1,
42482,119,119,0,1,
42483,112,112,0,1,
42484,117,117,0,1,
42485,113,113,0,1,
42486,112,112,0,1,
42487,113,113,0,1,
42488,112,112,0,1,
42489,109,109,0,1,
42490,114,114,0,1,
42491,114,114,0,1,
42492,112,112,0,1,
42493,115,115,0,1,
42494,115,115,0,1,
42495,117,117,0,1,
42496,119,119,0,1,
42497,112,112,0,1,
42498,107,107,0,1,
42499,116,116,0,1,
42500,114,114,0,1,
42501,107,107,0,1,
42502,114,114,0,1,
42503,110,110,0,1,
42504,128,128,0,1,
42505,119,119,0,1,
42506,120,120,0,1,
42507,119,119,0,1,
42508,122,122,0,1,
42509,124,124,0,1,
42510,122,122,0,1,
42511,114,114,0,1,
42512,126,126,0,1,
42513,119,119,0,1,
42514,112,112,0,1,
42515,110,110,0,1,
42516,114,114,0,1,
42517,113,113,0,1,
42518,126,126,0,1,
42519,120,120,0,1,
42520,119,119,0,1,
42521,115,115,0,1,
42522,114,114,0,1,
42523,112,112,0,1,
42524,108,108,0,1,
42525,126,126,0,1,
42526,114,114,0,1,
42527,115,115,0,1,
42528,108,108,0,1,
42529,112,112,0,1,
42530,120,120,0,1,
42531,123,123,0,1,
42532,125,125,0,1,
42533,117,117,0,1,
42534,108,108,0,1,
42535,123,123,0,1,
42536,111,111,0,1,
42537,123,123,0,1,
42538,115,115,0,1,
42539,119,119,0,1,
42540,115,115,0,1,
42541,113,113,0,1,
42542,116,116,0,1,
42543,111,111,0,1,
42544,115,115,0,1,
42545,112,112,0,1,
42546,113,113,0,1,
42547,117,117,0,1,
42548,113,113,0,1,
42549,114,114,0,1,
42550,117,117,0,1,
42551,108,108,0,1,
42552,116,116,0,1,
42553,109,109,0,1,
42554,104,104,0,1,
42555,103,103,0,1,
42556,118,118,0,1,
42557,112,112,0,1,
42558,117,117,0,1,
42559,115,115,0,1,
42560,113,113,0,1,
42561,109,109,0,1,
42562,115,115,0,1,
42563,119,119,0,1,
42564,109,109,0,1,
42565,113,113,0,1,
42566,110,110,0,1,
42567,113,113,0,1,
42568,110,110,0,1,
42569,109,109,0,1,
42570,115,115,0,1,
42571,122,122,0,1,
42572,115,115,0,1,
42573,110,110,0,1,
42574,113,113,0,1,
42575,117,117,0,1,
42576,112,112,0,1,
42577,112,112,0,1,
42578,118,118,0,1,
42579,116,116,0,1,
42580,108,108,0,1,
42581,110,110,0,1,
42582,119,119,0,1,
42583,111,111,0,1,
42584,108,108,0,1,
42585,108,108,0,1,
42586,127,127,0,1,
42587,119,119,0,1,
42588,108,108,0,1,
42589,104,104,0,1,
42590,116,116,0,1,
42591,114,114,0,1,
42592,110,110,0,1,
42593,110,110,0,1,
42594,116,116,0,1,
42595,114,114,0,1,
42596,115,115,0,1,
42597,108,108,0,1,
42598,120,120,0,1,
42599,124,124,0,1,
42600,119,119,0,1,
42601,103,103,0,1,
42602,114,114,0,1,
42603,106,106,0,1,
42604,107,107,0,1,
42605,117,117,0,1,
42606,108,108,0,1,
42607,113,113,0,1,
42608,107,107,0,1,
42609,108,108,0,1,
42610,122,122,0,1,
42611,107,107,0,1,
42612,128,128,0,1,
42613,100,100,0,1,
42614,119,119,0,1,
42615,113,113,0,1,
42616,116,116,0,1,
42617,119,119,0,1,
42618,134,134,0,1,
42619,119,119,0,1,
42620,120,120,0,1,
42621,122,122,0,1,
42622,113,113,0,1,
42623,123,123,0,1,
42624,110,110,0,1,
42625,116,116,0,1,
42626,110,110,0,1,
42627,115,115,0,1,
42628,102,102,0,1,
42629,115,115,0,1,
42630,121,121,0,1,
42631,123,123,0,1,
42632,111,111,0,1,
42633,116,116,0,1,
42634,117,117,0,1,
42635,116,116,0,1,
42636,131,131,0,1,
42637,126,126,0,1,
42638,111,111,0,1,
42639,119,119,0,1,
42640,118,118,0,1,
42641,111,111,0,1,
42642,109,109,0,1,
42643,112,112,0,1,
42644,112,112,0,1,
42645,126,126,0,1,
42646,119,119,0,1,
42647,116,116,0,1,
42648,116,116,0,1,
42649,111,111,0,1,
42650,112,112,0,1,
42651,107,107,0,1,
42652,119,119,0,1,
42653,109,109,0,1,
42654,116,116,0,1,
42655,111,111,0,1,
42656,113,113,0,1,
42657,116,116,0,1,
42658,113,113,0,1,
42659,116,116,0,1,
42660,107,107,0,1,
42661,111,111,0,1,
42662,123,123,0,1,
42663,117,117,0,1,
42664,110,110,0,1,
42665,112,112,0,1,
42666,106,106,0,1,
42667,110,110,0,1,
42668,110,110,0,1,
42669,117,117,0,1,
42670,110,110,0,1,
42671,118,118,0,1,
42672,110,110,0,1,
42673,104,104,0,1,
42674,120,120,0,1,
42675,126,126,0,1,
42676,115,115,0,1,
42677,119,119,0,1,
42678,110,110,0,1,
42679,116,116,0,1,
42680,123,123,0,1,
42681,102,102,0,1,
42682,115,115,0,1,
42683,107,107,0,1,
42684,116,116,0,1,
42685,109,109,0,1,
42686,107,107,0,1,
42687,117,117,0,1,
42688,116,116,0,1,
42689,120,120,0,1,
42690,111,111,0,1,
42691,102,102,0,1,
42692,113,113,0,1,
42693,110,110,0,1,
42694,114,114,0,1,
42695,113,113,0,1,
42696,114,114,0,1,
42697,112,112,0,1,
42698,117,117,0,1,
42699,106,106,0,1,
42700,109,109,0,1,
42701,122,122,0,1,
42702,109,109,0,1,
42703,111,111,0,1,
42704,109,109,0,1,
42705,123,123,0,1,
42706,124,124,0,1,
42707,124,124,0,1,
42708,120,120,0,1,
42709,116,116,0,1,
42710,114,114,0,1,
42711,123,123,0,1,
42712,117,117,0,1,
42713,106,106,0,1,
42714,102,102,0,1,
42715,118,118,0,1,
42716,127,127,0,1,
42717,112,112,0,1,
42718,108,108,0,1,
42719,117,117,0,1,
42720,106,106,0,1,
42721,111,111,0,1,
42722,114,114,0,1,
42723,106,106,0,1,
42724,119,119,0,1,
42725,116,116,0,1,
42726,112,112,0,1,
42727,115,115,0,1,
42728,111,111,0,1,
42729,116,116,0,1,
42730,118,118,0,1,
42731,114,114,0,1,
42732,114,114,0,1,
42733,114,114,0,1,
42734,126,126,0,1,
42735,111,111,0,1,
42736,117,117,0,1,
42737,121,121,0,1,
42738,105,105,0,1,
42739,109,109,0,1,
42740,119,119,0,1,
42741,111,111,0,1,
42742,121,121,0,1,
42743,108,108,0,1,
42744,109,109,0,1,
42745,115,115,0,1,
42746,110,110,0,1,
42747,121,121,0,1,
42748,125,125,0,1,
42749,115,115,0,1,
42750,114,114,0,1,
42751,113,113,0,1,
42752,114,114,0,1,
42753,119,119,0,1,
42754,111,111,0,1,
42755,113,113,0,1,
42756,116,116,0,1,
42757,122,122,0,1,
42758,106,106,0,1,
42759,123,123,0,1,
42760,126,126,0,1,
42761,108,108,0,1,
42762,114,114,0,1,
42763,107,107,0,1,
42764,117,117,0,1,
42765,117,117,0,1,
42766,107,107,0,1,
42767,106,106,0,1,
42768,112,112,0,1,
42769,122,122,0,1,
42770,103,103,0,1,
42771,122,122,0,1,
42772,102,102,0,1,
42773,121,121,0,1,
42774,109,109,0,1,
42775,115,115,0,1,
42776,124,124,0,1,
42777,124,124,0,1,
42778,114,114,0,1,
42779,109,109,0,1,
42780,125,125,0,1,
42781,123,123,0,1,
42782,107,107,0,1,
42783,116,116,0,1,
42784,121,121,0,1,
42785,119,119,0,1,
42786,108,108,0,1,
42787,113,113,0,1,
42788,126,126,0,1,
42789,112,112,0,1,
42790,107,107,0,1,
42791,112,112,0,1,
42792,105,105,0,1,
42793,106,106,0,1,
42794,113,113,0,1,
42795,116,116,0,1,
42796,121,121,0,1,
42797,109,109,0,1,
42798,112,112,0,1,
42799,114,114,0,1,
42800,113,113,0,1,
42801,108,108,0,1,
42802,119,119,0,1,
42803,110,110,0,1,
42804,115,115,0,1,
42805,116,116,0,1,
42806,128,128,0,1,
42807,103,103,0,1,
42808,108,108,0,1,
42809,130,130,0,1,
42810,120,120,0,1,
42811,112,112,0,1,
42812,122,122,0,1,
42813,108,108,0,1,
42814,129,129,0,1,
42815,116,116,0,1,
42816,120,120,0,1,
42817,118,118,0,1,
42818,129,129,0,1,
42819,119,119,0,1,
42820,125,125,0,1,
42821,105,105,0,1,
42822,116,116,0,1,
42823,119,119,0,1,
42824,108,108,0,1,
42825,115,115,0,1,
42826,104,104,0,1,
42827,107,107,0,1,
42828,118,118,0,1,
42829,120,120,0,1,
42830,112,112,0,1,
42831,125,125,0,1,
42832,117,117,0,1,
42833,107,107,0,1,
42834,110,110,0,1,
42835,130,130,0,1,
42836,119,119,0,1,
42837,117,117,0,1,
42838,119,119,0,1,
42839,117,117,0,1,
42840,109,109,0,1,
42841,107,107,0,1,
42842,116,116,0,1,
42843,110,110,0,1,
42844,121,121,0,1,
42845,117,117,0,1,
42846,121,121,0,1,
42847,118,118,0,1,
42848,115,115,0,1,
42849,107,107,0,1,
42850,124,124,0,1,
42851,119,119,0,1,
42852,112,112,0,1,
42853,110,110,0,1,
42854,108,108,0,1,
42855,115,115,0,1,
42856,119,119,0,1,
42857,121,121,0,1,
42858,114,114,0,1,
42859,116,116,0,1,
42860,112,112,0,1,
42861,111,111,0,1,
42862,115,115,0,1,
42863,120,120,0,1,
42864,110,110,0,1,
42865,114,114,0,1,
42866,118,118,0,1,
42867,123,123,0,1,
42868,118,118,0,1,
42869,130,130,0,1,
42870,116,116,0,1,
42871,101,101,0,1,
42872,113,113,0,1,
42873,115,115,0,1,
42874,117,117,0,1,
42875,107,107,0,1,
42876,110,110,0,1,
42877,120,120,0,1,
42878,122,122,0,1,
42879,115,115,0,1,
42880,115,115,0,1,
42881,110,110,0,1,
42882,120,120,0,1,
42883,110,110,0,1,
42884,123,123,0,1,
42885,112,112,0,1,
42886,102,102,0,1,
42887,116,116,0,1,
42888,107,107,0,1,
42889,107,107,0,1,
42890,128,128,0,1,
42891,115,115,0,1,
42892,112,112,0,1,
42893,111,111,0,1,
42894,126,126,0,1,
42895,126,126,0,1,
42896,121,121,0,1,
42897,127,127,0,1,
42898,109,109,0,1,
42899,123,123,0,1,
42900,114,114,0,1,
42901,115,115,0,1,
42902,114,114,0,1,
42903,121,121,0,1,
42904,110,110,0,1,
42905,110,110,0,1,
42906,111,111,0,1,
42907,117,117,0,1,
42908,131,131,0,1,
42909,112,112,0,1,
42910,105,105,0,1,
42911,119,119,0,1,
42912,116,116,0,1,
42913,108,108,0,1,
42914,113,113,0,1,
42915,116,116,0,1,
42916,118,118,0,1,
42917,112,112,0,1,
42918,113,113,0,1,
42919,129,129,0,1,
42920,112,112,0,1,
42921,125,125,0,1,
42922,116,116,0,1,
42923,115,115,0,1,
42924,108,108,0,1,
42925,112,112,0,1,
42926,121,121,0,1,
42927,124,124,0,1,
42928,113,113,0,1,
42929,115,115,0,1,
42930,123,123,0,1,
42931,114,114,0,1,
42932,127,127,0,1,
42933,130,130,0,1,
42934,121,121,0,1,
42935,107,107,0,1,
42936,116,116,0,1,
42937,107,107,0,1,
42938,117,117,0,1,
42939,121,121,0,1,
42940,112,112,0,1,
42941,116,116,0,1,
42942,119,119,0,1,
42943,105,105,0,1,
42944,114,114,0,1,
42945,118,118,0,1,
42946,106,106,0,1,
42947,123,123,0,1,
42948,123,123,0,1,
42949,120,120,0,1,
42950,127,127,0,1,
42951,116,116,0,1,
42952,120,120,0,1,
42953,114,114,0,1,
42954,113,113,0,1,
42955,114,114,0,1,
42956,112,112,0,1,
42957,111,111,0,1,
42958,105,105,0,1,
42959,113,113,0,1,
42960,110,110,0,1,
42961,112,112,0,1,
42962,117,117,0,1,
42963,112,112,0,1,
42964,115,115,0,1,
42965,116,116,0,1,
42966,117,117,0,1,
42967,104,104,0,1,
42968,130,130,0,1,
42969,108,108,0,1,
42970,112,112,0,1,
42971,111,111,0,1,
42972,110,110,0,1,
42973,125,125,0,1,
42974,120,120,0,1,
42975,111,111,0,1,
42976,121,121,0,1,
42977,122,122,0,1,
42978,124,124,0,1,
42979,114,114,0,1,
42980,110,110,0,1,
42981,121,121,0,1,
42982,112,112,0,1,
42983,113,113,0,1,
42984,115,115,0,1,
42985,117,117,0,1,
42986,119,119,0,1,
42987,119,119,0,1,
42988,113,113,0,1,
42989,113,113,0,1,
42990,116,116,0,1,
42991,118,118,0,1,
42992,119,119,0,1,
42993,113,113,0,1,
42994,120,120,0,1,
42995,115,115,0,1,
42996,109,109,0,1,
42997,120,120,0,1,
42998,122,122,0,1,
42999,122,122,0,1,
43000,112,112,0,1,
43001,121,121,0,1,
43002,104,104,0,1,
43003,116,116,0,1,
43004,120,120,0,1,
43005,116,116,0,1,
43006,111,111,0,1,
43007,110,110,0,1,
43008,119,119,0,1,
43009,119,119,0,1,
43010,126,126,0,1,
43011,122,122,0,1,
43012,109,109,0,1,
43013,123,123,0,1,
43014,111,111,0,1,
43015,122,122,0,1,
43016,119,119,0,1,
43017,110,110,0,1,
43018,101,101,0,1,
43019,112,112,0,1,
43020,109,109,0,1,
43021,109,109,0,1,
43022,106,106,0,1,
43023,116,116,0,1,
43024,112,112,0,1,
43025,111,111,0,1,
43026,124,124,0,1,
43027,118,118,0,1,
43028,114,114,0,1,
43029,112,112,0,1,
43030,112,112,0,1,
43031,111,111,0,1,
43032,112,112,0,1,
43033,116,116,0,1,
43034,108,108,0,1,
43035,110,110,0,1,
43036,122,122,0,1,
43037,111,111,0,1,
43038,108,108,0,1,
43039,108,108,0,1,
43040,119,119,0,1,
43041,117,117,0,1,
43042,106,106,0,1,
43043,117,117,0,1,
43044,124,124,0,1,
43045,118,118,0,1,
43046,104,104,0,1,
43047,108,108,0,1,
43048,130,130,0,1,
43049,112,112,0,1,
43050,129,129,0,1,
43051,119,119,0,1,
43052,116,116,0,1,
43053,108,108,0,1,
43054,121,121,0,1,
43055,109,109,0,1,
43056,115,115,0,1,
43057,111,111,0,1,
43058,123,123,0,1,
43059,112,112,0,1,
43060,112,112,0,1,
43061,104,104,0,1,
43062,113,113,0,1,
43063,116,116,0,1,
43064,119,119,0,1,
43065,102,102,0,1,
43066,113,113,0,1,
43067,109,109,0,1,
43068,114,114,0,1,
43069,111,111,0,1,
43070,112,112,0,1,
43071,109,109,0,1,
43072,115,115,0,1,
43073,115,115,0,1,
43074,111,111,0,1,
43075,119,119,0,1,
43076,121,121,0,1,
43077,122,122,0,1,
43078,123,123,0,1,
43079,128,128,0,1,
43080,112,112,0,1,
43081,111,111,0,1,
43082,110,110,0,1,
43083,109,109,0,1,
43084,109,109,0,1,
43085,121,121,0,1,
43086,107,107,0,1,
43087,105,105,0,1,
43088,107,107,0,1,
43089,121,121,0,1,
43090,112,112,0,1,
43091,103,103,0,1,
43092,109,109,0,1,
43093,110,110,0,1,
43094,113,113,0,1,
43095,114,114,0,1,
43096,119,119,0,1,
43097,110,110,0,1,
43098,104,104,0,1,
43099,124,124,0,1,
43100,120,120,0,1,
43101,111,111,0,1,
43102,102,102,0,1,
43103,126,126,0,1,
43104,109,109,0,1,
43105,116,116,0,1,
43106,106,106,0,1,
43107,104,104,0,1,
43108,118,118,0,1,
43109,113,113,0,1,
43110,115,115,0,1,
43111,121,121,0,1,
43112,115,115,0,1,
43113,111,111,0,1,
43114,124,124,0,1,
43115,105,105,0,1,
43116,116,116,0,1,
43117,119,119,0,1,
43118,111,111,0,1,
43119,116,116,0,1,
43120,116,116,0,1,
43121,118,118,0,1,
43122,121,121,0,1,
43123,107,107,0,1,
43124,119,119,0,1,
43125,120,120,0,1,
43126,113,113,0,1,
43127,114,114,0,1,
43128,105,105,0,1,
43129,111,111,0,1,
43130,109,109,0,1,
43131,106,106,0,1,
43132,108,108,0,1,
43133,108,108,0,1,
43134,116,116,0,1,
43135,116,116,0,1,
43136,117,117,0,1,
43137,118,118,0,1,
43138,114,114,0,1,
43139,112,112,0,1,
43140,135,135,0,1,
43141,115,115,0,1,
43142,109,109,0,1,
43143,105,105,0,1,
43144,112,112,0,1,
43145,116,116,0,1,
43146,110,110,0,1,
43147,109,109,0,1,
43148,110,110,0,1,
43149,103,103,0,1,
43150,121,121,0,1,
43151,128,128,0,1,
43152,121,121,0,1,
43153,112,112,0,1,
43154,125,125,0,1,
43155,110,110,0,1,
43156,126,126,0,1,
43157,116,116,0,1,
43158,122,122,0,1,
43159,117,117,0,1,
43160,108,108,0,1,
43161,130,130,0,1,
43162,121,121,0,1,
43163,116,116,0,1,
43164,112,112,0,1,
43165,112,112,0,1,
43166,106,106,0,1,
43167,115,115,0,1,
43168,112,112,0,1,
43169,124,124,0,1,
43170,116,116,0,1,
43171,113,113,0,1,
43172,120,120,0,1,
43173,114,114,0,1,
43174,117,117,0,1,
43175,110,110,0,1,
43176,109,109,0,1,
43177,123,123,0,1,
43178,108,108,0,1,
43179,109,109,0,1,
43180,117,117,0,1,
43181,120,120,0,1,
43182,116,116,0,1,
43183,108,108,0,1,
43184,121,121,0,1,
43185,110,110,0,1,
43186,114,114,0,1,
43187,126,126,0,1,
43188,122,122,0,1,
43189,110,110,0,1,
43190,117,117,0,1,
43191,129,129,0,1,
43192,114,114,0,1,
43193,112,112,0,1,
43194,119,119,0,1,
43195,111,111,0,1,
43196,117,117,0,1,
43197,128,128,0,1,
43198,116,116,0,1,
43199,111,111,0,1,
43200,110,110,0,1,
43201,116,116,0,1,
43202,114,114,0,1,
43203,113,113,0,1,
43204,119,119,0,1,
43205,118,118,0,1,
43206,109,109,0,1,
43207,120,120,0,1,
43208,109,109,0,1,
43209,106,106,0,1,
43210,115,115,0,1,
43211,107,107,0,1,
43212,120,120,0,1,
43213,118,118,0,1,
43214,115,115,0,1,
43215,111,111,0,1,
43216,123,123,0,1,
43217,115,115,0,1,
43218,120,120,0,1,
43219,119,119,0,1,
43220,112,112,0,1,
43221,120,120,0,1,
43222,109,109,0,1,
43223,115,115,0,1,
43224,108,108,0,1,
43225,118,118,0,1,
43226,124,124,0,1,
43227,127,127,0,1,
43228,104,104,0,1,
43229,113,113,0,1,
43230,122,122,0,1,
43231,116,116,0,1,
43232,125,125,0,1,
43233,106,106,0,1,
43234,119,119,0,1,
43235,124,124,0,1,
43236,118,118,0,1,
43237,118,118,0,1,
43238,123,123,0,1,
43239,110,110,0,1,
43240,116,116,0,1,
43241,114,114,0,1,
43242,118,118,0,1,
43243,116,116,0,1,
43244,114,114,0,1,
43245,109,109,0,1,
43246,110,110,0,1,
43247,121,121,0,1,
43248,116,116,0,1,
43249,114,114,0,1,
43250,103,103,0,1,
43251,115,115,0,1,
43252,112,112,0,1,
43253,108,108,0,1,
43254,112,112,0,1,
43255,120,120,0,1,
43256,120,120,0,1,
43257,117,117,0,1,
43258,116,116,0,1,
43259,114,114,0,1,
43260,124,124,0,1,
43261,108,108,0,1,
43262,123,123,0,1,
43263,106,106,0,1,
43264,106,106,0,1,
43265,107,107,0,1,
43266,119,119,0,1,
43267,116,116,0,1,
43268,107,107,0,1,
43269,115,115,0,1,
43270,118,118,0,1,
43271,112,112,0,1,
43272,112,112,0,1,
43273,110,110,0,1,
43274,105,105,0,1,
43275,113,113,0,1,
43276,113,113,0,1,
43277,116,116,0,1,
43278,118,118,0,1,
43279,108,108,0,1,
43280,112,112,0,1,
43281,132,132,0,1,
43282,117,117,0,1,
43283,111,111,0,1,
43284,110,110,0,1,
43285,115,115,0,1,
43286,105,105,0,1,
43287,117,117,0,1,
43288,108,108,0,1,
43289,120,120,0,1,
43290,122,122,0,1,
43291,111,111,0,1,
43292,114,114,0,1,
43293,111,111,0,1,
43294,117,117,0,1,
43295,116,116,0,1,
43296,116,116,0,1,
43297,116,116,0,1,
43298,115,115,0,1,
43299,124,124,0,1,
43300,119,119,0,1,
43301,119,119,0,1,
43302,109,109,0,1,
43303,120,120,0,1,
43304,127,127,0,1,
43305,120,120,0,1,
43306,124,124,0,1,
43307,111,111,0,1,
43308,113,113,0,1,
43309,115,115,0,1,
43310,112,112,0,1,
43311,114,114,0,1,
43312,126,126,0,1,
43313,124,124,0,1,
43314,131,131,0,1,
43315,116,116,0,1,
43316,116,116,0,1,
43317,127,127,0,1,
43318,105,105,0,1,
43319,104,104,0,1,
43320,106,106,0,1,
43321,112,112,0,1,
43322,107,107,0,1,
43323,112,112,0,1,
43324,111,111,0,1,
43325,119,119,0,1,
43326,119,119,0,1,
43327,119,119,0,1,
43328,114,114,0,1,
43329,117,117,0,1,
43330,104,104,0,1,
43331,123,123,0,1,
43332,127,127,0,1,
43333,114,114,0,1,
43334,104,104,0,1,
43335,114,114,0,1,
43336,111,111,0,1,
43337,115,115,0,1,
43338,112,112,0,1,
43339,114,114,0,1,
43340,114,114,0,1,
43341,124,124,0,1,
43342,107,107,0,1,
43343,127,127,0,1,
43344,111,111,0,1,
43345,120,120,0,1,
43346,122,122,0,1,
43347,115,115,0,1,
43348,114,114,0,1,
43349,118,118,0,1,
43350,121,121,0,1,
43351,108,108,0,1,
43352,115,115,0,1,
43353,102,102,0,1,
43354,110,110,0,1,
43355,109,109,0,1,
43356,106,106,0,1,
43357,115,115,0,1,
43358,111,111,0,1,
43359,114,114,0,1,
43360,110,110,0,1,
43361,119,119,0,1,
43362,117,117,0,1,
43363,120,120,0,1,
43364,113,113,0,1,
43365,102,102,0,1,
43366,129,129,0,1,
43367,127,127,0,1,
43368,122,122,0,1,
43369,110,110,0,1,
43370,100,100,0,1,
43371,130,130,0,1,
43372,108,108,0,1,
43373,123,123,0,1,
43374,118,118,0,1,
43375,112,112,0,1,
43376,111,111,0,1,
43377,127,127,0,1,
43378,117,117,0,1,
43379,116,116,0,1,
43380,116,116,0,1,
43381,110,110,0,1,
43382,119,119,0,1,
43383,112,112,0,1,
43384,111,111,0,1,
43385,114,114,0,1,
43386,119,119,0,1,
43387,105,105,0,1,
43388,111,111,0,1,
43389,115,115,0,1,
43390,111,111,0,1,
43391,122,122,0,1,
43392,106,106,0,1,
43393,119,119,0,1,
43394,114,114,0,1,
43395,111,111,0,1,
43396,111,111,0,1,
43397,116,116,0,1,
43398,110,110,0,1,
43399,118,118,0,1,
43400,111,111,0,1,
43401,116,116,0,1,
43402,118,118,0,1,
43403,111,111,0,1,
43404,118,118,0,1,
43405,111,111,0,1,
43406,119,119,0,1,
43407,127,127,0,1,
43408,117,117,0,1,
43409,127,127,0,1,
43410,118,118,0,1,
43411,115,115,0,1,
43412,120,120,0,1,
43413,108,108,0,1,
43414,123,123,0,1,
43415,105,105,0,1,
43416,108,108,0,1,
43417,128,128,0,1,
43418,113,113,0,1,
43419,128,128,0,1,
43420,125,125,0,1,
43421,117,117,0,1,
43422,117,117,0,1,
43423,108,108,0,1,
43424,118,118,0,1,
43425,121,121,0,1,
43426,120,120,0,1,
43427,117,117,0,1,
43428,132,132,0,1,
43429,124,124,0,1,
43430,122,122,0,1,
43431,125,125,0,1,
43432,121,121,0,1,
43433,122,122,0,1,
43434,117,117,0,1,
43435,116,116,0,1,
43436,103,103,0,1,
43437,115,115,0,1,
43438,119,119,0,1,
43439,108,108,0,1,
43440,106,106,0,1,
43441,119,119,0,1,
43442,106,106,0,1,
43443,120,120,0,1,
43444,118,118,0,1,
43445,116,116,0,1,
43446,110,110,0,1,
43447,116,116,0,1,
43448,112,112,0,1,
43449,120,120,0,1,
43450,106,106,0,1,
43451,116,116,0,1,
43452,104,104,0,1,
43453,115,115,0,1,
43454,121,121,0,1,
43455,111,111,0,1,
43456,107,107,0,1,
43457,106,106,0,1,
43458,113,113,0,1,
43459,107,107,0,1,
43460,115,115,0,1,
43461,122,122,0,1,
43462,118,118,0,1,
43463,121,121,0,1,
43464,109,109,0,1,
43465,117,117,0,1,
43466,116,116,0,1,
43467,114,114,0,1,
43468,116,116,0,1,
43469,108,108,0,1,
43470,120,120,0,1,
43471,118,118,0,1,
43472,114,114,0,1,
43473,119,119,0,1,
43474,112,112,0,1,
43475,108,108,0,1,
43476,128,128,0,1,
43477,120,120,0,1,
43478,116,116,0,1,
43479,121,121,0,1,
43480,111,111,0,1,
43481,118,118,0,1,
43482,110,110,0,1,
43483,123,123,0,1,
43484,112,112,0,1,
43485,102,102,0,1,
43486,124,124,0,1,
43487,118,118,0,1,
43488,111,111,0,1,
43489,111,111,0,1,
43490,127,127,0,1,
43491,122,122,0,1,
43492,124,124,0,1,
43493,115,115,0,1,
43494,116,116,0,1,
43495,113,113,0,1,
43496,113,113,0,1,
43497,124,124,0,1,
43498,117,117,0,1,
43499,116,116,0,1,
43500,115,115,0,1,
43501,114,114,0,1,
43502,124,124,0,1,
43503,116,116,0,1,
43504,116,116,0,1,
43505,113,113,0,1,
43506,115,115,0,1,
43507,114,114,0,1,
43508,124,124,0,1,
43509,123,123,0,1,
43510,113,113,0,1,
43511,112,112,0,1,
43512,126,126,0,1,
43513,115,115,0,1,
43514,109,109,0,1,
43515,122,122,0,1,
43516,106,106,0,1,
43517,122,122,0,1,
43518,115,115,0,1,
43519,106,106,0,1,
43520,103,103,0,1,
43521,114,114,0,1,
43522,108,108,0,1,
43523,120,120,0,1,
43524,112,112,0,1,
43525,108,108,0,1,
43526,109,109,0,1,
43527,107,107,0,1,
43528,112,112,0,1,
43529,118,118,0,1,
43530,112,112,0,1,
43531,116,116,0,1,
43532,122,122,0,1,
43533,125,125,0,1,
43534,119,119,0,1,
43535,122,122,0,1,
43536,117,117,0,1,
43537,107,107,0,1,
43538,128,128,0,1,
43539,111,111,0,1,
43540,120,120,0,1,
43541,116,116,0,1,
43542,119,119,0,1,
43543,115,115,0,1,
43544,125,125,0,1,
43545,123,123,0,1,
43546,122,122,0,1,
43547,129,129,0,1,
43548,115,115,0,1,
43549,103,103,0,1,
43550,112,112,0,1,
43551,118,118,0,1,
43552,113,113,0,1,
43553,115,115,0,1,
43554,118,118,0,1,
43555,116,116,0,1,
43556,119,119,0,1,
43557,120,120,0,1,
43558,108,108,0,1,
43559,109,109,0,1,
43560,126,126,0,1,
43561,120,120,0,1,
43562,112,112,0,1,
43563,114,114,0,1,
43564,110,110,0,1,
43565,124,124,0,1,
43566,126,126,0,1,
43567,104,104,0,1,
43568,121,121,0,1,
43569,113,113,0,1,
43570,111,111,0,1,
43571,120,120,0,1,
43572,109,109,0,1,
43573,119,119,0,1,
43574,118,118,0,1,
43575,110,110,0,1,
43576,116,116,0,1,
43577,120,120,0,1,
43578,114,114,0,1,
43579,115,115,0,1,
43580,109,109,0,1,
43581,113,113,0,1,
43582,110,110,0,1,
43583,109,109,0,1,
43584,118,118,0,1,
43585,116,116,0,1,
43586,127,127,0,1,
43587,127,127,0,1,
43588,125,125,0,1,
43589,120,120,0,1,
43590,114,114,0,1,
43591,102,102,0,1,
43592,117,117,0,1,
43593,103,103,0,1,
43594,112,112,0,1,
43595,124,124,0,1,
43596,102,102,0,1,
43597,113,113,0,1,
43598,118,118,0,1,
43599,126,126,0,1,
43600,106,106,0,1,
43601,116,116,0,1,
43602,108,108,0,1,
43603,131,131,0,1,
43604,125,125,0,1,
43605,120,120,0,1,
43606,118,118,0,1,
43607,118,118,0,1,
43608,120,120,0,1,
43609,113,113,0,1,
43610,118,118,0,1,
43611,119,119,0,1,
43612,118,118,0,1,
43613,125,125,0,1,
43614,117,117,0,1,
43615,111,111,0,1,
43616,122,122,0,1,
43617,111,111,0,1,
43618,113,113,0,1,
43619,116,116,0,1,
43620,119,119,0,1,
43621,114,114,0,1,
43622,106,106,0,1,
43623,119,119,0,1,
43624,117,117,0,1,
43625,126,126,0,1,
43626,131,131,0,1,
43627,112,112,0,1,
43628,119,119,0,1,
43629,109,109,0,1,
43630,121,121,0,1,
43631,113,113,0,1,
43632,116,116,0,1,
43633,127,127,0,1,
43634,126,126,0,1,
43635,110,110,0,1,
43636,111,111,0,1,
43637,115,115,0,1,
43638,121,121,0,1,
43639,114,114,0,1,
43640,111,111,0,1,
43641,107,107,0,1,
43642,113,113,0,1,
43643,118,118,0,1,
43644,119,119,0,1,
43645,114,114,0,1,
43646,117,117,0,1,
43647,115,115,0,1,
43648,112,112,0,1,
43649,113,113,0,1,
43650,112,112,0,1,
43651,118,118,0,1,
43652,115,115,0,1,
43653,114,114,0,1,
43654,125,125,0,1,
43655,121,121,0,1,
43656,106,106,0,1,
43657,113,113,0,1,
43658,116,116,0,1,
43659,125,125,0,1,
43660,110,110,0,1,
43661,120,120,0,1,
43662,121,121,0,1,
43663,112,112,0,1,
43664,129,129,0,1,
43665,107,107,0,1,
43666,111,111,0,1,
43667,116,116,0,1,
43668,124,124,0,1,
43669,102,102,0,1,
43670,121,121,0,1,
43671,123,123,0,1,
43672,115,115,0,1,
43673,124,124,0,1,
43674,108,108,0,1,
43675,108,108,0,1,
43676,117,117,0,1,
43677,116,116,0,1,
43678,116,116,0,1,
43679,115,115,0,1,
43680,115,115,0,1,
43681,107,107,0,1,
43682,105,105,0,1,
43683,115,115,0,1,
43684,115,115,0,1,
43685,115,115,0,1,
43686,110,110,0,1,
43687,130,130,0,1,
43688,110,110,0,1,
43689,119,119,0,1,
43690,106,106,0,1,
43691,117,117,0,1,
43692,119,119,0,1,
43693,116,116,0,1,
43694,115,115,0,1,
43695,124,124,0,1,
43696,120,120,0,1,
43697,114,114,0,1,
43698,107,107,0,1,
43699,117,117,0,1,
43700,120,120,0,1,
43701,115,115,0,1,
43702,121,121,0,1,
43703,116,116,0,1,
43704,115,115,0,1,
43705,108,108,0,1,
43706,115,115,0,1,
43707,116,116,0,1,
43708,111,111,0,1,
43709,111,111,0,1,
43710,107,107,0,1,
43711,129,129,0,1,
43712,118,118,0,1,
43713,115,115,0,1,
43714,118,118,0,1,
43715,105,105,0,1,
43716,106,106,0,1,
43717,125,125,0,1,
43718,113,113,0,1,
43719,106,106,0,1,
43720,110,110,0,1,
43721,113,113,0,1,
43722,106,106,0,1,
43723,119,119,0,1,
43724,112,112,0,1,
43725,115,115,0,1,
43726,114,114,0,1,
43727,107,107,0,1,
43728,112,112,0,1,
43729,121,121,0,1,
43730,115,115,0,1,
43731,114,114,0,1,
43732,118,118,0,1,
43733,105,105,0,1,
43734,108,108,0,1,
43735,118,118,0,1,
43736,119,119,0,1,
43737,111,111,0,1,
43738,103,103,0,1,
43739,111,111,0,1,
43740,106,106,0,1,
43741,128,128,0,1,
43742,104,104,0,1,
43743,112,112,0,1,
43744,111,111,0,1,
43745,117,117,0,1,
43746,108,108,0,1,
43747,109,109,0,1,
43748,109,109,0,1,
43749,119,119,0,1,
43750,128,128,0,1,
43751,116,116,0,1,
43752,115,115,0,1,
43753,125,125,0,1,
43754,110,110,0,1,
43755,123,123,0,1,
43756,104,104,0,1,
43757,111,111,0,1,
43758,114,114,0,1,
43759,114,114,0,1,
43760,120,120,0,1,
43761,113,113,0,1,
43762,113,113,0,1,
43763,114,114,0,1,
43764,128,128,0,1,
43765,111,111,0,1,
43766,118,118,0,1,
43767,115,115,0,1,
43768,108,108,0,1,
43769,111,111,0,1,
43770,123,123,0,1,
43771,114,114,0,1,
43772,127,127,0,1,
43773,125,125,0,1,
43774,111,111,0,1,
43775,120,120,0,1,
43776,121,121,0,1,
43777,111,111,0,1,
43778,108,108,0,1,
43779,112,112,0,1,
43780,121,121,0,1,
43781,112,112,0,1,
43782,121,121,0,1,
43783,111,111,0,1,
43784,130,130,0,1,
43785,117,117,0,1,
43786,107,107,0,1,
43787,111,111,0,1,
43788,130,130,0,1,
43789,122,122,0,1,
43790,109,109,0,1,
43791,110,110,0,1,
43792,120,120,0,1,
43793,119,119,0,1,
43794,121,121,0,1,
43795,112,112,0,1,
43796,114,114,0,1,
43797,113,113,0,1,
43798,114,114,0,1,
43799,117,117,0,1,
43800,123,123,0,1,
43801,122,122,0,1,
43802,116,116,0,1,
43803,106,106,0,1,
43804,116,116,0,1,
43805,114,114,0,1,
43806,115,115,0,1,
43807,116,116,0,1,
43808,113,113,0,1,
43809,109,109,0,1,
43810,106,106,0,1,
43811,123,123,0,1,
43812,128,128,0,1,
43813,118,118,0,1,
43814,109,109,0,1,
43815,111,111,0,1,
43816,112,112,0,1,
43817,115,115,0,1,
43818,112,112,0,1,
43819,107,107,0,1,
43820,121,121,0,1,
43821,126,126,0,1,
43822,121,121,0,1,
43823,119,119,0,1,
43824,119,119,0,1,
43825,108,108,0,1,
43826,116,116,0,1,
43827,113,113,0,1,
43828,104,104,0,1,
43829,117,117,0,1,
43830,105,105,0,1,
43831,125,125,0,1,
43832,119,119,0,1,
43833,110,110,0,1,
43834,119,119,0,1,
43835,124,124,0,1,
43836,109,109,0,1,
43837,124,124,0,1,
43838,115,115,0,1,
43839,119,119,0,1,
43840,126,126,0,1,
43841,116,116,0,1,
43842,104,104,0,1,
43843,112,112,0,1,
43844,104,104,0,1,
43845,104,104,0,1,
43846,116,116,0,1,
43847,122,122,0,1,
43848,108,108,0,1,
43849,114,114,0,1,
43850,119,119,0,1,
43851,111,111,0,1,
43852,123,123,0,1,
43853,117,117,0,1,
43854,112,112,0,1,
43855,119,119,0,1,
43856,115,115,0,1,
43857,123,123,0,1,
43858,126,126,0,1,
43859,123,123,0,1,
43860,115,115,0,1,
43861,119,119,0,1,
43862,119,119,0,1,
43863,105,105,0,1,
43864,114,114,0,1,
43865,108,108,0,1,
43866,114,114,0,1,
43867,112,112,0,1,
43868,122,122,0,1,
43869,123,123,0,1,
43870,109,109,0,1,
43871,116,116,0,1,
43872,107,107,0,1,
43873,116,116,0,1,
43874,119,119,0,1,
43875,114,114,0,1,
43876,122,122,0,1,
43877,110,110,0,1,
43878,118,118,0,1,
43879,111,111,0,1,
43880,111,111,0,1,
43881,130,130,0,1,
43882,120,120,0,1,
43883,119,119,0,1,
43884,124,124,0,1,
43885,107,107,0,1,
43886,128,128,0,1,
43887,109,109,0,1,
43888,114,114,0,1,
43889,114,114,0,1,
43890,125,125,0,1,
43891,123,123,0,1,
43892,111,111,0,1,
43893,124,124,0,1,
43894,119,119,0,1,
43895,117,117,0,1,
43896,116,116,0,1,
43897,106,106,0,1,
43898,111,111,0,1,
43899,120,120,0,1,
43900,107,107,0,1,
43901,120,120,0,1,
43902,125,125,0,1,
43903,103,103,0,1,
43904,115,115,0,1,
43905,111,111,0,1,
43906,122,122,0,1,
43907,113,113,0,1,
43908,125,125,0,1,
43909,126,126,0,1,
43910,110,110,0,1,
43911,118,118,0,1,
43912,112,112,0,1,
43913,125,125,0,1,
43914,123,123,0,1,
43915,111,111,0,1,
43916,110,110,0,1,
43917,113,113,0,1,
43918,122,122,0,1,
43919,107,107,0,1,
43920,105,105,0,1,
43921,116,116,0,1,
43922,115,115,0,1,
43923,114,114,0,1,
43924,110,110,0,1,
43925,125,125,0,1,
43926,116,116,0,1,
43927,120,120,0,1,
43928,121,121,0,1,
43929,121,121,0,1,
43930,114,114,0,1,
43931,114,114,0,1,
43932,110,110,0,1,
43933,116,116,0,1,
43934,121,121,0,1,
43935,110,110,0,1,
43936,117,117,0,1,
43937,118,118,0,1,
43938,122,122,0,1,
43939,112,112,0,1,
43940,109,109,0,1,
43941,108,108,0,1,
43942,117,117,0,1,
43943,127,127,0,1,
43944,114,114,0,1,
43945,107,107,0,1,
43946,102,102,0,1,
43947,119,119,0,1,
43948,122,122,0,1,
43949,112,112,0,1,
43950,101,101,0,1,
43951,107,107,0,1,
43952,127,127,0,1,
43953,115,115,0,1,
43954,113,113,0,1,
43955,109,109,0,1,
43956,107,107,0,1,
43957,107,107,0,1,
43958,110,110,0,1,
43959,110,110,0,1,
43960,117,117,0,1,
43961,117,117,0,1,
43962,114,114,0,1,
43963,122,122,0,1,
43964,122,122,0,1,
43965,116,116,0,1,
43966,120,120,0,1,
43967,119,119,0,1,
43968,115,115,0,1,
43969,120,120,0,1,
43970,120,120,0,1,
43971,117,117,0,1,
43972,111,111,0,1,
43973,113,113,0,1,
43974,113,113,0,1,
43975,122,122,0,1,
43976,110,110,0,1,
43977,116,116,0,1,
43978,111,111,0,1,
43979,109,109,0,1,
43980,126,126,0,1,
43981,117,117,0,1,
43982,126,126,0,1,
43983,114,114,0,1,
43984,128,128,0,1,
43985,114,114,0,1,
43986,108,108,0,1,
43987,120,120,0,1,
43988,109,109,0,1,
43989,113,113,0,1,
43990,128,128,0,1,
43991,104,104,0,1,
43992,110,110,0,1,
43993,107,107,0,1,
43994,114,114,0,1,
43995,112,112,0,1,
43996,125,125,0,1,
43997,114,114,0,1,
43998,117,117,0,1,
43999,113,113,0,1,
44000,106,106,0,1,
44001,114,114,0,1,
44002,112,112,0,1,
44003,126,126,0,1,
44004,123,123,0,1,
44005,111,111,0,1,
44006,106,106,0,1,
44007,112,112,0,1,
44008,115,115,0,1,
44009,118,118,0,1,
44010,117,117,0,1,
44011,109,109,0,1,
44012,110,110,0,1,
44013,104,104,0,1,
44014,112,112,0,1,
44015,116,116,0,1,
44016,114,114,0,1,
44017,123,123,0,1,
44018,113,113,0,1,
44019,126,126,0,1,
44020,122,122,0,1,
44021,114,114,0,1,
44022,107,107,0,1,
44023,111,111,0,1,
44024,114,114,0,1,
44025,129,129,0,1,
44026,109,109,0,1,
44027,114,114,0,1,
44028,119,119,0,1,
44029,112,112,0,1,
44030,118,118,0,1,
44031,116,116,0,1,
44032,106,106,0,1,
44033,119,119,0,1,
44034,131,131,0,1,
44035,120,120,0,1,
44036,114,114,0,1,
44037,113,113,0,1,
44038,114,114,0,1,
44039,123,123,0,1,
44040,121,121,0,1,
44041,129,129,0,1,
44042,128,128,0,1,
44043,108,108,0,1,
44044,115,115,0,1,
44045,119,119,0,1,
44046,115,115,0,1,
44047,110,110,0,1,
44048,126,126,0,1,
44049,118,118,0,1,
44050,105,105,0,1,
44051,117,117,0,1,
44052,112,112,0,1,
44053,111,111,0,1,
44054,108,108,0,1,
44055,100,100,0,1,
44056,134,134,0,1,
44057,116,116,0,1,
44058,124,124,0,1,
44059,109,109,0,1,
44060,119,119,0,1,
44061,120,120,0,1,
44062,107,107,0,1,
44063,115,115,0,1,
44064,126,126,0,1,
44065,115,115,0,1,
44066,121,121,0,1,
44067,108,108,0,1,
44068,115,115,0,1,
44069,109,109,0,1,
44070,109,109,0,1,
44071,119,119,0,1,
44072,115,115,0,1,
44073,116,116,0,1,
44074,124,124,0,1,
44075,118,118,0,1,
44076,114,114,0,1,
44077,110,110,0,1,
44078,114,114,0,1,
44079,122,122,0,1,
44080,111,111,0,1,
44081,110,110,0,1,
44082,113,113,0,1,
44083,115,115,0,1,
44084,109,109,0,1,
44085,119,119,0,1,
44086,105,105,0,1,
44087,119,119,0,1,
44088,110,110,0,1,
44089,121,121,0,1,
44090,112,112,0,1,
44091,118,118,0,1,
44092,117,117,0,1,
44093,110,110,0,1,
44094,111,111,0,1,
44095,110,110,0,1,
44096,114,114,0,1,
44097,120,120,0,1,
44098,107,107,0,1,
44099,127,127,0,1,
44100,125,125,0,1,
44101,111,111,0,1,
44102,109,109,0,1,
44103,120,120,0,1,
44104,115,115,0,1,
44105,117,117,0,1,
44106,110,110,0,1,
44107,117,117,0,1,
44108,126,126,0,1,
44109,110,110,0,1,
44110,115,115,0,1,
44111,105,105,0,1,
44112,110,110,0,1,
44113,111,111,0,1,
44114,115,115,0,1,
44115,109,109,0,1,
44116,126,126,0,1,
44117,122,122,0,1,
44118,122,122,0,1,
44119,124,124,0,1,
44120,117,117,0,1,
44121,109,109,0,1,
44122,116,116,0,1,
44123,118,118,0,1,
44124,117,117,0,1,
44125,121,121,0,1,
44126,107,107,0,1,
44127,114,114,0,1,
44128,114,114,0,1,
44129,126,126,0,1,
44130,110,110,0,1,
44131,108,108,0,1,
44132,124,124,0,1,
44133,119,119,0,1,
44134,127,127,0,1,
44135,111,111,0,1,
44136,123,123,0,1,
44137,113,113,0,1,
44138,106,106,0,1,
44139,109,109,0,1,
44140,128,128,0,1,
44141,129,129,0,1,
44142,117,117,0,1,
44143,104,104,0,1,
44144,118,118,0,1,
44145,114,114,0,1,
44146,110,110,0,1,
44147,124,124,0,1,
44148,117,117,0,1,
44149,111,111,0,1,
44150,105,105,0,1,
44151,117,117,0,1,
44152,112,112,0,1,
44153,111,111,0,1,
44154,112,112,0,1,
44155,109,109,0,1,
44156,108,108,0,1,
44157,109,109,0,1,
44158,122,122,0,1,
44159,121,121,0,1,
44160,121,121,0,1,
44161,113,113,0,1,
44162,120,120,0,1,
44163,105,105,0,1,
44164,113,113,0,1,
44165,114,114,0,1,
44166,106,106,0,1,
44167,115,115,0,1,
44168,118,118,0,1,
44169,119,119,0,1,
44170,110,110,0,1,
44171,126,126,0,1,
44172,109,109,0,1,
44173,118,118,0,1,
44174,115,115,0,1,
44175,107,107,0,1,
44176,113,113,0,1,
44177,114,114,0,1,
44178,113,113,0,1,
44179,122,122,0,1,
44180,128,128,0,1,
44181,109,109,0,1,
44182,112,112,0,1,
44183,118,118,0,1,
44184,119,119,0,1,
44185,109,109,0,1,
44186,118,118,0,1,
44187,117,117,0,1,
44188,120,120,0,1,
44189,114,114,0,1,
44190,124,124,0,1,
44191,116,116,0,1,
44192,110,110,0,1,
44193,114,114,0,1,
44194,110,110,0,1,
44195,123,123,0,1,
44196,119,119,0,1,
44197,110,110,0,1,
44198,110,110,0,1,
44199,115,115,0,1,
44200,116,116,0,1,
44201,114,114,0,1,
44202,108,108,0,1,
44203,114,114,0,1,
44204,120,120,0,1,
44205,112,112,0,1,
44206,115,115,0,1,
44207,118,118,0,1,
44208,109,109,0,1,
44209,122,122,0,1,
44210,104,104,0,1,
44211,105,105,0,1,
44212,110,110,0,1,
44213,109,109,0,1,
44214,128,128,0,1,
44215,120,120,0,1,
44216,120,120,0,1,
44217,123,123,0,1,
44218,120,120,0,1,
44219,127,127,0,1,
44220,121,121,0,1,
44221,115,115,0,1,
44222,111,111,0,1,
44223,114,114,0,1,
44224,117,117,0,1,
44225,115,115,0,1,
44226,125,125,0,1,
44227,108,108,0,1,
44228,114,114,0,1,
44229,113,113,0,1,
44230,116,116,0,1,
44231,110,110,0,1,
44232,112,112,0,1,
44233,118,118,0,1,
44234,119,119,0,1,
44235,120,120,0,1,
44236,108,108,0,1,
44237,123,123,0,1,
44238,118,118,0,1,
44239,123,123,0,1,
44240,121,121,0,1,
44241,111,111,0,1,
44242,113,113,0,1,
44243,123,123,0,1,
44244,113,113,0,1,
44245,121,121,0,1,
44246,114,114,0,1,
44247,116,116,0,1,
44248,116,116,0,1,
44249,110,110,0,1,
44250,126,126,0,1,
44251,116,116,0,1,
44252,111,111,0,1,
44253,112,112,0,1,
44254,107,107,0,1,
44255,112,112,0,1,
44256,117,117,0,1,
44257,121,121,0,1,
44258,110,110,0,1,
44259,124,124,0,1,
44260,127,127,0,1,
44261,107,107,0,1,
44262,107,107,0,1,
44263,121,121,0,1,
44264,121,121,0,1,
44265,118,118,0,1,
44266,128,128,0,1,
44267,118,118,0,1,
44268,116,116,0,1,
44269,112,112,0,1,
44270,126,126,0,1,
44271,105,105,0,1,
44272,115,115,0,1,
44273,108,108,0,1,
44274,115,115,0,1,
44275,110,110,0,1,
44276,114,114,0,1,
44277,110,110,0,1,
44278,131,131,0,1,
44279,107,107,0,1,
44280,108,108,0,1,
44281,126,126,0,1,
44282,116,116,0,1,
44283,113,113,0,1,
44284,111,111,0,1,
44285,112,112,0,1,
44286,116,116,0,1,
44287,118,118,0,1,
44288,107,107,0,1,
44289,115,115,0,1,
44290,112,112,0,1,
44291,120,120,0,1,
44292,111,111,0,1,
44293,115,115,0,1,
44294,120,120,0,1,
44295,119,119,0,1,
44296,123,123,0,1,
44297,109,109,0,1,
44298,117,117,0,1,
44299,111,111,0,1,
44300,112,112,0,1,
44301,118,118,0,1,
44302,118,118,0,1,
44303,117,117,0,1,
44304,116,116,0,1,
44305,115,115,0,1,
44306,128,128,0,1,
44307,114,114,0,1,
44308,110,110,0,1,
44309,110,110,0,1,
44310,107,107,0,1,
44311,108,108,0,1,
44312,119,119,0,1,
44313,115,115,0,1,
44314,121,121,0,1,
44315,127,127,0,1,
44316,107,107,0,1,
44317,118,118,0,1,
44318,121,121,0,1,
44319,129,129,0,1,
44320,114,114,0,1,
44321,110,110,0,1,
44322,106,106,0,1,
44323,109,109,0,1,
44324,112,112,0,1,
44325,108,108,0,1,
44326,113,113,0,1,
44327,105,105,0,1,
44328,108,108,0,1,
44329,113,113,0,1,
44330,119,119,0,1,
44331,126,126,0,1,
44332,113,113,0,1,
44333,117,117,0,1,
44334,113,113,0,1,
44335,119,119,0,1,
44336,110,110,0,1,
44337,110,110,0,1,
44338,115,115,0,1,
44339,127,127,0,1,
44340,112,112,0,1,
44341,110,110,0,1,
44342,110,110,0,1,
44343,123,123,0,1,
44344,111,111,0,1,
44345,118,118,0,1,
44346,122,122,0,1,
44347,129,129,0,1,
44348,112,112,0,1,
44349,114,114,0,1,
44350,129,129,0,1,
44351,110,110,0,1,
44352,118,118,0,1,
44353,115,115,0,1,
44354,118,118,0,1,
44355,120,120,0,1,
44356,124,124,0,1,
44357,115,115,0,1,
44358,113,113,0,1,
44359,109,109,0,1,
44360,125,125,0,1,
44361,121,121,0,1,
44362,111,111,0,1,
44363,109,109,0,1,
44364,107,107,0,1,
44365,113,113,0,1,
44366,119,119,0,1,
44367,105,105,0,1,
44368,123,123,0,1,
44369,130,130,0,1,
44370,116,116,0,1,
44371,116,116,0,1,
44372,114,114,0,1,
44373,119,119,0,1,
44374,117,117,0,1,
44375,104,104,0,1,
44376,107,107,0,1,
44377,110,110,0,1,
44378,123,123,0,1,
44379,107,107,0,1,
44380,119,119,0,1,
44381,116,116,0,1,
44382,109,109,0,1,
44383,117,117,0,1,
44384,118,118,0,1,
44385,122,122,0,1,
44386,111,111,0,1,
44387,115,115,0,1,
44388,111,111,0,1,
44389,113,113,0,1,
44390,120,120,0,1,
44391,108,108,0,1,
44392,116,116,0,1,
44393,110,110,0,1,
44394,106,106,0,1,
44395,127,127,0,1,
44396,120,120,0,1,
44397,116,116,0,1,
44398,118,118,0,1,
44399,120,120,0,1,
44400,118,118,0,1,
44401,126,126,0,1,
44402,113,113,0,1,
44403,114,114,0,1,
44404,119,119,0,1,
44405,113,113,0,1,
44406,111,111,0,1,
44407,108,108,0,1,
44408,109,109,0,1,
44409,115,115,0,1,
44410,107,107,0,1,
44411,121,121,0,1,
44412,113,113,0,1,
44413,125,125,0,1,
44414,114,114,0,1,
44415,113,113,0,1,
44416,118,118,0,1,
44417,120,120,0,1,
44418,109,109,0,1,
44419,119,119,0,1,
44420,120,120,0,1,
44421,122,122,0,1,
44422,115,115,0,1,
44423,123,123,0,1,
44424,111,111,0,1,
44425,112,112,0,1,
44426,114,114,0,1,
44427,119,119,0,1,
44428,117,117,0,1,
44429,101,101,0,1,
44430,112,112,0,1,
44431,112,112,0,1,
44432,124,124,0,1,
44433,120,120,0,1,
44434,120,120,0,1,
44435,117,117,0,1,
44436,113,113,0,1,
44437,128,128,0,1,
44438,111,111,0,1,
44439,124,124,0,1,
44440,106,106,0,1,
44441,111,111,0,1,
44442,113,113,0,1,
44443,112,112,0,1,
44444,120,120,0,1,
44445,111,111,0,1,
44446,109,109,0,1,
44447,112,112,0,1,
44448,118,118,0,1,
44449,115,115,0,1,
44450,115,115,0,1,
44451,111,111,0,1,
44452,123,123,0,1,
44453,109,109,0,1,
44454,117,117,0,1,
44455,114,114,0,1,
44456,111,111,0,1,
44457,121,121,0,1,
44458,120,120,0,1,
44459,109,109,0,1,
44460,108,108,0,1,
44461,122,122,0,1,
44462,109,109,0,1,
44463,116,116,0,1,
44464,114,114,0,1,
44465,112,112,0,1,
44466,118,118,0,1,
44467,114,114,0,1,
44468,117,117,0,1,
44469,119,119,0,1,
44470,111,111,0,1,
44471,112,112,0,1,
44472,115,115,0,1,
44473,115,115,0,1,
44474,112,112,0,1,
44475,115,115,0,1,
44476,115,115,0,1,
44477,131,131,0,1,
44478,111,111,0,1,
44479,111,111,0,1,
44480,115,115,0,1,
44481,111,111,0,1,
44482,112,112,0,1,
44483,106,106,0,1,
44484,106,106,0,1,
44485,106,106,0,1,
44486,109,109,0,1,
44487,112,112,0,1,
44488,121,121,0,1,
44489,119,119,0,1,
44490,117,117,0,1,
44491,108,108,0,1,
44492,115,115,0,1,
44493,119,119,0,1,
44494,110,110,0,1,
44495,111,111,0,1,
44496,119,119,0,1,
44497,117,117,0,1,
44498,111,111,0,1,
44499,109,109,0,1,
44500,116,116,0,1,
44501,112,112,0,1,
44502,111,111,0,1,
44503,105,105,0,1,
44504,124,124,0,1,
44505,110,110,0,1,
44506,126,126,0,1,
44507,118,118,0,1,
44508,111,111,0,1,
44509,104,104,0,1,
44510,114,114,0,1,
44511,117,117,0,1,
44512,115,115,0,1,
44513,130,130,0,1,
44514,124,124,0,1,
44515,111,111,0,1,
44516,114,114,0,1,
44517,120,120,0,1,
44518,110,110,0,1,
44519,109,109,0,1,
44520,119,119,0,1,
44521,111,111,0,1,
44522,125,125,0,1,
44523,126,126,0,1,
44524,119,119,0,1,
44525,115,115,0,1,
44526,111,111,0,1,
44527,108,108,0,1,
44528,123,123,0,1,
44529,113,113,0,1,
44530,113,113,0,1,
44531,113,113,0,1,
44532,110,110,0,1,
44533,112,112,0,1,
44534,117,117,0,1,
44535,121,121,0,1,
44536,114,114,0,1,
44537,111,111,0,1,
44538,108,108,0,1,
44539,108,108,0,1,
44540,119,119,0,1,
44541,124,124,0,1,
44542,119,119,0,1,
44543,113,113,0,1,
44544,114,114,0,1,
44545,121,121,0,1,
44546,118,118,0,1,
44547,110,110,0,1,
44548,114,114,0,1,
44549,115,115,0,1,
44550,118,118,0,1,
44551,124,124,0,1,
44552,113,113,0,1,
44553,119,119,0,1,
44554,109,109,0,1,
44555,112,112,0,1,
44556,108,108,0,1,
44557,117,117,0,1,
44558,121,121,0,1,
44559,110,110,0,1,
44560,110,110,0,1,
44561,117,117,0,1,
44562,123,123,0,1,
44563,113,113,0,1,
44564,106,106,0,1,
44565,112,112,0,1,
44566,120,120,0,1,
44567,118,118,0,1,
44568,123,123,0,1,
44569,117,117,0,1,
44570,104,104,0,1,
44571,123,123,0,1,
44572,121,121,0,1,
44573,115,115,0,1,
44574,110,110,0,1,
44575,116,116,0,1,
44576,121,121,0,1,
44577,116,116,0,1,
44578,115,115,0,1,
44579,118,118,0,1,
44580,108,108,0,1,
44581,109,109,0,1,
44582,109,109,0,1,
44583,127,127,0,1,
44584,112,112,0,1,
44585,117,117,0,1,
44586,105,105,0,1,
44587,122,122,0,1,
44588,118,118,0,1,
44589,115,115,0,1,
44590,116,116,0,1,
44591,127,127,0,1,
44592,126,126,0,1,
44593,113,113,0,1,
44594,115,115,0,1,
44595,123,123,0,1,
44596,119,119,0,1,
44597,106,106,0,1,
44598,120,120,0,1,
44599,108,108,0,1,
44600,114,114,0,1,
44601,110,110,0,1,
44602,123,123,0,1,
44603,111,111,0,1,
44604,111,111,0,1,
44605,112,112,0,1,
44606,111,111,0,1,
44607,121,121,0,1,
44608,114,114,0,1,
44609,122,122,0,1,
44610,115,115,0,1,
44611,122,122,0,1,
44612,114,114,0,1,
44613,112,112,0,1,
44614,112,112,0,1,
44615,110,110,0,1,
44616,116,116,0,1,
44617,127,127,0,1,
44618,115,115,0,1,
44619,112,112,0,1,
44620,113,113,0,1,
44621,126,126,0,1,
44622,120,120,0,1,
44623,118,118,0,1,
44624,116,116,0,1,
44625,109,109,0,1,
44626,120,120,0,1,
44627,107,107,0,1,
44628,118,118,0,1,
44629,112,112,0,1,
44630,119,119,0,1,
44631,116,116,0,1,
44632,118,118,0,1,
44633,116,116,0,1,
44634,116,116,0,1,
44635,117,117,0,1,
44636,128,128,0,1,
44637,121,121,0,1,
44638,119,119,0,1,
44639,114,114,0,1,
44640,111,111,0,1,
44641,120,120,0,1,
44642,110,110,0,1,
44643,119,119,0,1,
44644,123,123,0,1,
44645,112,112,0,1,
44646,122,122,0,1,
44647,110,110,0,1,
44648,106,106,0,1,
44649,113,113,0,1,
44650,121,121,0,1,
44651,117,117,0,1,
44652,129,129,0,1,
44653,105,105,0,1,
44654,120,120,0,1,
44655,116,116,0,1,
44656,107,107,0,1,
44657,109,109,0,1,
44658,109,109,0,1,
44659,111,111,0,1,
44660,120,120,0,1,
44661,110,110,0,1,
44662,114,114,0,1,
44663,107,107,0,1,
44664,111,111,0,1,
44665,109,109,0,1,
44666,102,102,0,1,
44667,122,122,0,1,
44668,112,112,0,1,
44669,110,110,0,1,
44670,113,113,0,1,
44671,102,102,0,1,
44672,114,114,0,1,
44673,131,131,0,1,
44674,114,114,0,1,
44675,108,108,0,1,
44676,113,113,0,1,
44677,123,123,0,1,
44678,125,125,0,1,
44679,123,123,0,1,
44680,107,107,0,1,
44681,127,127,0,1,
44682,117,117,0,1,
44683,114,114,0,1,
44684,114,114,0,1,
44685,104,104,0,1,
44686,118,118,0,1,
44687,109,109,0,1,
44688,113,113,0,1,
44689,124,124,0,1,
44690,116,116,0,1,
44691,109,109,0,1,
44692,109,109,0,1,
44693,123,123,0,1,
44694,118,118,0,1,
44695,107,107,0,1,
44696,117,117,0,1,
44697,115,115,0,1,
44698,109,109,0,1,
44699,122,122,0,1,
44700,113,113,0,1,
44701,117,117,0,1,
44702,119,119,0,1,
44703,108,108,0,1,
44704,123,123,0,1,
44705,120,120,0,1,
44706,109,109,0,1,
44707,109,109,0,1,
44708,110,110,0,1,
44709,116,116,0,1,
44710,116,116,0,1,
44711,108,108,0,1,
44712,116,116,0,1,
44713,108,108,0,1,
44714,110,110,0,1,
44715,129,129,0,1,
44716,111,111,0,1,
44717,121,121,0,1,
44718,118,118,0,1,
44719,114,114,0,1,
44720,119,119,0,1,
44721,121,121,0,1,
44722,109,109,0,1,
44723,102,102,0,1,
44724,107,107,0,1,
44725,113,113,0,1,
44726,108,108,0,1,
44727,106,106,0,1,
44728,120,120,0,1,
44729,113,113,0,1,
44730,107,107,0,1,
44731,108,108,0,1,
44732,118,118,0,1,
44733,118,118,0,1,
44734,119,119,0,1,
44735,106,106,0,1,
44736,110,110,0,1,
44737,118,118,0,1,
44738,108,108,0,1,
44739,112,112,0,1,
44740,120,120,0,1,
44741,124,124,0,1,
44742,116,116,0,1,
44743,108,108,0,1,
44744,113,113,0,1,
44745,122,122,0,1,
44746,120,120,0,1,
44747,123,123,0,1,
44748,118,118,0,1,
44749,127,127,0,1,
44750,123,123,0,1,
44751,105,105,0,1,
44752,106,106,0,1,
44753,115,115,0,1,
44754,123,123,0,1,
44755,113,113,0,1,
44756,112,112,0,1,
44757,120,120,0,1,
44758,116,116,0,1,
44759,113,113,0,1,
44760,129,129,0,1,
44761,108,108,0,1,
44762,120,120,0,1,
44763,117,117,0,1,
44764,112,112,0,1,
44765,111,111,0,1,
44766,118,118,0,1,
44767,105,105,0,1,
44768,111,111,0,1,
44769,120,120,0,1,
44770,119,119,0,1,
44771,107,107,0,1,
44772,119,119,0,1,
44773,106,106,0,1,
44774,124,124,0,1,
44775,113,113,0,1,
44776,125,125,0,1,
44777,107,107,0,1,
44778,123,123,0,1,
44779,119,119,0,1,
44780,119,119,0,1,
44781,119,119,0,1,
44782,123,123,0,1,
44783,110,110,0,1,
44784,100,100,0,1,
44785,117,117,0,1,
44786,116,116,0,1,
44787,114,114,0,1,
44788,113,113,0,1,
44789,115,115,0,1,
44790,119,119,0,1,
44791,113,113,0,1,
44792,122,122,0,1,
44793,113,113,0,1,
44794,110,110,0,1,
44795,116,116,0,1,
44796,110,110,0,1,
44797,108,108,0,1,
44798,119,119,0,1,
44799,119,119,0,1,
44800,117,117,0,1,
44801,122,122,0,1,
44802,115,115,0,1,
44803,117,117,0,1,
44804,114,114,0,1,
44805,118,118,0,1,
44806,115,115,0,1,
44807,120,120,0,1,
44808,116,116,0,1,
44809,112,112,0,1,
44810,115,115,0,1,
44811,122,122,0,1,
44812,113,113,0,1,
44813,102,102,0,1,
44814,127,127,0,1,
44815,120,120,0,1,
44816,123,123,0,1,
44817,114,114,0,1,
44818,112,112,0,1,
44819,123,123,0,1,
44820,123,123,0,1,
44821,114,114,0,1,
44822,112,112,0,1,
44823,120,120,0,1,
44824,104,104,0,1,
44825,115,115,0,1,
44826,114,114,0,1,
44827,113,113,0,1,
44828,117,117,0,1,
44829,124,124,0,1,
44830,115,115,0,1,
44831,124,124,0,1,
44832,112,112,0,1,
44833,112,112,0,1,
44834,112,112,0,1,
44835,123,123,0,1,
44836,104,104,0,1,
44837,119,119,0,1,
44838,123,123,0,1,
44839,114,114,0,1,
44840,112,112,0,1,
44841,116,116,0,1,
44842,116,116,0,1,
44843,122,122,0,1,
44844,127,127,0,1,
44845,124,124,0,1,
44846,107,107,0,1,
44847,112,112,0,1,
44848,122,122,0,1,
44849,110,110,0,1,
44850,122,122,0,1,
44851,128,128,0,1,
44852,125,125,0,1,
44853,111,111,0,1,
44854,116,116,0,1,
44855,113,113,0,1,
44856,109,109,0,1,
44857,111,111,0,1,
44858,115,115,0,1,
44859,117,117,0,1,
44860,117,117,0,1,
44861,120,120,0,1,
44862,109,109,0,1,
44863,116,116,0,1,
44864,108,108,0,1,
44865,113,113,0,1,
44866,111,111,0,1,
44867,124,124,0,1,
44868,106,106,0,1,
44869,108,108,0,1,
44870,124,124,0,1,
44871,122,122,0,1,
44872,126,126,0,1,
44873,107,107,0,1,
44874,123,123,0,1,
44875,112,112,0,1,
44876,117,117,0,1,
44877,109,109,0,1,
44878,125,125,0,1,
44879,115,115,0,1,
44880,103,103,0,1,
44881,116,116,0,1,
44882,109,109,0,1,
44883,109,109,0,1,
44884,103,103,0,1,
44885,106,106,0,1,
44886,119,119,0,1,
44887,113,113,0,1,
44888,124,124,0,1,
44889,124,124,0,1,
44890,118,118,0,1,
44891,116,116,0,1,
44892,113,113,0,1,
44893,114,114,0,1,
44894,107,107,0,1,
44895,113,113,0,1,
44896,111,111,0,1,
44897,114,114,0,1,
44898,122,122,0,1,
44899,119,119,0,1,
44900,110,110,0,1,
44901,115,115,0,1,
44902,113,113,0,1,
44903,116,116,0,1,
44904,114,114,0,1,
44905,113,113,0,1,
44906,131,131,0,1,
44907,110,110,0,1,
44908,126,126,0,1,
44909,127,127,0,1,
44910,118,118,0,1,
44911,113,113,0,1,
44912,117,117,0,1,
44913,119,119,0,1,
44914,124,124,0,1,
44915,113,113,0,1,
44916,114,114,0,1,
44917,120,120,0,1,
44918,108,108,0,1,
44919,113,113,0,1,
44920,122,122,0,1,
44921,110,110,0,1,
44922,112,112,0,1,
44923,113,113,0,1,
44924,103,103,0,1,
44925,123,123,0,1,
44926,111,111,0,1,
44927,114,114,0,1,
44928,108,108,0,1,
44929,114,114,0,1,
44930,117,117,0,1,
44931,102,102,0,1,
44932,118,118,0,1,
44933,110,110,0,1,
44934,120,120,0,1,
44935,118,118,0,1,
44936,119,119,0,1,
44937,119,119,0,1,
44938,110,110,0,1,
44939,108,108,0,1,
44940,107,107,0,1,
44941,117,117,0,1,
44942,117,117,0,1,
44943,110,110,0,1,
44944,114,114,0,1,
44945,123,123,0,1,
44946,109,109,0,1,
44947,117,117,0,1,
44948,111,111,0,1,
44949,117,117,0,1,
44950,122,122,0,1,
44951,117,117,0,1,
44952,127,127,0,1,
44953,131,131,0,1,
44954,127,127,0,1,
44955,113,113,0,1,
44956,110,110,0,1,
44957,111,111,0,1,
44958,120,120,0,1,
44959,111,111,0,1,
44960,109,109,0,1,
44961,110,110,0,1,
44962,119,119,0,1,
44963,115,115,0,1,
44964,115,115,0,1,
44965,108,108,0,1,
44966,110,110,0,1,
44967,116,116,0,1,
44968,122,122,0,1,
44969,122,122,0,1,
44970,115,115,0,1,
44971,109,109,0,1,
44972,121,121,0,1,
44973,113,113,0,1,
44974,108,108,0,1,
44975,121,121,0,1,
44976,116,116,0,1,
44977,114,114,0,1,
44978,109,109,0,1,
44979,124,124,0,1,
44980,117,117,0,1,
44981,117,117,0,1,
44982,113,113,0,1,
44983,118,118,0,1,
44984,120,120,0,1,
44985,104,104,0,1,
44986,109,109,0,1,
44987,120,120,0,1,
44988,109,109,0,1,
44989,117,117,0,1,
44990,111,111,0,1,
44991,123,123,0,1,
44992,115,115,0,1,
44993,102,102,0,1,
44994,122,122,0,1,
44995,118,118,0,1,
44996,118,118,0,1,
44997,107,107,0,1,
44998,109,109,0,1,
44999,122,122,0,1,
45000,113,113,0,1,
45001,118,118,0,1,
45002,118,118,0,1,
45003,119,119,0,1,
45004,111,111,0,1,
45005,122,122,0,1,
45006,106,106,0,1,
45007,113,113,0,1,
45008,118,118,0,1,
45009,123,123,0,1,
45010,108,108,0,1,
45011,119,119,0,1,
45012,120,120,0,1,
45013,109,109,0,1,
45014,119,119,0,1,
45015,110,110,0,1,
45016,112,112,0,1,
45017,119,119,0,1,
45018,109,109,0,1,
45019,108,108,0,1,
45020,121,121,0,1,
45021,120,120,0,1,
45022,109,109,0,1,
45023,112,112,0,1,
45024,117,117,0,1,
45025,104,104,0,1,
45026,117,117,0,1,
45027,116,116,0,1,
45028,116,116,0,1,
45029,114,114,0,1,
45030,119,119,0,1,
45031,106,106,0,1,
45032,109,109,0,1,
45033,114,114,0,1,
45034,120,120,0,1,
45035,109,109,0,1,
45036,111,111,0,1,
45037,114,114,0,1,
45038,104,104,0,1,
45039,111,111,0,1,
45040,116,116,0,1,
45041,105,105,0,1,
45042,118,118,0,1,
45043,113,113,0,1,
45044,113,113,0,1,
45045,107,107,0,1,
45046,110,110,0,1,
45047,104,104,0,1,
45048,125,125,0,1,
45049,119,119,0,1,
45050,111,111,0,1,
45051,114,114,0,1,
45052,117,117,0,1,
45053,119,119,0,1,
45054,120,120,0,1,
45055,113,113,0,1,
45056,120,120,0,1,
45057,105,105,0,1,
45058,117,117,0,1,
45059,118,118,0,1,
45060,112,112,0,1,
45061,119,119,0,1,
45062,110,110,0,1,
45063,116,116,0,1,
45064,114,114,0,1,
45065,113,113,0,1,
45066,119,119,0,1,
45067,113,113,0,1,
45068,130,130,0,1,
45069,111,111,0,1,
45070,111,111,0,1,
45071,117,117,0,1,
45072,122,122,0,1,
45073,123,123,0,1,
45074,111,111,0,1,
45075,121,121,0,1,
45076,114,114,0,1,
45077,110,110,0,1,
45078,116,116,0,1,
45079,115,115,0,1,
45080,106,106,0,1,
45081,127,127,0,1,
45082,122,122,0,1,
45083,119,119,0,1,
45084,108,108,0,1,
45085,107,107,0,1,
45086,112,112,0,1,
45087,118,118,0,1,
45088,119,119,0,1,
45089,114,114,0,1,
45090,117,117,0,1,
45091,112,112,0,1,
45092,113,113,0,1,
45093,121,121,0,1,
45094,126,126,0,1,
45095,110,110,0,1,
45096,116,116,0,1,
45097,113,113,0,1,
45098,111,111,0,1,
45099,113,113,0,1,
45100,123,123,0,1,
45101,112,112,0,1,
45102,108,108,0,1,
45103,114,114,0,1,
45104,111,111,0,1,
45105,108,108,0,1,
45106,120,120,0,1,
45107,110,110,0,1,
45108,119,119,0,1,
45109,114,114,0,1,
45110,120,120,0,1,
45111,124,124,0,1,
45112,111,111,0,1,
45113,108,108,0,1,
45114,114,114,0,1,
45115,115,115,0,1,
45116,126,126,0,1,
45117,119,119,0,1,
45118,122,122,0,1,
45119,113,113,0,1,
45120,113,113,0,1,
45121,121,121,0,1,
45122,108,108,0,1,
45123,118,118,0,1,
45124,104,104,0,1,
45125,112,112,0,1,
45126,117,117,0,1,
45127,126,126,0,1,
45128,120,120,0,1,
45129,111,111,0,1,
45130,115,115,0,1,
45131,114,114,0,1,
45132,115,115,0,1,
45133,124,124,0,1,
45134,115,115,0,1,
45135,114,114,0,1,
45136,108,108,0,1,
45137,120,120,0,1,
45138,111,111,0,1,
45139,120,120,0,1,
45140,112,112,0,1,
45141,111,111,0,1,
45142,115,115,0,1,
45143,130,130,0,1,
45144,122,122,0,1,
45145,115,115,0,1,
45146,115,115,0,1,
45147,125,125,0,1,
45148,134,134,0,1,
45149,108,108,0,1,
45150,109,109,0,1,
45151,114,114,0,1,
45152,116,116,0,1,
45153,120,120,0,1,
45154,104,104,0,1,
45155,115,115,0,1,
45156,129,129,0,1,
45157,120,120,0,1,
45158,116,116,0,1,
45159,125,125,0,1,
45160,114,114,0,1,
45161,130,130,0,1,
45162,120,120,0,1,
45163,110,110,0,1,
45164,118,118,0,1,
45165,110,110,0,1,
45166,119,119,0,1,
45167,121,121,0,1,
45168,108,108,0,1,
45169,108,108,0,1,
45170,114,114,0,1,
45171,112,112,0,1,
45172,119,119,0,1,
45173,113,113,0,1,
45174,112,112,0,1,
45175,113,113,0,1,
45176,109,109,0,1,
45177,112,112,0,1,
45178,120,120,0,1,
45179,122,122,0,1,
45180,110,110,0,1,
45181,114,114,0,1,
45182,119,119,0,1,
45183,127,127,0,1,
45184,123,123,0,1,
45185,111,111,0,1,
45186,113,113,0,1,
45187,117,117,0,1,
45188,111,111,0,1,
45189,105,105,0,1,
45190,122,122,0,1,
45191,119,119,0,1,
45192,116,116,0,1,
45193,117,117,0,1,
45194,115,115,0,1,
45195,130,130,0,1,
45196,111,111,0,1,
45197,103,103,0,1,
45198,114,114,0,1,
45199,105,105,0,1,
45200,109,109,0,1,
45201,110,110,0,1,
45202,109,109,0,1,
45203,112,112,0,1,
45204,117,117,0,1,
45205,115,115,0,1,
45206,121,121,0,1,
45207,106,106,0,1,
45208,117,117,0,1,
45209,108,108,0,1,
45210,111,111,0,1,
45211,115,115,0,1,
45212,109,109,0,1,
45213,117,117,0,1,
45214,109,109,0,1,
45215,108,108,0,1,
45216,107,107,0,1,
45217,115,115,0,1,
45218,114,114,0,1,
45219,112,112,0,1,
45220,123,123,0,1,
45221,123,123,0,1,
45222,106,106,0,1,
45223,117,117,0,1,
45224,124,124,0,1,
45225,118,118,0,1,
45226,115,115,0,1,
45227,122,122,0,1,
45228,111,111,0,1,
45229,108,108,0,1,
45230,116,116,0,1,
45231,106,106,0,1,
45232,110,110,0,1,
45233,111,111,0,1,
45234,111,111,0,1,
45235,108,108,0,1,
45236,110,110,0,1,
45237,118,118,0,1,
45238,108,108,0,1,
45239,121,121,0,1,
45240,116,116,0,1,
45241,116,116,0,1,
45242,116,116,0,1,
45243,113,113,0,1,
45244,117,117,0,1,
45245,122,122,0,1,
45246,122,122,0,1,
45247,115,115,0,1,
45248,126,126,0,1,
45249,124,124,0,1,
45250,118,118,0,1,
45251,129,129,0,1,
45252,118,118,0,1,
45253,131,131,0,1,
45254,111,111,0,1,
45255,106,106,0,1,
45256,120,120,0,1,
45257,111,111,0,1,
45258,108,108,0,1,
45259,112,112,0,1,
45260,112,112,0,1,
45261,120,120,0,1,
45262,119,119,0,1,
45263,115,115,0,1,
45264,119,119,0,1,
45265,125,125,0,1,
45266,108,108,0,1,
45267,118,118,0,1,
45268,111,111,0,1,
45269,118,118,0,1,
45270,103,103,0,1,
45271,117,117,0,1,
45272,113,113,0,1,
45273,113,113,0,1,
45274,116,116,0,1,
45275,105,105,0,1,
45276,110,110,0,1,
45277,116,116,0,1,
45278,118,118,0,1,
45279,109,109,0,1,
45280,128,128,0,1,
45281,112,112,0,1,
45282,118,118,0,1,
45283,125,125,0,1,
45284,119,119,0,1,
45285,115,115,0,1,
45286,115,115,0,1,
45287,113,113,0,1,
45288,119,119,0,1,
45289,125,125,0,1,
45290,109,109,0,1,
45291,105,105,0,1,
45292,112,112,0,1,
45293,104,104,0,1,
45294,123,123,0,1,
45295,113,113,0,1,
45296,114,114,0,1,
45297,106,106,0,1,
45298,131,131,0,1,
45299,121,121,0,1,
45300,105,105,0,1,
45301,117,117,0,1,
45302,129,129,0,1,
45303,115,115,0,1,
45304,109,109,0,1,
45305,103,103,0,1,
45306,111,111,0,1,
45307,113,113,0,1,
45308,112,112,0,1,
45309,116,116,0,1,
45310,123,123,0,1,
45311,108,108,0,1,
45312,109,109,0,1,
45313,128,128,0,1,
45314,119,119,0,1,
45315,119,119,0,1,
45316,104,104,0,1,
45317,122,122,0,1,
45318,113,113,0,1,
45319,108,108,0,1,
45320,127,127,0,1,
45321,112,112,0,1,
45322,122,122,0,1,
45323,118,118,0,1,
45324,112,112,0,1,
45325,115,115,0,1,
45326,119,119,0,1,
45327,113,113,0,1,
45328,123,123,0,1,
45329,104,104,0,1,
45330,111,111,0,1,
45331,120,120,0,1,
45332,122,122,0,1,
45333,119,119,0,1,
45334,115,115,0,1,
45335,115,115,0,1,
45336,112,112,0,1,
45337,121,121,0,1,
45338,106,106,0,1,
45339,125,125,0,1,
45340,114,114,0,1,
45341,119,119,0,1,
45342,115,115,0,1,
45343,115,115,0,1,
45344,106,106,0,1,
45345,123,123,0,1,
45346,126,126,0,1,
45347,117,117,0,1,
45348,112,112,0,1,
45349,109,109,0,1,
45350,121,121,0,1,
45351,108,108,0,1,
45352,108,108,0,1,
45353,114,114,0,1,
45354,104,104,0,1,
45355,116,116,0,1,
45356,107,107,0,1,
45357,108,108,0,1,
45358,108,108,0,1,
45359,111,111,0,1,
45360,122,122,0,1,
45361,106,106,0,1,
45362,124,124,0,1,
45363,106,106,0,1,
45364,120,120,0,1,
45365,112,112,0,1,
45366,122,122,0,1,
45367,119,119,0,1,
45368,115,115,0,1,
45369,126,126,0,1,
45370,117,117,0,1,
45371,116,116,0,1,
45372,120,120,0,1,
45373,109,109,0,1,
45374,112,112,0,1,
45375,115,115,0,1,
45376,109,109,0,1,
45377,117,117,0,1,
45378,114,114,0,1,
45379,111,111,0,1,
45380,112,112,0,1,
45381,122,122,0,1,
45382,122,122,0,1,
45383,122,122,0,1,
45384,119,119,0,1,
45385,112,112,0,1,
45386,119,119,0,1,
45387,107,107,0,1,
45388,107,107,0,1,
45389,111,111,0,1,
45390,112,112,0,1,
45391,106,106,0,1,
45392,120,120,0,1,
45393,127,127,0,1,
45394,110,110,0,1,
45395,127,127,0,1,
45396,117,117,0,1,
45397,113,113,0,1,
45398,114,114,0,1,
45399,108,108,0,1,
45400,121,121,0,1,
45401,104,104,0,1,
45402,121,121,0,1,
45403,108,108,0,1,
45404,117,117,0,1,
45405,118,118,0,1,
45406,115,115,0,1,
45407,119,119,0,1,
45408,114,114,0,1,
45409,112,112,0,1,
45410,116,116,0,1,
45411,116,116,0,1,
45412,121,121,0,1,
45413,128,128,0,1,
45414,120,120,0,1,
45415,122,122,0,1,
45416,111,111,0,1,
45417,117,117,0,1,
45418,113,113,0,1,
45419,119,119,0,1,
45420,107,107,0,1,
45421,111,111,0,1,
45422,121,121,0,1,
45423,117,117,0,1,
45424,108,108,0,1,
45425,116,116,0,1,
45426,116,116,0,1,
45427,111,111,0,1,
45428,117,117,0,1,
45429,114,114,0,1,
45430,123,123,0,1,
45431,108,108,0,1,
45432,124,124,0,1,
45433,110,110,0,1,
45434,115,115,0,1,
45435,104,104,0,1,
45436,119,119,0,1,
45437,110,110,0,1,
45438,122,122,0,1,
45439,111,111,0,1,
45440,108,108,0,1,
45441,113,113,0,1,
45442,108,108,0,1,
45443,109,109,0,1,
45444,107,107,0,1,
45445,121,121,0,1,
45446,114,114,0,1,
45447,113,113,0,1,
45448,110,110,0,1,
45449,109,109,0,1,
45450,111,111,0,1,
45451,118,118,0,1,
45452,113,113,0,1,
45453,112,112,0,1,
45454,116,116,0,1,
45455,125,125,0,1,
45456,121,121,0,1,
45457,115,115,0,1,
45458,109,109,0,1,
45459,109,109,0,1,
45460,112,112,0,1,
45461,121,121,0,1,
45462,122,122,0,1,
45463,105,105,0,1,
45464,113,113,0,1,
45465,124,124,0,1,
45466,114,114,0,1,
45467,120,120,0,1,
45468,109,109,0,1,
45469,118,118,0,1,
45470,107,107,0,1,
45471,123,123,0,1,
45472,115,115,0,1,
45473,121,121,0,1,
45474,109,109,0,1,
45475,124,124,0,1,
45476,108,108,0,1,
45477,123,123,0,1,
45478,122,122,0,1,
45479,110,110,0,1,
45480,112,112,0,1,
45481,129,129,0,1,
45482,111,111,0,1,
45483,121,121,0,1,
45484,111,111,0,1,
45485,124,124,0,1,
45486,110,110,0,1,
45487,107,107,0,1,
45488,119,119,0,1,
45489,116,116,0,1,
45490,115,115,0,1,
45491,120,120,0,1,
45492,111,111,0,1,
45493,118,118,0,1,
45494,120,120,0,1,
45495,128,128,0,1,
45496,108,108,0,1,
45497,123,123,0,1,
45498,106,106,0,1,
45499,116,116,0,1,
45500,115,115,0,1,
45501,115,115,0,1,
45502,112,112,0,1,
45503,115,115,0,1,
45504,114,114,0,1,
45505,108,108,0,1,
45506,114,114,0,1,
45507,109,109,0,1,
45508,118,118,0,1,
45509,121,121,0,1,
45510,123,123,0,1,
45511,107,107,0,1,
45512,108,108,0,1,
45513,113,113,0,1,
45514,118,118,0,1,
45515,118,118,0,1,
45516,110,110,0,1,
45517,111,111,0,1,
45518,108,108,0,1,
45519,128,128,0,1,
45520,109,109,0,1,
45521,128,128,0,1,
45522,118,118,0,1,
45523,120,120,0,1,
45524,116,116,0,1,
45525,120,120,0,1,
45526,108,108,0,1,
45527,108,108,0,1,
45528,119,119,0,1,
45529,111,111,0,1,
45530,110,110,0,1,
45531,114,114,0,1,
45532,116,116,0,1,
45533,103,103,0,1,
45534,118,118,0,1,
45535,123,123,0,1,
45536,114,114,0,1,
45537,116,116,0,1,
45538,107,107,0,1,
45539,118,118,0,1,
45540,111,111,0,1,
45541,114,114,0,1,
45542,118,118,0,1,
45543,116,116,0,1,
45544,120,120,0,1,
45545,111,111,0,1,
45546,113,113,0,1,
45547,113,113,0,1,
45548,116,116,0,1,
45549,125,125,0,1,
45550,117,117,0,1,
45551,115,115,0,1,
45552,125,125,0,1,
45553,114,114,0,1,
45554,127,127,0,1,
45555,116,116,0,1,
45556,101,101,0,1,
45557,115,115,0,1,
45558,110,110,0,1,
45559,120,120,0,1,
45560,118,118,0,1,
45561,112,112,0,1,
45562,117,117,0,1,
45563,117,117,0,1,
45564,115,115,0,1,
45565,115,115,0,1,
45566,124,124,0,1,
45567,112,112,0,1,
45568,120,120,0,1,
45569,105,105,0,1,
45570,114,114,0,1,
45571,113,113,0,1,
45572,114,114,0,1,
45573,121,121,0,1,
45574,112,112,0,1,
45575,119,119,0,1,
45576,125,125,0,1,
45577,116,116,0,1,
45578,111,111,0,1,
45579,114,114,0,1,
45580,114,114,0,1,
45581,113,113,0,1,
45582,111,111,0,1,
45583,113,113,0,1,
45584,115,115,0,1,
45585,128,128,0,1,
45586,121,121,0,1,
45587,124,124,0,1,
45588,122,122,0,1,
45589,112,112,0,1,
45590,122,122,0,1,
45591,115,115,0,1,
45592,115,115,0,1,
45593,122,122,0,1,
45594,120,120,0,1,
45595,107,107,0,1,
45596,123,123,0,1,
45597,104,104,0,1,
45598,118,118,0,1,
45599,117,117,0,1,
45600,110,110,0,1,
45601,118,118,0,1,
45602,121,121,0,1,
45603,105,105,0,1,
45604,108,108,0,1,
45605,121,121,0,1,
45606,124,124,0,1,
45607,115,115,0,1,
45608,114,114,0,1,
45609,122,122,0,1,
45610,119,119,0,1,
45611,114,114,0,1,
45612,130,130,0,1,
45613,118,118,0,1,
45614,117,117,0,1,
45615,112,112,0,1,
45616,103,103,0,1,
45617,111,111,0,1,
45618,117,117,0,1,
45619,115,115,0,1,
45620,119,119,0,1,
45621,121,121,0,1,
45622,116,116,0,1,
45623,116,116,0,1,
45624,109,109,0,1,
45625,107,107,0,1,
45626,111,111,0,1,
45627,117,117,0,1,
45628,121,121,0,1,
45629,121,121,0,1,
45630,115,115,0,1,
45631,110,110,0,1,
45632,111,111,0,1,
45633,118,118,0,1,
45634,112,112,0,1,
45635,114,114,0,1,
45636,108,108,0,1,
45637,119,119,0,1,
45638,118,118,0,1,
45639,119,119,0,1,
45640,119,119,0,1,
45641,108,108,0,1,
45642,105,105,0,1,
45643,116,116,0,1,
45644,119,119,0,1,
45645,113,113,0,1,
45646,122,122,0,1,
45647,125,125,0,1,
45648,119,119,0,1,
45649,113,113,0,1,
45650,115,115,0,1,
45651,125,125,0,1,
45652,115,115,0,1,
45653,118,118,0,1,
45654,104,104,0,1,
45655,113,113,0,1,
45656,122,122,0,1,
45657,115,115,0,1,
45658,107,107,0,1,
45659,114,114,0,1,
45660,112,112,0,1,
45661,111,111,0,1,
45662,113,113,0,1,
45663,128,128,0,1,
45664,117,117,0,1,
45665,115,115,0,1,
45666,123,123,0,1,
45667,106,106,0,1,
45668,106,106,0,1,
45669,116,116,0,1,
45670,104,104,0,1,
45671,127,127,0,1,
45672,109,109,0,1,
45673,110,110,0,1,
45674,110,110,0,1,
45675,107,107,0,1,
45676,104,104,0,1,
45677,102,102,0,1,
45678,115,115,0,1,
45679,111,111,0,1,
45680,109,109,0,1,
45681,118,118,0,1,
45682,117,117,0,1,
45683,105,105,0,1,
45684,121,121,0,1,
45685,104,104,0,1,
45686,109,109,0,1,
45687,107,107,0,1,
45688,117,117,0,1,
45689,115,115,0,1,
45690,116,116,0,1,
45691,121,121,0,1,
45692,109,109,0,1,
45693,116,116,0,1,
45694,112,112,0,1,
45695,105,105,0,1,
45696,114,114,0,1,
45697,120,120,0,1,
45698,121,121,0,1,
45699,118,118,0,1,
45700,115,115,0,1,
45701,111,111,0,1,
45702,110,110,0,1,
45703,108,108,0,1,
45704,114,114,0,1,
45705,115,115,0,1,
45706,111,111,0,1,
45707,114,114,0,1,
45708,122,122,0,1,
45709,122,122,0,1,
45710,118,118,0,1,
45711,118,118,0,1,
45712,110,110,0,1,
45713,115,115,0,1,
45714,107,107,0,1,
45715,117,117,0,1,
45716,126,126,0,1,
45717,127,127,0,1,
45718,113,113,0,1,
45719,115,115,0,1,
45720,120,120,0,1,
45721,109,109,0,1,
45722,115,115,0,1,
45723,108,108,0,1,
45724,112,112,0,1,
45725,120,120,0,1,
45726,118,118,0,1,
45727,120,120,0,1,
45728,127,127,0,1,
45729,123,123,0,1,
45730,116,116,0,1,
45731,115,115,0,1,
45732,121,121,0,1,
45733,119,119,0,1,
45734,116,116,0,1,
45735,120,120,0,1,
45736,107,107,0,1,
45737,109,109,0,1,
45738,119,119,0,1,
45739,118,118,0,1,
45740,128,128,0,1,
45741,120,120,0,1,
45742,112,112,0,1,
45743,116,116,0,1,
45744,125,125,0,1,
45745,113,113,0,1,
45746,108,108,0,1,
45747,114,114,0,1,
45748,116,116,0,1,
45749,115,115,0,1,
45750,109,109,0,1,
45751,117,117,0,1,
45752,122,122,0,1,
45753,127,127,0,1,
45754,115,115,0,1,
45755,125,125,0,1,
45756,122,122,0,1,
45757,111,111,0,1,
45758,119,119,0,1,
45759,115,115,0,1,
45760,112,112,0,1,
45761,118,118,0,1,
45762,116,116,0,1,
45763,118,118,0,1,
45764,109,109,0,1,
45765,111,111,0,1,
45766,104,104,0,1,
45767,122,122,0,1,
45768,108,108,0,1,
45769,119,119,0,1,
45770,110,110,0,1,
45771,104,104,0,1,
45772,113,113,0,1,
45773,120,120,0,1,
45774,128,128,0,1,
45775,116,116,0,1,
45776,114,114,0,1,
45777,130,130,0,1,
45778,119,119,0,1,
45779,115,115,0,1,
45780,116,116,0,1,
45781,114,114,0,1,
45782,108,108,0,1,
45783,127,127,0,1,
45784,121,121,0,1,
45785,116,116,0,1,
45786,121,121,0,1,
45787,118,118,0,1,
45788,113,113,0,1,
45789,122,122,0,1,
45790,121,121,0,1,
45791,113,113,0,1,
45792,115,115,0,1,
45793,102,102,0,1,
45794,113,113,0,1,
45795,129,129,0,1,
45796,122,122,0,1,
45797,109,109,0,1,
45798,108,108,0,1,
45799,109,109,0,1,
45800,115,115,0,1,
45801,116,116,0,1,
45802,114,114,0,1,
45803,112,112,0,1,
45804,115,115,0,1,
45805,108,108,0,1,
45806,127,127,0,1,
45807,128,128,0,1,
45808,111,111,0,1,
45809,105,105,0,1,
45810,109,109,0,1,
45811,129,129,0,1,
45812,110,110,0,1,
45813,115,115,0,1,
45814,121,121,0,1,
45815,115,115,0,1,
45816,114,114,0,1,
45817,119,119,0,1,
45818,109,109,0,1,
45819,113,113,0,1,
45820,114,114,0,1,
45821,113,113,0,1,
45822,113,113,0,1,
45823,112,112,0,1,
45824,106,106,0,1,
45825,108,108,0,1,
45826,115,115,0,1,
45827,120,120,0,1,
45828,110,110,0,1,
45829,108,108,0,1,
45830,131,131,0,1,
45831,126,126,0,1,
45832,117,117,0,1,
45833,117,117,0,1,
45834,118,118,0,1,
45835,115,115,0,1,
45836,124,124,0,1,
45837,115,115,0,1,
45838,122,122,0,1,
45839,121,121,0,1,
45840,122,122,0,1,
45841,109,109,0,1,
45842,123,123,0,1,
45843,110,110,0,1,
45844,122,122,0,1,
45845,107,107,0,1,
45846,107,107,0,1,
45847,119,119,0,1,
45848,116,116,0,1,
45849,108,108,0,1,
45850,115,115,0,1,
45851,104,104,0,1,
45852,128,128,0,1,
45853,108,108,0,1,
45854,112,112,0,1,
45855,116,116,0,1,
45856,130,130,0,1,
45857,108,108,0,1,
45858,108,108,0,1,
45859,111,111,0,1,
45860,108,108,0,1,
45861,124,124,0,1,
45862,112,112,0,1,
45863,118,118,0,1,
45864,114,114,0,1,
45865,120,120,0,1,
45866,114,114,0,1,
45867,110,110,0,1,
45868,115,115,0,1,
45869,114,114,0,1,
45870,111,111,0,1,
45871,111,111,0,1,
45872,114,114,0,1,
45873,110,110,0,1,
45874,114,114,0,1,
45875,105,105,0,1,
45876,111,111,0,1,
45877,111,111,0,1,
45878,110,110,0,1,
45879,125,125,0,1,
45880,104,104,0,1,
45881,120,120,0,1,
45882,121,121,0,1,
45883,115,115,0,1,
45884,110,110,0,1,
45885,124,124,0,1,
45886,119,119,0,1,
45887,112,112,0,1,
45888,124,124,0,1,
45889,116,116,0,1,
45890,120,120,0,1,
45891,108,108,0,1,
45892,116,116,0,1,
45893,128,128,0,1,
45894,115,115,0,1,
45895,112,112,0,1,
45896,106,106,0,1,
45897,119,119,0,1,
45898,119,119,0,1,
45899,115,115,0,1,
45900,117,117,0,1,
45901,123,123,0,1,
45902,106,106,0,1,
45903,122,122,0,1,
45904,112,112,0,1,
45905,117,117,0,1,
45906,123,123,0,1,
45907,115,115,0,1,
45908,114,114,0,1,
45909,120,120,0,1,
45910,119,119,0,1,
45911,111,111,0,1,
45912,117,117,0,1,
45913,117,117,0,1,
45914,118,118,0,1,
45915,118,118,0,1,
45916,115,115,0,1,
45917,110,110,0,1,
45918,110,110,0,1,
45919,131,131,0,1,
45920,114,114,0,1,
45921,125,125,0,1,
45922,121,121,0,1,
45923,115,115,0,1,
45924,113,113,0,1,
45925,109,109,0,1,
45926,119,119,0,1,
45927,115,115,0,1,
45928,126,126,0,1,
45929,118,118,0,1,
45930,116,116,0,1,
45931,106,106,0,1,
45932,115,115,0,1,
45933,117,117,0,1,
45934,117,117,0,1,
45935,131,131,0,1,
45936,115,115,0,1,
45937,116,116,0,1,
45938,126,126,0,1,
45939,115,115,0,1,
45940,114,114,0,1,
45941,110,110,0,1,
45942,108,108,0,1,
45943,110,110,0,1,
45944,128,128,0,1,
45945,114,114,0,1,
45946,113,113,0,1,
45947,125,125,0,1,
45948,122,122,0,1,
45949,110,110,0,1,
45950,106,106,0,1,
45951,114,114,0,1,
45952,109,109,0,1,
45953,131,131,0,1,
45954,110,110,0,1,
45955,107,107,0,1,
45956,104,104,0,1,
45957,123,123,0,1,
45958,124,124,0,1,
45959,113,113,0,1,
45960,114,114,0,1,
45961,114,114,0,1,
45962,113,113,0,1,
45963,121,121,0,1,
45964,115,115,0,1,
45965,128,128,0,1,
45966,117,117,0,1,
45967,119,119,0,1,
45968,122,122,0,1,
45969,106,106,0,1,
45970,122,122,0,1,
45971,118,118,0,1,
45972,118,118,0,1,
45973,125,125,0,1,
45974,105,105,0,1,
45975,119,119,0,1,
45976,118,118,0,1,
45977,120,120,0,1,
45978,116,116,0,1,
45979,128,128,0,1,
45980,111,111,0,1,
45981,106,106,0,1,
45982,119,119,0,1,
45983,118,118,0,1,
45984,117,117,0,1,
45985,118,118,0,1,
45986,114,114,0,1,
45987,119,119,0,1,
45988,124,124,0,1,
45989,123,123,0,1,
45990,119,119,0,1,
45991,103,103,0,1,
45992,118,118,0,1,
45993,120,120,0,1,
45994,122,122,0,1,
45995,128,128,0,1,
45996,112,112,0,1,
45997,113,113,0,1,
45998,121,121,0,1,
45999,119,119,0,1,
46000,117,117,0,1,
46001,109,109,0,1,
46002,128,128,0,1,
46003,117,117,0,1,
46004,111,111,0,1,
46005,111,111,0,1,
46006,112,112,0,1,
46007,115,115,0,1,
46008,110,110,0,1,
46009,113,113,0,1,
46010,115,115,0,1,
46011,111,111,0,1,
46012,106,106,0,1,
46013,121,121,0,1,
46014,117,117,0,1,
46015,107,107,0,1,
46016,121,121,0,1,
46017,117,117,0,1,
46018,123,123,0,1,
46019,119,119,0,1,
46020,121,121,0,1,
46021,115,115,0,1,
46022,118,118,0,1,
46023,112,112,0,1,
46024,121,121,0,1,
46025,109,109,0,1,
46026,112,112,0,1,
46027,106,106,0,1,
46028,114,114,0,1,
46029,112,112,0,1,
46030,111,111,0,1,
46031,120,120,0,1,
46032,123,123,0,1,
46033,115,115,0,1,
46034,121,121,0,1,
46035,120,120,0,1,
46036,112,112,0,1,
46037,124,124,0,1,
46038,116,116,0,1,
46039,113,113,0,1,
46040,121,121,0,1,
46041,115,115,0,1,
46042,120,120,0,1,
46043,124,124,0,1,
46044,117,117,0,1,
46045,117,117,0,1,
46046,112,112,0,1,
46047,121,121,0,1,
46048,121,121,0,1,
46049,113,113,0,1,
46050,115,115,0,1,
46051,106,106,0,1,
46052,117,117,0,1,
46053,106,106,0,1,
46054,112,112,0,1,
46055,113,113,0,1,
46056,118,118,0,1,
46057,128,128,0,1,
46058,118,118,0,1,
46059,107,107,0,1,
46060,105,105,0,1,
46061,110,110,0,1,
46062,125,125,0,1,
46063,111,111,0,1,
46064,111,111,0,1,
46065,119,119,0,1,
46066,108,108,0,1,
46067,119,119,0,1,
46068,114,114,0,1,
46069,124,124,0,1,
46070,110,110,0,1,
46071,106,106,0,1,
46072,111,111,0,1,
46073,113,113,0,1,
46074,124,124,0,1,
46075,120,120,0,1,
46076,114,114,0,1,
46077,117,117,0,1,
46078,123,123,0,1,
46079,117,117,0,1,
46080,115,115,0,1,
46081,110,110,0,1,
46082,108,108,0,1,
46083,118,118,0,1,
46084,115,115,0,1,
46085,108,108,0,1,
46086,109,109,0,1,
46087,105,105,0,1,
46088,124,124,0,1,
46089,113,113,0,1,
46090,104,104,0,1,
46091,112,112,0,1,
46092,121,121,0,1,
46093,117,117,0,1,
46094,115,115,0,1,
46095,122,122,0,1,
46096,112,112,0,1,
46097,119,119,0,1,
46098,110,110,0,1,
46099,106,106,0,1,
46100,112,112,0,1,
46101,107,107,0,1,
46102,115,115,0,1,
46103,120,120,0,1,
46104,105,105,0,1,
46105,107,107,0,1,
46106,122,122,0,1,
46107,114,114,0,1,
46108,124,124,0,1,
46109,115,115,0,1,
46110,111,111,0,1,
46111,116,116,0,1,
46112,116,116,0,1,
46113,107,107,0,1,
46114,113,113,0,1,
46115,119,119,0,1,
46116,119,119,0,1,
46117,118,118,0,1,
46118,116,116,0,1,
46119,110,110,0,1,
46120,108,108,0,1,
46121,113,113,0,1,
46122,120,120,0,1,
46123,109,109,0,1,
46124,107,107,0,1,
46125,121,121,0,1,
46126,104,104,0,1,
46127,122,122,0,1,
46128,113,113,0,1,
46129,112,112,0,1,
46130,120,120,0,1,
46131,126,126,0,1,
46132,112,112,0,1,
46133,117,117,0,1,
46134,123,123,0,1,
46135,113,113,0,1,
46136,123,123,0,1,
46137,107,107,0,1,
46138,104,104,0,1,
46139,118,118,0,1,
46140,107,107,0,1,
46141,130,130,0,1,
46142,116,116,0,1,
46143,126,126,0,1,
46144,116,116,0,1,
46145,116,116,0,1,
46146,103,103,0,1,
46147,108,108,0,1,
46148,107,107,0,1,
46149,120,120,0,1,
46150,118,118,0,1,
46151,108,108,0,1,
46152,110,110,0,1,
46153,106,106,0,1,
46154,102,102,0,1,
46155,128,128,0,1,
46156,121,121,0,1,
46157,108,108,0,1,
46158,102,102,0,1,
46159,115,115,0,1,
46160,117,117,0,1,
46161,113,113,0,1,
46162,114,114,0,1,
46163,111,111,0,1,
46164,115,115,0,1,
46165,108,108,0,1,
46166,116,116,0,1,
46167,112,112,0,1,
46168,115,115,0,1,
46169,110,110,0,1,
46170,112,112,0,1,
46171,119,119,0,1,
46172,122,122,0,1,
46173,111,111,0,1,
46174,115,115,0,1,
46175,127,127,0,1,
46176,105,105,0,1,
46177,113,113,0,1,
46178,128,128,0,1,
46179,123,123,0,1,
46180,124,124,0,1,
46181,115,115,0,1,
46182,124,124,0,1,
46183,111,111,0,1,
46184,114,114,0,1,
46185,119,119,0,1,
46186,114,114,0,1,
46187,116,116,0,1,
46188,120,120,0,1,
46189,117,117,0,1,
46190,116,116,0,1,
46191,110,110,0,1,
46192,121,121,0,1,
46193,109,109,0,1,
46194,111,111,0,1,
46195,113,113,0,1,
46196,109,109,0,1,
46197,116,116,0,1,
46198,119,119,0,1,
46199,108,108,0,1,
46200,107,107,0,1,
46201,111,111,0,1,
46202,123,123,0,1,
46203,110,110,0,1,
46204,107,107,0,1,
46205,113,113,0,1,
46206,107,107,0,1,
46207,113,113,0,1,
46208,122,122,0,1,
46209,118,118,0,1,
46210,124,124,0,1,
46211,114,114,0,1,
46212,122,122,0,1,
46213,112,112,0,1,
46214,107,107,0,1,
46215,108,108,0,1,
46216,118,118,0,1,
46217,120,120,0,1,
46218,118,118,0,1,
46219,113,113,0,1,
46220,125,125,0,1,
46221,116,116,0,1,
46222,106,106,0,1,
46223,106,106,0,1,
46224,105,105,0,1,
46225,112,112,0,1,
46226,111,111,0,1,
46227,114,114,0,1,
46228,115,115,0,1,
46229,125,125,0,1,
46230,109,109,0,1,
46231,126,126,0,1,
46232,108,108,0,1,
46233,112,112,0,1,
46234,123,123,0,1,
46235,113,113,0,1,
46236,108,108,0,1,
46237,114,114,0,1,
46238,108,108,0,1,
46239,119,119,0,1,
46240,114,114,0,1,
46241,118,118,0,1,
46242,108,108,0,1,
46243,120,120,0,1,
46244,116,116,0,1,
46245,117,117,0,1,
46246,117,117,0,1,
46247,117,117,0,1,
46248,113,113,0,1,
46249,111,111,0,1,
46250,120,120,0,1,
46251,114,114,0,1,
46252,124,124,0,1,
46253,130,130,0,1,
46254,109,109,0,1,
46255,112,112,0,1,
46256,115,115,0,1,
46257,115,115,0,1,
46258,119,119,0,1,
46259,116,116,0,1,
46260,115,115,0,1,
46261,113,113,0,1,
46262,113,113,0,1,
46263,108,108,0,1,
46264,126,126,0,1,
46265,115,115,0,1,
46266,122,122,0,1,
46267,117,117,0,1,
46268,123,123,0,1,
46269,113,113,0,1,
46270,117,117,0,1,
46271,120,120,0,1,
46272,121,121,0,1,
46273,125,125,0,1,
46274,112,112,0,1,
46275,119,119,0,1,
46276,117,117,0,1,
46277,118,118,0,1,
46278,121,121,0,1,
46279,107,107,0,1,
46280,118,118,0,1,
46281,119,119,0,1,
46282,109,109,0,1,
46283,114,114,0,1,
46284,113,113,0,1,
46285,126,126,0,1,
46286,118,118,0,1,
46287,119,119,0,1,
46288,114,114,0,1,
46289,118,118,0,1,
46290,115,115,0,1,
46291,115,115,0,1,
46292,115,115,0,1,
46293,107,107,0,1,
46294,110,110,0,1,
46295,115,115,0,1,
46296,117,117,0,1,
46297,127,127,0,1,
46298,115,115,0,1,
46299,119,119,0,1,
46300,115,115,0,1,
46301,107,107,0,1,
46302,114,114,0,1,
46303,112,112,0,1,
46304,126,126,0,1,
46305,121,121,0,1,
46306,116,116,0,1,
46307,123,123,0,1,
46308,108,108,0,1,
46309,119,119,0,1,
46310,114,114,0,1,
46311,124,124,0,1,
46312,112,112,0,1,
46313,112,112,0,1,
46314,127,127,0,1,
46315,117,117,0,1,
46316,107,107,0,1,
46317,114,114,0,1,
46318,113,113,0,1,
46319,114,114,0,1,
46320,117,117,0,1,
46321,111,111,0,1,
46322,124,124,0,1,
46323,117,117,0,1,
46324,117,117,0,1,
46325,112,112,0,1,
46326,112,112,0,1,
46327,115,115,0,1,
46328,113,113,0,1,
46329,107,107,0,1,
46330,119,119,0,1,
46331,118,118,0,1,
46332,122,122,0,1,
46333,116,116,0,1,
46334,129,129,0,1,
46335,123,123,0,1,
46336,124,124,0,1,
46337,124,124,0,1,
46338,123,123,0,1,
46339,123,123,0,1,
46340,119,119,0,1,
46341,113,113,0,1,
46342,118,118,0,1,
46343,114,114,0,1,
46344,111,111,0,1,
46345,118,118,0,1,
46346,107,107,0,1,
46347,110,110,0,1,
46348,119,119,0,1,
46349,119,119,0,1,
46350,106,106,0,1,
46351,107,107,0,1,
46352,124,124,0,1,
46353,113,113,0,1,
46354,119,119,0,1,
46355,129,129,0,1,
46356,119,119,0,1,
46357,116,116,0,1,
46358,113,113,0,1,
46359,109,109,0,1,
46360,109,109,0,1,
46361,104,104,0,1,
46362,110,110,0,1,
46363,114,114,0,1,
46364,119,119,0,1,
46365,118,118,0,1,
46366,108,108,0,1,
46367,114,114,0,1,
46368,107,107,0,1,
46369,107,107,0,1,
46370,117,117,0,1,
46371,113,113,0,1,
46372,116,116,0,1,
46373,124,124,0,1,
46374,110,110,0,1,
46375,122,122,0,1,
46376,112,112,0,1,
46377,105,105,0,1,
46378,120,120,0,1,
46379,117,117,0,1,
46380,109,109,0,1,
46381,104,104,0,1,
46382,108,108,0,1,
46383,122,122,0,1,
46384,111,111,0,1,
46385,119,119,0,1,
46386,115,115,0,1,
46387,112,112,0,1,
46388,125,125,0,1,
46389,99,99,0,1,
46390,107,107,0,1,
46391,119,119,0,1,
46392,112,112,0,1,
46393,112,112,0,1,
46394,115,115,0,1,
46395,122,122,0,1,
46396,125,125,0,1,
46397,122,122,0,1,
46398,119,119,0,1,
46399,114,114,0,1,
46400,102,102,0,1,
46401,119,119,0,1,
46402,111,111,0,1,
46403,111,111,0,1,
46404,110,110,0,1,
46405,109,109,0,1,
46406,138,138,0,1,
46407,119,119,0,1,
46408,106,106,0,1,
46409,109,109,0,1,
46410,114,114,0,1,
46411,104,104,0,1,
46412,117,117,0,1,
46413,122,122,0,1,
46414,122,122,0,1,
46415,122,122,0,1,
46416,116,116,0,1,
46417,123,123,0,1,
46418,105,105,0,1,
46419,119,119,0,1,
46420,102,102,0,1,
46421,122,122,0,1,
46422,107,107,0,1,
46423,112,112,0,1,
46424,110,110,0,1,
46425,119,119,0,1,
46426,130,130,0,1,
46427,116,116,0,1,
46428,126,126,0,1,
46429,115,115,0,1,
46430,118,118,0,1,
46431,118,118,0,1,
46432,116,116,0,1,
46433,113,113,0,1,
46434,108,108,0,1,
46435,109,109,0,1,
46436,117,117,0,1,
46437,112,112,0,1,
46438,112,112,0,1,
46439,111,111,0,1,
46440,104,104,0,1,
46441,114,114,0,1,
46442,111,111,0,1,
46443,115,115,0,1,
46444,108,108,0,1,
46445,132,132,0,1,
46446,118,118,0,1,
46447,109,109,0,1,
46448,111,111,0,1,
46449,112,112,0,1,
46450,116,116,0,1,
46451,117,117,0,1,
46452,112,112,0,1,
46453,117,117,0,1,
46454,106,106,0,1,
46455,115,115,0,1,
46456,112,112,0,1,
46457,111,111,0,1,
46458,114,114,0,1,
46459,113,113,0,1,
46460,111,111,0,1,
46461,117,117,0,1,
46462,130,130,0,1,
46463,110,110,0,1,
46464,114,114,0,1,
46465,114,114,0,1,
46466,129,129,0,1,
46467,113,113,0,1,
46468,116,116,0,1,
46469,125,125,0,1,
46470,118,118,0,1,
46471,113,113,0,1,
46472,113,113,0,1,
46473,111,111,0,1,
46474,110,110,0,1,
46475,117,117,0,1,
46476,116,116,0,1,
46477,116,116,0,1,
46478,109,109,0,1,
46479,110,110,0,1,
46480,128,128,0,1,
46481,106,106,0,1,
46482,114,114,0,1,
46483,117,117,0,1,
46484,123,123,0,1,
46485,113,113,0,1,
46486,125,125,0,1,
46487,103,103,0,1,
46488,108,108,0,1,
46489,117,117,0,1,
46490,120,120,0,1,
46491,115,115,0,1,
46492,115,115,0,1,
46493,133,133,0,1,
46494,108,108,0,1,
46495,124,124,0,1,
46496,109,109,0,1,
46497,108,108,0,1,
46498,111,111,0,1,
46499,116,116,0,1,
46500,116,116,0,1,
46501,116,116,0,1,
46502,113,113,0,1,
46503,113,113,0,1,
46504,112,112,0,1,
46505,111,111,0,1,
46506,110,110,0,1,
46507,107,107,0,1,
46508,111,111,0,1,
46509,107,107,0,1,
46510,105,105,0,1,
46511,111,111,0,1,
46512,121,121,0,1,
46513,112,112,0,1,
46514,116,116,0,1,
46515,114,114,0,1,
46516,104,104,0,1,
46517,123,123,0,1,
46518,104,104,0,1,
46519,105,105,0,1,
46520,130,130,0,1,
46521,110,110,0,1,
46522,123,123,0,1,
46523,123,123,0,1,
46524,113,113,0,1,
46525,115,115,0,1,
46526,125,125,0,1,
46527,115,115,0,1,
46528,111,111,0,1,
46529,115,115,0,1,
46530,117,117,0,1,
46531,118,118,0,1,
46532,118,118,0,1,
46533,115,115,0,1,
46534,111,111,0,1,
46535,129,129,0,1,
46536,103,103,0,1,
46537,120,120,0,1,
46538,119,119,0,1,
46539,125,125,0,1,
46540,119,119,0,1,
46541,110,110,0,1,
46542,109,109,0,1,
46543,115,115,0,1,
46544,116,116,0,1,
46545,120,120,0,1,
46546,112,112,0,1,
46547,118,118,0,1,
46548,118,118,0,1,
46549,115,115,0,1,
46550,119,119,0,1,
46551,109,109,0,1,
46552,115,115,0,1,
46553,120,120,0,1,
46554,112,112,0,1,
46555,108,108,0,1,
46556,125,125,0,1,
46557,111,111,0,1,
46558,109,109,0,1,
46559,124,124,0,1,
46560,111,111,0,1,
46561,118,118,0,1,
46562,110,110,0,1,
46563,113,113,0,1,
46564,127,127,0,1,
46565,126,126,0,1,
46566,122,122,0,1,
46567,116,116,0,1,
46568,116,116,0,1,
46569,124,124,0,1,
46570,122,122,0,1,
46571,122,122,0,1,
46572,104,104,0,1,
46573,107,107,0,1,
46574,120,120,0,1,
46575,112,112,0,1,
46576,111,111,0,1,
46577,126,126,0,1,
46578,124,124,0,1,
46579,114,114,0,1,
46580,110,110,0,1,
46581,114,114,0,1,
46582,114,114,0,1,
46583,114,114,0,1,
46584,113,113,0,1,
46585,107,107,0,1,
46586,121,121,0,1,
46587,127,127,0,1,
46588,118,118,0,1,
46589,112,112,0,1,
46590,118,118,0,1,
46591,110,110,0,1,
46592,109,109,0,1,
46593,112,112,0,1,
46594,112,112,0,1,
46595,108,108,0,1,
46596,106,106,0,1,
46597,104,104,0,1,
46598,110,110,0,1,
46599,120,120,0,1,
46600,114,114,0,1,
46601,108,108,0,1,
46602,116,116,0,1,
46603,120,120,0,1,
46604,121,121,0,1,
46605,126,126,0,1,
46606,123,123,0,1,
46607,111,111,0,1,
46608,113,113,0,1,
46609,116,116,0,1,
46610,113,113,0,1,
46611,109,109,0,1,
46612,115,115,0,1,
46613,112,112,0,1,
46614,119,119,0,1,
46615,123,123,0,1,
46616,127,127,0,1,
46617,119,119,0,1,
46618,122,122,0,1,
46619,123,123,0,1,
46620,126,126,0,1,
46621,125,125,0,1,
46622,111,111,0,1,
46623,123,123,0,1,
46624,112,112,0,1,
46625,108,108,0,1,
46626,117,117,0,1,
46627,121,121,0,1,
46628,113,113,0,1,
46629,128,128,0,1,
46630,116,116,0,1,
46631,118,118,0,1,
46632,119,119,0,1,
46633,128,128,0,1,
46634,113,113,0,1,
46635,116,116,0,1,
46636,123,123,0,1,
46637,109,109,0,1,
46638,117,117,0,1,
46639,118,118,0,1,
46640,108,108,0,1,
46641,117,117,0,1,
46642,114,114,0,1,
46643,115,115,0,1,
46644,116,116,0,1,
46645,115,115,0,1,
46646,127,127,0,1,
46647,118,118,0,1,
46648,106,106,0,1,
46649,106,106,0,1,
46650,112,112,0,1,
46651,120,120,0,1,
46652,107,107,0,1,
46653,114,114,0,1,
46654,119,119,0,1,
46655,115,115,0,1,
46656,106,106,0,1,
46657,124,124,0,1,
46658,106,106,0,1,
46659,108,108,0,1,
46660,114,114,0,1,
46661,106,106,0,1,
46662,108,108,0,1,
46663,115,115,0,1,
46664,115,115,0,1,
46665,113,113,0,1,
46666,120,120,0,1,
46667,118,118,0,1,
46668,113,113,0,1,
46669,122,122,0,1,
46670,120,120,0,1,
46671,106,106,0,1,
46672,117,117,0,1,
46673,106,106,0,1,
46674,117,117,0,1,
46675,127,127,0,1,
46676,108,108,0,1,
46677,115,115,0,1,
46678,116,116,0,1,
46679,124,124,0,1,
46680,113,113,0,1,
46681,113,113,0,1,
46682,113,113,0,1,
46683,125,125,0,1,
46684,110,110,0,1,
46685,114,114,0,1,
46686,128,128,0,1,
46687,116,116,0,1,
46688,111,111,0,1,
46689,111,111,0,1,
46690,112,112,0,1,
46691,121,121,0,1,
46692,105,105,0,1,
46693,118,118,0,1,
46694,118,118,0,1,
46695,111,111,0,1,
46696,115,115,0,1,
46697,106,106,0,1,
46698,110,110,0,1,
46699,116,116,0,1,
46700,108,108,0,1,
46701,113,113,0,1,
46702,116,116,0,1,
46703,117,117,0,1,
46704,126,126,0,1,
46705,113,113,0,1,
46706,113,113,0,1,
46707,123,123,0,1,
46708,107,107,0,1,
46709,120,120,0,1,
46710,115,115,0,1,
46711,104,104,0,1,
46712,112,112,0,1,
46713,113,113,0,1,
46714,106,106,0,1,
46715,114,114,0,1,
46716,111,111,0,1,
46717,129,129,0,1,
46718,118,118,0,1,
46719,111,111,0,1,
46720,107,107,0,1,
46721,125,125,0,1,
46722,117,117,0,1,
46723,113,113,0,1,
46724,120,120,0,1,
46725,109,109,0,1,
46726,126,126,0,1,
46727,118,118,0,1,
46728,108,108,0,1,
46729,117,117,0,1,
46730,118,118,0,1,
46731,111,111,0,1,
46732,118,118,0,1,
46733,111,111,0,1,
46734,107,107,0,1,
46735,125,125,0,1,
46736,113,113,0,1,
46737,107,107,0,1,
46738,118,118,0,1,
46739,105,105,0,1,
46740,117,117,0,1,
46741,121,121,0,1,
46742,120,120,0,1,
46743,122,122,0,1,
46744,110,110,0,1,
46745,128,128,0,1,
46746,127,127,0,1,
46747,108,108,0,1,
46748,111,111,0,1,
46749,114,114,0,1,
46750,121,121,0,1,
46751,113,113,0,1,
46752,112,112,0,1,
46753,104,104,0,1,
46754,110,110,0,1,
46755,115,115,0,1,
46756,109,109,0,1,
46757,115,115,0,1,
46758,111,111,0,1,
46759,107,107,0,1,
46760,119,119,0,1,
46761,123,123,0,1,
46762,115,115,0,1,
46763,108,108,0,1,
46764,113,113,0,1,
46765,109,109,0,1,
46766,115,115,0,1,
46767,129,129,0,1,
46768,115,115,0,1,
46769,103,103,0,1,
46770,112,112,0,1,
46771,113,113,0,1,
46772,124,124,0,1,
46773,118,118,0,1,
46774,108,108,0,1,
46775,109,109,0,1,
46776,108,108,0,1,
46777,113,113,0,1,
46778,114,114,0,1,
46779,106,106,0,1,
46780,117,117,0,1,
46781,107,107,0,1,
46782,123,123,0,1,
46783,108,108,0,1,
46784,122,122,0,1,
46785,131,131,0,1,
46786,108,108,0,1,
46787,121,121,0,1,
46788,116,116,0,1,
46789,110,110,0,1,
46790,121,121,0,1,
46791,107,107,0,1,
46792,111,111,0,1,
46793,105,105,0,1,
46794,109,109,0,1,
46795,122,122,0,1,
46796,115,115,0,1,
46797,115,115,0,1,
46798,117,117,0,1,
46799,116,116,0,1,
46800,116,116,0,1,
46801,109,109,0,1,
46802,122,122,0,1,
46803,120,120,0,1,
46804,113,113,0,1,
46805,115,115,0,1,
46806,124,124,0,1,
46807,110,110,0,1,
46808,116,116,0,1,
46809,127,127,0,1,
46810,128,128,0,1,
46811,118,118,0,1,
46812,105,105,0,1,
46813,113,113,0,1,
46814,123,123,0,1,
46815,118,118,0,1,
46816,112,112,0,1,
46817,126,126,0,1,
46818,109,109,0,1,
46819,115,115,0,1,
46820,105,105,0,1,
46821,127,127,0,1,
46822,105,105,0,1,
46823,119,119,0,1,
46824,118,118,0,1,
46825,109,109,0,1,
46826,118,118,0,1,
46827,115,115,0,1,
46828,104,104,0,1,
46829,107,107,0,1,
46830,109,109,0,1,
46831,120,120,0,1,
46832,109,109,0,1,
46833,117,117,0,1,
46834,112,112,0,1,
46835,112,112,0,1,
46836,115,115,0,1,
46837,120,120,0,1,
46838,121,121,0,1,
46839,122,122,0,1,
46840,113,113,0,1,
46841,119,119,0,1,
46842,112,112,0,1,
46843,103,103,0,1,
46844,111,111,0,1,
46845,125,125,0,1,
46846,111,111,0,1,
46847,109,109,0,1,
46848,116,116,0,1,
46849,117,117,0,1,
46850,116,116,0,1,
46851,114,114,0,1,
46852,121,121,0,1,
46853,114,114,0,1,
46854,120,120,0,1,
46855,113,113,0,1,
46856,109,109,0,1,
46857,130,130,0,1,
46858,117,117,0,1,
46859,125,125,0,1,
46860,109,109,0,1,
46861,114,114,0,1,
46862,120,120,0,1,
46863,115,115,0,1,
46864,112,112,0,1,
46865,118,118,0,1,
46866,121,121,0,1,
46867,125,125,0,1,
46868,108,108,0,1,
46869,117,117,0,1,
46870,117,117,0,1,
46871,114,114,0,1,
46872,116,116,0,1,
46873,113,113,0,1,
46874,128,128,0,1,
46875,113,113,0,1,
46876,120,120,0,1,
46877,111,111,0,1,
46878,100,100,0,1,
46879,106,106,0,1,
46880,118,118,0,1,
46881,123,123,0,1,
46882,111,111,0,1,
46883,117,117,0,1,
46884,105,105,0,1,
46885,125,125,0,1,
46886,117,117,0,1,
46887,121,121,0,1,
46888,104,104,0,1,
46889,113,113,0,1,
46890,109,109,0,1,
46891,120,120,0,1,
46892,116,116,0,1,
46893,108,108,0,1,
46894,107,107,0,1,
46895,109,109,0,1,
46896,111,111,0,1,
46897,115,115,0,1,
46898,115,115,0,1,
46899,128,128,0,1,
46900,111,111,0,1,
46901,117,117,0,1,
46902,118,118,0,1,
46903,116,116,0,1,
46904,117,117,0,1,
46905,101,101,0,1,
46906,132,132,0,1,
46907,120,120,0,1,
46908,112,112,0,1,
46909,122,122,0,1,
46910,109,109,0,1,
46911,114,114,0,1,
46912,111,111,0,1,
46913,118,118,0,1,
46914,118,118,0,1,
46915,110,110,0,1,
46916,120,120,0,1,
46917,119,119,0,1,
46918,116,116,0,1,
46919,113,113,0,1,
46920,105,105,0,1,
46921,111,111,0,1,
46922,115,115,0,1,
46923,123,123,0,1,
46924,115,115,0,1,
46925,116,116,0,1,
46926,121,121,0,1,
46927,113,113,0,1,
46928,126,126,0,1,
46929,118,118,0,1,
46930,122,122,0,1,
46931,112,112,0,1,
46932,113,113,0,1,
46933,113,113,0,1,
46934,108,108,0,1,
46935,116,116,0,1,
46936,111,111,0,1,
46937,120,120,0,1,
46938,110,110,0,1,
46939,111,111,0,1,
46940,106,106,0,1,
46941,124,124,0,1,
46942,113,113,0,1,
46943,111,111,0,1,
46944,123,123,0,1,
46945,119,119,0,1,
46946,109,109,0,1,
46947,114,114,0,1,
46948,111,111,0,1,
46949,131,131,0,1,
46950,116,116,0,1,
46951,126,126,0,1,
46952,107,107,0,1,
46953,105,105,0,1,
46954,122,122,0,1,
46955,110,110,0,1,
46956,119,119,0,1,
46957,113,113,0,1,
46958,116,116,0,1,
46959,109,109,0,1,
46960,114,114,0,1,
46961,112,112,0,1,
46962,115,115,0,1,
46963,104,104,0,1,
46964,106,106,0,1,
46965,132,132,0,1,
46966,115,115,0,1,
46967,124,124,0,1,
46968,121,121,0,1,
46969,106,106,0,1,
46970,115,115,0,1,
46971,126,126,0,1,
46972,119,119,0,1,
46973,114,114,0,1,
46974,123,123,0,1,
46975,106,106,0,1,
46976,115,115,0,1,
46977,115,115,0,1,
46978,120,120,0,1,
46979,122,122,0,1,
46980,105,105,0,1,
46981,105,105,0,1,
46982,119,119,0,1,
46983,110,110,0,1,
46984,116,116,0,1,
46985,122,122,0,1,
46986,112,112,0,1,
46987,120,120,0,1,
46988,121,121,0,1,
46989,107,107,0,1,
46990,107,107,0,1,
46991,124,124,0,1,
46992,111,111,0,1,
46993,124,124,0,1,
46994,120,120,0,1,
46995,117,117,0,1,
46996,107,107,0,1,
46997,116,116,0,1,
46998,119,119,0,1,
46999,118,118,0,1,
47000,104,104,0,1,
47001,123,123,0,1,
47002,107,107,0,1,
47003,114,114,0,1,
47004,115,115,0,1,
47005,117,117,0,1,
47006,123,123,0,1,
47007,126,126,0,1,
47008,126,126,0,1,
47009,113,113,0,1,
47010,110,110,0,1,
47011,112,112,0,1,
47012,116,116,0,1,
47013,119,119,0,1,
47014,107,107,0,1,
47015,116,116,0,1,
47016,114,114,0,1,
47017,115,115,0,1,
47018,110,110,0,1,
47019,126,126,0,1,
47020,114,114,0,1,
47021,111,111,0,1,
47022,122,122,0,1,
47023,119,119,0,1,
47024,110,110,0,1,
47025,121,121,0,1,
47026,119,119,0,1,
47027,115,115,0,1,
47028,108,108,0,1,
47029,115,115,0,1,
47030,124,124,0,1,
47031,124,124,0,1,
47032,114,114,0,1,
47033,119,119,0,1,
47034,112,112,0,1,
47035,108,108,0,1,
47036,112,112,0,1,
47037,118,118,0,1,
47038,119,119,0,1,
47039,116,116,0,1,
47040,111,111,0,1,
47041,112,112,0,1,
47042,104,104,0,1,
47043,117,117,0,1,
47044,110,110,0,1,
47045,126,126,0,1,
47046,124,124,0,1,
47047,117,117,0,1,
47048,117,117,0,1,
47049,114,114,0,1,
47050,120,120,0,1,
47051,108,108,0,1,
47052,104,104,0,1,
47053,116,116,0,1,
47054,118,118,0,1,
47055,120,120,0,1,
47056,120,120,0,1,
47057,105,105,0,1,
47058,104,104,0,1,
47059,111,111,0,1,
47060,119,119,0,1,
47061,116,116,0,1,
47062,110,110,0,1,
47063,121,121,0,1,
47064,111,111,0,1,
47065,116,116,0,1,
47066,110,110,0,1,
47067,121,121,0,1,
47068,115,115,0,1,
47069,105,105,0,1,
47070,109,109,0,1,
47071,122,122,0,1,
47072,124,124,0,1,
47073,111,111,0,1,
47074,116,116,0,1,
47075,122,122,0,1,
47076,126,126,0,1,
47077,121,121,0,1,
47078,113,113,0,1,
47079,116,116,0,1,
47080,107,107,0,1,
47081,126,126,0,1,
47082,114,114,0,1,
47083,109,109,0,1,
47084,113,113,0,1,
47085,115,115,0,1,
47086,118,118,0,1,
47087,118,118,0,1,
47088,120,120,0,1,
47089,122,122,0,1,
47090,130,130,0,1,
47091,114,114,0,1,
47092,115,115,0,1,
47093,119,119,0,1,
47094,116,116,0,1,
47095,112,112,0,1,
47096,125,125,0,1,
47097,112,112,0,1,
47098,111,111,0,1,
47099,114,114,0,1,
47100,115,115,0,1,
47101,109,109,0,1,
47102,111,111,0,1,
47103,113,113,0,1,
47104,121,121,0,1,
47105,116,116,0,1,
47106,114,114,0,1,
47107,124,124,0,1,
47108,122,122,0,1,
47109,119,119,0,1,
47110,116,116,0,1,
47111,108,108,0,1,
47112,123,123,0,1,
47113,122,122,0,1,
47114,115,115,0,1,
47115,112,112,0,1,
47116,107,107,0,1,
47117,125,125,0,1,
47118,128,128,0,1,
47119,110,110,0,1,
47120,104,104,0,1,
47121,119,119,0,1,
47122,112,112,0,1,
47123,116,116,0,1,
47124,118,118,0,1,
47125,107,107,0,1,
47126,115,115,0,1,
47127,111,111,0,1,
47128,116,116,0,1,
47129,122,122,0,1,
47130,106,106,0,1,
47131,115,115,0,1,
47132,110,110,0,1,
47133,109,109,0,1,
47134,126,126,0,1,
47135,116,116,0,1,
47136,117,117,0,1,
47137,117,117,0,1,
47138,117,117,0,1,
47139,113,113,0,1,
47140,123,123,0,1,
47141,108,108,0,1,
47142,124,124,0,1,
47143,119,119,0,1,
47144,110,110,0,1,
47145,121,121,0,1,
47146,103,103,0,1,
47147,111,111,0,1,
47148,119,119,0,1,
47149,119,119,0,1,
47150,113,113,0,1,
47151,123,123,0,1,
47152,126,126,0,1,
47153,108,108,0,1,
47154,114,114,0,1,
47155,121,121,0,1,
47156,126,126,0,1,
47157,113,113,0,1,
47158,115,115,0,1,
47159,107,107,0,1,
47160,119,119,0,1,
47161,113,113,0,1,
47162,120,120,0,1,
47163,124,124,0,1,
47164,106,106,0,1,
47165,110,110,0,1,
47166,106,106,0,1,
47167,115,115,0,1,
47168,108,108,0,1,
47169,112,112,0,1,
47170,116,116,0,1,
47171,119,119,0,1,
47172,113,113,0,1,
47173,128,128,0,1,
47174,112,112,0,1,
47175,117,117,0,1,
47176,115,115,0,1,
47177,114,114,0,1,
47178,121,121,0,1,
47179,118,118,0,1,
47180,106,106,0,1,
47181,112,112,0,1,
47182,115,115,0,1,
47183,124,124,0,1,
47184,112,112,0,1,
47185,106,106,0,1,
47186,106,106,0,1,
47187,109,109,0,1,
47188,113,113,0,1,
47189,108,108,0,1,
47190,115,115,0,1,
47191,109,109,0,1,
47192,115,115,0,1,
47193,111,111,0,1,
47194,123,123,0,1,
47195,108,108,0,1,
47196,106,106,0,1,
47197,108,108,0,1,
47198,116,116,0,1,
47199,118,118,0,1,
47200,117,117,0,1,
47201,119,119,0,1,
47202,109,109,0,1,
47203,110,110,0,1,
47204,125,125,0,1,
47205,116,116,0,1,
47206,109,109,0,1,
47207,121,121,0,1,
47208,114,114,0,1,
47209,121,121,0,1,
47210,112,112,0,1,
47211,108,108,0,1,
47212,119,119,0,1,
47213,115,115,0,1,
47214,107,107,0,1,
47215,108,108,0,1,
47216,112,112,0,1,
47217,112,112,0,1,
47218,110,110,0,1,
47219,121,121,0,1,
47220,115,115,0,1,
47221,120,120,0,1,
47222,113,113,0,1,
47223,131,131,0,1,
47224,119,119,0,1,
47225,107,107,0,1,
47226,126,126,0,1,
47227,112,112,0,1,
47228,115,115,0,1,
47229,108,108,0,1,
47230,127,127,0,1,
47231,112,112,0,1,
47232,129,129,0,1,
47233,113,113,0,1,
47234,110,110,0,1,
47235,108,108,0,1,
47236,115,115,0,1,
47237,107,107,0,1,
47238,114,114,0,1,
47239,114,114,0,1,
47240,110,110,0,1,
47241,121,121,0,1,
47242,114,114,0,1,
47243,119,119,0,1,
47244,104,104,0,1,
47245,117,117,0,1,
47246,123,123,0,1,
47247,121,121,0,1,
47248,110,110,0,1,
47249,116,116,0,1,
47250,106,106,0,1,
47251,117,117,0,1,
47252,109,109,0,1,
47253,112,112,0,1,
47254,118,118,0,1,
47255,117,117,0,1,
47256,115,115,0,1,
47257,111,111,0,1,
47258,129,129,0,1,
47259,114,114,0,1,
47260,121,121,0,1,
47261,119,119,0,1,
47262,114,114,0,1,
47263,119,119,0,1,
47264,117,117,0,1,
47265,105,105,0,1,
47266,112,112,0,1,
47267,125,125,0,1,
47268,108,108,0,1,
47269,111,111,0,1,
47270,129,129,0,1,
47271,113,113,0,1,
47272,102,102,0,1,
47273,113,113,0,1,
47274,106,106,0,1,
47275,111,111,0,1,
47276,117,117,0,1,
47277,106,106,0,1,
47278,116,116,0,1,
47279,109,109,0,1,
47280,112,112,0,1,
47281,108,108,0,1,
47282,113,113,0,1,
47283,107,107,0,1,
47284,126,126,0,1,
47285,130,130,0,1,
47286,116,116,0,1,
47287,117,117,0,1,
47288,106,106,0,1,
47289,122,122,0,1,
47290,113,113,0,1,
47291,111,111,0,1,
47292,123,123,0,1,
47293,116,116,0,1,
47294,111,111,0,1,
47295,119,119,0,1,
47296,114,114,0,1,
47297,110,110,0,1,
47298,122,122,0,1,
47299,120,120,0,1,
47300,119,119,0,1,
47301,103,103,0,1,
47302,123,123,0,1,
47303,124,124,0,1,
47304,121,121,0,1,
47305,110,110,0,1,
47306,116,116,0,1,
47307,122,122,0,1,
47308,116,116,0,1,
47309,120,120,0,1,
47310,119,119,0,1,
47311,115,115,0,1,
47312,116,116,0,1,
47313,111,111,0,1,
47314,117,117,0,1,
47315,105,105,0,1,
47316,116,116,0,1,
47317,112,112,0,1,
47318,117,117,0,1,
47319,111,111,0,1,
47320,115,115,0,1,
47321,117,117,0,1,
47322,112,112,0,1,
47323,127,127,0,1,
47324,133,133,0,1,
47325,106,106,0,1,
47326,117,117,0,1,
47327,106,106,0,1,
47328,115,115,0,1,
47329,115,115,0,1,
47330,117,117,0,1,
47331,116,116,0,1,
47332,103,103,0,1,
47333,116,116,0,1,
47334,117,117,0,1,
47335,107,107,0,1,
47336,111,111,0,1,
47337,111,111,0,1,
47338,118,118,0,1,
47339,120,120,0,1,
47340,111,111,0,1,
47341,115,115,0,1,
47342,113,113,0,1,
47343,115,115,0,1,
47344,115,115,0,1,
47345,125,125,0,1,
47346,117,117,0,1,
47347,105,105,0,1,
47348,121,121,0,1,
47349,126,126,0,1,
47350,105,105,0,1,
47351,110,110,0,1,
47352,115,115,0,1,
47353,117,117,0,1,
47354,114,114,0,1,
47355,115,115,0,1,
47356,124,124,0,1,
47357,110,110,0,1,
47358,122,122,0,1,
47359,110,110,0,1,
47360,125,125,0,1,
47361,111,111,0,1,
47362,116,116,0,1,
47363,108,108,0,1,
47364,131,131,0,1,
47365,119,119,0,1,
47366,115,115,0,1,
47367,121,121,0,1,
47368,116,116,0,1,
47369,115,115,0,1,
47370,121,121,0,1,
47371,124,124,0,1,
47372,114,114,0,1,
47373,122,122,0,1,
47374,125,125,0,1,
47375,125,125,0,1,
47376,116,116,0,1,
47377,130,130,0,1,
47378,122,122,0,1,
47379,110,110,0,1,
47380,109,109,0,1,
47381,116,116,0,1,
47382,118,118,0,1,
47383,114,114,0,1,
47384,120,120,0,1,
47385,122,122,0,1,
47386,118,118,0,1,
47387,121,121,0,1,
47388,115,115,0,1,
47389,123,123,0,1,
47390,113,113,0,1,
47391,117,117,0,1,
47392,115,115,0,1,
47393,112,112,0,1,
47394,119,119,0,1,
47395,114,114,0,1,
47396,118,118,0,1,
47397,109,109,0,1,
47398,116,116,0,1,
47399,116,116,0,1,
47400,123,123,0,1,
47401,122,122,0,1,
47402,108,108,0,1,
47403,121,121,0,1,
47404,115,115,0,1,
47405,106,106,0,1,
47406,106,106,0,1,
47407,114,114,0,1,
47408,111,111,0,1,
47409,125,125,0,1,
47410,122,122,0,1,
47411,121,121,0,1,
47412,116,116,0,1,
47413,108,108,0,1,
47414,128,128,0,1,
47415,110,110,0,1,
47416,118,118,0,1,
47417,103,103,0,1,
47418,115,115,0,1,
47419,120,120,0,1,
47420,123,123,0,1,
47421,116,116,0,1,
47422,129,129,0,1,
47423,126,126,0,1,
47424,125,125,0,1,
47425,114,114,0,1,
47426,115,115,0,1,
47427,108,108,0,1,
47428,117,117,0,1,
47429,118,118,0,1,
47430,112,112,0,1,
47431,107,107,0,1,
47432,111,111,0,1,
47433,123,123,0,1,
47434,111,111,0,1,
47435,113,113,0,1,
47436,118,118,0,1,
47437,109,109,0,1,
47438,116,116,0,1,
47439,116,116,0,1,
47440,122,122,0,1,
47441,122,122,0,1,
47442,112,112,0,1,
47443,114,114,0,1,
47444,119,119,0,1,
47445,111,111,0,1,
47446,122,122,0,1,
47447,121,121,0,1,
47448,111,111,0,1,
47449,127,127,0,1,
47450,115,115,0,1,
47451,120,120,0,1,
47452,108,108,0,1,
47453,130,130,0,1,
47454,104,104,0,1,
47455,109,109,0,1,
47456,119,119,0,1,
47457,114,114,0,1,
47458,119,119,0,1,
47459,109,109,0,1,
47460,112,112,0,1,
47461,115,115,0,1,
47462,117,117,0,1,
47463,108,108,0,1,
47464,114,114,0,1,
47465,121,121,0,1,
47466,120,120,0,1,
47467,122,122,0,1,
47468,124,124,0,1,
47469,110,110,0,1,
47470,104,104,0,1,
47471,116,116,0,1,
47472,115,115,0,1,
47473,111,111,0,1,
47474,116,116,0,1,
47475,111,111,0,1,
47476,109,109,0,1,
47477,110,110,0,1,
47478,119,119,0,1,
47479,101,101,0,1,
47480,124,124,0,1,
47481,119,119,0,1,
47482,115,115,0,1,
47483,111,111,0,1,
47484,114,114,0,1,
47485,111,111,0,1,
47486,124,124,0,1,
47487,122,122,0,1,
47488,121,121,0,1,
47489,111,111,0,1,
47490,107,107,0,1,
47491,113,113,0,1,
47492,108,108,0,1,
47493,111,111,0,1,
47494,112,112,0,1,
47495,123,123,0,1,
47496,113,113,0,1,
47497,128,128,0,1,
47498,114,114,0,1,
47499,119,119,0,1,
47500,114,114,0,1,
47501,118,118,0,1,
47502,115,115,0,1,
47503,101,101,0,1,
47504,109,109,0,1,
47505,122,122,0,1,
47506,104,104,0,1,
47507,111,111,0,1,
47508,112,112,0,1,
47509,116,116,0,1,
47510,111,111,0,1,
47511,109,109,0,1,
47512,124,124,0,1,
47513,106,106,0,1,
47514,131,131,0,1,
47515,102,102,0,1,
47516,112,112,0,1,
47517,106,106,0,1,
47518,121,121,0,1,
47519,114,114,0,1,
47520,127,127,0,1,
47521,107,107,0,1,
47522,115,115,0,1,
47523,111,111,0,1,
47524,110,110,0,1,
47525,109,109,0,1,
47526,109,109,0,1,
47527,116,116,0,1,
47528,114,114,0,1,
47529,127,127,0,1,
47530,115,115,0,1,
47531,114,114,0,1,
47532,116,116,0,1,
47533,119,119,0,1,
47534,112,112,0,1,
47535,109,109,0,1,
47536,116,116,0,1,
47537,114,114,0,1,
47538,113,113,0,1,
47539,115,115,0,1,
47540,116,116,0,1,
47541,105,105,0,1,
47542,123,123,0,1,
47543,113,113,0,1,
47544,114,114,0,1,
47545,116,116,0,1,
47546,121,121,0,1,
47547,126,126,0,1,
47548,111,111,0,1,
47549,117,117,0,1,
47550,111,111,0,1,
47551,119,119,0,1,
47552,110,110,0,1,
47553,122,122,0,1,
47554,109,109,0,1,
47555,116,116,0,1,
47556,112,112,0,1,
47557,122,122,0,1,
47558,117,117,0,1,
47559,127,127,0,1,
47560,107,107,0,1,
47561,120,120,0,1,
47562,115,115,0,1,
47563,110,110,0,1,
47564,109,109,0,1,
47565,114,114,0,1,
47566,123,123,0,1,
47567,115,115,0,1,
47568,118,118,0,1,
47569,107,107,0,1,
47570,113,113,0,1,
47571,122,122,0,1,
47572,114,114,0,1,
47573,116,116,0,1,
47574,115,115,0,1,
47575,112,112,0,1,
47576,117,117,0,1,
47577,118,118,0,1,
47578,124,124,0,1,
47579,117,117,0,1,
47580,115,115,0,1,
47581,107,107,0,1,
47582,113,113,0,1,
47583,108,108,0,1,
47584,105,105,0,1,
47585,110,110,0,1,
47586,109,109,0,1,
47587,123,123,0,1,
47588,119,119,0,1,
47589,111,111,0,1,
47590,111,111,0,1,
47591,107,107,0,1,
47592,120,120,0,1,
47593,113,113,0,1,
47594,112,112,0,1,
47595,115,115,0,1,
47596,112,112,0,1,
47597,114,114,0,1,
47598,116,116,0,1,
47599,117,117,0,1,
47600,118,118,0,1,
47601,113,113,0,1,
47602,119,119,0,1,
47603,128,128,0,1,
47604,118,118,0,1,
47605,122,122,0,1,
47606,110,110,0,1,
47607,124,124,0,1,
47608,122,122,0,1,
47609,119,119,0,1,
47610,116,116,0,1,
47611,121,121,0,1,
47612,124,124,0,1,
47613,123,123,0,1,
47614,122,122,0,1,
47615,112,112,0,1,
47616,108,108,0,1,
47617,121,121,0,1,
47618,107,107,0,1,
47619,123,123,0,1,
47620,123,123,0,1,
47621,110,110,0,1,
47622,107,107,0,1,
47623,119,119,0,1,
47624,107,107,0,1,
47625,107,107,0,1,
47626,119,119,0,1,
47627,112,112,0,1,
47628,114,114,0,1,
47629,109,109,0,1,
47630,124,124,0,1,
47631,111,111,0,1,
47632,112,112,0,1,
47633,103,103,0,1,
47634,124,124,0,1,
47635,111,111,0,1,
47636,112,112,0,1,
47637,109,109,0,1,
47638,122,122,0,1,
47639,113,113,0,1,
47640,103,103,0,1,
47641,112,112,0,1,
47642,120,120,0,1,
47643,126,126,0,1,
47644,114,114,0,1,
47645,119,119,0,1,
47646,111,111,0,1,
47647,109,109,0,1,
47648,118,118,0,1,
47649,106,106,0,1,
47650,123,123,0,1,
47651,107,107,0,1,
47652,130,130,0,1,
47653,105,105,0,1,
47654,114,114,0,1,
47655,110,110,0,1,
47656,108,108,0,1,
47657,125,125,0,1,
47658,127,127,0,1,
47659,122,122,0,1,
47660,109,109,0,1,
47661,111,111,0,1,
47662,122,122,0,1,
47663,107,107,0,1,
47664,121,121,0,1,
47665,114,114,0,1,
47666,113,113,0,1,
47667,124,124,0,1,
47668,117,117,0,1,
47669,107,107,0,1,
47670,110,110,0,1,
47671,117,117,0,1,
47672,113,113,0,1,
47673,105,105,0,1,
47674,122,122,0,1,
47675,115,115,0,1,
47676,112,112,0,1,
47677,120,120,0,1,
47678,112,112,0,1,
47679,111,111,0,1,
47680,107,107,0,1,
47681,123,123,0,1,
47682,114,114,0,1,
47683,117,117,0,1,
47684,111,111,0,1,
47685,109,109,0,1,
47686,114,114,0,1,
47687,113,113,0,1,
47688,105,105,0,1,
47689,103,103,0,1,
47690,115,115,0,1,
47691,111,111,0,1,
47692,110,110,0,1,
47693,108,108,0,1,
47694,105,105,0,1,
47695,124,124,0,1,
47696,118,118,0,1,
47697,112,112,0,1,
47698,120,120,0,1,
47699,115,115,0,1,
47700,124,124,0,1,
47701,106,106,0,1,
47702,113,113,0,1,
47703,124,124,0,1,
47704,109,109,0,1,
47705,103,103,0,1,
47706,108,108,0,1,
47707,105,105,0,1,
47708,112,112,0,1,
47709,118,118,0,1,
47710,126,126,0,1,
47711,105,105,0,1,
47712,116,116,0,1,
47713,124,124,0,1,
47714,110,110,0,1,
47715,115,115,0,1,
47716,119,119,0,1,
47717,114,114,0,1,
47718,111,111,0,1,
47719,120,120,0,1,
47720,117,117,0,1,
47721,113,113,0,1,
47722,106,106,0,1,
47723,111,111,0,1,
47724,107,107,0,1,
47725,119,119,0,1,
47726,109,109,0,1,
47727,107,107,0,1,
47728,115,115,0,1,
47729,120,120,0,1,
47730,116,116,0,1,
47731,114,114,0,1,
47732,122,122,0,1,
47733,127,127,0,1,
47734,111,111,0,1,
47735,112,112,0,1,
47736,120,120,0,1,
47737,125,125,0,1,
47738,113,113,0,1,
47739,119,119,0,1,
47740,120,120,0,1,
47741,110,110,0,1,
47742,120,120,0,1,
47743,111,111,0,1,
47744,113,113,0,1,
47745,110,110,0,1,
47746,105,105,0,1,
47747,100,100,0,1,
47748,111,111,0,1,
47749,118,118,0,1,
47750,113,113,0,1,
47751,113,113,0,1,
47752,130,130,0,1,
47753,115,115,0,1,
47754,106,106,0,1,
47755,123,123,0,1,
47756,118,118,0,1,
47757,110,110,0,1,
47758,113,113,0,1,
47759,110,110,0,1,
47760,119,119,0,1,
47761,105,105,0,1,
47762,118,118,0,1,
47763,114,114,0,1,
47764,115,115,0,1,
47765,119,119,0,1,
47766,112,112,0,1,
47767,111,111,0,1,
47768,114,114,0,1,
47769,108,108,0,1,
47770,127,127,0,1,
47771,102,102,0,1,
47772,106,106,0,1,
47773,109,109,0,1,
47774,121,121,0,1,
47775,124,124,0,1,
47776,123,123,0,1,
47777,117,117,0,1,
47778,110,110,0,1,
47779,120,120,0,1,
47780,109,109,0,1,
47781,107,107,0,1,
47782,113,113,0,1,
47783,118,118,0,1,
47784,107,107,0,1,
47785,113,113,0,1,
47786,126,126,0,1,
47787,108,108,0,1,
47788,124,124,0,1,
47789,119,119,0,1,
47790,119,119,0,1,
47791,109,109,0,1,
47792,119,119,0,1,
47793,107,107,0,1,
47794,128,128,0,1,
47795,119,119,0,1,
47796,116,116,0,1,
47797,107,107,0,1,
47798,122,122,0,1,
47799,115,115,0,1,
47800,122,122,0,1,
47801,128,128,0,1,
47802,114,114,0,1,
47803,119,119,0,1,
47804,106,106,0,1,
47805,112,112,0,1,
47806,107,107,0,1,
47807,116,116,0,1,
47808,125,125,0,1,
47809,109,109,0,1,
47810,120,120,0,1,
47811,110,110,0,1,
47812,114,114,0,1,
47813,117,117,0,1,
47814,110,110,0,1,
47815,109,109,0,1,
47816,120,120,0,1,
47817,117,117,0,1,
47818,117,117,0,1,
47819,121,121,0,1,
47820,108,108,0,1,
47821,106,106,0,1,
47822,114,114,0,1,
47823,105,105,0,1,
47824,111,111,0,1,
47825,116,116,0,1,
47826,116,116,0,1,
47827,116,116,0,1,
47828,105,105,0,1,
47829,120,120,0,1,
47830,112,112,0,1,
47831,119,119,0,1,
47832,121,121,0,1,
47833,118,118,0,1,
47834,106,106,0,1,
47835,126,126,0,1,
47836,119,119,0,1,
47837,123,123,0,1,
47838,114,114,0,1,
47839,113,113,0,1,
47840,125,125,0,1,
47841,128,128,0,1,
47842,117,117,0,1,
47843,119,119,0,1,
47844,132,132,0,1,
47845,117,117,0,1,
47846,122,122,0,1,
47847,115,115,0,1,
47848,102,102,0,1,
47849,118,118,0,1,
47850,107,107,0,1,
47851,112,112,0,1,
47852,112,112,0,1,
47853,117,117,0,1,
47854,116,116,0,1,
47855,122,122,0,1,
47856,114,114,0,1,
47857,122,122,0,1,
47858,117,117,0,1,
47859,124,124,0,1,
47860,119,119,0,1,
47861,112,112,0,1,
47862,113,113,0,1,
47863,131,131,0,1,
47864,118,118,0,1,
47865,123,123,0,1,
47866,117,117,0,1,
47867,114,114,0,1,
47868,125,125,0,1,
47869,114,114,0,1,
47870,117,117,0,1,
47871,106,106,0,1,
47872,112,112,0,1,
47873,112,112,0,1,
47874,117,117,0,1,
47875,123,123,0,1,
47876,112,112,0,1,
47877,106,106,0,1,
47878,122,122,0,1,
47879,103,103,0,1,
47880,106,106,0,1,
47881,116,116,0,1,
47882,119,119,0,1,
47883,110,110,0,1,
47884,126,126,0,1,
47885,118,118,0,1,
47886,113,113,0,1,
47887,126,126,0,1,
47888,107,107,0,1,
47889,119,119,0,1,
47890,106,106,0,1,
47891,110,110,0,1,
47892,128,128,0,1,
47893,122,122,0,1,
47894,113,113,0,1,
47895,114,114,0,1,
47896,122,122,0,1,
47897,115,115,0,1,
47898,115,115,0,1,
47899,110,110,0,1,
47900,116,116,0,1,
47901,115,115,0,1,
47902,109,109,0,1,
47903,113,113,0,1,
47904,120,120,0,1,
47905,119,119,0,1,
47906,116,116,0,1,
47907,117,117,0,1,
47908,114,114,0,1,
47909,119,119,0,1,
47910,107,107,0,1,
47911,117,117,0,1,
47912,118,118,0,1,
47913,124,124,0,1,
47914,119,119,0,1,
47915,112,112,0,1,
47916,112,112,0,1,
47917,106,106,0,1,
47918,111,111,0,1,
47919,111,111,0,1,
47920,127,127,0,1,
47921,103,103,0,1,
47922,109,109,0,1,
47923,120,120,0,1,
47924,123,123,0,1,
47925,106,106,0,1,
47926,117,117,0,1,
47927,122,122,0,1,
47928,107,107,0,1,
47929,110,110,0,1,
47930,114,114,0,1,
47931,109,109,0,1,
47932,113,113,0,1,
47933,117,117,0,1,
47934,116,116,0,1,
47935,107,107,0,1,
47936,115,115,0,1,
47937,108,108,0,1,
47938,120,120,0,1,
47939,111,111,0,1,
47940,120,120,0,1,
47941,111,111,0,1,
47942,113,113,0,1,
47943,113,113,0,1,
47944,110,110,0,1,
47945,111,111,0,1,
47946,120,120,0,1,
47947,118,118,0,1,
47948,114,114,0,1,
47949,121,121,0,1,
47950,118,118,0,1,
47951,108,108,0,1,
47952,112,112,0,1,
47953,109,109,0,1,
47954,116,116,0,1,
47955,116,116,0,1,
47956,103,103,0,1,
47957,114,114,0,1,
47958,118,118,0,1,
47959,120,120,0,1,
47960,106,106,0,1,
47961,109,109,0,1,
47962,114,114,0,1,
47963,107,107,0,1,
47964,107,107,0,1,
47965,109,109,0,1,
47966,109,109,0,1,
47967,122,122,0,1,
47968,122,122,0,1,
47969,118,118,0,1,
47970,124,124,0,1,
47971,124,124,0,1,
47972,118,118,0,1,
47973,112,112,0,1,
47974,111,111,0,1,
47975,128,128,0,1,
47976,106,106,0,1,
47977,107,107,0,1,
47978,109,109,0,1,
47979,110,110,0,1,
47980,113,113,0,1,
47981,118,118,0,1,
47982,112,112,0,1,
47983,125,125,0,1,
47984,111,111,0,1,
47985,114,114,0,1,
47986,120,120,0,1,
47987,109,109,0,1,
47988,114,114,0,1,
47989,114,114,0,1,
47990,119,119,0,1,
47991,113,113,0,1,
47992,110,110,0,1,
47993,108,108,0,1,
47994,111,111,0,1,
47995,111,111,0,1,
47996,112,112,0,1,
47997,124,124,0,1,
47998,116,116,0,1,
47999,117,117,0,1,
48000,128,128,0,1,
48001,110,110,0,1,
48002,123,123,0,1,
48003,119,119,0,1,
48004,124,124,0,1,
48005,109,109,0,1,
48006,128,128,0,1,
48007,115,115,0,1,
48008,108,108,0,1,
48009,114,114,0,1,
48010,121,121,0,1,
48011,120,120,0,1,
48012,118,118,0,1,
48013,106,106,0,1,
48014,107,107,0,1,
48015,112,112,0,1,
48016,117,117,0,1,
48017,116,116,0,1,
48018,113,113,0,1,
48019,115,115,0,1,
48020,116,116,0,1,
48021,112,112,0,1,
48022,107,107,0,1,
48023,119,119,0,1,
48024,115,115,0,1,
48025,114,114,0,1,
48026,121,121,0,1,
48027,115,115,0,1,
48028,104,104,0,1,
48029,126,126,0,1,
48030,116,116,0,1,
48031,123,123,0,1,
48032,116,116,0,1,
48033,125,125,0,1,
48034,120,120,0,1,
48035,110,110,0,1,
48036,113,113,0,1,
48037,114,114,0,1,
48038,120,120,0,1,
48039,115,115,0,1,
48040,112,112,0,1,
48041,110,110,0,1,
48042,122,122,0,1,
48043,112,112,0,1,
48044,112,112,0,1,
48045,117,117,0,1,
48046,118,118,0,1,
48047,120,120,0,1,
48048,113,113,0,1,
48049,127,127,0,1,
48050,111,111,0,1,
48051,115,115,0,1,
48052,114,114,0,1,
48053,105,105,0,1,
48054,113,113,0,1,
48055,112,112,0,1,
48056,114,114,0,1,
48057,125,125,0,1,
48058,110,110,0,1,
48059,117,117,0,1,
48060,110,110,0,1,
48061,111,111,0,1,
48062,123,123,0,1,
48063,118,118,0,1,
48064,113,113,0,1,
48065,112,112,0,1,
48066,114,114,0,1,
48067,121,121,0,1,
48068,117,117,0,1,
48069,107,107,0,1,
48070,121,121,0,1,
48071,121,121,0,1,
48072,114,114,0,1,
48073,111,111,0,1,
48074,127,127,0,1,
48075,114,114,0,1,
48076,120,120,0,1,
48077,115,115,0,1,
48078,121,121,0,1,
48079,124,124,0,1,
48080,117,117,0,1,
48081,109,109,0,1,
48082,106,106,0,1,
48083,108,108,0,1,
48084,110,110,0,1,
48085,118,118,0,1,
48086,123,123,0,1,
48087,121,121,0,1,
48088,116,116,0,1,
48089,111,111,0,1,
48090,117,117,0,1,
48091,117,117,0,1,
48092,119,119,0,1,
48093,113,113,0,1,
48094,112,112,0,1,
48095,112,112,0,1,
48096,109,109,0,1,
48097,115,115,0,1,
48098,116,116,0,1,
48099,119,119,0,1,
48100,111,111,0,1,
48101,115,115,0,1,
48102,116,116,0,1,
48103,120,120,0,1,
48104,123,123,0,1,
48105,125,125,0,1,
48106,120,120,0,1,
48107,112,112,0,1,
48108,111,111,0,1,
48109,116,116,0,1,
48110,120,120,0,1,
48111,111,111,0,1,
48112,127,127,0,1,
48113,116,116,0,1,
48114,116,116,0,1,
48115,124,124,0,1,
48116,115,115,0,1,
48117,108,108,0,1,
48118,104,104,0,1,
48119,113,113,0,1,
48120,114,114,0,1,
48121,116,116,0,1,
48122,105,105,0,1,
48123,110,110,0,1,
48124,112,112,0,1,
48125,120,120,0,1,
48126,108,108,0,1,
48127,129,129,0,1,
48128,111,111,0,1,
48129,120,120,0,1,
48130,115,115,0,1,
48131,119,119,0,1,
48132,108,108,0,1,
48133,114,114,0,1,
48134,119,119,0,1,
48135,119,119,0,1,
48136,120,120,0,1,
48137,115,115,0,1,
48138,121,121,0,1,
48139,111,111,0,1,
48140,114,114,0,1,
48141,122,122,0,1,
48142,108,108,0,1,
48143,120,120,0,1,
48144,123,123,0,1,
48145,112,112,0,1,
48146,109,109,0,1,
48147,115,115,0,1,
48148,120,120,0,1,
48149,119,119,0,1,
48150,111,111,0,1,
48151,115,115,0,1,
48152,120,120,0,1,
48153,124,124,0,1,
48154,110,110,0,1,
48155,112,112,0,1,
48156,110,110,0,1,
48157,107,107,0,1,
48158,113,113,0,1,
48159,115,115,0,1,
48160,130,130,0,1,
48161,128,128,0,1,
48162,121,121,0,1,
48163,106,106,0,1,
48164,116,116,0,1,
48165,114,114,0,1,
48166,122,122,0,1,
48167,120,120,0,1,
48168,112,112,0,1,
48169,120,120,0,1,
48170,116,116,0,1,
48171,117,117,0,1,
48172,120,120,0,1,
48173,111,111,0,1,
48174,108,108,0,1,
48175,114,114,0,1,
48176,112,112,0,1,
48177,110,110,0,1,
48178,104,104,0,1,
48179,120,120,0,1,
48180,114,114,0,1,
48181,117,117,0,1,
48182,120,120,0,1,
48183,122,122,0,1,
48184,108,108,0,1,
48185,120,120,0,1,
48186,116,116,0,1,
48187,106,106,0,1,
48188,117,117,0,1,
48189,108,108,0,1,
48190,110,110,0,1,
48191,126,126,0,1,
48192,122,122,0,1,
48193,113,113,0,1,
48194,110,110,0,1,
48195,113,113,0,1,
48196,118,118,0,1,
48197,123,123,0,1,
48198,114,114,0,1,
48199,120,120,0,1,
48200,106,106,0,1,
48201,111,111,0,1,
48202,114,114,0,1,
48203,115,115,0,1,
48204,111,111,0,1,
48205,115,115,0,1,
48206,132,132,0,1,
48207,114,114,0,1,
48208,117,117,0,1,
48209,113,113,0,1,
48210,121,121,0,1,
48211,116,116,0,1,
48212,118,118,0,1,
48213,117,117,0,1,
48214,113,113,0,1,
48215,112,112,0,1,
48216,118,118,0,1,
48217,108,108,0,1,
48218,111,111,0,1,
48219,121,121,0,1,
48220,127,127,0,1,
48221,129,129,0,1,
48222,110,110,0,1,
48223,105,105,0,1,
48224,105,105,0,1,
48225,121,121,0,1,
48226,108,108,0,1,
48227,112,112,0,1,
48228,106,106,0,1,
48229,116,116,0,1,
48230,117,117,0,1,
48231,109,109,0,1,
48232,115,115,0,1,
48233,124,124,0,1,
48234,121,121,0,1,
48235,123,123,0,1,
48236,122,122,0,1,
48237,108,108,0,1,
48238,109,109,0,1,
48239,115,115,0,1,
48240,116,116,0,1,
48241,110,110,0,1,
48242,111,111,0,1,
48243,107,107,0,1,
48244,113,113,0,1,
48245,111,111,0,1,
48246,110,110,0,1,
48247,111,111,0,1,
48248,114,114,0,1,
48249,122,122,0,1,
48250,116,116,0,1,
48251,108,108,0,1,
48252,121,121,0,1,
48253,114,114,0,1,
48254,113,113,0,1,
48255,116,116,0,1,
48256,110,110,0,1,
48257,121,121,0,1,
48258,113,113,0,1,
48259,116,116,0,1,
48260,108,108,0,1,
48261,106,106,0,1,
48262,118,118,0,1,
48263,111,111,0,1,
48264,113,113,0,1,
48265,112,112,0,1,
48266,118,118,0,1,
48267,107,107,0,1,
48268,110,110,0,1,
48269,114,114,0,1,
48270,112,112,0,1,
48271,121,121,0,1,
48272,108,108,0,1,
48273,116,116,0,1,
48274,114,114,0,1,
48275,116,116,0,1,
48276,110,110,0,1,
48277,119,119,0,1,
48278,122,122,0,1,
48279,125,125,0,1,
48280,112,112,0,1,
48281,121,121,0,1,
48282,104,104,0,1,
48283,117,117,0,1,
48284,111,111,0,1,
48285,122,122,0,1,
48286,118,118,0,1,
48287,111,111,0,1,
48288,117,117,0,1,
48289,115,115,0,1,
48290,112,112,0,1,
48291,114,114,0,1,
48292,121,121,0,1,
48293,116,116,0,1,
48294,118,118,0,1,
48295,121,121,0,1,
48296,113,113,0,1,
48297,113,113,0,1,
48298,108,108,0,1,
48299,104,104,0,1,
48300,124,124,0,1,
48301,113,113,0,1,
48302,117,117,0,1,
48303,109,109,0,1,
48304,109,109,0,1,
48305,114,114,0,1,
48306,101,101,0,1,
48307,111,111,0,1,
48308,119,119,0,1,
48309,112,112,0,1,
48310,115,115,0,1,
48311,124,124,0,1,
48312,115,115,0,1,
48313,117,117,0,1,
48314,111,111,0,1,
48315,109,109,0,1,
48316,123,123,0,1,
48317,117,117,0,1,
48318,109,109,0,1,
48319,126,126,0,1,
48320,115,115,0,1,
48321,104,104,0,1,
48322,115,115,0,1,
48323,117,117,0,1,
48324,111,111,0,1,
48325,119,119,0,1,
48326,120,120,0,1,
48327,107,107,0,1,
48328,106,106,0,1,
48329,110,110,0,1,
48330,125,125,0,1,
48331,119,119,0,1,
48332,112,112,0,1,
48333,104,104,0,1,
48334,107,107,0,1,
48335,124,124,0,1,
48336,115,115,0,1,
48337,114,114,0,1,
48338,108,108,0,1,
48339,123,123,0,1,
48340,115,115,0,1,
48341,124,124,0,1,
48342,110,110,0,1,
48343,115,115,0,1,
48344,116,116,0,1,
48345,114,114,0,1,
48346,116,116,0,1,
48347,118,118,0,1,
48348,118,118,0,1,
48349,110,110,0,1,
48350,107,107,0,1,
48351,121,121,0,1,
48352,133,133,0,1,
48353,109,109,0,1,
48354,121,121,0,1,
48355,117,117,0,1,
48356,116,116,0,1,
48357,110,110,0,1,
48358,119,119,0,1,
48359,112,112,0,1,
48360,117,117,0,1,
48361,118,118,0,1,
48362,107,107,0,1,
48363,118,118,0,1,
48364,113,113,0,1,
48365,122,122,0,1,
48366,110,110,0,1,
48367,113,113,0,1,
48368,109,109,0,1,
48369,112,112,0,1,
48370,115,115,0,1,
48371,114,114,0,1,
48372,128,128,0,1,
48373,116,116,0,1,
48374,111,111,0,1,
48375,112,112,0,1,
48376,116,116,0,1,
48377,120,120,0,1,
48378,123,123,0,1,
48379,104,104,0,1,
48380,111,111,0,1,
48381,109,109,0,1,
48382,116,116,0,1,
48383,116,116,0,1,
48384,109,109,0,1,
48385,107,107,0,1,
48386,124,124,0,1,
48387,119,119,0,1,
48388,118,118,0,1,
48389,118,118,0,1,
48390,121,121,0,1,
48391,119,119,0,1,
48392,114,114,0,1,
48393,111,111,0,1,
48394,117,117,0,1,
48395,115,115,0,1,
48396,115,115,0,1,
48397,105,105,0,1,
48398,126,126,0,1,
48399,114,114,0,1,
48400,110,110,0,1,
48401,117,117,0,1,
48402,122,122,0,1,
48403,111,111,0,1,
48404,122,122,0,1,
48405,118,118,0,1,
48406,116,116,0,1,
48407,113,113,0,1,
48408,124,124,0,1,
48409,106,106,0,1,
48410,111,111,0,1,
48411,118,118,0,1,
48412,109,109,0,1,
48413,116,116,0,1,
48414,118,118,0,1,
48415,118,118,0,1,
48416,116,116,0,1,
48417,103,103,0,1,
48418,125,125,0,1,
48419,111,111,0,1,
48420,120,120,0,1,
48421,123,123,0,1,
48422,107,107,0,1,
48423,112,112,0,1,
48424,117,117,0,1,
48425,112,112,0,1,
48426,114,114,0,1,
48427,117,117,0,1,
48428,114,114,0,1,
48429,105,105,0,1,
48430,122,122,0,1,
48431,112,112,0,1,
48432,123,123,0,1,
48433,119,119,0,1,
48434,116,116,0,1,
48435,113,113,0,1,
48436,108,108,0,1,
48437,124,124,0,1,
48438,125,125,0,1,
48439,119,119,0,1,
48440,120,120,0,1,
48441,114,114,0,1,
48442,113,113,0,1,
48443,108,108,0,1,
48444,112,112,0,1,
48445,113,113,0,1,
48446,110,110,0,1,
48447,116,116,0,1,
48448,111,111,0,1,
48449,109,109,0,1,
48450,112,112,0,1,
48451,124,124,0,1,
48452,121,121,0,1,
48453,113,113,0,1,
48454,114,114,0,1,
48455,124,124,0,1,
48456,120,120,0,1,
48457,119,119,0,1,
48458,121,121,0,1,
48459,120,120,0,1,
48460,118,118,0,1,
48461,104,104,0,1,
48462,111,111,0,1,
48463,120,120,0,1,
48464,109,109,0,1,
48465,109,109,0,1,
48466,111,111,0,1,
48467,127,127,0,1,
48468,119,119,0,1,
48469,106,106,0,1,
48470,119,119,0,1,
48471,110,110,0,1,
48472,118,118,0,1,
48473,113,113,0,1,
48474,114,114,0,1,
48475,115,115,0,1,
48476,117,117,0,1,
48477,114,114,0,1,
48478,107,107,0,1,
48479,102,102,0,1,
48480,119,119,0,1,
48481,113,113,0,1,
48482,113,113,0,1,
48483,105,105,0,1,
48484,111,111,0,1,
48485,112,112,0,1,
48486,106,106,0,1,
48487,117,117,0,1,
48488,114,114,0,1,
48489,117,117,0,1,
48490,126,126,0,1,
48491,114,114,0,1,
48492,119,119,0,1,
48493,113,113,0,1,
48494,121,121,0,1,
48495,114,114,0,1,
48496,111,111,0,1,
48497,108,108,0,1,
48498,116,116,0,1,
48499,111,111,0,1,
48500,123,123,0,1,
48501,105,105,0,1,
48502,117,117,0,1,
48503,106,106,0,1,
48504,112,112,0,1,
48505,111,111,0,1,
48506,121,121,0,1,
48507,118,118,0,1,
48508,110,110,0,1,
48509,114,114,0,1,
48510,120,120,0,1,
48511,108,108,0,1,
48512,105,105,0,1,
48513,126,126,0,1,
48514,118,118,0,1,
48515,114,114,0,1,
48516,114,114,0,1,
48517,105,105,0,1,
48518,108,108,0,1,
48519,121,121,0,1,
48520,112,112,0,1,
48521,114,114,0,1,
48522,117,117,0,1,
48523,116,116,0,1,
48524,112,112,0,1,
48525,118,118,0,1,
48526,109,109,0,1,
48527,107,107,0,1,
48528,106,106,0,1,
48529,109,109,0,1,
48530,115,115,0,1,
48531,117,117,0,1,
48532,118,118,0,1,
48533,113,113,0,1,
48534,121,121,0,1,
48535,113,113,0,1,
48536,120,120,0,1,
48537,122,122,0,1,
48538,112,112,0,1,
48539,124,124,0,1,
48540,117,117,0,1,
48541,126,126,0,1,
48542,114,114,0,1,
48543,131,131,0,1,
48544,120,120,0,1,
48545,112,112,0,1,
48546,116,116,0,1,
48547,107,107,0,1,
48548,119,119,0,1,
48549,126,126,0,1,
48550,109,109,0,1,
48551,115,115,0,1,
48552,111,111,0,1,
48553,116,116,0,1,
48554,106,106,0,1,
48555,112,112,0,1,
48556,114,114,0,1,
48557,113,113,0,1,
48558,120,120,0,1,
48559,115,115,0,1,
48560,114,114,0,1,
48561,113,113,0,1,
48562,120,120,0,1,
48563,121,121,0,1,
48564,124,124,0,1,
48565,125,125,0,1,
48566,122,122,0,1,
48567,124,124,0,1,
48568,109,109,0,1,
48569,107,107,0,1,
48570,108,108,0,1,
48571,125,125,0,1,
48572,110,110,0,1,
48573,114,114,0,1,
48574,117,117,0,1,
48575,113,113,0,1,
48576,112,112,0,1,
48577,115,115,0,1,
48578,121,121,0,1,
48579,120,120,0,1,
48580,118,118,0,1,
48581,128,128,0,1,
48582,101,101,0,1,
48583,114,114,0,1,
48584,105,105,0,1,
48585,113,113,0,1,
48586,111,111,0,1,
48587,117,117,0,1,
48588,108,108,0,1,
48589,115,115,0,1,
48590,123,123,0,1,
48591,110,110,0,1,
48592,118,118,0,1,
48593,104,104,0,1,
48594,108,108,0,1,
48595,111,111,0,1,
48596,119,119,0,1,
48597,105,105,0,1,
48598,125,125,0,1,
48599,111,111,0,1,
48600,109,109,0,1,
48601,124,124,0,1,
48602,119,119,0,1,
48603,110,110,0,1,
48604,120,120,0,1,
48605,115,115,0,1,
48606,110,110,0,1,
48607,111,111,0,1,
48608,125,125,0,1,
48609,122,122,0,1,
48610,109,109,0,1,
48611,111,111,0,1,
48612,127,127,0,1,
48613,119,119,0,1,
48614,105,105,0,1,
48615,122,122,0,1,
48616,120,120,0,1,
48617,110,110,0,1,
48618,106,106,0,1,
48619,116,116,0,1,
48620,117,117,0,1,
48621,115,115,0,1,
48622,118,118,0,1,
48623,127,127,0,1,
48624,116,116,0,1,
48625,116,116,0,1,
48626,123,123,0,1,
48627,112,112,0,1,
48628,122,122,0,1,
48629,106,106,0,1,
48630,109,109,0,1,
48631,110,110,0,1,
48632,104,104,0,1,
48633,113,113,0,1,
48634,112,112,0,1,
48635,117,117,0,1,
48636,106,106,0,1,
48637,102,102,0,1,
48638,121,121,0,1,
48639,109,109,0,1,
48640,111,111,0,1,
48641,116,116,0,1,
48642,115,115,0,1,
48643,110,110,0,1,
48644,110,110,0,1,
48645,114,114,0,1,
48646,117,117,0,1,
48647,114,114,0,1,
48648,119,119,0,1,
48649,112,112,0,1,
48650,116,116,0,1,
48651,110,110,0,1,
48652,122,122,0,1,
48653,104,104,0,1,
48654,113,113,0,1,
48655,122,122,0,1,
48656,114,114,0,1,
48657,118,118,0,1,
48658,111,111,0,1,
48659,113,113,0,1,
48660,121,121,0,1,
48661,117,117,0,1,
48662,115,115,0,1,
48663,108,108,0,1,
48664,114,114,0,1,
48665,121,121,0,1,
48666,107,107,0,1,
48667,112,112,0,1,
48668,116,116,0,1,
48669,115,115,0,1,
48670,122,122,0,1,
48671,109,109,0,1,
48672,107,107,0,1,
48673,119,119,0,1,
48674,130,130,0,1,
48675,113,113,0,1,
48676,105,105,0,1,
48677,117,117,0,1,
48678,113,113,0,1,
48679,117,117,0,1,
48680,121,121,0,1,
48681,128,128,0,1,
48682,105,105,0,1,
48683,114,114,0,1,
48684,120,120,0,1,
48685,123,123,0,1,
48686,118,118,0,1,
48687,116,116,0,1,
48688,109,109,0,1,
48689,108,108,0,1,
48690,116,116,0,1,
48691,120,120,0,1,
48692,124,124,0,1,
48693,121,121,0,1,
48694,109,109,0,1,
48695,128,128,0,1,
48696,113,113,0,1,
48697,113,113,0,1,
48698,114,114,0,1,
48699,114,114,0,1,
48700,115,115,0,1,
48701,126,126,0,1,
48702,104,104,0,1,
48703,121,121,0,1,
48704,115,115,0,1,
48705,115,115,0,1,
48706,118,118,0,1,
48707,117,117,0,1,
48708,107,107,0,1,
48709,109,109,0,1,
48710,114,114,0,1,
48711,116,116,0,1,
48712,111,111,0,1,
48713,107,107,0,1,
48714,112,112,0,1,
48715,114,114,0,1,
48716,109,109,0,1,
48717,112,112,0,1,
48718,108,108,0,1,
48719,118,118,0,1,
48720,111,111,0,1,
48721,112,112,0,1,
48722,111,111,0,1,
48723,121,121,0,1,
48724,116,116,0,1,
48725,113,113,0,1,
48726,106,106,0,1,
48727,113,113,0,1,
48728,109,109,0,1,
48729,121,121,0,1,
48730,116,116,0,1,
48731,113,113,0,1,
48732,109,109,0,1,
48733,117,117,0,1,
48734,109,109,0,1,
48735,107,107,0,1,
48736,113,113,0,1,
48737,130,130,0,1,
48738,121,121,0,1,
48739,115,115,0,1,
48740,119,119,0,1,
48741,121,121,0,1,
48742,114,114,0,1,
48743,113,113,0,1,
48744,113,113,0,1,
48745,114,114,0,1,
48746,108,108,0,1,
48747,126,126,0,1,
48748,114,114,0,1,
48749,119,119,0,1,
48750,113,113,0,1,
48751,117,117,0,1,
48752,119,119,0,1,
48753,111,111,0,1,
48754,130,130,0,1,
48755,112,112,0,1,
48756,118,118,0,1,
48757,123,123,0,1,
48758,120,120,0,1,
48759,109,109,0,1,
48760,119,119,0,1,
48761,116,116,0,1,
48762,111,111,0,1,
48763,112,112,0,1,
48764,108,108,0,1,
48765,112,112,0,1,
48766,116,116,0,1,
48767,114,114,0,1,
48768,114,114,0,1,
48769,117,117,0,1,
48770,111,111,0,1,
48771,119,119,0,1,
48772,114,114,0,1,
48773,123,123,0,1,
48774,115,115,0,1,
48775,108,108,0,1,
48776,115,115,0,1,
48777,107,107,0,1,
48778,108,108,0,1,
48779,120,120,0,1,
48780,114,114,0,1,
48781,106,106,0,1,
48782,114,114,0,1,
48783,103,103,0,1,
48784,110,110,0,1,
48785,115,115,0,1,
48786,116,116,0,1,
48787,117,117,0,1,
48788,115,115,0,1,
48789,109,109,0,1,
48790,107,107,0,1,
48791,118,118,0,1,
48792,116,116,0,1,
48793,105,105,0,1,
48794,127,127,0,1,
48795,107,107,0,1,
48796,119,119,0,1,
48797,126,126,0,1,
48798,111,111,0,1,
48799,118,118,0,1,
48800,105,105,0,1,
48801,117,117,0,1,
48802,115,115,0,1,
48803,120,120,0,1,
48804,106,106,0,1,
48805,107,107,0,1,
48806,115,115,0,1,
48807,124,124,0,1,
48808,124,124,0,1,
48809,111,111,0,1,
48810,116,116,0,1,
48811,113,113,0,1,
48812,119,119,0,1,
48813,121,121,0,1,
48814,109,109,0,1,
48815,113,113,0,1,
48816,115,115,0,1,
48817,120,120,0,1,
48818,103,103,0,1,
48819,117,117,0,1,
48820,112,112,0,1,
48821,116,116,0,1,
48822,109,109,0,1,
48823,114,114,0,1,
48824,110,110,0,1,
48825,108,108,0,1,
48826,120,120,0,1,
48827,123,123,0,1,
48828,117,117,0,1,
48829,122,122,0,1,
48830,109,109,0,1,
48831,121,121,0,1,
48832,111,111,0,1,
48833,121,121,0,1,
48834,122,122,0,1,
48835,111,111,0,1,
48836,117,117,0,1,
48837,128,128,0,1,
48838,111,111,0,1,
48839,115,115,0,1,
48840,117,117,0,1,
48841,124,124,0,1,
48842,115,115,0,1,
48843,124,124,0,1,
48844,119,119,0,1,
48845,108,108,0,1,
48846,127,127,0,1,
48847,122,122,0,1,
48848,113,113,0,1,
48849,110,110,0,1,
48850,113,113,0,1,
48851,113,113,0,1,
48852,114,114,0,1,
48853,124,124,0,1,
48854,128,128,0,1,
48855,111,111,0,1,
48856,113,113,0,1,
48857,113,113,0,1,
48858,106,106,0,1,
48859,114,114,0,1,
48860,114,114,0,1,
48861,112,112,0,1,
48862,110,110,0,1,
48863,118,118,0,1,
48864,121,121,0,1,
48865,116,116,0,1,
48866,103,103,0,1,
48867,118,118,0,1,
48868,104,104,0,1,
48869,121,121,0,1,
48870,121,121,0,1,
48871,121,121,0,1,
48872,130,130,0,1,
48873,117,117,0,1,
48874,109,109,0,1,
48875,117,117,0,1,
48876,103,103,0,1,
48877,109,109,0,1,
48878,108,108,0,1,
48879,111,111,0,1,
48880,107,107,0,1,
48881,122,122,0,1,
48882,119,119,0,1,
48883,112,112,0,1,
48884,106,106,0,1,
48885,110,110,0,1,
48886,114,114,0,1,
48887,116,116,0,1,
48888,121,121,0,1,
48889,116,116,0,1,
48890,124,124,0,1,
48891,110,110,0,1,
48892,114,114,0,1,
48893,113,113,0,1,
48894,125,125,0,1,
48895,116,116,0,1,
48896,115,115,0,1,
48897,110,110,0,1,
48898,117,117,0,1,
48899,113,113,0,1,
48900,110,110,0,1,
48901,107,107,0,1,
48902,121,121,0,1,
48903,122,122,0,1,
48904,118,118,0,1,
48905,111,111,0,1,
48906,123,123,0,1,
48907,111,111,0,1,
48908,116,116,0,1,
48909,116,116,0,1,
48910,110,110,0,1,
48911,114,114,0,1,
48912,112,112,0,1,
48913,110,110,0,1,
48914,124,124,0,1,
48915,111,111,0,1,
48916,123,123,0,1,
48917,121,121,0,1,
48918,117,117,0,1,
48919,115,115,0,1,
48920,119,119,0,1,
48921,123,123,0,1,
48922,111,111,0,1,
48923,104,104,0,1,
48924,119,119,0,1,
48925,126,126,0,1,
48926,125,125,0,1,
48927,108,108,0,1,
48928,105,105,0,1,
48929,119,119,0,1,
48930,130,130,0,1,
48931,105,105,0,1,
48932,116,116,0,1,
48933,124,124,0,1,
48934,128,128,0,1,
48935,112,112,0,1,
48936,117,117,0,1,
48937,112,112,0,1,
48938,115,115,0,1,
48939,120,120,0,1,
48940,104,104,0,1,
48941,124,124,0,1,
48942,109,109,0,1,
48943,120,120,0,1,
48944,117,117,0,1,
48945,112,112,0,1,
48946,109,109,0,1,
48947,108,108,0,1,
48948,117,117,0,1,
48949,108,108,0,1,
48950,112,112,0,1,
48951,124,124,0,1,
48952,104,104,0,1,
48953,116,116,0,1,
48954,119,119,0,1,
48955,122,122,0,1,
48956,108,108,0,1,
48957,113,113,0,1,
48958,105,105,0,1,
48959,122,122,0,1,
48960,112,112,0,1,
48961,104,104,0,1,
48962,114,114,0,1,
48963,110,110,0,1,
48964,111,111,0,1,
48965,108,108,0,1,
48966,115,115,0,1,
48967,113,113,0,1,
48968,122,122,0,1,
48969,106,106,0,1,
48970,123,123,0,1,
48971,105,105,0,1,
48972,110,110,0,1,
48973,110,110,0,1,
48974,128,128,0,1,
48975,114,114,0,1,
48976,110,110,0,1,
48977,108,108,0,1,
48978,123,123,0,1,
48979,119,119,0,1,
48980,108,108,0,1,
48981,125,125,0,1,
48982,113,113,0,1,
48983,114,114,0,1,
48984,113,113,0,1,
48985,116,116,0,1,
48986,106,106,0,1,
48987,115,115,0,1,
48988,115,115,0,1,
48989,108,108,0,1,
48990,114,114,0,1,
48991,106,106,0,1,
48992,114,114,0,1,
48993,107,107,0,1,
48994,115,115,0,1,
48995,114,114,0,1,
48996,120,120,0,1,
48997,125,125,0,1,
48998,109,109,0,1,
48999,128,128,0,1,
49000,115,115,0,1,
49001,109,109,0,1,
49002,104,104,0,1,
49003,125,125,0,1,
49004,122,122,0,1,
49005,116,116,0,1,
49006,112,112,0,1,
49007,119,119,0,1,
49008,122,122,0,1,
49009,126,126,0,1,
49010,116,116,0,1,
49011,102,102,0,1,
49012,107,107,0,1,
49013,107,107,0,1,
49014,119,119,0,1,
49015,103,103,0,1,
49016,114,114,0,1,
49017,124,124,0,1,
49018,113,113,0,1,
49019,113,113,0,1,
49020,116,116,0,1,
49021,106,106,0,1,
49022,105,105,0,1,
49023,109,109,0,1,
49024,124,124,0,1,
49025,111,111,0,1,
49026,110,110,0,1,
49027,104,104,0,1,
49028,121,121,0,1,
49029,120,120,0,1,
49030,120,120,0,1,
49031,114,114,0,1,
49032,125,125,0,1,
49033,116,116,0,1,
49034,116,116,0,1,
49035,128,128,0,1,
49036,126,126,0,1,
49037,115,115,0,1,
49038,117,117,0,1,
49039,124,124,0,1,
49040,107,107,0,1,
49041,111,111,0,1,
49042,104,104,0,1,
49043,114,114,0,1,
49044,114,114,0,1,
49045,121,121,0,1,
49046,111,111,0,1,
49047,117,117,0,1,
49048,114,114,0,1,
49049,112,112,0,1,
49050,114,114,0,1,
49051,121,121,0,1,
49052,118,118,0,1,
49053,118,118,0,1,
49054,116,116,0,1,
49055,119,119,0,1,
49056,111,111,0,1,
49057,105,105,0,1,
49058,125,125,0,1,
49059,113,113,0,1,
49060,119,119,0,1,
49061,112,112,0,1,
49062,121,121,0,1,
49063,109,109,0,1,
49064,120,120,0,1,
49065,124,124,0,1,
49066,118,118,0,1,
49067,109,109,0,1,
49068,109,109,0,1,
49069,123,123,0,1,
49070,122,122,0,1,
49071,108,108,0,1,
49072,109,109,0,1,
49073,114,114,0,1,
49074,115,115,0,1,
49075,110,110,0,1,
49076,116,116,0,1,
49077,115,115,0,1,
49078,112,112,0,1,
49079,116,116,0,1,
49080,118,118,0,1,
49081,114,114,0,1,
49082,118,118,0,1,
49083,121,121,0,1,
49084,113,113,0,1,
49085,123,123,0,1,
49086,106,106,0,1,
49087,111,111,0,1,
49088,125,125,0,1,
49089,118,118,0,1,
49090,115,115,0,1,
49091,107,107,0,1,
49092,112,112,0,1,
49093,112,112,0,1,
49094,116,116,0,1,
49095,117,117,0,1,
49096,107,107,0,1,
49097,119,119,0,1,
49098,106,106,0,1,
49099,112,112,0,1,
49100,109,109,0,1,
49101,117,117,0,1,
49102,109,109,0,1,
49103,108,108,0,1,
49104,109,109,0,1,
49105,107,107,0,1,
49106,109,109,0,1,
49107,113,113,0,1,
49108,111,111,0,1,
49109,129,129,0,1,
49110,126,126,0,1,
49111,102,102,0,1,
49112,117,117,0,1,
49113,115,115,0,1,
49114,120,120,0,1,
49115,113,113,0,1,
49116,117,117,0,1,
49117,107,107,0,1,
49118,116,116,0,1,
49119,126,126,0,1,
49120,108,108,0,1,
49121,119,119,0,1,
49122,113,113,0,1,
49123,111,111,0,1,
49124,110,110,0,1,
49125,122,122,0,1,
49126,108,108,0,1,
49127,109,109,0,1,
49128,120,120,0,1,
49129,117,117,0,1,
49130,112,112,0,1,
49131,114,114,0,1,
49132,113,113,0,1,
49133,110,110,0,1,
49134,115,115,0,1,
49135,110,110,0,1,
49136,118,118,0,1,
49137,117,117,0,1,
49138,120,120,0,1,
49139,117,117,0,1,
49140,130,130,0,1,
49141,109,109,0,1,
49142,108,108,0,1,
49143,109,109,0,1,
49144,110,110,0,1,
49145,114,114,0,1,
49146,117,117,0,1,
49147,113,113,0,1,
49148,117,117,0,1,
49149,118,118,0,1,
49150,126,126,0,1,
49151,114,114,0,1,
49152,124,124,0,1,
49153,115,115,0,1,
49154,103,103,0,1,
49155,127,127,0,1,
49156,112,112,0,1,
49157,127,127,0,1,
49158,114,114,0,1,
49159,117,117,0,1,
49160,107,107,0,1,
49161,114,114,0,1,
49162,111,111,0,1,
49163,109,109,0,1,
49164,112,112,0,1,
49165,124,124,0,1,
49166,120,120,0,1,
49167,114,114,0,1,
49168,112,112,0,1,
49169,115,115,0,1,
49170,115,115,0,1,
49171,113,113,0,1,
49172,118,118,0,1,
49173,114,114,0,1,
49174,107,107,0,1,
49175,116,116,0,1,
49176,102,102,0,1,
49177,113,113,0,1,
49178,115,115,0,1,
49179,125,125,0,1,
49180,119,119,0,1,
49181,131,131,0,1,
49182,126,126,0,1,
49183,111,111,0,1,
49184,123,123,0,1,
49185,113,113,0,1,
49186,110,110,0,1,
49187,103,103,0,1,
49188,122,122,0,1,
49189,109,109,0,1,
49190,113,113,0,1,
49191,119,119,0,1,
49192,121,121,0,1,
49193,112,112,0,1,
49194,126,126,0,1,
49195,116,116,0,1,
49196,119,119,0,1,
49197,119,119,0,1,
49198,109,109,0,1,
49199,114,114,0,1,
49200,111,111,0,1,
49201,111,111,0,1,
49202,103,103,0,1,
49203,112,112,0,1,
49204,113,113,0,1,
49205,109,109,0,1,
49206,110,110,0,1,
49207,109,109,0,1,
49208,110,110,0,1,
49209,115,115,0,1,
49210,113,113,0,1,
49211,114,114,0,1,
49212,123,123,0,1,
49213,111,111,0,1,
49214,120,120,0,1,
49215,121,121,0,1,
49216,117,117,0,1,
49217,121,121,0,1,
49218,113,113,0,1,
49219,109,109,0,1,
49220,113,113,0,1,
49221,105,105,0,1,
49222,111,111,0,1,
49223,115,115,0,1,
49224,116,116,0,1,
49225,117,117,0,1,
49226,120,120,0,1,
49227,128,128,0,1,
49228,101,101,0,1,
49229,115,115,0,1,
49230,117,117,0,1,
49231,105,105,0,1,
49232,105,105,0,1,
49233,115,115,0,1,
49234,119,119,0,1,
49235,111,111,0,1,
49236,114,114,0,1,
49237,110,110,0,1,
49238,110,110,0,1,
49239,114,114,0,1,
49240,106,106,0,1,
49241,123,123,0,1,
49242,106,106,0,1,
49243,119,119,0,1,
49244,117,117,0,1,
49245,118,118,0,1,
49246,115,115,0,1,
49247,118,118,0,1,
49248,123,123,0,1,
49249,121,121,0,1,
49250,104,104,0,1,
49251,108,108,0,1,
49252,108,108,0,1,
49253,114,114,0,1,
49254,108,108,0,1,
49255,113,113,0,1,
49256,112,112,0,1,
49257,116,116,0,1,
49258,121,121,0,1,
49259,113,113,0,1,
49260,114,114,0,1,
49261,117,117,0,1,
49262,103,103,0,1,
49263,121,121,0,1,
49264,106,106,0,1,
49265,112,112,0,1,
49266,113,113,0,1,
49267,115,115,0,1,
49268,109,109,0,1,
49269,112,112,0,1,
49270,119,119,0,1,
49271,118,118,0,1,
49272,115,115,0,1,
49273,111,111,0,1,
49274,118,118,0,1,
49275,119,119,0,1,
49276,122,122,0,1,
49277,102,102,0,1,
49278,112,112,0,1,
49279,109,109,0,1,
49280,117,117,0,1,
49281,122,122,0,1,
49282,113,113,0,1,
49283,111,111,0,1,
49284,100,100,0,1,
49285,105,105,0,1,
49286,116,116,0,1,
49287,121,121,0,1,
49288,111,111,0,1,
49289,104,104,0,1,
49290,115,115,0,1,
49291,126,126,0,1,
49292,117,117,0,1,
49293,127,127,0,1,
49294,109,109,0,1,
49295,128,128,0,1,
49296,106,106,0,1,
49297,109,109,0,1,
49298,109,109,0,1,
49299,116,116,0,1,
49300,122,122,0,1,
49301,117,117,0,1,
49302,110,110,0,1,
49303,115,115,0,1,
49304,116,116,0,1,
49305,125,125,0,1,
49306,119,119,0,1,
49307,113,113,0,1,
49308,132,132,0,1,
49309,103,103,0,1,
49310,125,125,0,1,
49311,103,103,0,1,
49312,115,115,0,1,
49313,105,105,0,1,
49314,115,115,0,1,
49315,109,109,0,1,
49316,108,108,0,1,
49317,122,122,0,1,
49318,116,116,0,1,
49319,114,114,0,1,
49320,114,114,0,1,
49321,128,128,0,1,
49322,118,118,0,1,
49323,119,119,0,1,
49324,116,116,0,1,
49325,111,111,0,1,
49326,117,117,0,1,
49327,121,121,0,1,
49328,115,115,0,1,
49329,129,129,0,1,
49330,109,109,0,1,
49331,117,117,0,1,
49332,110,110,0,1,
49333,123,123,0,1,
49334,129,129,0,1,
49335,129,129,0,1,
49336,113,113,0,1,
49337,116,116,0,1,
49338,122,122,0,1,
49339,114,114,0,1,
49340,120,120,0,1,
49341,108,108,0,1,
49342,116,116,0,1,
49343,111,111,0,1,
49344,110,110,0,1,
49345,115,115,0,1,
49346,129,129,0,1,
49347,108,108,0,1,
49348,114,114,0,1,
49349,117,117,0,1,
49350,119,119,0,1,
49351,128,128,0,1,
49352,109,109,0,1,
49353,112,112,0,1,
49354,119,119,0,1,
49355,110,110,0,1,
49356,108,108,0,1,
49357,119,119,0,1,
49358,115,115,0,1,
49359,110,110,0,1,
49360,112,112,0,1,
49361,108,108,0,1,
49362,103,103,0,1,
49363,120,120,0,1,
49364,118,118,0,1,
49365,111,111,0,1,
49366,116,116,0,1,
49367,118,118,0,1,
49368,113,113,0,1,
49369,115,115,0,1,
49370,115,115,0,1,
49371,109,109,0,1,
49372,107,107,0,1,
49373,113,113,0,1,
49374,120,120,0,1,
49375,116,116,0,1,
49376,115,115,0,1,
49377,105,105,0,1,
49378,110,110,0,1,
49379,127,127,0,1,
49380,114,114,0,1,
49381,115,115,0,1,
49382,111,111,0,1,
49383,113,113,0,1,
49384,109,109,0,1,
49385,115,115,0,1,
49386,118,118,0,1,
49387,121,121,0,1,
49388,111,111,0,1,
49389,121,121,0,1,
49390,121,121,0,1,
49391,123,123,0,1,
49392,124,124,0,1,
49393,115,115,0,1,
49394,123,123,0,1,
49395,122,122,0,1,
49396,117,117,0,1,
49397,115,115,0,1,
49398,111,111,0,1,
49399,115,115,0,1,
49400,111,111,0,1,
49401,119,119,0,1,
49402,108,108,0,1,
49403,112,112,0,1,
49404,105,105,0,1,
49405,115,115,0,1,
49406,115,115,0,1,
49407,112,112,0,1,
49408,121,121,0,1,
49409,116,116,0,1,
49410,115,115,0,1,
49411,114,114,0,1,
49412,115,115,0,1,
49413,116,116,0,1,
49414,109,109,0,1,
49415,111,111,0,1,
49416,124,124,0,1,
49417,116,116,0,1,
49418,115,115,0,1,
49419,117,117,0,1,
49420,108,108,0,1,
49421,111,111,0,1,
49422,118,118,0,1,
49423,108,108,0,1,
49424,119,119,0,1,
49425,120,120,0,1,
49426,108,108,0,1,
49427,110,110,0,1,
49428,111,111,0,1,
49429,118,118,0,1,
49430,113,113,0,1,
49431,116,116,0,1,
49432,116,116,0,1,
49433,111,111,0,1,
49434,111,111,0,1,
49435,106,106,0,1,
49436,115,115,0,1,
49437,103,103,0,1,
49438,123,123,0,1,
49439,108,108,0,1,
49440,122,122,0,1,
49441,129,129,0,1,
49442,112,112,0,1,
49443,125,125,0,1,
49444,109,109,0,1,
49445,117,117,0,1,
49446,120,120,0,1,
49447,119,119,0,1,
49448,112,112,0,1,
49449,119,119,0,1,
49450,107,107,0,1,
49451,109,109,0,1,
49452,109,109,0,1,
49453,123,123,0,1,
49454,105,105,0,1,
49455,110,110,0,1,
49456,105,105,0,1,
49457,119,119,0,1,
49458,113,113,0,1,
49459,120,120,0,1,
49460,116,116,0,1,
49461,122,122,0,1,
49462,121,121,0,1,
49463,124,124,0,1,
49464,120,120,0,1,
49465,130,130,0,1,
49466,126,126,0,1,
49467,115,115,0,1,
49468,126,126,0,1,
49469,107,107,0,1,
49470,119,119,0,1,
49471,113,113,0,1,
49472,107,107,0,1,
49473,111,111,0,1,
49474,114,114,0,1,
49475,115,115,0,1,
49476,120,120,0,1,
49477,129,129,0,1,
49478,108,108,0,1,
49479,106,106,0,1,
49480,112,112,0,1,
49481,112,112,0,1,
49482,117,117,0,1,
49483,109,109,0,1,
49484,112,112,0,1,
49485,126,126,0,1,
49486,125,125,0,1,
49487,116,116,0,1,
49488,122,122,0,1,
49489,101,101,0,1,
49490,116,116,0,1,
49491,114,114,0,1,
49492,113,113,0,1,
49493,122,122,0,1,
49494,117,117,0,1,
49495,110,110,0,1,
49496,110,110,0,1,
49497,119,119,0,1,
49498,114,114,0,1,
49499,109,109,0,1,
49500,121,121,0,1,
49501,118,118,0,1,
49502,111,111,0,1,
49503,118,118,0,1,
49504,116,116,0,1,
49505,127,127,0,1,
49506,110,110,0,1,
49507,110,110,0,1,
49508,116,116,0,1,
49509,119,119,0,1,
49510,108,108,0,1,
49511,117,117,0,1,
49512,115,115,0,1,
49513,126,126,0,1,
49514,114,114,0,1,
49515,112,112,0,1,
49516,112,112,0,1,
49517,114,114,0,1,
49518,108,108,0,1,
49519,108,108,0,1,
49520,102,102,0,1,
49521,127,127,0,1,
49522,114,114,0,1,
49523,105,105,0,1,
49524,121,121,0,1,
49525,109,109,0,1,
49526,116,116,0,1,
49527,115,115,0,1,
49528,108,108,0,1,
49529,112,112,0,1,
49530,112,112,0,1,
49531,114,114,0,1,
49532,120,120,0,1,
49533,117,117,0,1,
49534,117,117,0,1,
49535,114,114,0,1,
49536,122,122,0,1,
49537,118,118,0,1,
49538,121,121,0,1,
49539,116,116,0,1,
49540,124,124,0,1,
49541,119,119,0,1,
49542,121,121,0,1,
49543,114,114,0,1,
49544,114,114,0,1,
49545,108,108,0,1,
49546,111,111,0,1,
49547,106,106,0,1,
49548,119,119,0,1,
49549,121,121,0,1,
49550,107,107,0,1,
49551,115,115,0,1,
49552,119,119,0,1,
49553,123,123,0,1,
49554,123,123,0,1,
49555,111,111,0,1,
49556,112,112,0,1,
49557,122,122,0,1,
49558,118,118,0,1,
49559,110,110,0,1,
49560,116,116,0,1,
49561,117,117,0,1,
49562,117,117,0,1,
49563,119,119,0,1,
49564,123,123,0,1,
49565,113,113,0,1,
49566,112,112,0,1,
49567,120,120,0,1,
49568,110,110,0,1,
49569,122,122,0,1,
49570,128,128,0,1,
49571,124,124,0,1,
49572,123,123,0,1,
49573,135,135,0,1,
49574,115,115,0,1,
49575,123,123,0,1,
49576,109,109,0,1,
49577,126,126,0,1,
49578,116,116,0,1,
49579,109,109,0,1,
49580,119,119,0,1,
49581,122,122,0,1,
49582,112,112,0,1,
49583,109,109,0,1,
49584,106,106,0,1,
49585,110,110,0,1,
49586,120,120,0,1,
49587,113,113,0,1,
49588,106,106,0,1,
49589,115,115,0,1,
49590,124,124,0,1,
49591,116,116,0,1,
49592,119,119,0,1,
49593,113,113,0,1,
49594,122,122,0,1,
49595,108,108,0,1,
49596,107,107,0,1,
49597,118,118,0,1,
49598,108,108,0,1,
49599,124,124,0,1,
49600,109,109,0,1,
49601,131,131,0,1,
49602,108,108,0,1,
49603,109,109,0,1,
49604,134,134,0,1,
49605,114,114,0,1,
49606,110,110,0,1,
49607,109,109,0,1,
49608,120,120,0,1,
49609,106,106,0,1,
49610,118,118,0,1,
49611,111,111,0,1,
49612,112,112,0,1,
49613,123,123,0,1,
49614,111,111,0,1,
49615,126,126,0,1,
49616,107,107,0,1,
49617,123,123,0,1,
49618,111,111,0,1,
49619,115,115,0,1,
49620,113,113,0,1,
49621,120,120,0,1,
49622,105,105,0,1,
49623,109,109,0,1,
49624,121,121,0,1,
49625,115,115,0,1,
49626,112,112,0,1,
49627,117,117,0,1,
49628,116,116,0,1,
49629,108,108,0,1,
49630,108,108,0,1,
49631,104,104,0,1,
49632,129,129,0,1,
49633,110,110,0,1,
49634,111,111,0,1,
49635,125,125,0,1,
49636,113,113,0,1,
49637,114,114,0,1,
49638,109,109,0,1,
49639,117,117,0,1,
49640,121,121,0,1,
49641,106,106,0,1,
49642,103,103,0,1,
49643,113,113,0,1,
49644,103,103,0,1,
49645,119,119,0,1,
49646,116,116,0,1,
49647,122,122,0,1,
49648,112,112,0,1,
49649,110,110,0,1,
49650,112,112,0,1,
49651,107,107,0,1,
49652,108,108,0,1,
49653,121,121,0,1,
49654,112,112,0,1,
49655,116,116,0,1,
49656,110,110,0,1,
49657,109,109,0,1,
49658,124,124,0,1,
49659,114,114,0,1,
49660,116,116,0,1,
49661,118,118,0,1,
49662,113,113,0,1,
49663,112,112,0,1,
49664,103,103,0,1,
49665,102,102,0,1,
49666,117,117,0,1,
49667,126,126,0,1,
49668,127,127,0,1,
49669,121,121,0,1,
49670,122,122,0,1,
49671,110,110,0,1,
49672,120,120,0,1,
49673,113,113,0,1,
49674,120,120,0,1,
49675,119,119,0,1,
49676,112,112,0,1,
49677,117,117,0,1,
49678,103,103,0,1,
49679,111,111,0,1,
49680,105,105,0,1,
49681,126,126,0,1,
49682,111,111,0,1,
49683,112,112,0,1,
49684,109,109,0,1,
49685,121,121,0,1,
49686,111,111,0,1,
49687,110,110,0,1,
49688,123,123,0,1,
49689,116,116,0,1,
49690,113,113,0,1,
49691,126,126,0,1,
49692,111,111,0,1,
49693,121,121,0,1,
49694,115,115,0,1,
49695,121,121,0,1,
49696,122,122,0,1,
49697,113,113,0,1,
49698,117,117,0,1,
49699,123,123,0,1,
49700,106,106,0,1,
49701,114,114,0,1,
49702,111,111,0,1,
49703,111,111,0,1,
49704,106,106,0,1,
49705,114,114,0,1,
49706,121,121,0,1,
49707,113,113,0,1,
49708,106,106,0,1,
49709,107,107,0,1,
49710,127,127,0,1,
49711,110,110,0,1,
49712,109,109,0,1,
49713,101,101,0,1,
49714,121,121,0,1,
49715,114,114,0,1,
49716,113,113,0,1,
49717,118,118,0,1,
49718,114,114,0,1,
49719,110,110,0,1,
49720,109,109,0,1,
49721,113,113,0,1,
49722,115,115,0,1,
49723,112,112,0,1,
49724,120,120,0,1,
49725,111,111,0,1,
49726,129,129,0,1,
49727,116,116,0,1,
49728,112,112,0,1,
49729,121,121,0,1,
49730,111,111,0,1,
49731,119,119,0,1,
49732,124,124,0,1,
49733,132,132,0,1,
49734,128,128,0,1,
49735,114,114,0,1,
49736,114,114,0,1,
49737,111,111,0,1,
49738,109,109,0,1,
49739,111,111,0,1,
49740,105,105,0,1,
49741,118,118,0,1,
49742,113,113,0,1,
49743,112,112,0,1,
49744,118,118,0,1,
49745,112,112,0,1,
49746,111,111,0,1,
49747,105,105,0,1,
49748,108,108,0,1,
49749,118,118,0,1,
49750,112,112,0,1,
49751,115,115,0,1,
49752,118,118,0,1,
49753,116,116,0,1,
49754,123,123,0,1,
49755,117,117,0,1,
49756,106,106,0,1,
49757,118,118,0,1,
49758,101,101,0,1,
49759,117,117,0,1,
49760,114,114,0,1,
49761,112,112,0,1,
49762,110,110,0,1,
49763,121,121,0,1,
49764,109,109,0,1,
49765,114,114,0,1,
49766,113,113,0,1,
49767,123,123,0,1,
49768,112,112,0,1,
49769,123,123,0,1,
49770,113,113,0,1,
49771,108,108,0,1,
49772,110,110,0,1,
49773,129,129,0,1,
49774,113,113,0,1,
49775,116,116,0,1,
49776,110,110,0,1,
49777,100,100,0,1,
49778,115,115,0,1,
49779,108,108,0,1,
49780,104,104,0,1,
49781,113,113,0,1,
49782,111,111,0,1,
49783,111,111,0,1,
49784,113,113,0,1,
49785,112,112,0,1,
49786,116,116,0,1,
49787,123,123,0,1,
49788,122,122,0,1,
49789,115,115,0,1,
49790,113,113,0,1,
49791,126,126,0,1,
49792,104,104,0,1,
49793,111,111,0,1,
49794,119,119,0,1,
49795,116,116,0,1,
49796,114,114,0,1,
49797,112,112,0,1,
49798,124,124,0,1,
49799,106,106,0,1,
49800,119,119,0,1,
49801,111,111,0,1,
49802,108,108,0,1,
49803,120,120,0,1,
49804,114,114,0,1,
49805,109,109,0,1,
49806,119,119,0,1,
49807,114,114,0,1,
49808,109,109,0,1,
49809,104,104,0,1,
49810,110,110,0,1,
49811,124,124,0,1,
49812,110,110,0,1,
49813,125,125,0,1,
49814,101,101,0,1,
49815,110,110,0,1,
49816,110,110,0,1,
49817,122,122,0,1,
49818,115,115,0,1,
49819,129,129,0,1,
49820,117,117,0,1,
49821,116,116,0,1,
49822,120,120,0,1,
49823,114,114,0,1,
49824,117,117,0,1,
49825,110,110,0,1,
49826,117,117,0,1,
49827,109,109,0,1,
49828,110,110,0,1,
49829,112,112,0,1,
49830,113,113,0,1,
49831,122,122,0,1,
49832,113,113,0,1,
49833,117,117,0,1,
49834,116,116,0,1,
49835,111,111,0,1,
49836,103,103,0,1,
49837,125,125,0,1,
49838,116,116,0,1,
49839,110,110,0,1,
49840,117,117,0,1,
49841,114,114,0,1,
49842,126,126,0,1,
49843,105,105,0,1,
49844,119,119,0,1,
49845,124,124,0,1,
49846,113,113,0,1,
49847,109,109,0,1,
49848,106,106,0,1,
49849,114,114,0,1,
49850,115,115,0,1,
49851,111,111,0,1,
49852,125,125,0,1,
49853,119,119,0,1,
49854,109,109,0,1,
49855,122,122,0,1,
49856,116,116,0,1,
49857,126,126,0,1,
49858,117,117,0,1,
49859,116,116,0,1,
49860,117,117,0,1,
49861,120,120,0,1,
49862,115,115,0,1,
49863,117,117,0,1,
49864,118,118,0,1,
49865,111,111,0,1,
49866,117,117,0,1,
49867,110,110,0,1,
49868,104,104,0,1,
49869,104,104,0,1,
49870,115,115,0,1,
49871,112,112,0,1,
49872,119,119,0,1,
49873,134,134,0,1,
49874,113,113,0,1,
49875,115,115,0,1,
49876,108,108,0,1,
49877,121,121,0,1,
49878,105,105,0,1,
49879,110,110,0,1,
49880,104,104,0,1,
49881,116,116,0,1,
49882,105,105,0,1,
49883,118,118,0,1,
49884,118,118,0,1,
49885,116,116,0,1,
49886,122,122,0,1,
49887,112,112,0,1,
49888,109,109,0,1,
49889,117,117,0,1,
49890,104,104,0,1,
49891,111,111,0,1,
49892,124,124,0,1,
49893,110,110,0,1,
49894,122,122,0,1,
49895,122,122,0,1,
49896,111,111,0,1,
49897,121,121,0,1,
49898,128,128,0,1,
49899,116,116,0,1,
49900,116,116,0,1,
49901,112,112,0,1,
49902,113,113,0,1,
49903,118,118,0,1,
49904,116,116,0,1,
49905,117,117,0,1,
49906,112,112,0,1,
49907,123,123,0,1,
49908,123,123,0,1,
49909,112,112,0,1,
49910,120,120,0,1,
49911,119,119,0,1,
49912,113,113,0,1,
49913,114,114,0,1,
49914,125,125,0,1,
49915,107,107,0,1,
49916,114,114,0,1,
49917,100,100,0,1,
49918,116,116,0,1,
49919,119,119,0,1,
49920,115,115,0,1,
49921,116,116,0,1,
49922,125,125,0,1,
49923,124,124,0,1,
49924,109,109,0,1,
49925,129,129,0,1,
49926,112,112,0,1,
49927,112,112,0,1,
49928,116,116,0,1,
49929,134,134,0,1,
49930,119,119,0,1,
49931,105,105,0,1,
49932,121,121,0,1,
49933,124,124,0,1,
49934,110,110,0,1,
49935,106,106,0,1,
49936,124,124,0,1,
49937,117,117,0,1,
49938,113,113,0,1,
49939,120,120,0,1,
49940,112,112,0,1,
49941,113,113,0,1,
49942,111,111,0,1,
49943,116,116,0,1,
49944,110,110,0,1,
49945,108,108,0,1,
49946,108,108,0,1,
49947,112,112,0,1,
49948,122,122,0,1,
49949,110,110,0,1,
49950,109,109,0,1,
49951,113,113,0,1,
49952,104,104,0,1,
49953,115,115,0,1,
49954,105,105,0,1,
49955,127,127,0,1,
49956,115,115,0,1,
49957,120,120,0,1,
49958,114,114,0,1,
49959,112,112,0,1,
49960,111,111,0,1,
49961,119,119,0,1,
49962,114,114,0,1,
49963,122,122,0,1,
49964,112,112,0,1,
49965,115,115,0,1,
49966,110,110,0,1,
49967,123,123,0,1,
49968,111,111,0,1,
49969,122,122,0,1,
49970,119,119,0,1,
49971,118,118,0,1,
49972,119,119,0,1,
49973,122,122,0,1,
49974,116,116,0,1,
49975,111,111,0,1,
49976,113,113,0,1,
49977,121,121,0,1,
49978,115,115,0,1,
49979,125,125,0,1,
49980,107,107,0,1,
49981,116,116,0,1,
49982,117,117,0,1,
49983,116,116,0,1,
49984,116,116,0,1,
49985,114,114,0,1,
49986,108,108,0,1,
49987,113,113,0,1,
49988,113,113,0,1,
49989,109,109,0,1,
49990,106,106,0,1,
49991,129,129,0,1,
49992,113,113,0,1,
49993,106,106,0,1,
49994,120,120,0,1,
49995,126,126,0,1,
49996,114,114,0,1,
49997,117,117,0,1,
49998,119,119,0,1,
49999,113,113,0,1,
50000,125,125,0,1,
