Iteration_ID,Step_Number,Loop_ID,Arc_Tag,From_Node,To_Node,Count_Before,Count_After,Loop_Cap,Raw_Duration,Rounded_Duration,Cap_Reached,Outcome
1,6,e66,e66,S6,S6,0,1,2,6.6253150258353077,7,0,Successful
9,4,e43,e43,S4,S3,0,1,2,7.8315277430796044,8,0,Successful
9,6,e42,e42,S4,S2,0,1,2,9.4657252008434742,10,0,Successful
19,3,e21,e21,S2,S1,0,1,2,5.4996329122962431,6,0,Terminated
20,6,e66,e66,S6,S6,0,1,2,7.7646123090203147,8,0,Successful
26,3,e21,e21,S2,S1,0,1,2,3.8511824573851636,4,0,Terminated
31,4,e43,e43,S4,S3,0,1,2,7.4112865496799643,8,0,Successful
32,4,e43,e43,S4,S3,0,1,2,6.1721531383022574,7,0,Successful
34,3,e21,e21,S2,S1,0,1,2,5.3980623607078648,6,0,Terminated
35,3,e22,e22,S2,S2,0,1,2,9.5120243848884876,10,0,Successful
36,3,e22,e22,S2,S2,0,1,2,7.9217039905348123,8,0,Successful
47,3,e21,e21,S2,S1,0,1,2,5.6620772671606225,6,0,Successful
47,5,e22,e22,S2,S2,0,1,2,8.5117163600100358,9,0,Successful
58,6,e66,e66,S6,S6,0,1,2,8.7806573003807671,9,0,Successful
68,5,e55,e55,S5,S5,0,1,2,4.4076201300984046,5,0,Successful
78,3,e21,e21,S2,S1,0,1,2,6.0809940917091536,7,0,Terminated
83,4,e43,e43,S4,S3,0,1,2,7.7746090347059962,8,0,Successful
86,5,e55,e55,S5,S5,0,1,2,5.3345432657522691,6,0,Successful
104,6,e66,e66,S6,S6,0,1,2,6.9188827004441178,7,0,Successful
105,6,e66,e66,S6,S6,0,1,2,5.3850758811618249,6,0,Successful
110,4,e43,e43,S4,S3,0,1,2,6.7893561281196284,7,0,Successful
110,5,e32,e32,S3,S2,0,1,2,12.991351123859316,13,0,Successful
117,3,e22,e22,S2,S2,0,1,2,8.616561625025458,9,0,Successful
119,3,e22,e22,S2,S2,0,1,2,9.2483127240962073,10,0,Successful
119,4,e22,e22,S2,S2,1,2,2,10.887782429880126,11,1,Successful
123,6,e66,e66,S6,S6,0,1,2,7.3670727841708477,8,0,Successful
132,4,e42,e42,S4,S2,0,1,2,9.5009097907841724,10,0,Successful
137,6,e66,e66,S6,S6,0,1,2,7.5503881533577903,8,0,Successful
143,5,e52,e52,S5,S2,0,1,2,10.489625694225403,11,0,Successful
150,4,e42,e42,S4,S2,0,1,2,9.5393447034080054,10,0,Successful
175,6,e66,e66,S6,S6,0,1,2,6.8902352174809556,7,0,Successful
176,3,e21,e21,S2,S1,0,1,2,4.7399819336284335,5,0,Terminated
181,4,e42,e42,S4,S2,0,1,2,7.3318641055294282,8,0,Successful
190,6,e66,e66,S6,S6,0,1,2,7.5291004793143408,8,0,Successful
197,5,e54,e54,S5,S4,0,1,2,10.565767636157313,11,0,Successful
214,3,e22,e22,S2,S2,0,1,2,9.6706494153859222,10,0,Successful
222,3,e22,e22,S2,S2,0,1,2,10.456799939593527,11,0,Successful
222,7,e66,e66,S6,S6,0,1,2,6.4982578641873694,7,0,Successful
227,5,e54,e54,S5,S4,0,1,2,9.0319474968528493,10,0,Successful
228,5,e54,e54,S5,S4,0,1,2,10.846542567264368,11,0,Successful
250,6,e66,e66,S6,S6,0,1,2,6.1990252027740054,7,0,Successful
258,3,e21,e21,S2,S1,0,1,2,5.2196704684978865,6,0,Successful
264,5,e52,e52,S5,S2,0,1,2,11.727878690670675,12,0,Successful
267,5,e54,e54,S5,S4,0,1,2,9.3089238127449239,10,0,Successful
281,3,e21,e21,S2,S1,0,1,2,5.9318218069898663,6,0,Terminated
290,3,e21,e21,S2,S1,0,1,2,5.0873651234146475,6,0,Successful
302,3,e21,e21,S2,S1,0,1,2,5.3761278704889595,6,0,Terminated
307,3,e21,e21,S2,S1,0,1,2,5.512136426490569,6,0,Terminated
309,3,e21,e21,S2,S1,0,1,2,4.3967511959722136,5,0,Successful
310,6,e66,e66,S6,S6,0,1,2,5.9531436209236954,6,0,Successful
314,3,e22,e22,S2,S2,0,1,2,10.37021126569253,11,0,Successful
316,3,e21,e21,S2,S1,0,1,2,4.8701332674116165,5,0,Terminated
368,5,e54,e54,S5,S4,0,1,2,9.7563058788877477,10,0,Successful
368,7,e54,e54,S5,S4,1,2,2,9.4267606556553645,10,1,Successful
370,4,e43,e43,S4,S3,0,1,2,8.1175351315367461,9,0,Successful
378,6,e66,e66,S6,S6,0,1,2,7.6312060952611356,8,0,Successful
386,4,e42,e42,S4,S2,0,1,2,10.785073631168009,11,0,Successful
388,4,e43,e43,S4,S3,0,1,2,7.9235351312556528,8,0,Successful
407,4,e43,e43,S4,S3,0,1,2,6.7739737295501676,7,0,Successful
421,6,e66,e66,S6,S6,0,1,2,7.4413652500559468,8,0,Successful
429,6,e66,e66,S6,S6,0,1,2,7.8666997040722908,8,0,Successful
446,5,e54,e54,S5,S4,0,1,2,9.3562996003279242,10,0,Successful
448,3,e22,e22,S2,S2,0,1,2,8.390179403154745,9,0,Successful
450,3,e21,e21,S2,S1,0,1,2,4.4777783050310314,5,0,Terminated
451,3,e22,e22,S2,S2,0,1,2,9.4625575409481666,10,0,Successful
454,3,e21,e21,S2,S1,0,1,2,4.8243724591864439,5,0,Successful
468,3,e21,e21,S2,S1,0,1,2,5.1010603400653132,6,0,Successful
470,3,e22,e22,S2,S2,0,1,2,8.1806282516430855,9,0,Successful
472,4,e42,e42,S4,S2,0,1,2,10.550152564082117,11,0,Successful
478,3,e22,e22,S2,S2,0,1,2,9.0419593342903664,10,0,Successful
478,4,e22,e22,S2,S2,1,2,2,10.82341734997911,11,1,Successful
489,5,e55,e55,S5,S5,0,1,2,5.9487519297030795,6,0,Successful
499,3,e22,e22,S2,S2,0,1,2,9.3065941819125158,10,0,Successful
502,5,e54,e54,S5,S4,0,1,2,9.7526930577438797,10,0,Successful
523,3,e21,e21,S2,S1,0,1,2,6.2342239355580453,7,0,Terminated
526,3,e21,e21,S2,S1,0,1,2,6.7136108265130829,7,0,Terminated
534,3,e22,e22,S2,S2,0,1,2,10.507016020841514,11,0,Successful
536,6,e32,e32,S3,S2,0,1,2,16.278806380616096,17,0,Successful
545,6,e33,e33,S3,S3,0,1,2,5.3621320641198942,6,0,Successful
550,7,e33,e33,S3,S3,0,1,2,7.4868133961184018,8,0,Successful
576,3,e21,e21,S2,S1,0,1,2,5.1854787282528161,6,0,Terminated
582,5,e54,e54,S5,S4,0,1,2,8.8327541378976662,9,0,Successful
596,5,e54,e54,S5,S4,0,1,2,9.3943643908089971,10,0,Successful
609,4,e42,e42,S4,S2,0,1,2,8.3541803042668263,9,0,Successful
631,3,e22,e22,S2,S2,0,1,2,8.4933421625960328,9,0,Successful
639,6,e66,e66,S6,S6,0,1,2,8.4715549631563327,9,0,Successful
644,4,e42,e42,S4,S2,0,1,2,8.8111074032172212,9,0,Successful
644,7,e52,e52,S5,S2,0,1,2,10.322136447369235,11,0,Successful
646,3,e22,e22,S2,S2,0,1,2,7.3012707674139481,8,0,Successful
678,3,e22,e22,S2,S2,0,1,2,11.016794828093524,12,0,Successful
695,6,e55,e55,S5,S5,0,1,2,4.0970765238380142,5,0,Successful
715,4,e43,e43,S4,S3,0,1,2,6.1104738296565486,7,0,Successful
723,6,e66,e66,S6,S6,0,1,2,7.9318819272665806,8,0,Successful
728,6,e66,e66,S6,S6,0,1,2,6.6661896508412379,7,0,Successful
735,6,e66,e66,S6,S6,0,1,2,7.4931651776452295,8,0,Successful
749,3,e21,e21,S2,S1,0,1,2,5.6294958088938829,6,0,Successful
761,6,e66,e66,S6,S6,0,1,2,8.0500647630768576,9,0,Successful
762,3,e21,e21,S2,S1,0,1,2,4.0974116785484345,5,0,Successful
775,6,e66,e66,S6,S6,0,1,2,6.1849671621665721,7,0,Successful
780,7,e66,e66,S6,S6,0,1,2,5.5849505120384979,6,0,Successful
783,3,e22,e22,S2,S2,0,1,2,7.9826504551636139,8,0,Successful
786,5,e52,e52,S5,S2,0,1,2,10.5980389574065,11,0,Successful
789,3,e22,e22,S2,S2,0,1,2,9.9216493354254744,10,0,Successful
796,3,e21,e21,S2,S1,0,1,2,3.8930984229644454,4,0,Successful
796,7,e54,e54,S5,S4,0,1,2,9.7814130420770464,10,0,Successful
809,5,e54,e54,S5,S4,0,1,2,9.8721621311630727,10,0,Successful
822,4,e43,e43,S4,S3,0,1,2,8.1288015807699807,9,0,Successful
825,6,e66,e66,S6,S6,0,1,2,8.0722697318854557,9,0,Successful
833,5,e52,e52,S5,S2,0,1,2,10.287142512862095,11,0,Successful
837,6,e66,e66,S6,S6,0,1,2,6.3299164393078451,7,0,Successful
842,5,e54,e54,S5,S4,0,1,2,9.6131964345418588,10,0,Successful
843,5,e55,e55,S5,S5,0,1,2,4.8102932953525803,5,0,Successful
846,3,e22,e22,S2,S2,0,1,2,8.0357289163994494,9,0,Successful
861,8,e54,e54,S5,S4,0,1,2,8.824719691823752,9,0,Successful
874,5,e52,e52,S5,S2,0,1,2,9.7756868471634633,10,0,Successful
902,6,e66,e66,S6,S6,0,1,2,6.9712064103937532,7,0,Successful
903,5,e52,e52,S5,S2,0,1,2,11.316980551548493,12,0,Successful
905,3,e21,e21,S2,S1,0,1,2,5.4757592164879139,6,0,Terminated
917,6,e66,e66,S6,S6,0,1,2,6.5072888585431405,7,0,Successful
926,3,e21,e21,S2,S1,0,1,2,3.3761903034060188,4,0,Successful
935,3,e22,e22,S2,S2,0,1,2,8.032060542185949,9,0,Successful
943,5,e52,e52,S5,S2,0,1,2,9.2584577387663209,10,0,Successful
943,6,e22,e22,S2,S2,0,1,2,8.9651963996710364,9,0,Successful
946,11,e43,e43,S4,S3,0,1,2,8.6800952122996087,9,0,Successful
980,3,e22,e22,S2,S2,0,1,2,10.85908997335436,11,0,Successful
1009,6,e66,e66,S6,S6,0,1,2,6.6362430072284155,7,0,Successful
1016,6,e66,e66,S6,S6,0,1,2,7.0888225215049037,8,0,Successful
1021,3,e22,e22,S2,S2,0,1,2,9.6032332939777447,10,0,Successful
1039,3,e22,e22,S2,S2,0,1,2,10.982309145767674,11,0,Successful
1060,3,e21,e21,S2,S1,0,1,2,4.3819204012772932,5,0,Successful
1062,6,e66,e66,S6,S6,0,1,2,7.6497958005716358,8,0,Successful
1082,3,e22,e22,S2,S2,0,1,2,9.0425425116659408,10,0,Successful
1090,3,e22,e22,S2,S2,0,1,2,10.046903396865908,11,0,Successful
1092,3,e22,e22,S2,S2,0,1,2,7.7948187749315165,8,0,Successful
1094,5,e52,e52,S5,S2,0,1,2,9.3479862791995707,10,0,Successful
1094,7,e43,e43,S4,S3,0,1,2,6.8008361592449855,7,0,Successful
1094,11,e66,e66,S6,S6,0,1,2,8.2490075931033946,9,0,Successful
1097,3,e21,e21,S2,S1,0,1,2,5.7956720191881566,6,0,Terminated
1108,6,e66,e66,S6,S6,0,1,2,6.6346511453854031,7,0,Successful
1118,3,e22,e22,S2,S2,0,1,2,10.006819415636238,11,0,Successful
1125,3,e22,e22,S2,S2,0,1,2,8.5833577981314253,9,0,Successful
1140,11,e32,e32,S3,S2,0,1,2,14.246589611902881,15,0,Successful
1149,3,e22,e22,S2,S2,0,1,2,8.1426222952704457,9,0,Successful
1154,3,e22,e22,S2,S2,0,1,2,8.448289814814359,9,0,Successful
1155,3,e22,e22,S2,S2,0,1,2,9.0426412376122922,10,0,Successful
1160,6,e66,e66,S6,S6,0,1,2,8.343727806898162,9,0,Successful
1162,4,e43,e43,S4,S3,0,1,2,6.7395220354718077,7,0,Successful
1162,5,e32,e32,S3,S2,0,1,2,14.924798474105703,15,0,Successful
1169,6,e66,e66,S6,S6,0,1,2,7.5246542653415638,8,0,Successful
1187,3,e22,e22,S2,S2,0,1,2,7.6239706759840491,8,0,Successful
1194,4,e43,e43,S4,S3,0,1,2,7.7280084257171415,8,0,Successful
1197,6,e66,e66,S6,S6,0,1,2,5.8686935154554227,6,0,Successful
1202,5,e52,e52,S5,S2,0,1,2,10.194480291363533,11,0,Successful
1204,5,e55,e55,S5,S5,0,1,2,4.8834309891682555,5,0,Successful
1207,3,e21,e21,S2,S1,0,1,2,4.9766608300732269,5,0,Terminated
1208,3,e22,e22,S2,S2,0,1,2,10.350571774738764,11,0,Successful
1209,5,e54,e54,S5,S4,0,1,2,10.503947988794174,11,0,Successful
1218,4,e42,e42,S4,S2,0,1,2,10.069005083844401,11,0,Successful
1219,5,e55,e55,S5,S5,0,1,2,3.5140798628638943,4,0,Successful
1219,7,e66,e66,S6,S6,0,1,2,7.7392795660550195,8,0,Successful
1219,8,e66,e66,S6,S6,1,2,2,8.173103990088789,9,1,Successful
1222,4,e43,e43,S4,S3,0,1,2,6.4101555071572243,7,0,Successful
1234,5,e54,e54,S5,S4,0,1,2,10.367337958136766,11,0,Successful
1242,3,e22,e22,S2,S2,0,1,2,8.9273253400452308,9,0,Successful
1251,4,e43,e43,S4,S3,0,1,2,6.9718887716090752,7,0,Successful
1251,5,e33,e33,S3,S3,0,1,2,9.0458022215317779,10,0,Successful
1256,3,e22,e22,S2,S2,0,1,2,8.462923999859596,9,0,Successful
1256,6,e54,e54,S5,S4,0,1,2,10.673950515977772,11,0,Successful
1260,3,e21,e21,S2,S1,0,1,2,5.7524232147305465,6,0,Terminated
1271,3,e22,e22,S2,S2,0,1,2,10.909798706073758,11,0,Successful
1276,3,e22,e22,S2,S2,0,1,2,9.1085856835412962,10,0,Successful
1281,5,e54,e54,S5,S4,0,1,2,10.173044210528833,11,0,Successful
1295,6,e66,e66,S6,S6,0,1,2,6.9585541134644275,7,0,Successful
1315,6,e66,e66,S6,S6,0,1,2,5.8517719446978624,6,0,Successful
1317,6,e66,e66,S6,S6,0,1,2,8.655949293164376,9,0,Successful
1331,6,e66,e66,S6,S6,0,1,2,6.8739808596055028,7,0,Successful
1337,3,e21,e21,S2,S1,0,1,2,4.4053291434163127,5,0,Successful
1346,4,e42,e42,S4,S2,0,1,2,10.122285905972927,11,0,Successful
1379,6,e66,e66,S6,S6,0,1,2,8.0307051281426816,9,0,Successful
1392,3,e21,e21,S2,S1,0,1,2,5.1202423325693189,6,0,Successful
1411,4,e43,e43,S4,S3,0,1,2,5.5829313180000053,6,0,Successful
1411,6,e43,e43,S4,S3,1,2,2,7.8093132702170998,8,1,Successful
1423,6,e66,e66,S6,S6,0,1,2,8.0684039726774781,9,0,Successful
1453,6,e66,e66,S6,S6,0,1,2,8.5314738044601075,9,0,Successful
1479,6,e66,e66,S6,S6,0,1,2,7.6810067005715119,8,0,Successful
1494,3,e22,e22,S2,S2,0,1,2,8.7505410148915406,9,0,Successful
1503,4,e43,e43,S4,S3,0,1,2,6.9398156905726349,7,0,Successful
1509,4,e43,e43,S4,S3,0,1,2,9.4058601822444636,10,0,Successful
1525,3,e22,e22,S2,S2,0,1,2,9.1066392906123639,10,0,Successful
1533,5,e55,e55,S5,S5,0,1,2,4.117186230052619,5,0,Successful
1534,3,e22,e22,S2,S2,0,1,2,7.3534347609262296,8,0,Successful
1534,6,e52,e52,S5,S2,0,1,2,9.3800625453600226,10,0,Successful
1535,3,e22,e22,S2,S2,0,1,2,10.790411928560655,11,0,Successful
1541,3,e21,e21,S2,S1,0,1,2,4.7251837906040404,5,0,Successful
1557,4,e33,e33,S3,S3,0,1,2,5.6915525188260947,6,0,Successful
1568,5,e54,e54,S5,S4,0,1,2,9.404813236983891,10,0,Successful
1572,3,e22,e22,S2,S2,0,1,2,8.93733856155308,9,0,Successful
1578,6,e66,e66,S6,S6,0,1,2,7.8675698785860693,8,0,Successful
1580,3,e22,e22,S2,S2,0,1,2,9.4588286563900432,10,0,Successful
1580,6,e54,e54,S5,S4,0,1,2,7.9656836663300812,8,0,Successful
1582,3,e21,e21,S2,S1,0,1,2,5.1050942836100441,6,0,Successful
1583,3,e22,e22,S2,S2,0,1,2,9.3883723202564067,10,0,Successful
1584,3,e22,e22,S2,S2,0,1,2,10.652970184336331,11,0,Successful
1585,6,e66,e66,S6,S6,0,1,2,8.283246024557803,9,0,Successful
1588,6,e66,e66,S6,S6,0,1,2,7.8591623773609687,8,0,Successful
1601,3,e21,e21,S2,S1,0,1,2,5.896502442110263,6,0,Terminated
1624,3,e21,e21,S2,S1,0,1,2,4.8088540634562165,5,0,Terminated
1629,5,e52,e52,S5,S2,0,1,2,10.944592253614982,11,0,Successful
1635,3,e22,e22,S2,S2,0,1,2,9.1217529310573404,10,0,Successful
1645,3,e22,e22,S2,S2,0,1,2,9.8957230651787285,10,0,Successful
1645,6,e54,e54,S5,S4,0,1,2,10.76743588749326,11,0,Successful
1649,5,e52,e52,S5,S2,0,1,2,8.254380709692148,9,0,Successful
1653,3,e22,e22,S2,S2,0,1,2,8.5904376834960399,9,0,Successful
1670,3,e21,e21,S2,S1,0,1,2,4.8203796170243827,5,0,Terminated
1678,6,e66,e66,S6,S6,0,1,2,7.5209501368459648,8,0,Successful
1689,3,e21,e21,S2,S1,0,1,2,4.9884630945913182,5,0,Successful
1713,3,e22,e22,S2,S2,0,1,2,8.0254655525658531,9,0,Successful
1732,4,e42,e42,S4,S2,0,1,2,10.843107441809579,11,0,Successful
1744,3,e22,e22,S2,S2,0,1,2,8.9726233644859015,9,0,Successful
1749,3,e21,e21,S2,S1,0,1,2,5.993072050508589,6,0,Successful
1753,5,e54,e54,S5,S4,0,1,2,8.9920123938951093,9,0,Successful
1755,6,e66,e66,S6,S6,0,1,2,7.4506196170626309,8,0,Successful
1766,3,e21,e21,S2,S1,0,1,2,4.6662840729607469,5,0,Terminated
1771,3,e21,e21,S2,S1,0,1,2,4.4632257472022108,5,0,Terminated
1772,4,e42,e42,S4,S2,0,1,2,9.3958570651390207,10,0,Successful
1782,6,e66,e66,S6,S6,0,1,2,6.7363562561928312,7,0,Successful
1788,5,e52,e52,S5,S2,0,1,2,11.152261204416359,12,0,Successful
1800,3,e22,e22,S2,S2,0,1,2,7.9566409008777299,8,0,Successful
1819,6,e66,e66,S6,S6,0,1,2,8.7599435264905008,9,0,Successful
1825,3,e22,e22,S2,S2,0,1,2,10.102845616052466,11,0,Successful
1849,5,e54,e54,S5,S4,0,1,2,10.279971729055429,11,0,Successful
1857,6,e66,e66,S6,S6,0,1,2,6.3747239468605983,7,0,Successful
1863,6,e66,e66,S6,S6,0,1,2,8.7194931423629782,9,0,Successful
1864,5,e55,e55,S5,S5,0,1,2,4.5500210927345499,5,0,Successful
1869,10,e66,e66,S6,S6,0,1,2,7.0279208293468773,8,0,Successful
1875,3,e22,e22,S2,S2,0,1,2,9.0322406001738909,10,0,Successful
1897,5,e54,e54,S5,S4,0,1,2,11.053617802898426,12,0,Successful
1904,4,e43,e43,S4,S3,0,1,2,5.9888105672094865,6,0,Successful
1909,3,e21,e21,S2,S1,0,1,2,5.8879736079827438,6,0,Terminated
1911,3,e21,e21,S2,S1,0,1,2,4.8949987064541904,5,0,Terminated
1913,3,e22,e22,S2,S2,0,1,2,9.4609143319988362,10,0,Successful
1930,3,e21,e21,S2,S1,0,1,2,5.0482457820511222,6,0,Successful
1938,5,e66,e66,S6,S6,0,1,2,6.1481569258599729,7,0,Successful
1945,3,e22,e22,S2,S2,0,1,2,8.1507425642699793,9,0,Successful
1953,4,e43,e43,S4,S3,0,1,2,8.4434499166036776,9,0,Successful
1963,6,e66,e66,S6,S6,0,1,2,9.0549343970707756,10,0,Successful
1972,5,e55,e55,S5,S5,0,1,2,4.3787688780563752,5,0,Successful
1975,3,e22,e22,S2,S2,0,1,2,8.4912227951596098,9,0,Successful
1985,4,e43,e43,S4,S3,0,1,2,6.6998763944670587,7,0,Successful
2018,4,e43,e43,S4,S3,0,1,2,5.95826734718589,6,0,Successful
2020,3,e22,e22,S2,S2,0,1,2,9.8522626032500007,10,0,Successful
2031,3,e22,e22,S2,S2,0,1,2,8.104080820221057,9,0,Successful
2031,6,e54,e54,S5,S4,0,1,2,8.7715343141253825,9,0,Successful
2038,6,e33,e33,S3,S3,0,1,2,6.7501798296913762,7,0,Successful
2039,3,e21,e21,S2,S1,0,1,2,5.1381253161515046,6,0,Successful
2041,3,e21,e21,S2,S1,0,1,2,5.3751121685228114,6,0,Terminated
2051,6,e66,e66,S6,S6,0,1,2,7.7007160257778011,8,0,Successful
2065,3,e21,e21,S2,S1,0,1,2,5.1396953622382622,6,0,Terminated
2078,3,e21,e21,S2,S1,0,1,2,4.5489156515471727,5,0,Successful
2116,3,e21,e21,S2,S1,0,1,2,5.7510234586791604,6,0,Successful
2132,3,e22,e22,S2,S2,0,1,2,9.6212389283468731,10,0,Successful
2157,3,e21,e21,S2,S1,0,1,2,5.1395355927649371,6,0,Terminated
2164,3,e21,e21,S2,S1,0,1,2,4.7303150718296383,5,0,Successful
2169,4,e43,e43,S4,S3,0,1,2,5.9274970349558709,6,0,Successful
2193,3,e21,e21,S2,S1,0,1,2,4.4670762240599409,5,0,Terminated
2205,5,e52,e52,S5,S2,0,1,2,10.814365529681856,11,0,Successful
2208,4,e43,e43,S4,S3,0,1,2,6.0818405319973099,7,0,Successful
2226,3,e22,e22,S2,S2,0,1,2,10.315515134957385,11,0,Successful
2238,4,e43,e43,S4,S3,0,1,2,6.6704205753001977,7,0,Successful
2242,6,e66,e66,S6,S6,0,1,2,5.9189012539730781,6,0,Successful
2246,3,e21,e21,S2,S1,0,1,2,4.243073742580231,5,0,Terminated
2247,4,e43,e43,S4,S3,0,1,2,5.5766493879238093,6,0,Successful
2247,6,e43,e43,S4,S3,1,2,2,6.0807527928140654,7,1,Successful
2247,7,e33,e33,S3,S3,0,1,2,5.8040223003799554,6,0,Successful
2261,6,e66,e66,S6,S6,0,1,2,9.1395419498751398,10,0,Successful
2263,3,e21,e21,S2,S1,0,1,2,6.0020042063152497,7,0,Successful
2272,6,e66,e66,S6,S6,0,1,2,7.5240956392835141,8,0,Successful
2274,3,e22,e22,S2,S2,0,1,2,10.538079942958076,11,0,Successful
2281,3,e21,e21,S2,S1,0,1,2,5.3016148183635536,6,0,Successful
2286,5,e52,e52,S5,S2,0,1,2,9.2813919001724656,10,0,Successful
2296,4,e43,e43,S4,S3,0,1,2,6.8341612547677535,7,0,Successful
2299,3,e21,e21,S2,S1,0,1,2,4.42075098459914,5,0,Terminated
2300,6,e66,e66,S6,S6,0,1,2,6.2500068489159233,7,0,Successful
2306,5,e43,e43,S4,S3,0,1,2,6.1596483690380879,7,0,Successful
2315,5,e55,e55,S5,S5,0,1,2,4.6709923195004475,5,0,Successful
2328,3,e21,e21,S2,S1,0,1,2,4.1656859048996218,5,0,Terminated
2334,6,e66,e66,S6,S6,0,1,2,6.1604707095942368,7,0,Successful
2339,3,e21,e21,S2,S1,0,1,2,5.0755242361166335,6,0,Successful
2352,4,e42,e42,S4,S2,0,1,2,9.9932740349403506,10,0,Successful
2362,4,e42,e42,S4,S2,0,1,2,9.380671195770006,10,0,Successful
2365,6,e66,e66,S6,S6,0,1,2,7.8270001694235418,8,0,Successful
2375,3,e21,e21,S2,S1,0,1,2,5.7379835682213862,6,0,Terminated
2397,3,e22,e22,S2,S2,0,1,2,10.258188919204114,11,0,Successful
2399,3,e21,e21,S2,S1,0,1,2,6.5129884465518426,7,0,Terminated
2409,6,e66,e66,S6,S6,0,1,2,7.5259730495536576,8,0,Successful
2414,3,e21,e21,S2,S1,0,1,2,4.3794705836815684,5,0,Terminated
2431,6,e66,e66,S6,S6,0,1,2,5.7474993607918972,6,0,Successful
2433,4,e43,e43,S4,S3,0,1,2,6.4510224276350083,7,0,Successful
2433,7,e52,e52,S5,S2,0,1,2,9.7089964824859205,10,0,Successful
2438,3,e22,e22,S2,S2,0,1,2,10.079799105441634,11,0,Successful
2440,3,e22,e22,S2,S2,0,1,2,7.3470924110464635,8,0,Successful
2440,6,e52,e52,S5,S2,0,1,2,11.123376182911024,12,0,Successful
2449,4,e42,e42,S4,S2,0,1,2,11.478127503071157,12,0,Successful
2451,4,e43,e43,S4,S3,0,1,2,5.742831584693433,6,0,Successful
2457,3,e21,e21,S2,S1,0,1,2,4.8060718761634389,5,0,Terminated
2463,3,e22,e22,S2,S2,0,1,2,8.8773445120894348,9,0,Successful
2476,4,e43,e43,S4,S3,0,1,2,8.0700240333088242,9,0,Successful
2477,3,e21,e21,S2,S1,0,1,2,6.1337296163880595,7,0,Successful
2478,5,e55,e55,S5,S5,0,1,2,5.0805307118659355,6,0,Successful
2485,3,e21,e21,S2,S1,0,1,2,5.6705730210912098,6,0,Terminated
2520,4,e43,e43,S4,S3,0,1,2,8.3568653780624764,9,0,Successful
2524,3,e21,e21,S2,S1,0,1,2,6.2291615826177331,7,0,Successful
2525,6,e66,e66,S6,S6,0,1,2,8.6338822837387035,9,0,Successful
2526,4,e42,e42,S4,S2,0,1,2,10.438949195456756,11,0,Successful
2528,4,e43,e43,S4,S3,0,1,2,7.2511181572392296,8,0,Successful
2549,3,e22,e22,S2,S2,0,1,2,10.205947821335537,11,0,Successful
2554,5,e54,e54,S5,S4,0,1,2,9.0497994304174281,10,0,Successful
2554,6,e43,e43,S4,S3,0,1,2,7.0963661474360027,8,0,Successful
2561,3,e21,e21,S2,S1,0,1,2,4.0625736961397969,5,0,Terminated
2566,5,e52,e52,S5,S2,0,1,2,8.5206778679409361,9,0,Successful
2569,5,e54,e54,S5,S4,0,1,2,9.8337727609435106,10,0,Successful
2575,3,e21,e21,S2,S1,0,1,2,5.3841470057986687,6,0,Successful
2579,3,e22,e22,S2,S2,0,1,2,8.3089823054476106,9,0,Successful
2588,3,e22,e22,S2,S2,0,1,2,10.315721196671813,11,0,Successful
2591,4,e42,e42,S4,S2,0,1,2,10.010446714581988,11,0,Successful
2605,3,e22,e22,S2,S2,0,1,2,8.9915966319363143,9,0,Successful
2611,3,e21,e21,S2,S1,0,1,2,4.4524767642680034,5,0,Successful
2613,6,e32,e32,S3,S2,0,1,2,17.035532702405565,18,0,Successful
2614,3,e21,e21,S2,S1,0,1,2,6.1978286640080569,7,0,Terminated
2619,5,e54,e54,S5,S4,0,1,2,9.2942200193974784,10,0,Successful
2626,3,e22,e22,S2,S2,0,1,2,7.795068322050497,8,0,Successful
2635,3,e22,e22,S2,S2,0,1,2,10.513591253870889,11,0,Successful
2638,5,e54,e54,S5,S4,0,1,2,9.8621997274807942,10,0,Successful
2651,3,e22,e22,S2,S2,0,1,2,8.5679290724078676,9,0,Successful
2651,6,e55,e55,S5,S5,0,1,2,3.3039401792603575,4,0,Successful
2656,3,e21,e21,S2,S1,0,1,2,5.3805481815075158,6,0,Successful
2670,3,e22,e22,S2,S2,0,1,2,8.1901346282204592,9,0,Successful
2678,5,e52,e52,S5,S2,0,1,2,8.6280227550389839,9,0,Successful
2680,5,e55,e55,S5,S5,0,1,2,5.01883555250323,6,0,Successful
2684,3,e21,e21,S2,S1,0,1,2,5.2678465542095099,6,0,Successful
2685,5,e55,e55,S5,S5,0,1,2,5.1699181428584744,6,0,Successful
2700,3,e22,e22,S2,S2,0,1,2,9.8318371856757949,10,0,Successful
2702,6,e66,e66,S6,S6,0,1,2,8.8926680278180541,9,0,Successful
2718,4,e43,e43,S4,S3,0,1,2,6.3727825456605114,7,0,Successful
2720,3,e22,e22,S2,S2,0,1,2,8.746150750767729,9,0,Successful
2735,3,e22,e22,S2,S2,0,1,2,8.3385325745386965,9,0,Successful
2736,6,e66,e66,S6,S6,0,1,2,7.7363984662683603,8,0,Successful
2737,3,e21,e21,S2,S1,0,1,2,3.6251168697695628,4,0,Successful
2740,4,e43,e43,S4,S3,0,1,2,7.9585597963370667,8,0,Successful
2753,3,e22,e22,S2,S2,0,1,2,9.0799379274911942,10,0,Successful
2753,6,e55,e55,S5,S5,0,1,2,4.3340291118425576,5,0,Successful
2761,4,e43,e43,S4,S3,0,1,2,8.6618781688711568,9,0,Successful
2764,3,e22,e22,S2,S2,0,1,2,10.309815260178185,11,0,Successful
2774,3,e21,e21,S2,S1,0,1,2,5.5144060283945144,6,0,Terminated
2776,3,e22,e22,S2,S2,0,1,2,9.4979696804234912,10,0,Successful
2785,4,e43,e43,S4,S3,0,1,2,5.6157064120953812,6,0,Successful
2815,6,e66,e66,S6,S6,0,1,2,7.3009077744675004,8,0,Successful
2843,3,e21,e21,S2,S1,0,1,2,4.6580100397143926,5,0,Successful
2850,3,e21,e21,S2,S1,0,1,2,6.22734883581691,7,0,Successful
2851,6,e33,e33,S3,S3,0,1,2,6.8690504198370643,7,0,Successful
2854,5,e66,e66,S6,S6,0,1,2,8.5126310150407285,9,0,Successful
2860,3,e21,e21,S2,S1,0,1,2,4.8854801624299498,5,0,Terminated
2862,6,e66,e66,S6,S6,0,1,2,7.7869382191721694,8,0,Successful
2862,7,e66,e66,S6,S6,1,2,2,6.5713368571333426,7,1,Successful
2924,6,e66,e66,S6,S6,0,1,2,7.594958670698011,8,0,Successful
2933,3,e21,e21,S2,S1,0,1,2,4.8920730861837614,5,0,Successful
2940,3,e22,e22,S2,S2,0,1,2,10.442691110655732,11,0,Successful
2940,5,e43,e43,S4,S3,0,1,2,5.2602734128803581,6,0,Successful
2940,6,e32,e32,S3,S2,0,1,2,12.86773150041156,13,0,Successful
2948,3,e22,e22,S2,S2,0,1,2,8.2767504858696377,9,0,Successful
2948,4,e22,e22,S2,S2,1,2,2,8.7468452292935037,9,1,Successful
2956,3,e22,e22,S2,S2,0,1,2,10.588410117989387,11,0,Successful
2956,5,e42,e42,S4,S2,0,1,2,10.979202282505906,11,0,Successful
2966,3,e21,e21,S2,S1,0,1,2,4.8850401643362087,5,0,Terminated
2974,3,e22,e22,S2,S2,0,1,2,8.5729191251999062,9,0,Successful
2975,3,e22,e22,S2,S2,0,1,2,9.2845085356848003,10,0,Successful
2999,3,e22,e22,S2,S2,0,1,2,8.2284755089587449,9,0,Successful
3010,3,e21,e21,S2,S1,0,1,2,6.3676720862538581,7,0,Terminated
3016,6,e66,e66,S6,S6,0,1,2,7.780071060348889,8,0,Successful
3024,3,e22,e22,S2,S2,0,1,2,7.3487366294008369,8,0,Successful
3024,4,e21,e21,S2,S1,0,1,2,5.2212984639257973,6,0,Successful
3024,7,e43,e43,S4,S3,0,1,2,6.4548560893490361,7,0,Successful
3047,5,e54,e54,S5,S4,0,1,2,11.000882523542757,12,0,Successful
3049,5,e54,e54,S5,S4,0,1,2,9.2992157293432882,10,0,Successful
3049,7,e54,e54,S5,S4,1,2,2,11.471719888401541,12,1,Successful
3057,3,e21,e21,S2,S1,0,1,2,5.4122505405195191,6,0,Terminated
3061,3,e21,e21,S2,S1,0,1,2,3.698351892714737,4,0,Terminated
3069,3,e21,e21,S2,S1,0,1,2,6.0986431135996337,7,0,Successful
3080,5,e52,e52,S5,S2,0,1,2,11.337996463394759,12,0,Successful
3080,6,e22,e22,S2,S2,0,1,2,8.5363944253800472,9,0,Successful
3080,8,e43,e43,S4,S3,0,1,2,7.5189472859397037,8,0,Successful
3082,4,e42,e42,S4,S2,0,1,2,9.7559169555007212,10,0,Successful
3082,8,e66,e66,S6,S6,0,1,2,6.0260525144809005,7,0,Successful
3093,3,e21,e21,S2,S1,0,1,2,6.3983896029033023,7,0,Terminated
3120,5,e52,e52,S5,S2,0,1,2,11.096931584826311,12,0,Successful
3133,3,e22,e22,S2,S2,0,1,2,9.9738547490823368,10,0,Successful
3136,3,e21,e21,S2,S1,0,1,2,4.7171094432474892,5,0,Successful
3137,5,e54,e54,S5,S4,0,1,2,11.0918651741212,12,0,Successful
3142,6,e66,e66,S6,S6,0,1,2,6.3266904876142682,7,0,Successful
3153,3,e22,e22,S2,S2,0,1,2,8.9935343056525188,9,0,Successful
3159,5,e55,e55,S5,S5,0,1,2,4.5026401010782866,5,0,Successful
3160,3,e21,e21,S2,S1,0,1,2,4.9336426069454431,5,0,Terminated
3174,5,e55,e55,S5,S5,0,1,2,4.4878718324627478,5,0,Successful
3181,3,e22,e22,S2,S2,0,1,2,9.1598564071748942,10,0,Successful
3207,6,e66,e66,S6,S6,0,1,2,5.4772336357849003,6,0,Successful
3210,3,e21,e21,S2,S1,0,1,2,4.6323318922704058,5,0,Successful
3213,3,e22,e22,S2,S2,0,1,2,8.1695772484095546,9,0,Successful
3214,6,e66,e66,S6,S6,0,1,2,5.9101934460147856,6,0,Successful
3215,3,e22,e22,S2,S2,0,1,2,7.8245895853916823,8,0,Successful
3229,3,e22,e22,S2,S2,0,1,2,8.8764941214451039,9,0,Successful
3264,6,e66,e66,S6,S6,0,1,2,7.2575708230710827,8,0,Successful
3269,6,e66,e66,S6,S6,0,1,2,6.6794921369642672,7,0,Successful
3269,7,e66,e66,S6,S6,1,2,2,6.458181482211458,7,1,Successful
3279,4,e43,e43,S4,S3,0,1,2,7.0312549207318318,8,0,Successful
3279,8,e66,e66,S6,S6,0,1,2,6.5306825031141766,7,0,Successful
3286,4,e42,e42,S4,S2,0,1,2,10.657291964385537,11,0,Successful
3289,5,e54,e54,S5,S4,0,1,2,9.3009277865924496,10,0,Successful
3297,6,e66,e66,S6,S6,0,1,2,9.5193674687786078,10,0,Successful
3322,3,e22,e22,S2,S2,0,1,2,8.728837579211584,9,0,Successful
3325,6,e66,e66,S6,S6,0,1,2,6.7291596957367217,7,0,Successful
3331,3,e21,e21,S2,S1,0,1,2,5.9647732235737676,6,0,Successful
3340,3,e22,e22,S2,S2,0,1,2,9.064849482957726,10,0,Successful
3340,6,e52,e52,S5,S2,0,1,2,10.211903238558248,11,0,Successful
3348,3,e22,e22,S2,S2,0,1,2,8.1251166710245855,9,0,Successful
3377,3,e21,e21,S2,S1,0,1,2,4.8149808006561328,5,0,Successful
3380,6,e66,e66,S6,S6,0,1,2,5.5802395116866448,6,0,Successful
3387,6,e66,e66,S6,S6,0,1,2,5.7279818661433595,6,0,Successful
3390,4,e42,e42,S4,S2,0,1,2,11.192900091657386,12,0,Successful
3415,3,e21,e21,S2,S1,0,1,2,6.1330517122372088,7,0,Successful
3427,4,e43,e43,S4,S3,0,1,2,8.6637348640403324,9,0,Successful
3439,5,e52,e52,S5,S2,0,1,2,11.066214596163764,12,0,Successful
3450,3,e22,e22,S2,S2,0,1,2,8.2852627898219371,9,0,Successful
3466,6,e66,e66,S6,S6,0,1,2,7.3640537675288069,8,0,Successful
3489,5,e52,e52,S5,S2,0,1,2,11.416936384089862,12,0,Successful
3490,3,e22,e22,S2,S2,0,1,2,9.4181987948862833,10,0,Successful
3497,4,e43,e43,S4,S3,0,1,2,7.6316737118080082,8,0,Successful
3497,12,e66,e66,S6,S6,0,1,2,6.9049777896059057,7,0,Successful
3503,5,e54,e54,S5,S4,0,1,2,9.3685807603792597,10,0,Successful
3503,6,e42,e42,S4,S2,0,1,2,9.5601943424106164,10,0,Successful
3509,3,e22,e22,S2,S2,0,1,2,10.056253678460541,11,0,Successful
3532,4,e43,e43,S4,S3,0,1,2,7.6841609978144625,8,0,Successful
3535,4,e42,e42,S4,S2,0,1,2,9.2078209197847958,10,0,Successful
3553,3,e22,e22,S2,S2,0,1,2,8.7826684090971288,9,0,Successful
3554,3,e22,e22,S2,S2,0,1,2,9.8053749609492797,10,0,Successful
3582,6,e66,e66,S6,S6,0,1,2,9.4003425568618546,10,0,Successful
3603,3,e22,e22,S2,S2,0,1,2,10.915048725591545,11,0,Successful
3606,5,e54,e54,S5,S4,0,1,2,8.5855750413182292,9,0,Successful
3611,5,e55,e55,S5,S5,0,1,2,3.7940200850159966,4,0,Successful
3611,7,e66,e66,S6,S6,0,1,2,7.4818887236314406,8,0,Successful
3624,6,e66,e66,S6,S6,0,1,2,6.6635108832929193,7,0,Successful
3624,7,e66,e66,S6,S6,1,2,2,5.8106700209612683,6,1,Successful
3631,3,e21,e21,S2,S1,0,1,2,5.5086866047741196,6,0,Terminated
3659,5,e52,e52,S5,S2,0,1,2,10.760847137077278,11,0,Successful
3670,5,e54,e54,S5,S4,0,1,2,11.427295989880488,12,0,Successful
3674,6,e32,e32,S3,S2,0,1,2,13.493966850662495,14,0,Successful
3674,9,e55,e55,S5,S5,0,1,2,4.5121786722467023,5,0,Successful
3675,3,e22,e22,S2,S2,0,1,2,8.5287775713096714,9,0,Terminated
3693,3,e22,e22,S2,S2,0,1,2,8.3789546267384978,9,0,Successful
3705,3,e22,e22,S2,S2,0,1,2,9.2278518810289558,10,0,Terminated
3705,4,e21,e21,S2,S1,0,1,2,5.7678754408599442,6,0,Terminated
3712,3,e22,e22,S2,S2,0,1,2,8.8937756902841585,9,0,Successful
3748,3,e22,e22,S2,S2,0,1,2,9.248830317397875,10,0,Successful
3748,6,e52,e52,S5,S2,0,1,2,11.793636393878117,12,0,Successful
3748,7,e22,e22,S2,S2,1,2,2,9.2761435651355946,10,1,Successful
3772,5,e54,e54,S5,S4,0,1,2,9.5372788228288954,10,0,Successful
3794,3,e21,e21,S2,S1,0,1,2,5.4911231138952656,6,0,Terminated
3809,3,e21,e21,S2,S1,0,1,2,4.7203555691293859,5,0,Successful
3819,5,e52,e52,S5,S2,0,1,2,9.4119314359949371,10,0,Successful
3827,3,e22,e22,S2,S2,0,1,2,7.25533726271492,8,0,Successful
3846,3,e21,e21,S2,S1,0,1,2,5.7095326942653211,6,0,Successful
3854,6,e66,e66,S6,S6,0,1,2,6.6738099741019115,7,0,Successful
3877,3,e22,e22,S2,S2,0,1,2,9.0599005814592601,10,0,Terminated
3877,4,e21,e21,S2,S1,0,1,2,5.7545594874775698,6,0,Terminated
3879,6,e66,e66,S6,S6,0,1,2,5.7940824171625236,6,0,Successful
3903,3,e22,e22,S2,S2,0,1,2,11.114232882425352,12,0,Successful
3915,3,e22,e22,S2,S2,0,1,2,9.6950819071463528,10,0,Successful
3924,3,e21,e21,S2,S1,0,1,2,3.583125937366674,4,0,Successful
3929,4,e42,e42,S4,S2,0,1,2,10.090083972543535,11,0,Successful
3958,3,e21,e21,S2,S1,0,1,2,5.2699574612685263,6,0,Successful
3971,3,e21,e21,S2,S1,0,1,2,5.4558106900897867,6,0,Terminated
3974,3,e21,e21,S2,S1,0,1,2,5.2489204981581876,6,0,Terminated
3988,3,e22,e22,S2,S2,0,1,2,10.33095025976278,11,0,Successful
3994,3,e22,e22,S2,S2,0,1,2,10.496304845801195,11,0,Successful
3997,3,e22,e22,S2,S2,0,1,2,8.8109827347300893,9,0,Successful
4000,5,e54,e54,S5,S4,0,1,2,8.8791283092908184,9,0,Successful
4002,6,e66,e66,S6,S6,0,1,2,6.290850249900811,7,0,Successful
4024,6,e66,e66,S6,S6,0,1,2,7.1475997013042445,8,0,Successful
4026,3,e21,e21,S2,S1,0,1,2,4.826920125024059,5,0,Successful
4028,9,e66,e66,S6,S6,0,1,2,6.3943273558875147,7,0,Successful
4038,5,e54,e54,S5,S4,0,1,2,8.342213264012182,9,0,Successful
4039,5,e54,e54,S5,S4,0,1,2,8.2427465193443794,9,0,Successful
4052,3,e22,e22,S2,S2,0,1,2,10.353432590721383,11,0,Successful
4053,5,e66,e66,S6,S6,0,1,2,8.4558883397370739,9,0,Successful
4055,4,e42,e42,S4,S2,0,1,2,10.732575439830331,11,0,Successful
4056,4,e42,e42,S4,S2,0,1,2,11.673679866664603,12,0,Successful
4065,4,e42,e42,S4,S2,0,1,2,10.610985190593206,11,0,Successful
4065,7,e66,e66,S6,S6,0,1,2,6.7600943295874636,7,0,Successful
4095,3,e22,e22,S2,S2,0,1,2,8.1373583558010267,9,0,Successful
4095,5,e42,e42,S4,S2,0,1,2,10.390770269967556,11,0,Successful
4141,5,e52,e52,S5,S2,0,1,2,8.9482183983291286,9,0,Successful
4148,4,e42,e42,S4,S2,0,1,2,10.36284420732693,11,0,Successful
4148,7,e54,e54,S5,S4,0,1,2,10.04225446996203,11,0,Successful
4164,4,e43,e43,S4,S3,0,1,2,8.1393198752844604,9,0,Successful
4164,5,e32,e32,S3,S2,0,1,2,15.759610690179715,16,0,Successful
4167,5,e55,e55,S5,S5,0,1,2,2.6441249908971267,3,0,Successful
4174,5,e54,e54,S5,S4,0,1,2,9.7999798670152547,10,0,Successful
4174,6,e43,e43,S4,S3,0,1,2,6.6669524584542295,7,0,Successful
4183,4,e42,e42,S4,S2,0,1,2,10.767533734016903,11,0,Successful
4189,5,e52,e52,S5,S2,0,1,2,9.619080759961502,10,0,Successful
4198,5,e55,e55,S5,S5,0,1,2,4.910547224799747,5,0,Successful
4201,9,e52,e52,S5,S2,0,1,2,8.3724887105917887,9,0,Successful
4207,3,e21,e21,S2,S1,0,1,2,3.350784588063171,4,0,Successful
4210,6,e66,e66,S6,S6,0,1,2,7.0421992811046223,8,0,Successful
4271,5,e52,e52,S5,S2,0,1,2,9.9609231200054644,10,0,Successful
4274,3,e21,e21,S2,S1,0,1,2,6.0272779431854833,7,0,Terminated
4280,5,e54,e54,S5,S4,0,1,2,11.363161267322493,12,0,Successful
4288,3,e21,e21,S2,S1,0,1,2,4.2497211572352365,5,0,Successful
4290,3,e21,e21,S2,S1,0,1,2,5.149487510219223,6,0,Terminated
4295,3,e21,e21,S2,S1,0,1,2,5.5596650413182394,6,0,Successful
4303,3,e22,e22,S2,S2,0,1,2,8.229709687202087,9,0,Successful
4303,5,e43,e43,S4,S3,0,1,2,6.7636991094276606,7,0,Successful
4305,4,e43,e43,S4,S3,0,1,2,6.6399660355114953,7,0,Successful
4311,5,e52,e52,S5,S2,0,1,2,10.589932498939774,11,0,Successful
4321,3,e22,e22,S2,S2,0,1,2,8.1210089074984708,9,0,Successful
4330,3,e22,e22,S2,S2,0,1,2,8.7067439012101637,9,0,Successful
4332,8,e43,e43,S4,S3,0,1,2,7.2736349843172006,8,0,Successful
4334,3,e21,e21,S2,S1,0,1,2,5.210693413131855,6,0,Terminated
4344,3,e22,e22,S2,S2,0,1,2,8.8908870050306419,9,0,Successful
4362,6,e66,e66,S6,S6,0,1,2,6.3358745042211098,7,0,Successful
4368,3,e21,e21,S2,S1,0,1,2,5.2553055746996415,6,0,Terminated
4388,4,e42,e42,S4,S2,0,1,2,8.8533550312467071,9,0,Successful
4392,3,e21,e21,S2,S1,0,1,2,4.5056309170350284,5,0,Successful
4401,6,e66,e66,S6,S6,0,1,2,6.9626680145852839,7,0,Successful
4410,3,e22,e22,S2,S2,0,1,2,7.7758319855955449,8,0,Successful
4411,4,e42,e42,S4,S2,0,1,2,9.3558823547435477,10,0,Successful
4420,4,e43,e43,S4,S3,0,1,2,7.2119602780757903,8,0,Successful
4428,3,e22,e22,S2,S2,0,1,2,9.3330064187645672,10,0,Successful
4439,4,e43,e43,S4,S3,0,1,2,8.0997101335240664,9,0,Successful
4444,5,e54,e54,S5,S4,0,1,2,9.1650389699301122,10,0,Successful
4448,5,e66,e66,S6,S6,0,1,2,8.0499739925875602,9,0,Successful
4449,5,e52,e52,S5,S2,0,1,2,9.7757082640115627,10,0,Successful
4456,3,e22,e22,S2,S2,0,1,2,7.7010342054016503,8,0,Successful
4465,3,e21,e21,S2,S1,0,1,2,4.2345621159092746,5,0,Terminated
4468,6,e66,e66,S6,S6,0,1,2,8.5398161617814115,9,0,Successful
4471,3,e21,e21,S2,S1,0,1,2,5.5446452040515002,6,0,Terminated
4483,3,e22,e22,S2,S2,0,1,2,8.9121379963170444,9,0,Successful
4483,6,e54,e54,S5,S4,0,1,2,9.0398377327494277,10,0,Successful
4490,5,e66,e66,S6,S6,0,1,2,6.7122424948206874,7,0,Successful
4496,3,e21,e21,S2,S1,0,1,2,6.3069660592829759,7,0,Successful
4502,4,e42,e42,S4,S2,0,1,2,8.9398913845152936,9,0,Successful
4505,5,e54,e54,S5,S4,0,1,2,10.70424133442274,11,0,Successful
4516,3,e22,e22,S2,S2,0,1,2,10.498336326471691,11,0,Successful
4518,3,e22,e22,S2,S2,0,1,2,9.0782748464240015,10,0,Successful
4531,5,e52,e52,S5,S2,0,1,2,9.1728479397345559,10,0,Successful
4532,6,e66,e66,S6,S6,0,1,2,8.0047381939064728,9,0,Successful
4570,6,e66,e66,S6,S6,0,1,2,6.319458714237979,7,0,Successful
4574,3,e21,e21,S2,S1,0,1,2,4.6439544934098222,5,0,Successful
4575,3,e21,e21,S2,S1,0,1,2,5.4331571783295241,6,0,Successful
4578,3,e21,e21,S2,S1,0,1,2,6.4130448925868571,7,0,Successful
4582,4,e42,e42,S4,S2,0,1,2,9.9933274420096598,10,0,Successful
4585,4,e42,e42,S4,S2,0,1,2,8.9228200110372988,9,0,Successful
4586,3,e22,e22,S2,S2,0,1,2,7.46810823595243,8,0,Successful
4589,4,e43,e43,S4,S3,0,1,2,8.0539437430762018,9,0,Successful
4596,3,e22,e22,S2,S2,0,1,2,9.5767129778182767,10,0,Successful
4601,6,e66,e66,S6,S6,0,1,2,8.4277355417132469,9,0,Successful
4603,5,e54,e54,S5,S4,0,1,2,10.463965411693268,11,0,Successful
4604,3,e22,e22,S2,S2,0,1,2,9.0221579031448549,10,0,Successful
4609,6,e66,e66,S6,S6,0,1,2,7.6522557754561005,8,0,Successful
4623,4,e43,e43,S4,S3,0,1,2,9.0854154595881251,10,0,Successful
4624,5,e52,e52,S5,S2,0,1,2,9.0644338096817609,10,0,Terminated
4624,6,e21,e21,S2,S1,0,1,2,4.6228942006470843,5,0,Terminated
4641,3,e22,e22,S2,S2,0,1,2,8.6623897957586493,9,0,Successful
4646,4,e43,e43,S4,S3,0,1,2,8.5836501462641284,9,0,Successful
4652,4,e43,e43,S4,S3,0,1,2,6.3871902241357805,7,0,Successful
4653,6,e66,e66,S6,S6,0,1,2,7.2225063657448576,8,0,Successful
4659,5,e55,e55,S5,S5,0,1,2,5.1619865956129818,6,0,Successful
4677,5,e52,e52,S5,S2,0,1,2,8.9377196982294347,9,0,Successful
4677,6,e22,e22,S2,S2,0,1,2,8.2713679334789099,9,0,Successful
4677,18,e66,e66,S6,S6,0,1,2,8.6806914175425831,9,0,Successful
4685,6,e66,e66,S6,S6,0,1,2,7.115862619167693,8,0,Successful
4695,6,e66,e66,S6,S6,0,1,2,6.9938190675045462,7,0,Successful
4700,3,e21,e21,S2,S1,0,1,2,4.3555124303327926,5,0,Terminated
4705,3,e21,e21,S2,S1,0,1,2,4.3861986782860765,5,0,Successful
4723,6,e66,e66,S6,S6,0,1,2,7.5199403007442918,8,0,Successful
4735,3,e21,e21,S2,S1,0,1,2,4.326778774115291,5,0,Terminated
4740,4,e42,e42,S4,S2,0,1,2,8.7094476680142741,9,0,Successful
4748,3,e21,e21,S2,S1,0,1,2,3.679448152831541,4,0,Successful
4756,6,e66,e66,S6,S6,0,1,2,6.6804388641691155,7,0,Successful
4765,3,e22,e22,S2,S2,0,1,2,10.150950950959174,11,0,Successful
4774,4,e43,e43,S4,S3,0,1,2,5.3530213330357705,6,0,Successful
4785,3,e22,e22,S2,S2,0,1,2,9.4367823346698128,10,0,Successful
4788,6,e66,e66,S6,S6,0,1,2,7.8964726523048352,8,0,Successful
4821,3,e21,e21,S2,S1,0,1,2,4.7767438680004286,5,0,Terminated
4830,3,e21,e21,S2,S1,0,1,2,4.9209980862733822,5,0,Successful
4831,3,e21,e21,S2,S1,0,1,2,5.5556360343744604,6,0,Successful
4848,4,e42,e42,S4,S2,0,1,2,8.5879518122551399,9,0,Terminated
4850,6,e66,e66,S6,S6,0,1,2,8.6947129819202544,9,0,Successful
4858,3,e22,e22,S2,S2,0,1,2,8.9436122234355473,9,0,Successful
4859,3,e21,e21,S2,S1,0,1,2,5.5486058615851253,6,0,Terminated
4861,5,e55,e55,S5,S5,0,1,2,3.9069777580824336,4,0,Successful
4867,3,e21,e21,S2,S1,0,1,2,4.2330684935222509,5,0,Terminated
4867,5,e21,e21,S2,S1,1,2,2,6.3814419363816981,7,1,Terminated
4879,4,e43,e43,S4,S3,0,1,2,6.5877603781131562,7,0,Successful
4879,8,e66,e66,S6,S6,0,1,2,7.5079557399359942,8,0,Successful
4884,5,e54,e54,S5,S4,0,1,2,8.3138770367445698,9,0,Successful
4895,4,e43,e43,S4,S3,0,1,2,8.0434222034281859,9,0,Successful
4900,3,e22,e22,S2,S2,0,1,2,9.3034008252428464,10,0,Successful
4900,6,e54,e54,S5,S4,0,1,2,9.5234766950616478,10,0,Successful
4903,3,e22,e22,S2,S2,0,1,2,11.141871503156336,12,0,Successful
4916,4,e43,e43,S4,S3,0,1,2,6.8339407422677576,7,0,Successful
4921,5,e54,e54,S5,S4,0,1,2,10.418988877831563,11,0,Successful
4945,3,e21,e21,S2,S1,0,1,2,5.5634664994711436,6,0,Successful
4951,3,e22,e22,S2,S2,0,1,2,7.6315166782798922,8,0,Successful
4957,3,e21,e21,S2,S1,0,1,2,4.4373818502338791,5,0,Successful
4987,3,e22,e22,S2,S2,0,1,2,8.2021057892309983,9,0,Successful
4987,4,e22,e22,S2,S2,1,2,2,7.4611705072352894,8,1,Successful
4993,6,e66,e66,S6,S6,0,1,2,7.6287555474070876,8,0,Successful
5010,3,e21,e21,S2,S1,0,1,2,5.5378760792463257,6,0,Terminated
5015,3,e21,e21,S2,S1,0,1,2,4.1506272450837685,5,0,Successful
5015,5,e21,e21,S2,S1,1,2,2,4.036301128711008,5,1,Successful
5016,5,e55,e55,S5,S5,0,1,2,5.1609392854458198,6,0,Successful
5016,6,e54,e54,S5,S4,0,1,2,10.670195177306177,11,0,Successful
5032,5,e54,e54,S5,S4,0,1,2,10.078556978810429,11,0,Successful
5034,3,e21,e21,S2,S1,0,1,2,6.2784866587141419,7,0,Successful
5042,3,e22,e22,S2,S2,0,1,2,9.0935925994643725,10,0,Successful
5048,4,e42,e42,S4,S2,0,1,2,9.4004740101043964,10,0,Successful
5059,3,e21,e21,S2,S1,0,1,2,4.3077963081615325,5,0,Terminated
5060,4,e42,e42,S4,S2,0,1,2,11.073576560966947,12,0,Successful
5072,5,e54,e54,S5,S4,0,1,2,8.5245718930516734,9,0,Successful
5076,6,e66,e66,S6,S6,0,1,2,8.2395971291524539,9,0,Successful
5078,5,e52,e52,S5,S2,0,1,2,11.180766266635578,12,0,Successful
5125,3,e22,e22,S2,S2,0,1,2,9.8971217873585466,10,0,Successful
5134,4,e43,e43,S4,S3,0,1,2,7.998074466350741,8,0,Successful
5134,5,e33,e33,S3,S3,0,1,2,9.0329404972630218,10,0,Successful
5140,3,e21,e21,S2,S1,0,1,2,3.8946241449410346,4,0,Terminated
5141,3,e21,e21,S2,S1,0,1,2,4.4112265264455406,5,0,Successful
5153,4,e43,e43,S4,S3,0,1,2,5.6579345732096442,6,0,Successful
5166,3,e22,e22,S2,S2,0,1,2,8.9691159503763043,9,0,Successful
5183,6,e66,e66,S6,S6,0,1,2,8.5144485333215698,9,0,Successful
5197,3,e21,e21,S2,S1,0,1,2,5.3186740853804224,6,0,Successful
5210,3,e21,e21,S2,S1,0,1,2,5.8200979648359228,6,0,Successful
5212,3,e21,e21,S2,S1,0,1,2,6.0356794574146022,7,0,Successful
5212,5,e22,e22,S2,S2,0,1,2,8.2113918704432471,9,0,Successful
5218,6,e66,e66,S6,S6,0,1,2,9.2539063556583141,10,0,Successful
5223,6,e66,e66,S6,S6,0,1,2,7.6226674745476064,8,0,Successful
5230,3,e21,e21,S2,S1,0,1,2,5.6903195600411403,6,0,Terminated
5232,3,e21,e21,S2,S1,0,1,2,6.2065966336065621,7,0,Successful
5235,3,e22,e22,S2,S2,0,1,2,9.3737730579178908,10,0,Successful
5251,5,e54,e54,S5,S4,0,1,2,7.7968009138954457,8,0,Successful
5268,3,e22,e22,S2,S2,0,1,2,9.2669963637773076,10,0,Successful
5277,3,e21,e21,S2,S1,0,1,2,6.2188514116582283,7,0,Successful
5288,3,e22,e22,S2,S2,0,1,2,9.7507791754689226,10,0,Successful
5299,3,e22,e22,S2,S2,0,1,2,9.4176076719596349,10,0,Successful
5305,4,e42,e42,S4,S2,0,1,2,9.0345261799772825,10,0,Successful
5311,3,e22,e22,S2,S2,0,1,2,10.07743692498013,11,0,Successful
5315,5,e54,e54,S5,S4,0,1,2,11.253631342030953,12,0,Successful
5343,3,e21,e21,S2,S1,0,1,2,5.0010586900061034,6,0,Terminated
5345,5,e66,e66,S6,S6,0,1,2,6.2388537591289044,7,0,Successful
5348,6,e66,e66,S6,S6,0,1,2,7.7612200043144597,8,0,Successful
5360,3,e22,e22,S2,S2,0,1,2,9.0828087228614365,10,0,Successful
5362,3,e22,e22,S2,S2,0,1,2,11.11209724073189,12,0,Successful
5363,5,e52,e52,S5,S2,0,1,2,9.6139117053189516,10,0,Successful
5364,3,e22,e22,S2,S2,0,1,2,11.536697770953616,12,0,Successful
5370,3,e22,e22,S2,S2,0,1,2,9.5697683911421763,10,0,Successful
5381,5,e52,e52,S5,S2,0,1,2,9.9813887134177577,10,0,Successful
5398,3,e21,e21,S2,S1,0,1,2,3.6750179672097154,4,0,Successful
5398,6,e42,e42,S4,S2,0,1,2,8.1460756613962371,9,0,Successful
5399,7,e66,e66,S6,S6,0,1,2,7.0298093880918522,8,0,Successful
5405,3,e22,e22,S2,S2,0,1,2,10.268658924001301,11,0,Successful
5417,3,e22,e22,S2,S2,0,1,2,9.4041861203690758,10,0,Successful
5427,6,e66,e66,S6,S6,0,1,2,5.711770303797616,6,0,Successful
5430,3,e22,e22,S2,S2,0,1,2,9.6384248433208057,10,0,Successful
5437,6,e66,e66,S6,S6,0,1,2,6.1846819958737491,7,0,Successful
5458,3,e21,e21,S2,S1,0,1,2,6.0646050675301275,7,0,Terminated
5481,3,e22,e22,S2,S2,0,1,2,9.8710380369728803,10,0,Successful
5487,5,e54,e54,S5,S4,0,1,2,8.4246010848601731,9,0,Successful
5489,5,e52,e52,S5,S2,0,1,2,9.1479064831224655,10,0,Successful
5492,6,e66,e66,S6,S6,0,1,2,6.9673190600913211,7,0,Successful
5496,3,e22,e22,S2,S2,0,1,2,9.3209507613124938,10,0,Successful
5498,3,e21,e21,S2,S1,0,1,2,4.7216219553111767,5,0,Terminated
5521,6,e66,e66,S6,S6,0,1,2,6.5951224098745413,7,0,Successful
5545,3,e22,e22,S2,S2,0,1,2,7.9519323145476237,8,0,Successful
5567,3,e22,e22,S2,S2,0,1,2,10.417404940921989,11,0,Successful
5573,6,e33,e33,S3,S3,0,1,2,6.6777444456495356,7,0,Successful
5581,5,e52,e52,S5,S2,0,1,2,10.402436604087761,11,0,Successful
5587,5,e54,e54,S5,S4,0,1,2,10.60870179941741,11,0,Successful
5591,3,e21,e21,S2,S1,0,1,2,5.6954199049195093,6,0,Successful
5601,3,e22,e22,S2,S2,0,1,2,9.3279118628748261,10,0,Successful
5618,4,e43,e43,S4,S3,0,1,2,7.7700062220371233,8,0,Successful
5620,4,e42,e42,S4,S2,0,1,2,10.060556888357869,11,0,Successful
5647,4,e43,e43,S4,S3,0,1,2,7.7708050722280557,8,0,Successful
5648,5,e55,e55,S5,S5,0,1,2,4.4116006444956506,5,0,Successful
5650,3,e21,e21,S2,S1,0,1,2,4.8278143278662426,5,0,Successful
5662,3,e22,e22,S2,S2,0,1,2,8.8994622365028704,9,0,Successful
5665,5,e55,e55,S5,S5,0,1,2,4.9196311545434144,5,0,Successful
5666,3,e21,e21,S2,S1,0,1,2,4.9190293399297573,5,0,Successful
5667,6,e66,e66,S6,S6,0,1,2,6.7706668421733003,7,0,Successful
5671,3,e21,e21,S2,S1,0,1,2,4.5278977011429191,5,0,Terminated
5672,3,e21,e21,S2,S1,0,1,2,5.7005797387738752,6,0,Terminated
5678,6,e66,e66,S6,S6,0,1,2,8.0487697766614161,9,0,Successful
5683,5,e54,e54,S5,S4,0,1,2,10.240462835851444,11,0,Successful
5695,5,e54,e54,S5,S4,0,1,2,11.679765723035187,12,0,Successful
5698,4,e42,e42,S4,S2,0,1,2,10.162848319329701,11,0,Successful
5715,3,e22,e22,S2,S2,0,1,2,8.4697431017517992,9,0,Successful
5715,6,e55,e55,S5,S5,0,1,2,4.7535678934852168,5,0,Successful
5721,3,e22,e22,S2,S2,0,1,2,10.0241193927815,11,0,Successful
5727,3,e21,e21,S2,S1,0,1,2,6.2273227716613206,7,0,Successful
5734,4,e42,e42,S4,S2,0,1,2,9.9930551732862725,10,0,Successful
5739,4,e42,e42,S4,S2,0,1,2,9.6729917891330128,10,0,Successful
5741,3,e22,e22,S2,S2,0,1,2,9.1980124701042953,10,0,Successful
5758,3,e21,e21,S2,S1,0,1,2,5.1810959455471917,6,0,Successful
5772,3,e22,e22,S2,S2,0,1,2,8.2681485578416485,9,0,Successful
5772,6,e55,e55,S5,S5,0,1,2,5.3908687446744761,6,0,Successful
5772,8,e66,e66,S6,S6,0,1,2,7.9096265695842547,8,0,Successful
5777,4,e43,e43,S4,S3,0,1,2,5.7661300864035638,6,0,Successful
5839,3,e22,e22,S2,S2,0,1,2,9.1149203296811834,10,0,Successful
5840,4,e42,e42,S4,S2,0,1,2,8.9946818156131911,9,0,Successful
5851,3,e21,e21,S2,S1,0,1,2,5.7247823729670788,6,0,Terminated
5864,6,e66,e66,S6,S6,0,1,2,8.5576892231989881,9,0,Successful
5877,5,e54,e54,S5,S4,0,1,2,9.2779808307495344,10,0,Successful
5879,3,e22,e22,S2,S2,0,1,2,7.3429320306141141,8,0,Successful
5886,3,e22,e22,S2,S2,0,1,2,10.129734896596197,11,0,Successful
5890,3,e22,e22,S2,S2,0,1,2,9.9392665942630991,10,0,Successful
5905,3,e21,e21,S2,S1,0,1,2,4.6409504818945502,5,0,Successful
5911,3,e21,e21,S2,S1,0,1,2,4.5947954934075845,5,0,Successful
5918,3,e21,e21,S2,S1,0,1,2,4.7068741942783783,5,0,Successful
5932,3,e22,e22,S2,S2,0,1,2,9.5931218696364375,10,0,Successful
5937,6,e66,e66,S6,S6,0,1,2,7.3162188663470076,8,0,Successful
5940,6,e32,e32,S3,S2,0,1,2,13.69693331739391,14,0,Successful
5941,3,e22,e22,S2,S2,0,1,2,8.0022820096067093,9,0,Successful
5944,6,e66,e66,S6,S6,0,1,2,6.580618488089959,7,0,Successful
5950,3,e21,e21,S2,S1,0,1,2,3.2883025083925927,4,0,Successful
5969,5,e52,e52,S5,S2,0,1,2,9.6146546943981015,10,0,Successful
5980,4,e33,e33,S3,S3,0,1,2,5.7502597192092573,6,0,Successful
5980,8,e66,e66,S6,S6,0,1,2,8.6008918278751914,9,0,Successful
5988,5,e54,e54,S5,S4,0,1,2,9.6244939586910476,10,0,Successful
6001,4,e43,e43,S4,S3,0,1,2,6.7756669746242242,7,0,Successful
6001,7,e55,e55,S5,S5,0,1,2,6.0935448260938463,7,0,Successful
6016,6,e66,e66,S6,S6,0,1,2,7.4553716436080126,8,0,Successful
6036,6,e52,e52,S5,S2,0,1,2,8.6488894237481535,9,0,Successful
6051,3,e22,e22,S2,S2,0,1,2,9.3795499030737055,10,0,Successful
6064,6,e66,e66,S6,S6,0,1,2,7.6202940622020154,8,0,Successful
6065,3,e21,e21,S2,S1,0,1,2,5.1218702712061992,6,0,Successful
6068,3,e21,e21,S2,S1,0,1,2,5.9439413869589526,6,0,Successful
6090,3,e22,e22,S2,S2,0,1,2,7.9986023686274397,8,0,Successful
6091,3,e21,e21,S2,S1,0,1,2,4.6935055879305851,5,0,Terminated
6106,3,e22,e22,S2,S2,0,1,2,10.100920359704263,11,0,Successful
6109,3,e21,e21,S2,S1,0,1,2,5.8475523998058545,6,0,Successful
6121,3,e21,e21,S2,S1,0,1,2,3.773371818224645,4,0,Successful
6146,3,e21,e21,S2,S1,0,1,2,5.0109266630199834,6,0,Successful
6148,5,e54,e54,S5,S4,0,1,2,9.5900488039793714,10,0,Successful
6148,6,e43,e43,S4,S3,0,1,2,6.6593615031215325,7,0,Successful
6156,5,e55,e55,S5,S5,0,1,2,3.2042810547993841,4,0,Successful
6193,5,e55,e55,S5,S5,0,1,2,5.2358941754723478,6,0,Successful
6195,5,e54,e54,S5,S4,0,1,2,8.2379681789785941,9,0,Successful
6198,3,e22,e22,S2,S2,0,1,2,7.8420628788281785,8,0,Successful
6219,3,e22,e22,S2,S2,0,1,2,9.6510750954855649,10,0,Successful
6247,5,e55,e55,S5,S5,0,1,2,3.3040606379135129,4,0,Successful
6249,4,e43,e43,S4,S3,0,1,2,6.1373586726913061,7,0,Successful
6250,3,e21,e21,S2,S1,0,1,2,5.512028230038446,6,0,Terminated
6258,4,e42,e42,S4,S2,0,1,2,10.071896624751071,11,0,Successful
6258,5,e21,e21,S2,S1,0,1,2,4.9994658390467368,5,0,Successful
6259,5,e55,e55,S5,S5,0,1,2,4.3075649334422961,5,0,Successful
6260,6,e66,e66,S6,S6,0,1,2,7.6016730652428226,8,0,Successful
6261,4,e43,e43,S4,S3,0,1,2,6.9327890473314957,7,0,Successful
6263,3,e21,e21,S2,S1,0,1,2,5.4694155532690267,6,0,Terminated
6274,3,e21,e21,S2,S1,0,1,2,3.4956614831316797,4,0,Successful
6285,3,e22,e22,S2,S2,0,1,2,8.5529640953487576,9,0,Successful
6291,14,e66,e66,S6,S6,0,1,2,9.5296170623971452,10,0,Successful
6313,4,e42,e42,S4,S2,0,1,2,9.077697867344007,10,0,Successful
6330,3,e21,e21,S2,S1,0,1,2,4.7487920736046725,5,0,Successful
6342,3,e22,e22,S2,S2,0,1,2,10.617936508025158,11,0,Successful
6359,3,e22,e22,S2,S2,0,1,2,8.8704451782837666,9,0,Successful
6359,4,e21,e21,S2,S1,0,1,2,4.6275936608101524,5,0,Successful
6361,3,e21,e21,S2,S1,0,1,2,5.2880120975018006,6,0,Terminated
6362,4,e43,e43,S4,S3,0,1,2,6.9473498893460777,7,0,Successful
6364,6,e66,e66,S6,S6,0,1,2,6.995407021053456,7,0,Successful
6365,4,e43,e43,S4,S3,0,1,2,7.2600604180322605,8,0,Successful
6369,3,e21,e21,S2,S1,0,1,2,4.9443834245596587,5,0,Successful
6388,6,e66,e66,S6,S6,0,1,2,5.2484221735601952,6,0,Successful
6402,3,e21,e21,S2,S1,0,1,2,6.1240461610687209,7,0,Successful
6404,3,e22,e22,S2,S2,0,1,2,10.449375063592971,11,0,Successful
6408,5,e54,e54,S5,S4,0,1,2,10.667964151701783,11,0,Successful
6415,3,e22,e22,S2,S2,0,1,2,9.0029360144468615,10,0,Successful
6417,4,e43,e43,S4,S3,0,1,2,8.9998988979671566,9,0,Successful
6429,6,e66,e66,S6,S6,0,1,2,7.5288235415393805,8,0,Successful
6430,4,e43,e43,S4,S3,0,1,2,7.629307180651784,8,0,Successful
6431,3,e22,e22,S2,S2,0,1,2,8.7511803435779036,9,0,Successful
6432,5,e52,e52,S5,S2,0,1,2,9.5498162219746625,10,0,Successful
6454,6,e66,e66,S6,S6,0,1,2,7.2750274070597838,8,0,Successful
6475,5,e54,e54,S5,S4,0,1,2,10.114349567710612,11,0,Successful
6477,5,e54,e54,S5,S4,0,1,2,9.3996242937417662,10,0,Successful
6503,5,e55,e55,S5,S5,0,1,2,4.9127639381077719,5,0,Successful
6519,3,e22,e22,S2,S2,0,1,2,8.323005193365498,9,0,Successful
6522,3,e22,e22,S2,S2,0,1,2,8.3967860611123264,9,0,Successful
6530,6,e66,e66,S6,S6,0,1,2,9.0950214341682507,10,0,Successful
6532,3,e22,e22,S2,S2,0,1,2,10.873206263926507,11,0,Successful
6533,3,e22,e22,S2,S2,0,1,2,9.2810509406294308,10,0,Successful
6542,5,e54,e54,S5,S4,0,1,2,9.5583905899159518,10,0,Successful
6542,6,e43,e43,S4,S3,0,1,2,6.3680897473386207,7,0,Successful
6546,5,e55,e55,S5,S5,0,1,2,3.3359718397229683,4,0,Successful
6551,4,e42,e42,S4,S2,0,1,2,8.8496943998976576,9,0,Successful
6588,3,e21,e21,S2,S1,0,1,2,4.2816159232067825,5,0,Successful
6601,5,e66,e66,S6,S6,0,1,2,5.8381342759822434,6,0,Successful
6607,3,e21,e21,S2,S1,0,1,2,6.4844140388739149,7,0,Terminated
6660,3,e22,e22,S2,S2,0,1,2,8.6384545651211546,9,0,Successful
6667,3,e21,e21,S2,S1,0,1,2,6.2200866746345511,7,0,Terminated
6689,3,e22,e22,S2,S2,0,1,2,9.3953817559512132,10,0,Successful
6700,5,e55,e55,S5,S5,0,1,2,3.0349035310725823,4,0,Successful
6719,3,e22,e22,S2,S2,0,1,2,8.9453007187484026,9,0,Successful
6726,6,e66,e66,S6,S6,0,1,2,5.8756230960709406,6,0,Successful
6734,5,e54,e54,S5,S4,0,1,2,10.412279950564434,11,0,Successful
6736,3,e22,e22,S2,S2,0,1,2,8.5760849526129288,9,0,Successful
6740,5,e66,e66,S6,S6,0,1,2,7.5652303150527018,8,0,Successful
6742,5,e52,e52,S5,S2,0,1,2,11.30848445319034,12,0,Successful
6742,7,e43,e43,S4,S3,0,1,2,5.2804170251490667,6,0,Successful
6750,3,e22,e22,S2,S2,0,1,2,10.72737758020936,11,0,Successful
6757,5,e54,e54,S5,S4,0,1,2,7.7500307633204049,8,0,Successful
6764,5,e55,e55,S5,S5,0,1,2,5.0425370159862961,6,0,Successful
6772,3,e21,e21,S2,S1,0,1,2,5.3685441992174159,6,0,Successful
6788,6,e66,e66,S6,S6,0,1,2,7.4701525444199612,8,0,Successful
6816,6,e66,e66,S6,S6,0,1,2,9.3068358684032368,10,0,Successful
6841,4,e42,e42,S4,S2,0,1,2,11.087589523156245,12,0,Successful
6844,4,e43,e43,S4,S3,0,1,2,7.5052778890808778,8,0,Successful
6847,3,e22,e22,S2,S2,0,1,2,8.4672223796672874,9,0,Terminated
6847,4,e21,e21,S2,S1,0,1,2,6.1585700287893834,7,0,Terminated
6881,4,e43,e43,S4,S3,0,1,2,7.3988235470060655,8,0,Successful
6892,6,e66,e66,S6,S6,0,1,2,7.0716439507872373,8,0,Successful
6893,5,e54,e54,S5,S4,0,1,2,10.741876530680051,11,0,Successful
6893,6,e43,e43,S4,S3,0,1,2,5.9832708078632688,6,0,Successful
6894,5,e55,e55,S5,S5,0,1,2,6.4996865724543875,7,0,Successful
6898,3,e21,e21,S2,S1,0,1,2,4.1336128660887832,5,0,Successful
6910,4,e43,e43,S4,S3,0,1,2,7.0342165728800587,8,0,Successful
6931,6,e66,e66,S6,S6,0,1,2,7.4132046276724708,8,0,Successful
6941,5,e55,e55,S5,S5,0,1,2,5.5136098064185921,6,0,Successful
6945,5,e54,e54,S5,S4,0,1,2,9.0443061117367929,10,0,Successful
6951,5,e54,e54,S5,S4,0,1,2,10.571857635230064,11,0,Successful
6953,3,e22,e22,S2,S2,0,1,2,8.5767192094352644,9,0,Successful
6969,3,e21,e21,S2,S1,0,1,2,3.7634316850127041,4,0,Successful
6980,6,e66,e66,S6,S6,0,1,2,7.9386761586436219,8,0,Successful
6985,5,e54,e54,S5,S4,0,1,2,10.280989475859819,11,0,Successful
6992,3,e22,e22,S2,S2,0,1,2,8.9515602222052966,9,0,Successful
7004,6,e66,e66,S6,S6,0,1,2,7.3993524738569949,8,0,Successful
7011,3,e22,e22,S2,S2,0,1,2,9.957032710449333,10,0,Successful
7016,3,e21,e21,S2,S1,0,1,2,5.1663359982398607,6,0,Successful
7028,5,e54,e54,S5,S4,0,1,2,9.1041098756772243,10,0,Successful
7041,3,e22,e22,S2,S2,0,1,2,9.4600767589153438,10,0,Successful
7078,3,e22,e22,S2,S2,0,1,2,9.1005917553959232,10,0,Successful
7080,5,e54,e54,S5,S4,0,1,2,8.5234515497449532,9,0,Successful
7087,3,e21,e21,S2,S1,0,1,2,4.9501713341949998,5,0,Terminated
7091,4,e42,e42,S4,S2,0,1,2,9.8221985411088912,10,0,Successful
7109,3,e22,e22,S2,S2,0,1,2,10.351944998641088,11,0,Terminated
7109,4,e21,e21,S2,S1,0,1,2,6.3225920236403912,7,0,Terminated
7110,3,e22,e22,S2,S2,0,1,2,9.4965117480243588,10,0,Successful
7112,3,e22,e22,S2,S2,0,1,2,9.9900173686413556,10,0,Successful
7122,3,e22,e22,S2,S2,0,1,2,8.2724574664476425,9,0,Successful
7144,4,e43,e43,S4,S3,0,1,2,6.9372073743411722,7,0,Successful
7144,5,e33,e33,S3,S3,0,1,2,6.4199920751371682,7,0,Successful
7146,5,e54,e54,S5,S4,0,1,2,10.542639595516244,11,0,Successful
7149,5,e54,e54,S5,S4,0,1,2,9.5016306464324991,10,0,Successful
7149,7,e54,e54,S5,S4,1,2,2,9.2719914236676502,10,1,Successful
7152,4,e43,e43,S4,S3,0,1,2,6.8094693178678654,7,0,Successful
7160,6,e66,e66,S6,S6,0,1,2,6.6123776366151201,7,0,Successful
7179,4,e43,e43,S4,S3,0,1,2,7.422356440655328,8,0,Successful
7184,4,e42,e42,S4,S2,0,1,2,10.73982807549865,11,0,Successful
7199,3,e22,e22,S2,S2,0,1,2,9.9893800940966351,10,0,Successful
7209,3,e21,e21,S2,S1,0,1,2,6.3134048082428311,7,0,Successful
7212,3,e22,e22,S2,S2,0,1,2,10.844076904500771,11,0,Successful
7217,5,e54,e54,S5,S4,0,1,2,10.891663719312962,11,0,Successful
7221,3,e21,e21,S2,S1,0,1,2,5.9774882760747845,6,0,Terminated
7228,3,e22,e22,S2,S2,0,1,2,9.7226152309377873,10,0,Successful
7239,3,e22,e22,S2,S2,0,1,2,10.272188766076624,11,0,Successful
7249,5,e54,e54,S5,S4,0,1,2,9.7818666210636529,10,0,Successful
7258,4,e43,e43,S4,S3,0,1,2,8.8922059925600117,9,0,Successful
7262,5,e66,e66,S6,S6,0,1,2,7.1452009727156263,8,0,Successful
7263,3,e22,e22,S2,S2,0,1,2,8.6727598689628564,9,0,Successful
7268,3,e22,e22,S2,S2,0,1,2,10.991711273679094,11,0,Successful
7269,3,e21,e21,S2,S1,0,1,2,3.7589610773993902,4,0,Successful
7270,6,e66,e66,S6,S6,0,1,2,6.8374856209885451,7,0,Successful
7270,7,e66,e66,S6,S6,1,2,2,6.7575760743664306,7,1,Successful
7283,5,e52,e52,S5,S2,0,1,2,10.087010413232722,11,0,Successful
7283,7,e42,e42,S4,S2,0,1,2,10.28838021877225,11,0,Successful
7295,6,e66,e66,S6,S6,0,1,2,8.128270882155773,9,0,Successful
7315,5,e52,e52,S5,S2,0,1,2,10.14718979296436,11,0,Successful
7320,4,e43,e43,S4,S3,0,1,2,7.3497218806809963,8,0,Successful
7327,5,e55,e55,S5,S5,0,1,2,5.0669595721801466,6,0,Successful
7331,3,e22,e22,S2,S2,0,1,2,8.6716071782227697,9,0,Successful
7361,3,e21,e21,S2,S1,0,1,2,5.7564714945623212,6,0,Terminated
7364,3,e21,e21,S2,S1,0,1,2,5.9258456874391783,6,0,Successful
7380,9,e55,e55,S5,S5,0,1,2,5.1251094479251318,6,0,Successful
7384,3,e22,e22,S2,S2,0,1,2,8.3174039264451931,9,0,Successful
7386,3,e21,e21,S2,S1,0,1,2,4.9254261762373659,5,0,Successful
7386,5,e21,e21,S2,S1,1,2,2,4.8829771844797785,5,1,Successful
7387,4,e43,e43,S4,S3,0,1,2,8.2340175210085018,9,0,Successful
7388,3,e21,e21,S2,S1,0,1,2,4.4997534901116056,5,0,Terminated
7389,4,e43,e43,S4,S3,0,1,2,7.7694812693830722,8,0,Successful
7393,3,e21,e21,S2,S1,0,1,2,5.1375378309875241,6,0,Terminated
7394,3,e21,e21,S2,S1,0,1,2,6.37372913573902,7,0,Successful
7401,6,e66,e66,S6,S6,0,1,2,6.1950248942517394,7,0,Successful
7439,3,e22,e22,S2,S2,0,1,2,9.3438607914536504,10,0,Successful
7447,5,e55,e55,S5,S5,0,1,2,4.5127985816224117,5,0,Successful
7450,4,e43,e43,S4,S3,0,1,2,7.3777250921497508,8,0,Successful
7471,3,e22,e22,S2,S2,0,1,2,9.3850843965095478,10,0,Successful
7476,5,e54,e54,S5,S4,0,1,2,9.2370650715860609,10,0,Successful
7478,3,e21,e21,S2,S1,0,1,2,5.2304196584704812,6,0,Successful
7505,3,e22,e22,S2,S2,0,1,2,8.0603498975821406,9,0,Terminated
7537,3,e21,e21,S2,S1,0,1,2,4.6817844164271065,5,0,Successful
7539,6,e66,e66,S6,S6,0,1,2,6.3301997775019068,7,0,Successful
7540,5,e52,e52,S5,S2,0,1,2,8.7034054204624436,9,0,Successful
7571,6,e66,e66,S6,S6,0,1,2,6.6694968539615944,7,0,Successful
7580,10,e66,e66,S6,S6,0,1,2,7.1813004683416999,8,0,Successful
7581,3,e22,e22,S2,S2,0,1,2,8.5800348729977962,9,0,Successful
7590,6,e66,e66,S6,S6,0,1,2,7.8149955729757847,8,0,Successful
7596,3,e22,e22,S2,S2,0,1,2,7.4506832177874331,8,0,Successful
7616,3,e21,e21,S2,S1,0,1,2,4.5953569781186658,5,0,Successful
7630,6,e66,e66,S6,S6,0,1,2,7.2951674605180479,8,0,Successful
7632,5,e54,e54,S5,S4,0,1,2,11.236925304781863,12,0,Successful
7636,4,e42,e42,S4,S2,0,1,2,11.156125013056007,12,0,Successful
7640,5,e54,e54,S5,S4,0,1,2,10.992652723692816,11,0,Successful
7644,3,e21,e21,S2,S1,0,1,2,4.3427962803040128,5,0,Terminated
7648,4,e43,e43,S4,S3,0,1,2,7.0872339168685272,8,0,Successful
7654,6,e66,e66,S6,S6,0,1,2,7.2584580244233257,8,0,Successful
7655,5,e54,e54,S5,S4,0,1,2,9.9460860314796591,10,0,Successful
7663,3,e21,e21,S2,S1,0,1,2,3.9735921528488287,4,0,Successful
7663,5,e21,e21,S2,S1,1,2,2,5.9118101630727562,6,1,Successful
7699,6,e66,e66,S6,S6,0,1,2,6.0636805072710098,7,0,Successful
7708,6,e66,e66,S6,S6,0,1,2,8.0844349576367573,9,0,Successful
7715,4,e42,e42,S4,S2,0,1,2,8.6631951226586956,9,0,Successful
7722,5,e54,e54,S5,S4,0,1,2,11.59569097301503,12,0,Successful
7772,6,e66,e66,S6,S6,0,1,2,6.297734931329602,7,0,Successful
7773,6,e66,e66,S6,S6,0,1,2,7.5162352560152552,8,0,Successful
7781,5,e55,e55,S5,S5,0,1,2,2.9580745870421312,3,0,Successful
7784,3,e21,e21,S2,S1,0,1,2,4.7628861344131082,5,0,Successful
7791,3,e22,e22,S2,S2,0,1,2,9.8869532988089155,10,0,Successful
7794,4,e43,e43,S4,S3,0,1,2,7.047507141033007,8,0,Successful
7802,5,e55,e55,S5,S5,0,1,2,4.3608516296578799,5,0,Successful
7803,7,e42,e42,S4,S2,0,1,2,11.407601370679124,12,0,Successful
7803,9,e43,e43,S4,S3,0,1,2,7.745073530726188,8,0,Successful
7810,3,e21,e21,S2,S1,0,1,2,5.4083892397865618,6,0,Successful
7810,8,e66,e66,S6,S6,0,1,2,6.1652354472157294,7,0,Successful
7830,3,e22,e22,S2,S2,0,1,2,9.6481032359987253,10,0,Successful
7830,7,e66,e66,S6,S6,0,1,2,5.8039182796779087,6,0,Successful
7837,3,e21,e21,S2,S1,0,1,2,5.6029158626322442,6,0,Successful
7843,3,e21,e21,S2,S1,0,1,2,4.0683208670651494,5,0,Successful
7848,6,e66,e66,S6,S6,0,1,2,5.7325146231339614,6,0,Successful
7862,6,e66,e66,S6,S6,0,1,2,6.5268907827757205,7,0,Successful
7883,3,e21,e21,S2,S1,0,1,2,6.0175027471736282,7,0,Terminated
7888,6,e66,e66,S6,S6,0,1,2,8.8778078657696256,9,0,Successful
7901,5,e54,e54,S5,S4,0,1,2,10.669127222516742,11,0,Successful
7903,4,e42,e42,S4,S2,0,1,2,9.9983367233700484,10,0,Successful
7909,6,e66,e66,S6,S6,0,1,2,8.0861488662004994,9,0,Successful
7918,3,e22,e22,S2,S2,0,1,2,9.7081568189325012,10,0,Successful
7928,6,e66,e66,S6,S6,0,1,2,8.5236880939516126,9,0,Successful
7933,3,e22,e22,S2,S2,0,1,2,8.8753816217322079,9,0,Successful
7933,4,e22,e22,S2,S2,1,2,2,8.5210597961232732,9,1,Successful
7933,6,e43,e43,S4,S3,0,1,2,7.1541880531701407,8,0,Successful
7942,4,e43,e43,S4,S3,0,1,2,7.5609901648207716,8,0,Successful
7943,3,e21,e21,S2,S1,0,1,2,5.4239507754211509,6,0,Successful
7944,5,e54,e54,S5,S4,0,1,2,11.137126605737855,12,0,Successful
7968,3,e21,e21,S2,S1,0,1,2,5.2424142369132554,6,0,Terminated
7980,3,e22,e22,S2,S2,0,1,2,10.15883302550103,11,0,Successful
8013,6,e66,e66,S6,S6,0,1,2,8.6683151175306623,9,0,Successful
8028,5,e54,e54,S5,S4,0,1,2,10.432513812439611,11,0,Successful
8052,3,e22,e22,S2,S2,0,1,2,8.0305791175920422,9,0,Successful
8055,3,e21,e21,S2,S1,0,1,2,4.5075713744962567,5,0,Terminated
8071,3,e21,e21,S2,S1,0,1,2,4.9154409146399578,5,0,Successful
8101,3,e21,e21,S2,S1,0,1,2,3.9901959783308771,4,0,Successful
8103,3,e21,e21,S2,S1,0,1,2,3.9902182378686444,4,0,Terminated
8104,5,e52,e52,S5,S2,0,1,2,9.7347367541683489,10,0,Successful
8109,3,e21,e21,S2,S1,0,1,2,5.2787972631786024,6,0,Successful
8111,5,e54,e54,S5,S4,0,1,2,8.8807037707924472,9,0,Successful
8122,3,e21,e21,S2,S1,0,1,2,4.5287446876166655,5,0,Terminated
8124,6,e66,e66,S6,S6,0,1,2,8.2916808673169697,9,0,Successful
8129,3,e22,e22,S2,S2,0,1,2,9.3108715433240441,10,0,Successful
8140,3,e21,e21,S2,S1,0,1,2,5.7821299201060086,6,0,Successful
8151,9,e66,e66,S6,S6,0,1,2,7.6627849223587177,8,0,Successful
8161,5,e52,e52,S5,S2,0,1,2,9.3974048167753903,10,0,Successful
8161,8,e55,e55,S5,S5,0,1,2,6.3152178291168664,7,0,Successful
8174,3,e22,e22,S2,S2,0,1,2,10.776645098106906,11,0,Successful
8176,3,e22,e22,S2,S2,0,1,2,10.169120188631712,11,0,Successful
8225,4,e43,e43,S4,S3,0,1,2,7.6252533961789215,8,0,Successful
8230,3,e22,e22,S2,S2,0,1,2,7.9591635227600275,8,0,Terminated
8230,6,e52,e52,S5,S2,0,1,2,8.6076469355624141,9,0,Terminated
8230,7,e22,e22,S2,S2,1,2,2,7.9469821111158385,8,1,Terminated
8230,8,e21,e21,S2,S1,0,1,2,4.7050712312429939,5,0,Terminated
8265,3,e22,e22,S2,S2,0,1,2,9.2553103686304112,10,0,Successful
8284,3,e21,e21,S2,S1,0,1,2,4.9278547460860036,5,0,Terminated
8288,5,e52,e52,S5,S2,0,1,2,7.9605451025228975,8,0,Successful
8311,3,e21,e21,S2,S1,0,1,2,4.7612831678274663,5,0,Terminated
8312,5,e52,e52,S5,S2,0,1,2,9.7116472674570478,10,0,Successful
8318,3,e22,e22,S2,S2,0,1,2,9.8079825005697607,10,0,Successful
8320,3,e21,e21,S2,S1,0,1,2,5.3093671933490532,6,0,Successful
8321,3,e22,e22,S2,S2,0,1,2,8.089880824693708,9,0,Successful
8335,5,e54,e54,S5,S4,0,1,2,8.321519675215896,9,0,Successful
8347,6,e66,e66,S6,S6,0,1,2,7.2014498710127564,8,0,Successful
8350,4,e43,e43,S4,S3,0,1,2,5.9057477777767762,6,0,Successful
8359,3,e22,e22,S2,S2,0,1,2,8.799856043833211,9,0,Successful
8384,5,e54,e54,S5,S4,0,1,2,9.9907506484127921,10,0,Successful
8384,8,e66,e66,S6,S6,0,1,2,8.5080322949243516,9,0,Successful
8399,6,e66,e66,S6,S6,0,1,2,5.6835172336996029,6,0,Successful
8420,3,e21,e21,S2,S1,0,1,2,5.9522158528642581,6,0,Successful
8428,5,e54,e54,S5,S4,0,1,2,8.2363471654701712,9,0,Successful
8428,7,e52,e52,S5,S2,0,1,2,10.763204539265782,11,0,Successful
8429,5,e55,e55,S5,S5,0,1,2,5.0568933130815203,6,0,Successful
8430,3,e22,e22,S2,S2,0,1,2,9.1724990912988691,10,0,Successful
8431,5,e66,e66,S6,S6,0,1,2,7.5685339358938233,8,0,Successful
8437,6,e66,e66,S6,S6,0,1,2,8.3890883043071742,9,0,Successful
8451,3,e22,e22,S2,S2,0,1,2,11.254940101473005,12,0,Successful
8455,4,e43,e43,S4,S3,0,1,2,7.4755878327480128,8,0,Successful
8461,6,e66,e66,S6,S6,0,1,2,8.0430193307539799,9,0,Successful
8484,3,e21,e21,S2,S1,0,1,2,4.7057780751781397,5,0,Successful
8485,4,e42,e42,S4,S2,0,1,2,10.37859613239454,11,0,Successful
8485,6,e42,e42,S4,S2,1,2,2,9.1122097320026967,10,1,Successful
8491,6,e66,e66,S6,S6,0,1,2,7.9421594431431499,8,0,Successful
8524,3,e21,e21,S2,S1,0,1,2,5.4171993291643687,6,0,Successful
8526,6,e66,e66,S6,S6,0,1,2,7.9455750521377233,8,0,Successful
8531,6,e66,e66,S6,S6,0,1,2,7.7326658225691514,8,0,Successful
8536,3,e22,e22,S2,S2,0,1,2,10.626040315573222,11,0,Successful
8565,5,e54,e54,S5,S4,0,1,2,10.787595358056858,11,0,Successful
8566,6,e66,e66,S6,S6,0,1,2,5.3894237611421794,6,0,Successful
8573,3,e21,e21,S2,S1,0,1,2,5.3619904718124545,6,0,Successful
8605,3,e21,e21,S2,S1,0,1,2,5.0770808786426436,6,0,Terminated
8610,3,e21,e21,S2,S1,0,1,2,5.3315942542891666,6,0,Terminated
8625,3,e21,e21,S2,S1,0,1,2,4.3012216382260311,5,0,Successful
8629,5,e54,e54,S5,S4,0,1,2,9.1633571619740586,10,0,Successful
8633,3,e22,e22,S2,S2,0,1,2,7.8598051493601329,8,0,Successful
8653,3,e22,e22,S2,S2,0,1,2,9.6506486649562255,10,0,Successful
8653,6,e54,e54,S5,S4,0,1,2,10.506486891653097,11,0,Successful
8657,5,e54,e54,S5,S4,0,1,2,11.334002505787403,12,0,Successful
8659,3,e22,e22,S2,S2,0,1,2,8.9385728560646118,9,0,Successful
8663,3,e22,e22,S2,S2,0,1,2,9.2377596409907543,10,0,Successful
8683,4,e43,e43,S4,S3,0,1,2,6.9313166151493126,7,0,Successful
8684,3,e21,e21,S2,S1,0,1,2,4.0906728635776943,5,0,Terminated
8684,5,e21,e21,S2,S1,1,2,2,5.2599752221673963,6,1,Terminated
8702,3,e22,e22,S2,S2,0,1,2,9.1848637153883939,10,0,Successful
8705,5,e52,e52,S5,S2,0,1,2,9.9297357181542676,10,0,Successful
8709,6,e66,e66,S6,S6,0,1,2,6.1175833644229503,7,0,Successful
8715,6,e66,e66,S6,S6,0,1,2,6.9717090145761356,7,0,Successful
8728,3,e21,e21,S2,S1,0,1,2,4.8332624864086622,5,0,Terminated
8739,4,e43,e43,S4,S3,0,1,2,7.9815523875801269,8,0,Successful
8743,5,e54,e54,S5,S4,0,1,2,9.8266710916236466,10,0,Successful
8746,3,e21,e21,S2,S1,0,1,2,4.8831555214417541,5,0,Successful
8749,6,e66,e66,S6,S6,0,1,2,6.3385155703933034,7,0,Successful
8750,6,e66,e66,S6,S6,0,1,2,7.3547790939942939,8,0,Successful
8770,6,e66,e66,S6,S6,0,1,2,7.7241115239920592,8,0,Successful
8771,4,e32,e32,S3,S2,0,1,2,15.261693164899203,16,0,Successful
8780,5,e54,e54,S5,S4,0,1,2,9.724057553698227,10,0,Successful
8783,3,e22,e22,S2,S2,0,1,2,9.3075754645054989,10,0,Successful
8784,6,e66,e66,S6,S6,0,1,2,8.013188485457734,9,0,Successful
8786,6,e66,e66,S6,S6,0,1,2,7.6257752047344134,8,0,Successful
8795,4,e43,e43,S4,S3,0,1,2,7.7217134270080505,8,0,Successful
8814,6,e66,e66,S6,S6,0,1,2,7.2697517224487012,8,0,Successful
8822,6,e66,e66,S6,S6,0,1,2,7.0549538572219275,8,0,Successful
8843,3,e22,e22,S2,S2,0,1,2,9.535729743733917,10,0,Successful
8846,3,e22,e22,S2,S2,0,1,2,10.053553490421965,11,0,Successful
8851,4,e43,e43,S4,S3,0,1,2,5.3928933088188211,6,0,Successful
8856,3,e21,e21,S2,S1,0,1,2,5.678261254091348,6,0,Terminated
8856,5,e21,e21,S2,S1,1,2,2,4.9882586239393323,5,1,Terminated
8862,4,e43,e43,S4,S3,0,1,2,7.1001525584749094,8,0,Successful
8869,6,e66,e66,S6,S6,0,1,2,7.6282244822804612,8,0,Successful
8900,4,e43,e43,S4,S3,0,1,2,7.6942981799942505,8,0,Successful
8901,3,e22,e22,S2,S2,0,1,2,8.4134690453073944,9,0,Successful
8901,4,e21,e21,S2,S1,0,1,2,4.0380110714266992,5,0,Successful
8908,6,e66,e66,S6,S6,0,1,2,8.7456646739587462,9,0,Successful
8911,6,e66,e66,S6,S6,0,1,2,5.8786954533872571,6,0,Successful
8927,3,e21,e21,S2,S1,0,1,2,5.4294989259263158,6,0,Successful
8937,3,e21,e21,S2,S1,0,1,2,3.3461258471827313,4,0,Successful
8943,3,e21,e21,S2,S1,0,1,2,5.1870333604478329,6,0,Successful
8944,3,e21,e21,S2,S1,0,1,2,5.7013197238992035,6,0,Successful
8956,3,e22,e22,S2,S2,0,1,2,11.202315582558075,12,0,Successful
8959,3,e21,e21,S2,S1,0,1,2,4.9557066752736629,5,0,Successful
8969,3,e21,e21,S2,S1,0,1,2,4.0729019126339212,5,0,Successful
8969,5,e22,e22,S2,S2,0,1,2,9.6622172439450651,10,0,Successful
8990,5,e54,e54,S5,S4,0,1,2,11.23152450617156,12,0,Successful
9002,5,e54,e54,S5,S4,0,1,2,10.434797908732865,11,0,Successful
9018,4,e42,e42,S4,S2,0,1,2,10.23865774101683,11,0,Successful
9022,4,e42,e42,S4,S2,0,1,2,7.8611695030889814,8,0,Successful
9027,3,e22,e22,S2,S2,0,1,2,8.5418238965065942,9,0,Successful
9036,3,e22,e22,S2,S2,0,1,2,10.345104586781217,11,0,Successful
9051,3,e21,e21,S2,S1,0,1,2,4.7536506518482637,5,0,Terminated
9060,6,e66,e66,S6,S6,0,1,2,6.2617188455837347,7,0,Successful
9063,3,e22,e22,S2,S2,0,1,2,9.0412159731426041,10,0,Successful
9065,5,e55,e55,S5,S5,0,1,2,5.6551051725133341,6,0,Successful
9076,4,e42,e42,S4,S2,0,1,2,9.2488392300434086,10,0,Successful
9076,6,e43,e43,S4,S3,0,1,2,7.0091150940039242,8,0,Successful
9077,4,e43,e43,S4,S3,0,1,2,6.8789231014333492,7,0,Successful
9100,4,e43,e43,S4,S3,0,1,2,5.2688104282956187,6,0,Successful
9113,5,e55,e55,S5,S5,0,1,2,6.8682080625305248,7,0,Successful
9121,3,e22,e22,S2,S2,0,1,2,9.5841668611064854,10,0,Successful
9123,6,e66,e66,S6,S6,0,1,2,7.1882307281593993,8,0,Successful
9124,6,e66,e66,S6,S6,0,1,2,7.4598786721660169,8,0,Successful
9132,5,e54,e54,S5,S4,0,1,2,9.09855795739138,10,0,Successful
9147,4,e42,e42,S4,S2,0,1,2,10.837372864817166,11,0,Successful
9151,3,e21,e21,S2,S1,0,1,2,5.6832844245919416,6,0,Successful
9159,4,e43,e43,S4,S3,0,1,2,6.5887853367550342,7,0,Successful
9169,3,e21,e21,S2,S1,0,1,2,5.9243960351686979,6,0,Terminated
9184,4,e43,e43,S4,S3,0,1,2,8.6789099591567052,9,0,Successful
9184,5,e33,e33,S3,S3,0,1,2,6.6233100431376553,7,0,Successful
9187,4,e43,e43,S4,S3,0,1,2,6.993824795334195,7,0,Successful
9187,5,e32,e32,S3,S2,0,1,2,16.448174716602082,17,0,Successful
9189,3,e21,e21,S2,S1,0,1,2,4.2021035214439992,5,0,Successful
9200,5,e55,e55,S5,S5,0,1,2,4.0511479129647565,5,0,Successful
9205,4,e43,e43,S4,S3,0,1,2,7.1951786579716668,8,0,Successful
9220,6,e66,e66,S6,S6,0,1,2,5.4581174616540142,6,0,Successful
9223,3,e22,e22,S2,S2,0,1,2,7.5488446318392626,8,0,Successful
9226,5,e55,e55,S5,S5,0,1,2,5.1410483277342571,6,0,Successful
9235,4,e42,e42,S4,S2,0,1,2,9.9553321137958051,10,0,Successful
9235,7,e52,e52,S5,S2,0,1,2,9.2718310860942719,10,0,Successful
9239,6,e66,e66,S6,S6,0,1,2,7.7878752572820495,8,0,Successful
9240,4,e42,e42,S4,S2,0,1,2,10.193118435800589,11,0,Successful
9251,5,e52,e52,S5,S2,0,1,2,11.066988886069259,12,0,Successful
9265,6,e66,e66,S6,S6,0,1,2,7.0491554024965897,8,0,Successful
9275,3,e21,e21,S2,S1,0,1,2,4.2002330478003636,5,0,Successful
9288,3,e22,e22,S2,S2,0,1,2,8.079018557899202,9,0,Successful
9296,6,e66,e66,S6,S6,0,1,2,6.7926300894186031,7,0,Successful
9301,3,e21,e21,S2,S1,0,1,2,4.0787865961031891,5,0,Successful
9337,3,e21,e21,S2,S1,0,1,2,4.5885833274459547,5,0,Successful
9337,7,e52,e52,S5,S2,0,1,2,10.096641215771417,11,0,Successful
9340,3,e21,e21,S2,S1,0,1,2,5.1267341270633633,6,0,Terminated
9358,3,e21,e21,S2,S1,0,1,2,5.0104993752397355,6,0,Successful
9360,3,e22,e22,S2,S2,0,1,2,8.7783767984230607,9,0,Successful
9361,4,e43,e43,S4,S3,0,1,2,6.6805390348137834,7,0,Successful
9363,3,e22,e22,S2,S2,0,1,2,8.8189461641314342,9,0,Successful
9367,6,e66,e66,S6,S6,0,1,2,8.7614653745052191,9,0,Successful
9371,3,e21,e21,S2,S1,0,1,2,6.3311590582436343,7,0,Successful
9371,8,e66,e66,S6,S6,0,1,2,9.0387161011035602,10,0,Successful
9392,4,e43,e43,S4,S3,0,1,2,7.633378477485441,8,0,Successful
9392,8,e66,e66,S6,S6,0,1,2,6.0357945299989142,7,0,Successful
9403,3,e22,e22,S2,S2,0,1,2,8.642033558593921,9,0,Successful
9403,4,e22,e22,S2,S2,1,2,2,10.050323306742325,11,1,Successful
9404,3,e22,e22,S2,S2,0,1,2,7.6990329120224539,8,0,Successful
9427,3,e22,e22,S2,S2,0,1,2,8.2232470342439257,9,0,Successful
9432,3,e22,e22,S2,S2,0,1,2,8.369626637511514,9,0,Successful
9444,4,e42,e42,S4,S2,0,1,2,10.311918379641885,11,0,Successful
9446,3,e21,e21,S2,S1,0,1,2,3.8476206461890867,4,0,Terminated
9447,3,e21,e21,S2,S1,0,1,2,4.487775930376487,5,0,Terminated
9490,5,e52,e52,S5,S2,0,1,2,10.622877314897444,11,0,Successful
9490,6,e21,e21,S2,S1,0,1,2,5.065362596496449,6,0,Successful
9499,3,e22,e22,S2,S2,0,1,2,8.333117529380317,9,0,Successful
9525,6,e66,e66,S6,S6,0,1,2,6.380645661873805,7,0,Successful
9528,5,e54,e54,S5,S4,0,1,2,8.7090676459328549,9,0,Successful
9547,10,e54,e54,S5,S4,0,1,2,9.3574095283230356,10,0,Successful
9550,3,e22,e22,S2,S2,0,1,2,8.7597387020496491,9,0,Successful
9551,4,e43,e43,S4,S3,0,1,2,9.1870257398181288,10,0,Successful
9564,3,e22,e22,S2,S2,0,1,2,10.496368063869497,11,0,Successful
9568,10,e66,e66,S6,S6,0,1,2,8.5246966085252627,9,0,Successful
9569,5,e52,e52,S5,S2,0,1,2,8.8675393047836071,9,0,Successful
9574,3,e22,e22,S2,S2,0,1,2,10.797030403619852,11,0,Successful
9575,5,e52,e52,S5,S2,0,1,2,9.8044473759681647,10,0,Successful
9579,5,e52,e52,S5,S2,0,1,2,8.0227984709162143,9,0,Successful
9584,6,e66,e66,S6,S6,0,1,2,6.3879994212363238,7,0,Successful
9599,9,e54,e54,S5,S4,0,1,2,9.2973475773963674,10,0,Successful
9608,4,e43,e43,S4,S3,0,1,2,7.6826628052898265,8,0,Successful
9608,5,e33,e33,S3,S3,0,1,2,7.0303076574509369,8,0,Successful
9614,6,e66,e66,S6,S6,0,1,2,6.4816547546299841,7,0,Successful
9620,4,e43,e43,S4,S3,0,1,2,7.1711042351436642,8,0,Successful
9625,6,e66,e66,S6,S6,0,1,2,6.1365639277320954,7,0,Successful
9641,3,e22,e22,S2,S2,0,1,2,9.1154010945767965,10,0,Successful
9642,3,e22,e22,S2,S2,0,1,2,8.3838596588188388,9,0,Successful
9648,3,e22,e22,S2,S2,0,1,2,10.278014350238051,11,0,Successful
9666,4,e43,e43,S4,S3,0,1,2,7.1113188254979836,8,0,Successful
9680,3,e22,e22,S2,S2,0,1,2,9.6270542015685834,10,0,Successful
9704,3,e22,e22,S2,S2,0,1,2,10.758205877666295,11,0,Successful
9704,6,e52,e52,S5,S2,0,1,2,11.04724678902865,12,0,Successful
9723,4,e43,e43,S4,S3,0,1,2,6.4371206168550952,7,0,Successful
9723,7,e54,e54,S5,S4,0,1,2,10.190506705009419,11,0,Successful
9724,5,e52,e52,S5,S2,0,1,2,9.670152257201778,10,0,Successful
9725,3,e22,e22,S2,S2,0,1,2,8.2208647903687506,9,0,Successful
9725,4,e22,e22,S2,S2,1,2,2,9.237043298373532,10,1,Successful
9726,4,e43,e43,S4,S3,0,1,2,5.8603472766861922,6,0,Successful
9732,5,e54,e54,S5,S4,0,1,2,10.951761613847088,11,0,Successful
9732,6,e42,e42,S4,S2,0,1,2,8.6519617962651463,9,0,Successful
9734,3,e22,e22,S2,S2,0,1,2,7.9800671195891546,8,0,Successful
9734,4,e22,e22,S2,S2,1,2,2,9.5752250281918538,10,1,Successful
9736,4,e42,e42,S4,S2,0,1,2,9.650143260632202,10,0,Successful
9739,6,e66,e66,S6,S6,0,1,2,6.2997655224122395,7,0,Successful
9746,3,e22,e22,S2,S2,0,1,2,10.072223986085714,11,0,Successful
9748,5,e55,e55,S5,S5,0,1,2,4.4655661052622477,5,0,Successful
9757,6,e66,e66,S6,S6,0,1,2,7.7452656537313906,8,0,Successful
9760,3,e21,e21,S2,S1,0,1,2,6.4329731693467895,7,0,Successful
9760,5,e22,e22,S2,S2,0,1,2,8.7921839890861548,9,0,Successful
9775,3,e21,e21,S2,S1,0,1,2,4.8036552250121005,5,0,Successful
9777,5,e52,e52,S5,S2,0,1,2,8.7963351577386319,9,0,Successful
9811,6,e66,e66,S6,S6,0,1,2,6.8800200040551385,7,0,Successful
9822,6,e66,e66,S6,S6,0,1,2,5.9632164120252176,6,0,Successful
9823,4,e42,e42,S4,S2,0,1,2,10.060270961056988,11,0,Successful
9825,5,e55,e55,S5,S5,0,1,2,4.980302698429524,5,0,Successful
9831,6,e66,e66,S6,S6,0,1,2,7.2285127852924971,8,0,Successful
9834,3,e22,e22,S2,S2,0,1,2,8.6127465472911489,9,0,Successful
9847,4,e42,e42,S4,S2,0,1,2,7.8386872180253393,8,0,Successful
9867,3,e22,e22,S2,S2,0,1,2,8.0837800131770319,9,0,Terminated
9893,5,e54,e54,S5,S4,0,1,2,8.6402693982420082,9,0,Successful
9900,3,e21,e21,S2,S1,0,1,2,4.4275117429986963,5,0,Terminated
9905,4,e42,e42,S4,S2,0,1,2,7.9976588795250292,8,0,Successful
9927,3,e22,e22,S2,S2,0,1,2,9.7394834576947815,10,0,Successful
9931,6,e66,e66,S6,S6,0,1,2,6.8186642882531032,7,0,Successful
9959,4,e42,e42,S4,S2,0,1,2,9.0482804502163727,10,0,Successful
9968,5,e54,e54,S5,S4,0,1,2,9.8232762782914129,10,0,Successful
9969,3,e22,e22,S2,S2,0,1,2,9.3174165326606975,10,0,Successful
9969,10,e43,e43,S4,S3,0,1,2,7.6310118053970566,8,0,Successful
10018,3,e22,e22,S2,S2,0,1,2,8.2074411704539791,9,0,Successful
10044,3,e22,e22,S2,S2,0,1,2,8.6285933753149084,9,0,Successful
10053,3,e21,e21,S2,S1,0,1,2,5.6052880956391489,6,0,Successful
10060,5,e52,e52,S5,S2,0,1,2,11.069857515831405,12,0,Successful
10069,3,e21,e21,S2,S1,0,1,2,4.1438309355635612,5,0,Terminated
10078,4,e43,e43,S4,S3,0,1,2,6.9896805498781767,7,0,Successful
10101,4,e43,e43,S4,S3,0,1,2,6.3091258923264117,7,0,Terminated
10101,6,e42,e42,S4,S2,0,1,2,9.2788934428880374,10,0,Terminated
10101,7,e22,e22,S2,S2,0,1,2,10.502686772820585,11,0,Terminated
10106,3,e21,e21,S2,S1,0,1,2,3.5853461010924339,4,0,Successful
10120,4,e43,e43,S4,S3,0,1,2,6.3175270566965747,7,0,Successful
10136,3,e22,e22,S2,S2,0,1,2,9.6997390221731212,10,0,Successful
10140,5,e54,e54,S5,S4,0,1,2,9.7387566468602138,10,0,Successful
10158,5,e66,e66,S6,S6,0,1,2,7.2998883288488328,8,0,Successful
10171,3,e21,e21,S2,S1,0,1,2,4.7757963650894411,5,0,Successful
10173,3,e22,e22,S2,S2,0,1,2,7.8900708729960805,8,0,Successful
10175,3,e22,e22,S2,S2,0,1,2,8.6052795634786374,9,0,Successful
10175,6,e54,e54,S5,S4,0,1,2,9.8642542370235571,10,0,Successful
10191,4,e43,e43,S4,S3,0,1,2,8.2645394568277268,9,0,Successful
10196,3,e22,e22,S2,S2,0,1,2,7.7536325698123187,8,0,Successful
10202,6,e66,e66,S6,S6,0,1,2,6.2202394269010952,7,0,Successful
10203,3,e21,e21,S2,S1,0,1,2,5.3308505954821523,6,0,Terminated
10204,5,e54,e54,S5,S4,0,1,2,10.865607195690668,11,0,Successful
10209,5,e54,e54,S5,S4,0,1,2,9.4791920143112804,10,0,Successful
10235,3,e22,e22,S2,S2,0,1,2,8.6841857852597251,9,0,Successful
10238,4,e43,e43,S4,S3,0,1,2,8.6169870003720401,9,0,Successful
10244,5,e55,e55,S5,S5,0,1,2,4.4206281062088513,5,0,Successful
10263,3,e22,e22,S2,S2,0,1,2,10.042282880463569,11,0,Successful
10263,6,e54,e54,S5,S4,0,1,2,10.515063738411669,11,0,Successful
10270,5,e54,e54,S5,S4,0,1,2,10.046855053870843,11,0,Successful
10283,3,e21,e21,S2,S1,0,1,2,5.0626059671153758,6,0,Successful
10283,8,e66,e66,S6,S6,0,1,2,8.3238877276730943,9,0,Successful
10286,3,e22,e22,S2,S2,0,1,2,8.550088852748468,9,0,Successful
10293,3,e21,e21,S2,S1,0,1,2,4.8746987970827025,5,0,Successful
10298,5,e54,e54,S5,S4,0,1,2,9.6534983614116356,10,0,Successful
10327,3,e22,e22,S2,S2,0,1,2,9.464337791149795,10,0,Successful
10329,6,e66,e66,S6,S6,0,1,2,6.5806598693035241,7,0,Successful
10333,3,e22,e22,S2,S2,0,1,2,9.6854954300996567,10,0,Successful
10338,3,e22,e22,S2,S2,0,1,2,8.8838547212007395,9,0,Successful
10343,4,e43,e43,S4,S3,0,1,2,8.1086185896888097,9,0,Successful
10344,3,e21,e21,S2,S1,0,1,2,5.1661459510533208,6,0,Successful
10348,3,e22,e22,S2,S2,0,1,2,8.6764947827869641,9,0,Successful
10349,3,e21,e21,S2,S1,0,1,2,4.5048324847627779,5,0,Terminated
10388,3,e21,e21,S2,S1,0,1,2,3.8916585005864048,4,0,Successful
10394,3,e21,e21,S2,S1,0,1,2,3.9928418235670327,4,0,Successful
10427,3,e21,e21,S2,S1,0,1,2,6.4135668043899932,7,0,Successful
10436,6,e66,e66,S6,S6,0,1,2,6.7075304901199839,7,0,Successful
10441,6,e66,e66,S6,S6,0,1,2,6.5278962772582201,7,0,Successful
10452,3,e21,e21,S2,S1,0,1,2,4.2548404666387682,5,0,Successful
10461,4,e43,e43,S4,S3,0,1,2,7.534617824101284,8,0,Successful
10461,5,e33,e33,S3,S3,0,1,2,6.1799175531278596,7,0,Successful
10463,3,e21,e21,S2,S1,0,1,2,4.8081876720537906,5,0,Successful
10467,6,e66,e66,S6,S6,0,1,2,5.2873439026707363,6,0,Successful
10468,6,e66,e66,S6,S6,0,1,2,6.6178172134680322,7,0,Successful
10470,3,e22,e22,S2,S2,0,1,2,7.986216346468626,8,0,Successful
10471,3,e21,e21,S2,S1,0,1,2,5.0272037358223312,6,0,Successful
10471,6,e43,e43,S4,S3,0,1,2,6.0019947003859233,7,0,Successful
10477,5,e55,e55,S5,S5,0,1,2,4.79419544262133,5,0,Successful
10496,3,e21,e21,S2,S1,0,1,2,6.1011591273165511,7,0,Terminated
10498,3,e22,e22,S2,S2,0,1,2,9.2158896519978093,10,0,Successful
10500,4,e43,e43,S4,S3,0,1,2,6.3484970483093033,7,0,Successful
10512,3,e21,e21,S2,S1,0,1,2,4.6536817465970177,5,0,Successful
10531,5,e55,e55,S5,S5,0,1,2,5.1770455987069157,6,0,Successful
10537,3,e22,e22,S2,S2,0,1,2,8.3607485239971435,9,0,Successful
10537,4,e22,e22,S2,S2,1,2,2,8.0719321044442243,9,1,Successful
10566,3,e21,e21,S2,S1,0,1,2,5.8713042063157648,6,0,Successful
10567,5,e54,e54,S5,S4,0,1,2,11.543296890282527,12,0,Successful
10571,6,e32,e32,S3,S2,0,1,2,13.712762340174713,14,0,Successful
10578,6,e66,e66,S6,S6,0,1,2,6.6695264633700004,7,0,Successful
10609,4,e42,e42,S4,S2,0,1,2,9.2900755369868371,10,0,Successful
10613,6,e66,e66,S6,S6,0,1,2,6.2164609562515638,7,0,Successful
10636,5,e54,e54,S5,S4,0,1,2,10.288614355707129,11,0,Successful
10637,5,e55,e55,S5,S5,0,1,2,3.8873449039272083,4,0,Successful
10644,6,e66,e66,S6,S6,0,1,2,7.3891227800013626,8,0,Successful
10652,5,e54,e54,S5,S4,0,1,2,10.123475130027103,11,0,Successful
10660,5,e66,e66,S6,S6,0,1,2,7.3121780935875691,8,0,Successful
10663,5,e52,e52,S5,S2,0,1,2,10.396417490738953,11,0,Successful
10667,3,e21,e21,S2,S1,0,1,2,4.8662554131481803,5,0,Successful
10684,5,e52,e52,S5,S2,0,1,2,11.38327966213636,12,0,Successful
10687,6,e66,e66,S6,S6,0,1,2,7.9860614770142107,8,0,Successful
10722,5,e55,e55,S5,S5,0,1,2,6.1327225787638442,7,0,Successful
10742,6,e66,e66,S6,S6,0,1,2,7.3777446633390014,8,0,Successful
10755,5,e55,e55,S5,S5,0,1,2,5.3386084236788927,6,0,Successful
10767,6,e66,e66,S6,S6,0,1,2,7.7157005803351151,8,0,Successful
10773,4,e43,e43,S4,S3,0,1,2,6.7689071447781739,7,0,Successful
10783,3,e21,e21,S2,S1,0,1,2,5.0733157559769069,6,0,Terminated
10784,5,e55,e55,S5,S5,0,1,2,4.1824540250304834,5,0,Successful
10814,6,e66,e66,S6,S6,0,1,2,8.9003260023763975,9,0,Successful
10820,5,e54,e54,S5,S4,0,1,2,9.1348720096311986,10,0,Successful
10836,3,e22,e22,S2,S2,0,1,2,9.7295606540156339,10,0,Successful
10847,3,e21,e21,S2,S1,0,1,2,3.6452397296668488,4,0,Successful
10852,3,e22,e22,S2,S2,0,1,2,10.558715688520198,11,0,Successful
10852,7,e66,e66,S6,S6,0,1,2,6.3366950031217337,7,0,Successful
10855,3,e22,e22,S2,S2,0,1,2,10.139270875512544,11,0,Successful
10857,3,e22,e22,S2,S2,0,1,2,8.5827410698961426,9,0,Successful
10875,3,e21,e21,S2,S1,0,1,2,3.8834727600352554,4,0,Successful
10879,6,e66,e66,S6,S6,0,1,2,9.6836861375641803,10,0,Successful
10882,6,e66,e66,S6,S6,0,1,2,7.0648313243738858,8,0,Successful
10890,4,e43,e43,S4,S3,0,1,2,8.6453768864851366,9,0,Successful
10895,3,e21,e21,S2,S1,0,1,2,6.6025288246176981,7,0,Terminated
10897,3,e22,e22,S2,S2,0,1,2,9.4878776003357324,10,0,Successful
10911,4,e42,e42,S4,S2,0,1,2,9.1500705495863528,10,0,Successful
10916,5,e54,e54,S5,S4,0,1,2,10.611247187691623,11,0,Successful
10919,6,e66,e66,S6,S6,0,1,2,8.1876558125082965,9,0,Successful
10928,3,e22,e22,S2,S2,0,1,2,9.5057022405994296,10,0,Successful
10932,3,e22,e22,S2,S2,0,1,2,10.230259852317488,11,0,Successful
10932,7,e66,e66,S6,S6,0,1,2,8.0762625214544599,9,0,Successful
10939,4,e43,e43,S4,S3,0,1,2,6.9276747050196459,7,0,Successful
10940,3,e22,e22,S2,S2,0,1,2,7.418777611600186,8,0,Successful
10941,5,e52,e52,S5,S2,0,1,2,9.5916937153556745,10,0,Successful
10945,3,e22,e22,S2,S2,0,1,2,7.8432304657643144,8,0,Successful
10950,4,e43,e43,S4,S3,0,1,2,6.9839751102398981,7,0,Successful
10962,3,e22,e22,S2,S2,0,1,2,10.319271263785803,11,0,Successful
10970,5,e54,e54,S5,S4,0,1,2,10.043226444889712,11,0,Successful
10973,5,e55,e55,S5,S5,0,1,2,4.6534964222383852,5,0,Successful
10978,4,e43,e43,S4,S3,0,1,2,5.5463441159590605,6,0,Successful
10981,5,e54,e54,S5,S4,0,1,2,10.889655176891463,11,0,Successful
10981,6,e43,e43,S4,S3,0,1,2,6.3931414738229915,7,0,Successful
11009,3,e22,e22,S2,S2,0,1,2,8.3628075046820936,9,0,Successful
11048,3,e21,e21,S2,S1,0,1,2,4.7084118432785491,5,0,Successful
11057,3,e22,e22,S2,S2,0,1,2,10.004530318151385,11,0,Successful
11078,5,e54,e54,S5,S4,0,1,2,9.637584405374195,10,0,Successful
11078,8,e66,e66,S6,S6,0,1,2,5.5728974184029223,6,0,Successful
11085,5,e55,e55,S5,S5,0,1,2,5.5691612589297792,6,0,Successful
11095,8,e54,e54,S5,S4,0,1,2,9.7864632233247111,10,0,Successful
11101,3,e21,e21,S2,S1,0,1,2,5.0917135293721012,6,0,Successful
11102,6,e66,e66,S6,S6,0,1,2,7.9025580245372602,8,0,Successful
11111,4,e43,e43,S4,S3,0,1,2,7.7466844141501019,8,0,Successful
11111,5,e33,e33,S3,S3,0,1,2,8.063547273666396,9,0,Successful
11112,6,e66,e66,S6,S6,0,1,2,6.271499373762496,7,0,Successful
11117,5,e55,e55,S5,S5,0,1,2,4.1598216669477175,5,0,Successful
11118,3,e22,e22,S2,S2,0,1,2,8.5222902451964018,9,0,Successful
11123,4,e42,e42,S4,S2,0,1,2,8.860673070383843,9,0,Successful
11133,3,e21,e21,S2,S1,0,1,2,4.4834510177163818,5,0,Successful
11157,3,e21,e21,S2,S1,0,1,2,5.0113631565099146,6,0,Successful
11169,3,e21,e21,S2,S1,0,1,2,4.6490511197028308,5,0,Terminated
11189,3,e21,e21,S2,S1,0,1,2,3.9439286320116169,4,0,Successful
11196,5,e55,e55,S5,S5,0,1,2,4.803335965270449,5,0,Successful
11207,3,e22,e22,S2,S2,0,1,2,8.2433172303811943,9,0,Successful
11208,4,e43,e43,S4,S3,0,1,2,6.2749079897960254,7,0,Successful
11208,5,e32,e32,S3,S2,0,1,2,15.692531730941521,16,0,Successful
11208,6,e22,e22,S2,S2,0,1,2,8.1388806416589503,9,0,Successful
11214,3,e21,e21,S2,S1,0,1,2,4.6701140560839862,5,0,Terminated
11223,5,e54,e54,S5,S4,0,1,2,9.6937365884826487,10,0,Successful
11236,3,e21,e21,S2,S1,0,1,2,5.601393114340703,6,0,Successful
11238,4,e42,e42,S4,S2,0,1,2,10.852666192160738,11,0,Successful
11248,5,e54,e54,S5,S4,0,1,2,9.8038084486113739,10,0,Successful
11273,3,e22,e22,S2,S2,0,1,2,8.0731898631128711,9,0,Successful
11283,6,e66,e66,S6,S6,0,1,2,8.1990712438974764,9,0,Successful
11292,6,e66,e66,S6,S6,0,1,2,6.5304552834641321,7,0,Successful
11295,3,e21,e21,S2,S1,0,1,2,5.0046490040012444,6,0,Terminated
11296,3,e21,e21,S2,S1,0,1,2,4.5987721160828405,5,0,Successful
11300,4,e33,e33,S3,S3,0,1,2,7.0639323821944364,8,0,Successful
11307,3,e22,e22,S2,S2,0,1,2,9.5829673372082524,10,0,Successful
11313,4,e42,e42,S4,S2,0,1,2,8.501817368079708,9,0,Successful
11314,5,e55,e55,S5,S5,0,1,2,3.0653317096042398,4,0,Successful
11316,3,e22,e22,S2,S2,0,1,2,10.737526502426913,11,0,Successful
11334,6,e66,e66,S6,S6,0,1,2,5.8205714017489445,6,0,Successful
11334,7,e66,e66,S6,S6,1,2,2,8.1028399937144577,9,1,Successful
11356,5,e54,e54,S5,S4,0,1,2,10.214323970210597,11,0,Successful
11394,3,e21,e21,S2,S1,0,1,2,4.4535394413176661,5,0,Successful
11406,3,e22,e22,S2,S2,0,1,2,8.9493024131897663,9,0,Terminated
11413,3,e22,e22,S2,S2,0,1,2,10.945608513314887,11,0,Successful
11417,3,e22,e22,S2,S2,0,1,2,7.2788446861043603,8,0,Successful
11446,3,e21,e21,S2,S1,0,1,2,6.3029001248501899,7,0,Successful
11449,6,e66,e66,S6,S6,0,1,2,5.4155544988503035,6,0,Successful
11461,6,e66,e66,S6,S6,0,1,2,8.0931756417490472,9,0,Successful
11461,9,e33,e33,S3,S3,0,1,2,7.9051352309789955,8,0,Successful
11462,3,e22,e22,S2,S2,0,1,2,11.170304593291021,12,0,Successful
11466,3,e22,e22,S2,S2,0,1,2,9.405344499567919,10,0,Successful
11472,4,e42,e42,S4,S2,0,1,2,9.4662360212068588,10,0,Successful
11507,5,e55,e55,S5,S5,0,1,2,4.4866512286410138,5,0,Successful
11509,3,e21,e21,S2,S1,0,1,2,6.3103393284462941,7,0,Successful
11509,5,e22,e22,S2,S2,0,1,2,10.638799113613874,11,0,Successful
11510,4,e43,e43,S4,S3,0,1,2,8.3604423979251994,9,0,Successful
11541,4,e42,e42,S4,S2,0,1,2,11.446400136313137,12,0,Successful
11561,5,e55,e55,S5,S5,0,1,2,5.8801149697404567,6,0,Successful
11570,4,e42,e42,S4,S2,0,1,2,10.051025196844122,11,0,Successful
11575,3,e22,e22,S2,S2,0,1,2,9.6030813430354094,10,0,Terminated
11580,3,e22,e22,S2,S2,0,1,2,8.4006621394357683,9,0,Successful
11580,4,e22,e22,S2,S2,1,2,2,10.160530234046229,11,1,Successful
11597,4,e43,e43,S4,S3,0,1,2,7.4434168759799597,8,0,Successful
11609,3,e22,e22,S2,S2,0,1,2,8.7280878451231612,9,0,Successful
11615,3,e21,e21,S2,S1,0,1,2,5.7582356268524038,6,0,Successful
11627,4,e42,e42,S4,S2,0,1,2,9.0187577620637729,10,0,Successful
11632,6,e66,e66,S6,S6,0,1,2,6.9074954350457602,7,0,Successful
11652,5,e54,e54,S5,S4,0,1,2,10.385699363176153,11,0,Successful
11659,3,e22,e22,S2,S2,0,1,2,9.6137906528172756,10,0,Successful
11670,6,e66,e66,S6,S6,0,1,2,6.4791843208867821,7,0,Successful
11672,3,e22,e22,S2,S2,0,1,2,8.5626581864087825,9,0,Successful
11675,3,e22,e22,S2,S2,0,1,2,8.1767739938352104,9,0,Successful
11676,3,e22,e22,S2,S2,0,1,2,8.2501980204655254,9,0,Successful
11687,5,e54,e54,S5,S4,0,1,2,10.137726881696292,11,0,Successful
11697,4,e42,e42,S4,S2,0,1,2,10.078562709339788,11,0,Successful
11697,5,e21,e21,S2,S1,0,1,2,5.1621348060973951,6,0,Successful
11697,8,e42,e42,S4,S2,1,2,2,10.438621444742623,11,1,Successful
11715,4,e42,e42,S4,S2,0,1,2,9.6875495000009053,10,0,Successful
11730,3,e21,e21,S2,S1,0,1,2,6.4872324826259051,7,0,Successful
11731,3,e22,e22,S2,S2,0,1,2,8.9890356853643958,9,0,Successful
11732,5,e52,e52,S5,S2,0,1,2,10.944279991811594,11,0,Successful
11736,3,e22,e22,S2,S2,0,1,2,7.6514968666513798,8,0,Successful
11736,5,e42,e42,S4,S2,0,1,2,10.40479389775445,11,0,Successful
11736,9,e66,e66,S6,S6,0,1,2,6.5238462390671366,7,0,Successful
11738,4,e43,e43,S4,S3,0,1,2,8.8795664382265294,9,0,Successful
11743,3,e22,e22,S2,S2,0,1,2,10.405837305322981,11,0,Successful
11744,5,e52,e52,S5,S2,0,1,2,9.6882569981391153,10,0,Successful
11746,3,e21,e21,S2,S1,0,1,2,5.6865514092995024,6,0,Successful
11773,6,e66,e66,S6,S6,0,1,2,8.316759334252346,9,0,Successful
11785,3,e22,e22,S2,S2,0,1,2,8.3878267424237265,9,0,Successful
11787,4,e43,e43,S4,S3,0,1,2,5.6164745946455907,6,0,Successful
11789,3,e21,e21,S2,S1,0,1,2,3.7630351975277296,4,0,Terminated
11792,4,e43,e43,S4,S3,0,1,2,5.77575251013449,6,0,Successful
11798,4,e42,e42,S4,S2,0,1,2,11.430549874004091,12,0,Successful
11800,6,e66,e66,S6,S6,0,1,2,7.8834118976029544,8,0,Successful
11813,3,e22,e22,S2,S2,0,1,2,9.5462576143942552,10,0,Successful
11819,4,e42,e42,S4,S2,0,1,2,8.1168901877980435,9,0,Successful
11822,3,e22,e22,S2,S2,0,1,2,8.3697921904273045,9,0,Successful
11828,4,e43,e43,S4,S3,0,1,2,6.5681431856486538,7,0,Successful
11828,7,e54,e54,S5,S4,0,1,2,9.9277412002726919,10,0,Successful
11830,5,e54,e54,S5,S4,0,1,2,11.660674020881823,12,0,Successful
11835,3,e21,e21,S2,S1,0,1,2,4.9025449279146711,5,0,Successful
11836,5,e52,e52,S5,S2,0,1,2,11.046095872143708,12,0,Successful
11838,3,e22,e22,S2,S2,0,1,2,9.8933925493334183,10,0,Successful
11874,3,e22,e22,S2,S2,0,1,2,9.4913322230860722,10,0,Successful
11876,3,e21,e21,S2,S1,0,1,2,6.1182486341691025,7,0,Terminated
11879,4,e43,e43,S4,S3,0,1,2,8.3670088753333225,9,0,Successful
11887,6,e66,e66,S6,S6,0,1,2,7.4473077533254841,8,0,Successful
11887,7,e66,e66,S6,S6,1,2,2,6.5755654599490718,7,1,Successful
11902,3,e21,e21,S2,S1,0,1,2,4.6569151493805379,5,0,Successful
11909,9,e42,e42,S4,S2,0,1,2,10.548754019752771,11,0,Successful
11911,3,e21,e21,S2,S1,0,1,2,4.3467655281566318,5,0,Successful
11914,3,e22,e22,S2,S2,0,1,2,8.9798104106038732,9,0,Successful
11948,7,e66,e66,S6,S6,0,1,2,8.3127074427128917,9,0,Successful
11955,4,e43,e43,S4,S3,0,1,2,8.7513796395362871,9,0,Successful
11955,8,e66,e66,S6,S6,0,1,2,6.8938063306646491,7,0,Successful
11962,3,e21,e21,S2,S1,0,1,2,4.4482602255453072,5,0,Successful
11970,5,e52,e52,S5,S2,0,1,2,9.3884253315059887,10,0,Successful
11970,6,e22,e22,S2,S2,0,1,2,8.7399799148698012,9,0,Successful
11972,3,e22,e22,S2,S2,0,1,2,9.6221629552325716,10,0,Successful
11975,3,e22,e22,S2,S2,0,1,2,9.8083015248419585,10,0,Successful
11984,3,e22,e22,S2,S2,0,1,2,8.7328198501801353,9,0,Successful
12013,3,e21,e21,S2,S1,0,1,2,5.9551671006504519,6,0,Terminated
12025,3,e22,e22,S2,S2,0,1,2,9.1932118139102386,10,0,Successful
12046,4,e33,e33,S3,S3,0,1,2,6.9702625861893779,7,0,Successful
12046,6,e42,e42,S4,S2,0,1,2,8.6655924007068172,9,0,Successful
12072,4,e43,e43,S4,S3,0,1,2,8.1526854488362339,9,0,Successful
12079,8,e55,e55,S5,S5,0,1,2,5.1134608346605148,6,0,Successful
12089,3,e21,e21,S2,S1,0,1,2,5.8933812635728922,6,0,Terminated
12109,6,e66,e66,S6,S6,0,1,2,9.1154259753151621,10,0,Successful
12110,3,e22,e22,S2,S2,0,1,2,10.286476136107241,11,0,Successful
12110,4,e22,e22,S2,S2,1,2,2,8.0478882767788775,9,1,Successful
12114,4,e43,e43,S4,S3,0,1,2,8.6428682099428311,9,0,Successful
12120,3,e21,e21,S2,S1,0,1,2,4.2673164489188737,5,0,Successful
12121,5,e66,e66,S6,S6,0,1,2,8.2047125286397158,9,0,Successful
12123,3,e21,e21,S2,S1,0,1,2,4.8363026735189081,5,0,Successful
12136,6,e66,e66,S6,S6,0,1,2,6.8036670178570375,7,0,Successful
12137,4,e43,e43,S4,S3,0,1,2,7.4416761582411048,8,0,Successful
12146,3,e22,e22,S2,S2,0,1,2,9.5472575443071932,10,0,Successful
12157,3,e21,e21,S2,S1,0,1,2,6.3147031368653153,7,0,Successful
12200,6,e66,e66,S6,S6,0,1,2,7.317656848968733,8,0,Successful
12205,3,e21,e21,S2,S1,0,1,2,5.8765642185844102,6,0,Successful
12210,4,e43,e43,S4,S3,0,1,2,5.2755592797268767,6,0,Successful
12216,4,e43,e43,S4,S3,0,1,2,7.416333154322384,8,0,Successful
12234,5,e54,e54,S5,S4,0,1,2,10.820549710054367,11,0,Successful
12237,3,e22,e22,S2,S2,0,1,2,11.070122244951031,12,0,Successful
12265,6,e66,e66,S6,S6,0,1,2,7.949023990905097,8,0,Successful
12271,3,e22,e22,S2,S2,0,1,2,7.6366943241603451,8,0,Successful
12273,3,e21,e21,S2,S1,0,1,2,4.8634472832084734,5,0,Successful
12278,6,e66,e66,S6,S6,0,1,2,8.8171199362713466,9,0,Successful
12320,3,e22,e22,S2,S2,0,1,2,9.1858719773932549,10,0,Successful
12323,3,e21,e21,S2,S1,0,1,2,6.7209822628717113,7,0,Successful
12333,3,e21,e21,S2,S1,0,1,2,4.0357162920944312,5,0,Terminated
12354,3,e22,e22,S2,S2,0,1,2,8.7320597729888032,9,0,Successful
12371,3,e22,e22,S2,S2,0,1,2,9.4105872098888419,10,0,Successful
12372,6,e33,e33,S3,S3,0,1,2,6.668146941748117,7,0,Successful
12377,5,e52,e52,S5,S2,0,1,2,9.1865449573371531,10,0,Terminated
12388,5,e55,e55,S5,S5,0,1,2,5.3290071276991551,6,0,Successful
12390,5,e52,e52,S5,S2,0,1,2,9.9492296478792035,10,0,Successful
12393,4,e43,e43,S4,S3,0,1,2,8.0433312447843619,9,0,Successful
12393,6,e43,e43,S4,S3,1,2,2,8.5678596004120156,9,1,Successful
12403,3,e21,e21,S2,S1,0,1,2,4.4217961793221683,5,0,Successful
12411,3,e21,e21,S2,S1,0,1,2,5.0304424268814394,6,0,Terminated
12425,5,e52,e52,S5,S2,0,1,2,10.018465064615008,11,0,Successful
12437,4,e42,e42,S4,S2,0,1,2,11.191159698267182,12,0,Successful
12439,3,e21,e21,S2,S1,0,1,2,3.3609054473258393,4,0,Successful
12451,3,e21,e21,S2,S1,0,1,2,4.5309007496880866,5,0,Terminated
12463,6,e66,e66,S6,S6,0,1,2,7.0608430759839917,8,0,Successful
12489,3,e21,e21,S2,S1,0,1,2,4.3012459171792665,5,0,Terminated
12495,3,e22,e22,S2,S2,0,1,2,9.0154176093540315,10,0,Successful
12499,5,e55,e55,S5,S5,0,1,2,5.4611251307101139,6,0,Successful
12503,3,e22,e22,S2,S2,0,1,2,7.4889129822632956,8,0,Terminated
12505,3,e21,e21,S2,S1,0,1,2,6.5622493491858824,7,0,Successful
12511,4,e43,e43,S4,S3,0,1,2,7.7763381581857072,8,0,Successful
12521,4,e43,e43,S4,S3,0,1,2,6.3011743529063535,7,0,Successful
12522,5,e54,e54,S5,S4,0,1,2,8.8775469115792092,9,0,Successful
12554,3,e21,e21,S2,S1,0,1,2,3.6492400681231238,4,0,Successful
12554,7,e52,e52,S5,S2,0,1,2,9.9137293255097134,10,0,Successful
12555,4,e43,e43,S4,S3,0,1,2,5.7713810904652494,6,0,Successful
12558,3,e21,e21,S2,S1,0,1,2,4.2706714945719497,5,0,Successful
12566,3,e22,e22,S2,S2,0,1,2,8.1511119388538358,9,0,Successful
12583,3,e21,e21,S2,S1,0,1,2,5.792792166443121,6,0,Successful
12590,5,e54,e54,S5,S4,0,1,2,10.384993908530991,11,0,Successful
12606,3,e21,e21,S2,S1,0,1,2,5.3225241710269628,6,0,Successful
12635,6,e66,e66,S6,S6,0,1,2,7.3175306193871705,8,0,Successful
12640,3,e22,e22,S2,S2,0,1,2,8.57916414284845,9,0,Successful
12643,9,e54,e54,S5,S4,0,1,2,10.383384025855246,11,0,Successful
12652,4,e43,e43,S4,S3,0,1,2,6.3247310642512318,7,0,Successful
12664,4,e42,e42,S4,S2,0,1,2,9.6944965124697564,10,0,Successful
12666,5,e55,e55,S5,S5,0,1,2,5.0196891959596801,6,0,Successful
12681,6,e66,e66,S6,S6,0,1,2,6.6891762659162772,7,0,Successful
12687,3,e21,e21,S2,S1,0,1,2,5.7037222758485111,6,0,Successful
12688,6,e66,e66,S6,S6,0,1,2,7.1668237680629563,8,0,Successful
12688,7,e66,e66,S6,S6,1,2,2,8.2902195819735418,9,1,Successful
12696,3,e22,e22,S2,S2,0,1,2,9.6774271475407723,10,0,Successful
12712,3,e22,e22,S2,S2,0,1,2,10.198832080478041,11,0,Successful
12720,5,e55,e55,S5,S5,0,1,2,3.5486737130475885,4,0,Successful
12732,5,e52,e52,S5,S2,0,1,2,9.3079130169772313,10,0,Successful
12747,3,e21,e21,S2,S1,0,1,2,4.5463798893446281,5,0,Successful
12758,3,e21,e21,S2,S1,0,1,2,5.6099345414771253,6,0,Successful
12759,4,e43,e43,S4,S3,0,1,2,9.130869522535022,10,0,Successful
12770,5,e55,e55,S5,S5,0,1,2,3.9164122806157446,4,0,Successful
12787,4,e43,e43,S4,S3,0,1,2,8.1020772294134353,9,0,Successful
12798,3,e22,e22,S2,S2,0,1,2,11.387687598944352,12,0,Successful
12804,4,e43,e43,S4,S3,0,1,2,6.3445989346538969,7,0,Successful
12835,4,e42,e42,S4,S2,0,1,2,9.4354389936792824,10,0,Successful
12844,3,e22,e22,S2,S2,0,1,2,8.9382414974978772,9,0,Successful
12854,5,e54,e54,S5,S4,0,1,2,11.36710324465437,12,0,Successful
12869,3,e22,e22,S2,S2,0,1,2,7.3716943959128036,8,0,Successful
12897,3,e21,e21,S2,S1,0,1,2,5.4609042005218562,6,0,Terminated
12900,6,e66,e66,S6,S6,0,1,2,7.2582857241343,8,0,Successful
12904,6,e66,e66,S6,S6,0,1,2,6.6935801852729053,7,0,Successful
12905,4,e43,e43,S4,S3,0,1,2,7.9910673027440584,8,0,Successful
12910,3,e21,e21,S2,S1,0,1,2,4.3932102612196662,5,0,Successful
12910,5,e22,e22,S2,S2,0,1,2,9.2299488593201815,10,0,Successful
12911,3,e22,e22,S2,S2,0,1,2,9.4506061618121766,10,0,Successful
12935,5,e52,e52,S5,S2,0,1,2,9.9170201396750439,10,0,Successful
12937,6,e66,e66,S6,S6,0,1,2,6.8957487142028526,7,0,Successful
12977,4,e42,e42,S4,S2,0,1,2,10.528640773640374,11,0,Successful
12994,3,e22,e22,S2,S2,0,1,2,7.4917481310199898,8,0,Successful
13005,6,e66,e66,S6,S6,0,1,2,8.7531325917143121,9,0,Successful
13008,3,e22,e22,S2,S2,0,1,2,10.766186589724279,11,0,Successful
13015,5,e54,e54,S5,S4,0,1,2,10.523681696759192,11,0,Successful
13034,4,e43,e43,S4,S3,0,1,2,7.6795809095155931,8,0,Successful
13035,5,e66,e66,S6,S6,0,1,2,8.0851800535807747,9,0,Successful
13041,6,e66,e66,S6,S6,0,1,2,8.2615092418213756,9,0,Successful
13069,6,e66,e66,S6,S6,0,1,2,7.8975093584162863,8,0,Successful
13071,6,e66,e66,S6,S6,0,1,2,8.0715523889272838,9,0,Successful
13075,6,e66,e66,S6,S6,0,1,2,7.291540562682723,8,0,Successful
13078,3,e22,e22,S2,S2,0,1,2,10.237843580064578,11,0,Successful
13093,4,e42,e42,S4,S2,0,1,2,10.98759389589457,11,0,Successful
13103,5,e52,e52,S5,S2,0,1,2,9.050354209171104,10,0,Successful
13130,4,e43,e43,S4,S3,0,1,2,5.6265363397920121,6,0,Successful
13136,6,e66,e66,S6,S6,0,1,2,7.6714246580700722,8,0,Successful
13148,3,e22,e22,S2,S2,0,1,2,9.5590308972913167,10,0,Successful
13154,4,e42,e42,S4,S2,0,1,2,8.854073375956828,9,0,Successful
13159,5,e66,e66,S6,S6,0,1,2,6.4829419694216037,7,0,Successful
13161,4,e42,e42,S4,S2,0,1,2,11.061005610347173,12,0,Successful
13175,3,e22,e22,S2,S2,0,1,2,8.0341717066802794,9,0,Successful
13191,3,e22,e22,S2,S2,0,1,2,9.6250783788389551,10,0,Successful
13191,7,e66,e66,S6,S6,0,1,2,7.3117058913844986,8,0,Successful
13192,3,e22,e22,S2,S2,0,1,2,10.6725927354767,11,0,Successful
13192,6,e54,e54,S5,S4,0,1,2,10.738478948007369,11,0,Successful
13204,3,e21,e21,S2,S1,0,1,2,5.5131175895911646,6,0,Successful
13215,4,e42,e42,S4,S2,0,1,2,10.439350135123151,11,0,Successful
13218,3,e22,e22,S2,S2,0,1,2,8.5716968131054756,9,0,Successful
13221,3,e22,e22,S2,S2,0,1,2,8.7243619687318006,9,0,Successful
13256,3,e22,e22,S2,S2,0,1,2,8.4335837755295451,9,0,Successful
13262,4,e42,e42,S4,S2,0,1,2,10.70955244871061,11,0,Successful
13281,4,e43,e43,S4,S3,0,1,2,7.8544437585237317,8,0,Successful
13289,6,e66,e66,S6,S6,0,1,2,5.9100741059660677,6,0,Successful
13290,5,e54,e54,S5,S4,0,1,2,9.2897887054923292,10,0,Successful
13296,3,e21,e21,S2,S1,0,1,2,4.4615459194227451,5,0,Successful
13303,6,e66,e66,S6,S6,0,1,2,6.0205015937240081,7,0,Successful
13310,6,e66,e66,S6,S6,0,1,2,6.213801759155908,7,0,Successful
13316,3,e22,e22,S2,S2,0,1,2,8.030042305454792,9,0,Successful
13321,3,e21,e21,S2,S1,0,1,2,4.6092260778423926,5,0,Terminated
13322,5,e54,e54,S5,S4,0,1,2,10.022740220190983,11,0,Successful
13323,3,e21,e21,S2,S1,0,1,2,5.5312033242627106,6,0,Successful
13340,5,e54,e54,S5,S4,0,1,2,10.212665804829077,11,0,Successful
13348,3,e21,e21,S2,S1,0,1,2,4.9729341016224033,5,0,Successful
13361,5,e66,e66,S6,S6,0,1,2,7.1351221751680809,8,0,Successful
13372,6,e66,e66,S6,S6,0,1,2,7.3188619696253481,8,0,Successful
13373,3,e21,e21,S2,S1,0,1,2,6.4922935110593336,7,0,Successful
13376,4,e43,e43,S4,S3,0,1,2,7.5860060237938285,8,0,Successful
13377,3,e21,e21,S2,S1,0,1,2,4.0255501022911799,5,0,Successful
13379,7,e42,e42,S4,S2,0,1,2,10.063923937966743,11,0,Successful
13401,5,e54,e54,S5,S4,0,1,2,10.666650059198801,11,0,Successful
13408,3,e21,e21,S2,S1,0,1,2,4.6410945042605203,5,0,Successful
13408,8,e66,e66,S6,S6,0,1,2,8.2589532092000919,9,0,Successful
13411,3,e22,e22,S2,S2,0,1,2,9.8578298839456391,10,0,Successful
13425,3,e21,e21,S2,S1,0,1,2,5.2585547501457519,6,0,Successful
13427,4,e43,e43,S4,S3,0,1,2,6.7712764984992866,7,0,Successful
13433,3,e22,e22,S2,S2,0,1,2,9.2683456677058125,10,0,Successful
13434,5,e55,e55,S5,S5,0,1,2,6.1534386087593189,7,0,Successful
13447,6,e66,e66,S6,S6,0,1,2,5.618922994755172,6,0,Successful
13453,5,e54,e54,S5,S4,0,1,2,9.8098210781814394,10,0,Successful
13472,4,e42,e42,S4,S2,0,1,2,10.98524572113153,11,0,Successful
13486,4,e43,e43,S4,S3,0,1,2,9.2401835786826787,10,0,Successful
13493,3,e21,e21,S2,S1,0,1,2,5.5293461364431229,6,0,Successful
13505,3,e22,e22,S2,S2,0,1,2,10.386631696811243,11,0,Successful
13515,3,e21,e21,S2,S1,0,1,2,4.6699127520392905,5,0,Successful
13515,7,e52,e52,S5,S2,0,1,2,9.7338832648292222,10,0,Successful
13517,4,e43,e43,S4,S3,0,1,2,6.5345943443892889,7,0,Successful
13518,3,e21,e21,S2,S1,0,1,2,5.4836388259969269,6,0,Terminated
13521,5,e55,e55,S5,S5,0,1,2,5.0415967190288935,6,0,Successful
13531,9,e66,e66,S6,S6,0,1,2,6.3462060111131535,7,0,Successful
13542,3,e21,e21,S2,S1,0,1,2,4.5947722109842557,5,0,Terminated
13556,5,e55,e55,S5,S5,0,1,2,5.2463413361015991,6,0,Successful
13559,3,e22,e22,S2,S2,0,1,2,8.6764648133314637,9,0,Successful
13563,3,e21,e21,S2,S1,0,1,2,3.5942598098035061,4,0,Terminated
13576,3,e21,e21,S2,S1,0,1,2,4.1531640670256271,5,0,Terminated
13586,5,e43,e43,S4,S3,0,1,2,7.8820730263151386,8,0,Successful
13589,3,e21,e21,S2,S1,0,1,2,5.6730646279731509,6,0,Successful
13592,3,e22,e22,S2,S2,0,1,2,7.2580629000912031,8,0,Successful
13597,5,e52,e52,S5,S2,0,1,2,11.167653012646557,12,0,Successful
13601,6,e66,e66,S6,S6,0,1,2,7.4947655214459816,8,0,Successful
13601,7,e66,e66,S6,S6,1,2,2,6.6380689600984439,7,1,Successful
13602,4,e42,e42,S4,S2,0,1,2,11.556747318577239,12,0,Successful
13618,6,e66,e66,S6,S6,0,1,2,7.1421387208480622,8,0,Successful
13642,3,e21,e21,S2,S1,0,1,2,4.5262846268263131,5,0,Terminated
13650,3,e22,e22,S2,S2,0,1,2,8.0739314758003449,9,0,Successful
13654,3,e21,e21,S2,S1,0,1,2,5.5531730592227042,6,0,Terminated
13655,5,e52,e52,S5,S2,0,1,2,11.055071358095924,12,0,Successful
13672,6,e66,e66,S6,S6,0,1,2,7.0151130201076697,8,0,Successful
13676,3,e22,e22,S2,S2,0,1,2,8.036176433655644,9,0,Successful
13685,3,e22,e22,S2,S2,0,1,2,8.9050831936363792,9,0,Successful
13697,4,e43,e43,S4,S3,0,1,2,8.0115550888940064,9,0,Successful
13699,4,e43,e43,S4,S3,0,1,2,8.1846637527683033,9,0,Successful
13701,5,e54,e54,S5,S4,0,1,2,11.227509719989605,12,0,Successful
13708,6,e66,e66,S6,S6,0,1,2,7.6953369627919219,8,0,Successful
13719,3,e22,e22,S2,S2,0,1,2,10.62831127763212,11,0,Successful
13721,3,e21,e21,S2,S1,0,1,2,4.7131070966412549,5,0,Terminated
13739,6,e66,e66,S6,S6,0,1,2,8.363145672938499,9,0,Successful
13751,3,e21,e21,S2,S1,0,1,2,5.2139122855486555,6,0,Successful
13793,3,e21,e21,S2,S1,0,1,2,5.6309810336502109,6,0,Successful
13814,4,e42,e42,S4,S2,0,1,2,10.309666945247285,11,0,Successful
13840,3,e21,e21,S2,S1,0,1,2,4.1974535079191151,5,0,Successful
13841,3,e21,e21,S2,S1,0,1,2,6.1138232874194509,7,0,Successful
13847,3,e22,e22,S2,S2,0,1,2,11.096728081296327,12,0,Successful
13847,4,e22,e22,S2,S2,1,2,2,8.3252474489513819,9,1,Successful
13847,8,e66,e66,S6,S6,0,1,2,6.8126404852580933,7,0,Successful
13853,6,e66,e66,S6,S6,0,1,2,7.7023964824763862,8,0,Successful
13861,3,e22,e22,S2,S2,0,1,2,7.6151663936719904,8,0,Successful
13863,6,e66,e66,S6,S6,0,1,2,5.7244039278649623,6,0,Successful
13875,5,e54,e54,S5,S4,0,1,2,9.882222429057073,10,0,Successful
13875,6,e43,e43,S4,S3,0,1,2,7.8005100351239838,8,0,Successful
13878,3,e21,e21,S2,S1,0,1,2,5.5472467844835691,6,0,Successful
13882,3,e21,e21,S2,S1,0,1,2,5.093663155677925,6,0,Successful
13885,3,e22,e22,S2,S2,0,1,2,9.1509395289710582,10,0,Successful
13885,5,e43,e43,S4,S3,0,1,2,5.7581863797054602,6,0,Successful
13885,9,e66,e66,S6,S6,0,1,2,8.1603057113125619,9,0,Successful
13887,6,e66,e66,S6,S6,0,1,2,7.4694154505858315,8,0,Successful
13893,3,e22,e22,S2,S2,0,1,2,8.7736874360814667,9,0,Successful
13899,3,e21,e21,S2,S1,0,1,2,4.2697473499063179,5,0,Successful
13910,5,e54,e54,S5,S4,0,1,2,10.356876075463951,11,0,Successful
13916,3,e21,e21,S2,S1,0,1,2,5.9639234078883945,6,0,Successful
13937,5,e54,e54,S5,S4,0,1,2,9.9047954752116034,10,0,Successful
13965,3,e21,e21,S2,S1,0,1,2,4.1536994018349418,5,0,Successful
13980,3,e22,e22,S2,S2,0,1,2,10.11434090715108,11,0,Successful
13985,4,e42,e42,S4,S2,0,1,2,8.1583463556306981,9,0,Successful
13986,3,e21,e21,S2,S1,0,1,2,3.7903704685728767,4,0,Successful
13986,7,e52,e52,S5,S2,0,1,2,9.6438101450276861,10,0,Successful
13998,3,e22,e22,S2,S2,0,1,2,7.7177877052910624,8,0,Successful
13998,5,e43,e43,S4,S3,0,1,2,6.2203473310320563,7,0,Successful
14003,3,e21,e21,S2,S1,0,1,2,5.2664966114301919,6,0,Terminated
14017,3,e22,e22,S2,S2,0,1,2,9.8463400106153784,10,0,Successful
14017,5,e43,e43,S4,S3,0,1,2,6.8544805030919296,7,0,Successful
14030,3,e21,e21,S2,S1,0,1,2,3.6264915826668291,4,0,Successful
14048,3,e21,e21,S2,S1,0,1,2,4.9968216301895758,5,0,Successful
14063,5,e66,e66,S6,S6,0,1,2,8.3104151391846184,9,0,Successful
14070,5,e54,e54,S5,S4,0,1,2,11.46817160962898,12,0,Successful
14071,5,e52,e52,S5,S2,0,1,2,9.0910164898857069,10,0,Successful
14091,6,e66,e66,S6,S6,0,1,2,6.8640530224998129,7,0,Successful
14092,4,e42,e42,S4,S2,0,1,2,8.1058716580188133,9,0,Successful
14119,6,e32,e32,S3,S2,0,1,2,13.669269319254514,14,0,Successful
14124,6,e66,e66,S6,S6,0,1,2,5.9144917095126113,6,0,Successful
14135,3,e22,e22,S2,S2,0,1,2,10.387344816674123,11,0,Successful
14147,3,e21,e21,S2,S1,0,1,2,3.954573195970629,4,0,Terminated
14163,3,e22,e22,S2,S2,0,1,2,9.0639499250590863,10,0,Successful
14169,3,e21,e21,S2,S1,0,1,2,4.888271299429948,5,0,Successful
14176,4,e43,e43,S4,S3,0,1,2,7.0272674512264128,8,0,Successful
14176,7,e55,e55,S5,S5,0,1,2,6.0977230367538127,7,0,Successful
14185,3,e22,e22,S2,S2,0,1,2,9.837686397772023,10,0,Successful
14185,4,e22,e22,S2,S2,1,2,2,10.330223023557011,11,1,Successful
14188,4,e43,e43,S4,S3,0,1,2,8.1710680839568361,9,0,Successful
14193,4,e43,e43,S4,S3,0,1,2,7.613105757038344,8,0,Successful
14219,3,e22,e22,S2,S2,0,1,2,10.39092246388169,11,0,Successful
14223,4,e43,e43,S4,S3,0,1,2,6.693303593121092,7,0,Successful
14231,5,e55,e55,S5,S5,0,1,2,4.6223906656068383,5,0,Successful
14238,4,e43,e43,S4,S3,0,1,2,7.3682107294395225,8,0,Successful
14238,5,e33,e33,S3,S3,0,1,2,5.915993342204124,6,0,Successful
14254,5,e55,e55,S5,S5,0,1,2,5.043371064053197,6,0,Successful
14262,4,e43,e43,S4,S3,0,1,2,5.4423798953226239,6,0,Successful
14263,5,e43,e43,S4,S3,0,1,2,7.8374188414872243,8,0,Successful
14264,3,e21,e21,S2,S1,0,1,2,5.1767012434211415,6,0,Successful
14264,7,e54,e54,S5,S4,0,1,2,9.6789819209767547,10,0,Successful
14265,3,e22,e22,S2,S2,0,1,2,8.3381470539029277,9,0,Successful
14266,3,e22,e22,S2,S2,0,1,2,10.438086739059489,11,0,Successful
14275,5,e54,e54,S5,S4,0,1,2,9.5741935126901545,10,0,Successful
14275,8,e66,e66,S6,S6,0,1,2,7.4744806973533731,8,0,Successful
14277,3,e21,e21,S2,S1,0,1,2,4.7517952881532102,5,0,Successful
14280,3,e21,e21,S2,S1,0,1,2,6.6188164685377568,7,0,Successful
14282,5,e54,e54,S5,S4,0,1,2,9.5319274730549743,10,0,Successful
14291,5,e54,e54,S5,S4,0,1,2,10.862824643237801,11,0,Successful
14320,3,e21,e21,S2,S1,0,1,2,5.2499908153640575,6,0,Successful
14325,5,e55,e55,S5,S5,0,1,2,5.775047294345236,6,0,Successful
14332,6,e66,e66,S6,S6,0,1,2,6.4663374909120552,7,0,Successful
14357,3,e22,e22,S2,S2,0,1,2,10.097594318682114,11,0,Successful
14362,6,e66,e66,S6,S6,0,1,2,6.7494770139418288,7,0,Successful
14364,3,e22,e22,S2,S2,0,1,2,9.4368254366405093,10,0,Terminated
14364,4,e21,e21,S2,S1,0,1,2,3.8041034840646542,4,0,Terminated
14377,4,e42,e42,S4,S2,0,1,2,11.657507465764194,12,0,Successful
14399,3,e22,e22,S2,S2,0,1,2,9.6482105529829099,10,0,Successful
14402,6,e66,e66,S6,S6,0,1,2,6.3917653386503739,7,0,Successful
14422,4,e42,e42,S4,S2,0,1,2,9.7251100253307676,10,0,Successful
14426,5,e52,e52,S5,S2,0,1,2,10.220865268817931,11,0,Successful
14426,6,e21,e21,S2,S1,0,1,2,3.8042428507081203,4,0,Successful
14439,5,e54,e54,S5,S4,0,1,2,9.0432278061732809,10,0,Successful
14440,3,e22,e22,S2,S2,0,1,2,11.080930414684815,12,0,Successful
14443,3,e22,e22,S2,S2,0,1,2,8.0582750001362058,9,0,Successful
14445,3,e22,e22,S2,S2,0,1,2,11.085618692739281,12,0,Successful
14469,6,e54,e54,S5,S4,0,1,2,10.08953662787146,11,0,Successful
14470,3,e21,e21,S2,S1,0,1,2,3.9573730859143863,4,0,Terminated
14488,3,e21,e21,S2,S1,0,1,2,3.6137779961285186,4,0,Successful
14491,4,e43,e43,S4,S3,0,1,2,5.8301584189592512,6,0,Successful
14516,5,e55,e55,S5,S5,0,1,2,5.9606911045127271,6,0,Successful
14522,5,e55,e55,S5,S5,0,1,2,5.1330723617558185,6,0,Successful
14524,3,e21,e21,S2,S1,0,1,2,4.2222408393983226,5,0,Terminated
14529,3,e21,e21,S2,S1,0,1,2,5.0128941055297718,6,0,Successful
14545,3,e21,e21,S2,S1,0,1,2,5.016031439181095,6,0,Successful
14548,3,e21,e21,S2,S1,0,1,2,6.3560876003509117,7,0,Successful
14556,3,e22,e22,S2,S2,0,1,2,8.4673702469631138,9,0,Terminated
14556,4,e21,e21,S2,S1,0,1,2,4.4654857944138522,5,0,Terminated
14565,3,e21,e21,S2,S1,0,1,2,5.5529327424044901,6,0,Terminated
14574,5,e55,e55,S5,S5,0,1,2,6.8124467108543296,7,0,Successful
14590,3,e21,e21,S2,S1,0,1,2,4.9521371476392488,5,0,Successful
14598,4,e43,e43,S4,S3,0,1,2,6.9752596818393986,7,0,Successful
14610,5,e54,e54,S5,S4,0,1,2,8.8525362892720452,9,0,Successful
14629,3,e21,e21,S2,S1,0,1,2,4.0065788294709073,5,0,Terminated
14634,3,e22,e22,S2,S2,0,1,2,9.6122002294351461,10,0,Successful
14635,3,e22,e22,S2,S2,0,1,2,8.9976199209933192,9,0,Successful
14638,4,e43,e43,S4,S3,0,1,2,6.4489305838449393,7,0,Successful
14639,4,e42,e42,S4,S2,0,1,2,10.538637607964796,11,0,Successful
14639,8,e66,e66,S6,S6,0,1,2,5.98566940905578,6,0,Successful
14640,5,e55,e55,S5,S5,0,1,2,3.5022342060506224,4,0,Successful
14642,5,e55,e55,S5,S5,0,1,2,5.0013486645749765,6,0,Successful
14645,4,e42,e42,S4,S2,0,1,2,11.205102097150029,12,0,Successful
14645,5,e22,e22,S2,S2,0,1,2,8.9945907529973113,9,0,Successful
14647,6,e66,e66,S6,S6,0,1,2,6.8975679930451914,7,0,Successful
14651,3,e22,e22,S2,S2,0,1,2,9.166836528176411,10,0,Successful
14670,3,e21,e21,S2,S1,0,1,2,5.3824082579796784,6,0,Successful
14676,3,e21,e21,S2,S1,0,1,2,5.1027681830044003,6,0,Successful
14691,5,e54,e54,S5,S4,0,1,2,10.215400238336349,11,0,Successful
14706,3,e22,e22,S2,S2,0,1,2,7.9800128301884463,8,0,Successful
14707,5,e54,e54,S5,S4,0,1,2,11.580224805556757,12,0,Successful
14715,3,e21,e21,S2,S1,0,1,2,5.135576158834418,6,0,Successful
14717,3,e22,e22,S2,S2,0,1,2,9.8534842645652763,10,0,Successful
14722,3,e22,e22,S2,S2,0,1,2,9.3919469280923096,10,0,Successful
14741,3,e22,e22,S2,S2,0,1,2,9.3895759669958689,10,0,Successful
14750,5,e52,e52,S5,S2,0,1,2,10.073300617006952,11,0,Successful
14771,3,e22,e22,S2,S2,0,1,2,10.251827675419314,11,0,Successful
14772,5,e54,e54,S5,S4,0,1,2,10.485001999225597,11,0,Successful
14774,3,e21,e21,S2,S1,0,1,2,4.2716155642165461,5,0,Successful
14780,4,e43,e43,S4,S3,0,1,2,6.2784065421956097,7,0,Successful
14788,4,e42,e42,S4,S2,0,1,2,9.1224199173390765,10,0,Successful
14795,6,e66,e66,S6,S6,0,1,2,7.8257034238845211,8,0,Successful
14801,3,e22,e22,S2,S2,0,1,2,9.2037929717363536,10,0,Successful
14808,3,e21,e21,S2,S1,0,1,2,5.5930585154343211,6,0,Terminated
14815,3,e22,e22,S2,S2,0,1,2,8.1068214264615346,9,0,Successful
14846,3,e21,e21,S2,S1,0,1,2,6.0025067300162025,7,0,Terminated
14859,5,e55,e55,S5,S5,0,1,2,5.3965774662222028,6,0,Successful
14865,6,e66,e66,S6,S6,0,1,2,8.7038478635620322,9,0,Successful
14869,4,e43,e43,S4,S3,0,1,2,7.5004507259369255,8,0,Successful
14870,5,e52,e52,S5,S2,0,1,2,9.4309947990224821,10,0,Successful
14871,6,e66,e66,S6,S6,0,1,2,7.2942385033774197,8,0,Successful
14883,4,e42,e42,S4,S2,0,1,2,11.198352674255908,12,0,Successful
14885,5,e55,e55,S5,S5,0,1,2,5.2186193224219473,6,0,Successful
14895,3,e22,e22,S2,S2,0,1,2,9.1458617506681517,10,0,Successful
14897,6,e66,e66,S6,S6,0,1,2,8.7237848871435286,9,0,Successful
14898,3,e21,e21,S2,S1,0,1,2,5.5142152103598292,6,0,Terminated
14900,4,e43,e43,S4,S3,0,1,2,9.0607205159656132,10,0,Successful
14906,3,e21,e21,S2,S1,0,1,2,5.8221219911910183,6,0,Successful
14906,5,e22,e22,S2,S2,0,1,2,10.146626897275393,11,0,Successful
14910,5,e54,e54,S5,S4,0,1,2,10.704736995725579,11,0,Successful
14912,4,e43,e43,S4,S3,0,1,2,5.8638115706103955,6,0,Successful
14912,5,e32,e32,S3,S2,0,1,2,18.234708452231477,19,0,Successful
14915,3,e22,e22,S2,S2,0,1,2,8.038930889836772,9,0,Successful
14915,5,e43,e43,S4,S3,0,1,2,7.5858893024320304,8,0,Successful
14927,3,e22,e22,S2,S2,0,1,2,9.5449061882332664,10,0,Successful
14928,3,e22,e22,S2,S2,0,1,2,10.473500943820021,11,0,Successful
14929,6,e66,e66,S6,S6,0,1,2,7.9992498544023203,8,0,Successful
14942,5,e55,e55,S5,S5,0,1,2,4.7867685815528898,5,0,Successful
14947,3,e22,e22,S2,S2,0,1,2,8.0624017169570728,9,0,Successful
14963,3,e21,e21,S2,S1,0,1,2,5.4967365256902987,6,0,Terminated
14974,4,e42,e42,S4,S2,0,1,2,11.577280833391551,12,0,Successful
15007,4,e43,e43,S4,S3,0,1,2,5.6643380034834099,6,0,Successful
15007,5,e32,e32,S3,S2,0,1,2,11.361811633412124,12,0,Successful
15007,6,e22,e22,S2,S2,0,1,2,9.4434097968861188,10,0,Successful
15053,3,e21,e21,S2,S1,0,1,2,3.7232870660691084,4,0,Successful
15062,6,e66,e66,S6,S6,0,1,2,7.3426947614480085,8,0,Successful
15065,4,e43,e43,S4,S3,0,1,2,6.7499517878392785,7,0,Successful
15069,5,e54,e54,S5,S4,0,1,2,10.601196995275911,11,0,Successful
15082,6,e66,e66,S6,S6,0,1,2,6.5198284938158482,7,0,Successful
15086,5,e54,e54,S5,S4,0,1,2,9.4997042722227576,10,0,Successful
15099,3,e21,e21,S2,S1,0,1,2,4.8553864047290611,5,0,Successful
15126,5,e54,e54,S5,S4,0,1,2,10.636019091671074,11,0,Successful
15137,6,e66,e66,S6,S6,0,1,2,8.503471490302978,9,0,Successful
15138,3,e21,e21,S2,S1,0,1,2,4.8535369285958021,5,0,Successful
15141,4,e42,e42,S4,S2,0,1,2,9.4399610878321454,10,0,Successful
15151,3,e21,e21,S2,S1,0,1,2,4.6303212061967063,5,0,Terminated
15163,5,e52,e52,S5,S2,0,1,2,9.8669590209012128,10,0,Successful
15168,3,e22,e22,S2,S2,0,1,2,8.4121530122597825,9,0,Successful
15169,6,e66,e66,S6,S6,0,1,2,5.8405950587389857,6,0,Successful
15172,3,e21,e21,S2,S1,0,1,2,3.6610879184267224,4,0,Successful
15214,4,e43,e43,S4,S3,0,1,2,6.4979509797480786,7,0,Successful
15217,3,e21,e21,S2,S1,0,1,2,4.5960825222592954,5,0,Successful
15223,4,e43,e43,S4,S3,0,1,2,9.2952143040673469,10,0,Successful
15235,3,e22,e22,S2,S2,0,1,2,10.559187134990744,11,0,Successful
15242,5,e54,e54,S5,S4,0,1,2,10.149185015903452,11,0,Successful
15257,3,e21,e21,S2,S1,0,1,2,3.9454343990728407,4,0,Successful
15290,5,e42,e42,S4,S2,0,1,2,9.3887030138564942,10,0,Successful
15305,5,e54,e54,S5,S4,0,1,2,8.6019752121610846,9,0,Successful
15317,3,e22,e22,S2,S2,0,1,2,9.215934895277929,10,0,Successful
15332,6,e66,e66,S6,S6,0,1,2,7.549886012450143,8,0,Successful
15333,7,e43,e43,S4,S3,0,1,2,5.269127835809309,6,0,Successful
15335,6,e66,e66,S6,S6,0,1,2,6.7019168577563111,7,0,Successful
15338,3,e21,e21,S2,S1,0,1,2,4.1270340804353154,5,0,Terminated
15358,4,e42,e42,S4,S2,0,1,2,10.850280840522975,11,0,Successful
15362,6,e66,e66,S6,S6,0,1,2,6.4552665152679216,7,0,Successful
15363,4,e43,e43,S4,S3,0,1,2,6.2536899668378805,7,0,Successful
15367,3,e21,e21,S2,S1,0,1,2,4.7736765636582401,5,0,Successful
15373,4,e43,e43,S4,S3,0,1,2,7.9926429804358445,8,0,Successful
15373,7,e54,e54,S5,S4,0,1,2,7.632737950157046,8,0,Successful
15388,6,e66,e66,S6,S6,0,1,2,7.5864467740856236,8,0,Successful
15392,3,e22,e22,S2,S2,0,1,2,9.5150413938271594,10,0,Successful
15393,5,e52,e52,S5,S2,0,1,2,7.6375459163206081,8,0,Successful
15416,4,e42,e42,S4,S2,0,1,2,10.92096431130887,11,0,Successful
15435,3,e22,e22,S2,S2,0,1,2,9.5696243310025046,10,0,Successful
15437,5,e54,e54,S5,S4,0,1,2,10.958088614755409,11,0,Successful
15438,3,e22,e22,S2,S2,0,1,2,8.3407584910469978,9,0,Successful
15440,4,e42,e42,S4,S2,0,1,2,10.381663571148135,11,0,Terminated
15442,4,e43,e43,S4,S3,0,1,2,6.662447897595916,7,0,Successful
15447,8,e42,e42,S4,S2,0,1,2,11.508765083796575,12,0,Successful
15447,12,e66,e66,S6,S6,0,1,2,7.0746734814019625,8,0,Successful
15456,6,e66,e66,S6,S6,0,1,2,6.6015638862654464,7,0,Successful
15464,3,e22,e22,S2,S2,0,1,2,9.14459705173347,10,0,Successful
15467,6,e66,e66,S6,S6,0,1,2,7.0833789197779806,8,0,Successful
15480,3,e21,e21,S2,S1,0,1,2,3.8015212378293746,4,0,Successful
15480,7,e54,e54,S5,S4,0,1,2,9.7339189724796995,10,0,Successful
15482,3,e22,e22,S2,S2,0,1,2,9.2089279905191734,10,0,Successful
15483,4,e42,e42,S4,S2,0,1,2,11.38619727021551,12,0,Successful
15503,6,e66,e66,S6,S6,0,1,2,7.0777909795355942,8,0,Successful
15504,6,e66,e66,S6,S6,0,1,2,6.0264207996411843,7,0,Successful
15512,4,e43,e43,S4,S3,0,1,2,8.0700126705321971,9,0,Successful
15517,5,e54,e54,S5,S4,0,1,2,9.1303344084175073,10,0,Successful
15527,3,e21,e21,S2,S1,0,1,2,5.8267442010763943,6,0,Successful
15541,5,e52,e52,S5,S2,0,1,2,9.9573920509073837,10,0,Successful
15546,3,e21,e21,S2,S1,0,1,2,4.421903709677621,5,0,Successful
15551,4,e43,e43,S4,S3,0,1,2,8.1928457604941762,9,0,Successful
15558,4,e43,e43,S4,S3,0,1,2,6.4140261201028146,7,0,Successful
15559,3,e22,e22,S2,S2,0,1,2,7.6433493235918339,8,0,Successful
15559,6,e55,e55,S5,S5,0,1,2,4.2387881429328313,5,0,Successful
15564,3,e22,e22,S2,S2,0,1,2,7.9382726565264914,8,0,Successful
15577,3,e22,e22,S2,S2,0,1,2,7.9197171278020546,8,0,Successful
15578,6,e66,e66,S6,S6,0,1,2,8.4081995053326679,9,0,Successful
15579,5,e52,e52,S5,S2,0,1,2,10.792584921006934,11,0,Successful
15580,6,e66,e66,S6,S6,0,1,2,8.0396117776550238,9,0,Successful
15591,3,e22,e22,S2,S2,0,1,2,8.9293422306242007,9,0,Successful
15594,3,e22,e22,S2,S2,0,1,2,8.8710464185558955,9,0,Successful
15598,5,e55,e55,S5,S5,0,1,2,5.7183774606062201,6,0,Successful
15609,5,e52,e52,S5,S2,0,1,2,10.287170035290629,11,0,Successful
15609,6,e22,e22,S2,S2,0,1,2,9.1639420558831208,10,0,Successful
15611,6,e66,e66,S6,S6,0,1,2,8.3039214261826313,9,0,Successful
15618,3,e22,e22,S2,S2,0,1,2,9.0109667941029876,10,0,Successful
15619,3,e22,e22,S2,S2,0,1,2,9.9993398654139174,10,0,Successful
15624,4,e42,e42,S4,S2,0,1,2,9.1735351760831456,10,0,Successful
15637,6,e66,e66,S6,S6,0,1,2,6.5958435510888105,7,0,Successful
15657,3,e22,e22,S2,S2,0,1,2,8.5597895313071088,9,0,Terminated
15657,4,e21,e21,S2,S1,0,1,2,4.2842135124096483,5,0,Terminated
15662,4,e42,e42,S4,S2,0,1,2,9.8296177000717222,10,0,Successful
15666,3,e22,e22,S2,S2,0,1,2,8.9961553648539176,9,0,Successful
15666,4,e22,e22,S2,S2,1,2,2,8.6868784395316965,9,1,Successful
15671,5,e54,e54,S5,S4,0,1,2,8.1461084502580103,9,0,Successful
15686,5,e54,e54,S5,S4,0,1,2,8.6149752102555883,9,0,Successful
15695,5,e55,e55,S5,S5,0,1,2,5.0193609182875694,6,0,Successful
15698,3,e22,e22,S2,S2,0,1,2,9.0012171053158436,10,0,Successful
15698,7,e66,e66,S6,S6,0,1,2,6.1846326879824955,7,0,Successful
15701,3,e21,e21,S2,S1,0,1,2,5.1646572428304962,6,0,Terminated
15715,4,e43,e43,S4,S3,0,1,2,6.7293719340873341,7,0,Successful
15724,3,e21,e21,S2,S1,0,1,2,5.8806044223218805,6,0,Terminated
15725,6,e66,e66,S6,S6,0,1,2,7.1723099082011483,8,0,Successful
15729,3,e21,e21,S2,S1,0,1,2,6.5719881610374475,7,0,Terminated
15750,5,e54,e54,S5,S4,0,1,2,9.0985439373647417,10,0,Successful
15750,8,e66,e66,S6,S6,0,1,2,5.9115497496288398,6,0,Successful
15755,3,e21,e21,S2,S1,0,1,2,4.980702898959672,5,0,Successful
15758,6,e66,e66,S6,S6,0,1,2,8.3727893283764878,9,0,Successful
15760,4,e43,e43,S4,S3,0,1,2,6.8644014666860729,7,0,Successful
15763,6,e66,e66,S6,S6,0,1,2,6.8262057715100184,7,0,Successful
15765,3,e22,e22,S2,S2,0,1,2,8.9536522231512468,9,0,Terminated
15765,4,e21,e21,S2,S1,0,1,2,4.9155373220655125,5,0,Terminated
15768,5,e52,e52,S5,S2,0,1,2,11.473867380895658,12,0,Successful
15774,3,e21,e21,S2,S1,0,1,2,5.4864316281061996,6,0,Terminated
15775,5,e54,e54,S5,S4,0,1,2,11.718338582889848,12,0,Successful
15775,8,e66,e66,S6,S6,0,1,2,9.6262004304052979,10,0,Successful
15781,3,e21,e21,S2,S1,0,1,2,4.7569859763161082,5,0,Successful
15788,6,e66,e66,S6,S6,0,1,2,8.5622851164286722,9,0,Successful
15796,5,e52,e52,S5,S2,0,1,2,8.4535954077797122,9,0,Successful
15815,3,e22,e22,S2,S2,0,1,2,9.6954202501777633,10,0,Successful
15818,6,e66,e66,S6,S6,0,1,2,7.5072719248942459,8,0,Successful
15824,3,e22,e22,S2,S2,0,1,2,7.5225878723531725,8,0,Successful
15834,3,e21,e21,S2,S1,0,1,2,6.1178008123101968,7,0,Successful
15843,3,e21,e21,S2,S1,0,1,2,5.6876757372949651,6,0,Terminated
15844,3,e22,e22,S2,S2,0,1,2,8.2758893244646785,9,0,Successful
15848,5,e54,e54,S5,S4,0,1,2,9.4092424911517814,10,0,Successful
15853,5,e52,e52,S5,S2,0,1,2,10.463896810222238,11,0,Successful
15855,5,e54,e54,S5,S4,0,1,2,8.2300661565003992,9,0,Successful
15859,6,e66,e66,S6,S6,0,1,2,6.8545089460722597,7,0,Successful
15869,4,e43,e43,S4,S3,0,1,2,7.0054870720524001,8,0,Successful
15869,7,e52,e52,S5,S2,0,1,2,8.3477758405682234,9,0,Successful
15891,6,e66,e66,S6,S6,0,1,2,6.5737715300600286,7,0,Successful
15893,3,e22,e22,S2,S2,0,1,2,9.3031043811379028,10,0,Successful
15903,4,e43,e43,S4,S3,0,1,2,7.5975187779398601,8,0,Successful
15904,3,e21,e21,S2,S1,0,1,2,5.3014769424462287,6,0,Successful
15922,3,e22,e22,S2,S2,0,1,2,8.4937662987574356,9,0,Successful
15943,3,e21,e21,S2,S1,0,1,2,5.5954879388586987,6,0,Successful
15946,3,e21,e21,S2,S1,0,1,2,5.0125006164839156,6,0,Terminated
15948,5,e54,e54,S5,S4,0,1,2,9.939545119537275,10,0,Successful
15978,6,e33,e33,S3,S3,0,1,2,7.1925624506685049,8,0,Successful
15984,3,e21,e21,S2,S1,0,1,2,5.388583832575593,6,0,Successful
15987,3,e21,e21,S2,S1,0,1,2,4.8057425609261815,5,0,Terminated
15991,6,e66,e66,S6,S6,0,1,2,6.3655768385857616,7,0,Successful
16000,4,e42,e42,S4,S2,0,1,2,11.275168402173597,12,0,Successful
16001,3,e21,e21,S2,S1,0,1,2,4.812954013009759,5,0,Successful
16010,4,e43,e43,S4,S3,0,1,2,7.4496382638247018,8,0,Successful
16010,8,e66,e66,S6,S6,0,1,2,7.2749219619210663,8,0,Successful
16016,6,e66,e66,S6,S6,0,1,2,7.2091051516529747,8,0,Successful
16027,5,e54,e54,S5,S4,0,1,2,9.4847955867329006,10,0,Successful
16041,4,e42,e42,S4,S2,0,1,2,10.329323118960145,11,0,Successful
16041,5,e21,e21,S2,S1,0,1,2,5.3112170430315935,6,0,Successful
16050,6,e66,e66,S6,S6,0,1,2,8.2921072219851855,9,0,Successful
16053,6,e66,e66,S6,S6,0,1,2,8.3327374750980177,9,0,Successful
16059,5,e54,e54,S5,S4,0,1,2,10.260589858793978,11,0,Successful
16060,3,e22,e22,S2,S2,0,1,2,8.6401584566959251,9,0,Successful
16065,3,e22,e22,S2,S2,0,1,2,11.250920642176576,12,0,Successful
16071,3,e22,e22,S2,S2,0,1,2,10.042707001849918,11,0,Successful
16092,3,e21,e21,S2,S1,0,1,2,4.7018721614701597,5,0,Successful
16092,7,e54,e54,S5,S4,0,1,2,8.2240572215723926,9,0,Successful
16096,3,e22,e22,S2,S2,0,1,2,10.297549533493937,11,0,Terminated
16105,5,e54,e54,S5,S4,0,1,2,11.359664466643807,12,0,Successful
16152,5,e54,e54,S5,S4,0,1,2,8.2413444982678463,9,0,Successful
16152,7,e55,e55,S5,S5,0,1,2,5.5157106712318233,6,0,Successful
16167,6,e66,e66,S6,S6,0,1,2,8.2341716154531532,9,0,Successful
16184,5,e55,e55,S5,S5,0,1,2,5.5099497348681741,6,0,Successful
16193,10,e54,e54,S5,S4,0,1,2,10.013701534162557,11,0,Successful
16198,5,e54,e54,S5,S4,0,1,2,10.424746378028519,11,0,Successful
16207,4,e43,e43,S4,S3,0,1,2,7.3477329002306062,8,0,Successful
16209,3,e21,e21,S2,S1,0,1,2,5.9887640801360407,6,0,Successful
16210,5,e52,e52,S5,S2,0,1,2,8.9810526138857618,9,0,Successful
16211,6,e66,e66,S6,S6,0,1,2,9.1748078037854928,10,0,Successful
16212,3,e21,e21,S2,S1,0,1,2,4.6262407370168015,5,0,Successful
16212,8,e66,e66,S6,S6,0,1,2,6.9584771667536547,7,0,Successful
16214,3,e22,e22,S2,S2,0,1,2,8.4586502646132935,9,0,Successful
16214,6,e52,e52,S5,S2,0,1,2,10.152595143295343,11,0,Successful
16226,6,e66,e66,S6,S6,0,1,2,5.6934957946456937,6,0,Successful
16227,3,e21,e21,S2,S1,0,1,2,4.1778252547771269,5,0,Successful
16242,3,e21,e21,S2,S1,0,1,2,4.2525700879532184,5,0,Terminated
16245,4,e43,e43,S4,S3,0,1,2,7.0640261991913889,8,0,Successful
16263,3,e21,e21,S2,S1,0,1,2,4.6080855383204273,5,0,Terminated
16285,6,e66,e66,S6,S6,0,1,2,7.2166200572843051,8,0,Successful
16306,5,e66,e66,S6,S6,0,1,2,7.6751708019689415,8,0,Successful
16319,3,e21,e21,S2,S1,0,1,2,4.2753155044672226,5,0,Terminated
16325,3,e22,e22,S2,S2,0,1,2,8.2126537283059342,9,0,Successful
16330,4,e43,e43,S4,S3,0,1,2,7.7750279115663297,8,0,Successful
16338,4,e43,e43,S4,S3,0,1,2,7.7250083737695574,8,0,Successful
16345,6,e66,e66,S6,S6,0,1,2,6.5776926770808046,7,0,Successful
16350,5,e54,e54,S5,S4,0,1,2,9.29262136633578,10,0,Successful
16357,5,e52,e52,S5,S2,0,1,2,9.9683025211468728,10,0,Successful
16359,3,e21,e21,S2,S1,0,1,2,5.2378517163351059,6,0,Terminated
16365,3,e22,e22,S2,S2,0,1,2,8.8605692111051049,9,0,Successful
16378,5,e55,e55,S5,S5,0,1,2,4.9634050891887842,5,0,Successful
16386,6,e66,e66,S6,S6,0,1,2,6.8373341532159309,7,0,Successful
16409,3,e21,e21,S2,S1,0,1,2,4.8000950672308607,5,0,Successful
16409,5,e22,e22,S2,S2,0,1,2,8.0531645421455345,9,0,Successful
16433,8,e52,e52,S5,S2,0,1,2,8.3490545506379625,9,0,Successful
16452,6,e66,e66,S6,S6,0,1,2,8.1546720227657765,9,0,Successful
16453,6,e66,e66,S6,S6,0,1,2,5.8539813365011089,6,0,Successful
16456,6,e66,e66,S6,S6,0,1,2,7.0999727616441435,8,0,Successful
16456,7,e66,e66,S6,S6,1,2,2,6.4568286935652752,7,1,Successful
16470,3,e21,e21,S2,S1,0,1,2,4.8192063048905434,5,0,Successful
16494,5,e54,e54,S5,S4,0,1,2,8.3217312703231414,9,0,Successful
16497,3,e21,e21,S2,S1,0,1,2,3.7910760098272394,4,0,Successful
16500,4,e42,e42,S4,S2,0,1,2,8.7634392683636566,9,0,Successful
16501,3,e21,e21,S2,S1,0,1,2,4.228568453813188,5,0,Successful
16501,8,e66,e66,S6,S6,0,1,2,8.0450779560989183,9,0,Successful
16512,3,e22,e22,S2,S2,0,1,2,8.4890263957409715,9,0,Successful
16525,3,e21,e21,S2,S1,0,1,2,5.3381812749282709,6,0,Terminated
16529,5,e54,e54,S5,S4,0,1,2,7.7158307986139638,8,0,Successful
16531,5,e54,e54,S5,S4,0,1,2,11.134265379267742,12,0,Successful
16533,3,e22,e22,S2,S2,0,1,2,9.4115796180239855,10,0,Successful
16539,6,e66,e66,S6,S6,0,1,2,8.885432676988323,9,0,Successful
16555,6,e66,e66,S6,S6,0,1,2,6.0709220459401951,7,0,Successful
16566,8,e32,e32,S3,S2,0,1,2,14.664907377785875,15,0,Successful
16586,6,e66,e66,S6,S6,0,1,2,8.0762009950350588,9,0,Successful
16587,3,e22,e22,S2,S2,0,1,2,11.458069463104655,12,0,Successful
16622,4,e43,e43,S4,S3,0,1,2,6.7503164000543503,7,0,Successful
16627,4,e43,e43,S4,S3,0,1,2,7.6602967713586834,8,0,Successful
16627,6,e43,e43,S4,S3,1,2,2,7.8319231137002951,8,1,Successful
16637,3,e22,e22,S2,S2,0,1,2,7.6973742080392729,8,0,Successful
16650,4,e43,e43,S4,S3,0,1,2,6.3435774498759887,7,0,Successful
16650,5,e32,e32,S3,S2,0,1,2,12.37232798277774,13,0,Successful
16654,6,e66,e66,S6,S6,0,1,2,7.1517409181244291,8,0,Successful
16655,3,e22,e22,S2,S2,0,1,2,9.5914175726530644,10,0,Successful
16669,5,e54,e54,S5,S4,0,1,2,8.5926957401937241,9,0,Successful
16691,5,e54,e54,S5,S4,0,1,2,10.072191209533315,11,0,Successful
16693,3,e21,e21,S2,S1,0,1,2,5.0221006748487298,6,0,Successful
16693,5,e22,e22,S2,S2,0,1,2,8.5529500938372802,9,0,Successful
16695,3,e21,e21,S2,S1,0,1,2,5.4480443780322112,6,0,Terminated
16698,7,e33,e33,S3,S3,0,1,2,5.8128869732861448,6,0,Successful
16698,11,e33,e33,S3,S3,1,2,2,5.6852859805349167,6,1,Successful
16702,4,e42,e42,S4,S2,0,1,2,10.944106802262421,11,0,Successful
16707,5,e54,e54,S5,S4,0,1,2,9.596824838590015,10,0,Successful
16721,5,e55,e55,S5,S5,0,1,2,4.0342324215162986,5,0,Successful
16729,4,e42,e42,S4,S2,0,1,2,9.8740681213933765,10,0,Successful
16742,5,e52,e52,S5,S2,0,1,2,11.146043032962014,12,0,Successful
16746,3,e22,e22,S2,S2,0,1,2,9.4154860780187839,10,0,Successful
16764,3,e21,e21,S2,S1,0,1,2,4.9031066113261597,5,0,Terminated
16772,5,e54,e54,S5,S4,0,1,2,8.6018577893365862,9,0,Successful
16788,4,e43,e43,S4,S3,0,1,2,7.2928819479628544,8,0,Successful
16803,6,e66,e66,S6,S6,0,1,2,9.5993195167200103,10,0,Successful
16818,4,e43,e43,S4,S3,0,1,2,8.6769753304509685,9,0,Successful
16818,8,e66,e66,S6,S6,0,1,2,7.171156012242152,8,0,Successful
16821,3,e21,e21,S2,S1,0,1,2,6.1435544281528411,7,0,Terminated
16849,4,e43,e43,S4,S3,0,1,2,7.0762108420389094,8,0,Successful
16849,6,e43,e43,S4,S3,1,2,2,6.4942383113540236,7,1,Successful
16851,3,e21,e21,S2,S1,0,1,2,4.698879529166585,5,0,Successful
16854,6,e66,e66,S6,S6,0,1,2,6.6306617977475533,7,0,Successful
16855,4,e43,e43,S4,S3,0,1,2,8.2457155386702379,9,0,Successful
16855,5,e33,e33,S3,S3,0,1,2,6.4739581182772774,7,0,Successful
16865,3,e22,e22,S2,S2,0,1,2,9.369935434536302,10,0,Successful
16888,3,e22,e22,S2,S2,0,1,2,7.340635496141628,8,0,Successful
16901,5,e54,e54,S5,S4,0,1,2,9.2274156948375463,10,0,Successful
16914,3,e21,e21,S2,S1,0,1,2,4.6948183467100915,5,0,Successful
16921,3,e22,e22,S2,S2,0,1,2,8.4070756848442052,9,0,Successful
16922,3,e21,e21,S2,S1,0,1,2,5.2068606219252676,6,0,Successful
16940,6,e66,e66,S6,S6,0,1,2,7.8266016127507125,8,0,Successful
16942,3,e21,e21,S2,S1,0,1,2,5.2712959514980255,6,0,Successful
16961,3,e21,e21,S2,S1,0,1,2,6.4770969782372365,7,0,Terminated
16971,3,e22,e22,S2,S2,0,1,2,9.2833891518971257,10,0,Successful
16975,4,e43,e43,S4,S3,0,1,2,8.8162930231348025,9,0,Successful
16978,3,e22,e22,S2,S2,0,1,2,8.5581876821955589,9,0,Successful
16980,3,e21,e21,S2,S1,0,1,2,4.1345705520602829,5,0,Successful
16983,6,e66,e66,S6,S6,0,1,2,8.0952889100027416,9,0,Successful
16994,6,e66,e66,S6,S6,0,1,2,7.2092033934092736,8,0,Successful
17012,4,e43,e43,S4,S3,0,1,2,7.0913367679089765,8,0,Successful
17018,3,e21,e21,S2,S1,0,1,2,4.9364830952002876,5,0,Terminated
17040,3,e22,e22,S2,S2,0,1,2,7.4289114886220622,8,0,Successful
17055,4,e43,e43,S4,S3,0,1,2,6.789967745932409,7,0,Successful
17055,5,e33,e33,S3,S3,0,1,2,6.9066749160125598,7,0,Successful
17076,3,e21,e21,S2,S1,0,1,2,5.7879766043290823,6,0,Successful
17079,4,e43,e43,S4,S3,0,1,2,6.3963217509849031,7,0,Successful
17079,7,e54,e54,S5,S4,0,1,2,10.557222546134565,11,0,Successful
17080,4,e42,e42,S4,S2,0,1,2,9.7072977852354327,10,0,Successful
17093,3,e22,e22,S2,S2,0,1,2,8.9650903947263352,9,0,Successful
17118,4,e42,e42,S4,S2,0,1,2,10.375092761860053,11,0,Successful
17120,3,e21,e21,S2,S1,0,1,2,5.3491742777571432,6,0,Successful
17121,4,e32,e32,S3,S2,0,1,2,13.533151371122672,14,0,Successful
17137,4,e43,e43,S4,S3,0,1,2,7.307834826168861,8,0,Successful
17141,3,e21,e21,S2,S1,0,1,2,4.5846968913813919,5,0,Successful
17142,3,e21,e21,S2,S1,0,1,2,4.8128847040147686,5,0,Successful
17147,6,e32,e32,S3,S2,0,1,2,14.361093755251922,15,0,Successful
17159,3,e22,e22,S2,S2,0,1,2,8.3040359064232767,9,0,Successful
17159,4,e21,e21,S2,S1,0,1,2,4.3704808475542736,5,0,Successful
17162,3,e21,e21,S2,S1,0,1,2,5.1354010560731673,6,0,Terminated
17169,6,e66,e66,S6,S6,0,1,2,6.8335524012080908,7,0,Successful
17175,6,e66,e66,S6,S6,0,1,2,6.2050581558081603,7,0,Successful
17188,4,e42,e42,S4,S2,0,1,2,9.8706938448566355,10,0,Successful
17192,6,e33,e33,S3,S3,0,1,2,5.8727908341292956,6,0,Successful
17198,3,e21,e21,S2,S1,0,1,2,4.0831411614036019,5,0,Terminated
17201,6,e66,e66,S6,S6,0,1,2,7.9331312652977246,8,0,Successful
17202,3,e21,e21,S2,S1,0,1,2,4.9797099219599588,5,0,Successful
17214,3,e21,e21,S2,S1,0,1,2,5.3496087323321033,6,0,Successful
17216,4,e43,e43,S4,S3,0,1,2,6.5843278095869939,7,0,Successful
17232,12,e66,e66,S6,S6,0,1,2,7.1876443555128997,8,0,Successful
17251,6,e66,e66,S6,S6,0,1,2,8.0123349373753072,9,0,Successful
17260,4,e42,e42,S4,S2,0,1,2,10.534572130969945,11,0,Terminated
17264,4,e43,e43,S4,S3,0,1,2,6.5200266602432793,7,0,Successful
17280,3,e21,e21,S2,S1,0,1,2,4.120234928892768,5,0,Successful
17295,7,e66,e66,S6,S6,0,1,2,7.3168909198504881,8,0,Successful
17302,5,e55,e55,S5,S5,0,1,2,3.3780791571230706,4,0,Successful
17306,6,e66,e66,S6,S6,0,1,2,8.3498115228931233,9,0,Successful
17334,3,e21,e21,S2,S1,0,1,2,4.9264683870399137,5,0,Successful
17337,5,e55,e55,S5,S5,0,1,2,4.9326560239800745,5,0,Successful
17342,4,e42,e42,S4,S2,0,1,2,11.028698912576093,12,0,Successful
17346,3,e22,e22,S2,S2,0,1,2,8.9546923943030059,9,0,Successful
17351,4,e42,e42,S4,S2,0,1,2,9.745939614825005,10,0,Successful
17352,3,e21,e21,S2,S1,0,1,2,6.2072918946975566,7,0,Terminated
17363,5,e55,e55,S5,S5,0,1,2,4.7718659459626149,5,0,Successful
17365,3,e22,e22,S2,S2,0,1,2,9.4421755795788211,10,0,Successful
17366,5,e55,e55,S5,S5,0,1,2,3.749977794395484,4,0,Successful
17378,4,e32,e32,S3,S2,0,1,2,16.938197978718488,17,0,Successful
17401,5,e66,e66,S6,S6,0,1,2,6.9037052037748428,7,0,Successful
17407,3,e22,e22,S2,S2,0,1,2,9.7804290289171423,10,0,Successful
17412,3,e22,e22,S2,S2,0,1,2,8.1585627265751395,9,0,Successful
17425,6,e66,e66,S6,S6,0,1,2,7.0741214635187912,8,0,Successful
17447,3,e21,e21,S2,S1,0,1,2,5.6443117463676806,6,0,Successful
17463,3,e21,e21,S2,S1,0,1,2,5.1631902853215212,6,0,Terminated
17472,4,e43,e43,S4,S3,0,1,2,6.4547198526911576,7,0,Successful
17472,6,e43,e43,S4,S3,1,2,2,8.5145765141630658,9,1,Successful
17486,4,e42,e42,S4,S2,0,1,2,9.2104737773060634,10,0,Successful
17486,8,e66,e66,S6,S6,0,1,2,5.6614170218410509,6,0,Successful
17493,3,e22,e22,S2,S2,0,1,2,8.5181595467754523,9,0,Successful
17497,4,e43,e43,S4,S3,0,1,2,5.4821385610437359,6,0,Successful
17499,3,e21,e21,S2,S1,0,1,2,5.2841116221429765,6,0,Successful
17499,5,e22,e22,S2,S2,0,1,2,8.8158868088845743,9,0,Successful
17527,3,e21,e21,S2,S1,0,1,2,3.934418271437647,4,0,Successful
17527,5,e22,e22,S2,S2,0,1,2,8.3875172598403243,9,0,Successful
17545,5,e54,e54,S5,S4,0,1,2,8.560478687775392,9,0,Successful
17551,3,e21,e21,S2,S1,0,1,2,5.612558903571677,6,0,Terminated
17568,3,e22,e22,S2,S2,0,1,2,9.3624513705174799,10,0,Successful
17578,4,e43,e43,S4,S3,0,1,2,6.0225370813375285,7,0,Successful
17587,5,e54,e54,S5,S4,0,1,2,9.7052820454500779,10,0,Successful
17593,3,e21,e21,S2,S1,0,1,2,4.9712959961270435,5,0,Terminated
17594,4,e43,e43,S4,S3,0,1,2,7.5842562142950722,8,0,Successful
17611,5,e54,e54,S5,S4,0,1,2,7.8826642824988973,8,0,Successful
17616,4,e43,e43,S4,S3,0,1,2,5.681943451068304,6,0,Successful
17632,6,e66,e66,S6,S6,0,1,2,6.4871178638498801,7,0,Successful
17634,5,e55,e55,S5,S5,0,1,2,5.6777678800103599,6,0,Successful
17651,6,e66,e66,S6,S6,0,1,2,6.606997161296551,7,0,Successful
17653,4,e43,e43,S4,S3,0,1,2,7.1564794886161192,8,0,Successful
17675,4,e43,e43,S4,S3,0,1,2,5.789380197207878,6,0,Successful
17691,6,e66,e66,S6,S6,0,1,2,7.3391943843955829,8,0,Successful
17693,3,e21,e21,S2,S1,0,1,2,4.8349532339437316,5,0,Successful
17695,3,e21,e21,S2,S1,0,1,2,6.0009100017838968,7,0,Terminated
17695,5,e21,e21,S2,S1,1,2,2,6.32849252390983,7,1,Terminated
17703,3,e22,e22,S2,S2,0,1,2,8.7552266140213675,9,0,Successful
17708,4,e42,e42,S4,S2,0,1,2,10.535432764743561,11,0,Successful
17721,3,e21,e21,S2,S1,0,1,2,4.1456132371191075,5,0,Terminated
17729,6,e66,e66,S6,S6,0,1,2,6.1008535006561209,7,0,Successful
17751,3,e22,e22,S2,S2,0,1,2,9.4062340574576968,10,0,Successful
17759,4,e42,e42,S4,S2,0,1,2,9.8147508437324316,10,0,Successful
17762,3,e21,e21,S2,S1,0,1,2,4.4102811107765687,5,0,Successful
17771,4,e43,e43,S4,S3,0,1,2,8.1840885028214405,9,0,Successful
17777,3,e21,e21,S2,S1,0,1,2,6.3355633936627616,7,0,Successful
17779,3,e21,e21,S2,S1,0,1,2,3.834139635572499,4,0,Terminated
17782,3,e22,e22,S2,S2,0,1,2,11.088423209964716,12,0,Successful
17792,3,e21,e21,S2,S1,0,1,2,6.1550496022755548,7,0,Successful
17799,6,e66,e66,S6,S6,0,1,2,7.9747398983842013,8,0,Successful
17805,4,e42,e42,S4,S2,0,1,2,10.290155565421363,11,0,Successful
17807,3,e21,e21,S2,S1,0,1,2,3.9226307735989514,4,0,Terminated
17812,3,e22,e22,S2,S2,0,1,2,9.8186020408675425,10,0,Successful
17819,6,e54,e54,S5,S4,0,1,2,10.248378375216227,11,0,Successful
17844,5,e54,e54,S5,S4,0,1,2,10.734363401603431,11,0,Successful
17850,3,e22,e22,S2,S2,0,1,2,8.1056996996736164,9,0,Successful
17861,3,e21,e21,S2,S1,0,1,2,3.9348903271743541,4,0,Terminated
17869,5,e54,e54,S5,S4,0,1,2,10.644445356586754,11,0,Successful
17905,3,e21,e21,S2,S1,0,1,2,4.5324960844609077,5,0,Terminated
17922,3,e21,e21,S2,S1,0,1,2,4.4379891425087443,5,0,Successful
17926,3,e22,e22,S2,S2,0,1,2,8.8709227325997517,9,0,Successful
17930,5,e54,e54,S5,S4,0,1,2,10.008039462233924,11,0,Successful
17934,5,e54,e54,S5,S4,0,1,2,8.7235203513953596,9,0,Successful
17941,5,e55,e55,S5,S5,0,1,2,5.4318438133260143,6,0,Successful
17942,3,e21,e21,S2,S1,0,1,2,3.8722829482483982,4,0,Terminated
17952,3,e21,e21,S2,S1,0,1,2,4.526552956186606,5,0,Terminated
17953,3,e21,e21,S2,S1,0,1,2,5.8545808596145168,6,0,Terminated
17961,3,e22,e22,S2,S2,0,1,2,8.9120890178717218,9,0,Successful
17964,3,e21,e21,S2,S1,0,1,2,4.0493067447339488,5,0,Successful
17998,3,e21,e21,S2,S1,0,1,2,4.7484669345714767,5,0,Terminated
18003,5,e55,e55,S5,S5,0,1,2,6.4895730436844854,7,0,Successful
18009,4,e43,e43,S4,S3,0,1,2,8.288767168422341,9,0,Successful
18013,3,e22,e22,S2,S2,0,1,2,9.8827750964599055,10,0,Successful
18026,5,e55,e55,S5,S5,0,1,2,4.771848880633148,5,0,Successful
18026,7,e66,e66,S6,S6,0,1,2,7.9874989442167799,8,0,Successful
18033,3,e21,e21,S2,S1,0,1,2,5.9315310938363144,6,0,Successful
18033,5,e21,e21,S2,S1,1,2,2,5.700753138664683,6,1,Successful
18033,7,e22,e22,S2,S2,0,1,2,8.5868593447960269,9,0,Successful
18033,11,e66,e66,S6,S6,0,1,2,6.3967164305931394,7,0,Successful
18054,4,e43,e43,S4,S3,0,1,2,9.3361595066568288,10,0,Successful
18055,3,e22,e22,S2,S2,0,1,2,9.1744455041532564,10,0,Successful
18060,3,e21,e21,S2,S1,0,1,2,5.9813922155683263,6,0,Successful
18063,3,e21,e21,S2,S1,0,1,2,4.258391536323785,5,0,Terminated
18074,3,e21,e21,S2,S1,0,1,2,5.533096237142864,6,0,Successful
18131,3,e21,e21,S2,S1,0,1,2,4.3055981966770336,5,0,Terminated
18142,4,e42,e42,S4,S2,0,1,2,7.936608498879604,8,0,Successful
18164,5,e54,e54,S5,S4,0,1,2,10.757181085206911,11,0,Successful
18166,3,e22,e22,S2,S2,0,1,2,7.3663474567244265,8,0,Successful
18166,6,e55,e55,S5,S5,0,1,2,5.6237664357204808,6,0,Successful
18168,3,e21,e21,S2,S1,0,1,2,4.9578151374803392,5,0,Successful
18169,6,e66,e66,S6,S6,0,1,2,8.9629670217103072,9,0,Successful
18174,5,e52,e52,S5,S2,0,1,2,10.569938624177899,11,0,Successful
18180,3,e21,e21,S2,S1,0,1,2,4.1583559135430512,5,0,Terminated
18192,3,e22,e22,S2,S2,0,1,2,8.7816672572478556,9,0,Successful
18194,3,e22,e22,S2,S2,0,1,2,9.1414366293309488,10,0,Successful
18197,3,e22,e22,S2,S2,0,1,2,9.6790132050395172,10,0,Successful
18209,3,e22,e22,S2,S2,0,1,2,9.4254761900275543,10,0,Successful
18240,4,e43,e43,S4,S3,0,1,2,6.3293089253291708,7,0,Successful
18243,3,e22,e22,S2,S2,0,1,2,7.4319805357498945,8,0,Successful
18244,6,e66,e66,S6,S6,0,1,2,7.1547234416554444,8,0,Successful
18253,6,e66,e66,S6,S6,0,1,2,7.7793547712545807,8,0,Successful
18271,6,e66,e66,S6,S6,0,1,2,6.3718510263325339,7,0,Successful
18277,5,e55,e55,S5,S5,0,1,2,3.5617065146742615,4,0,Successful
18285,5,e54,e54,S5,S4,0,1,2,7.5686929731418386,8,0,Successful
18290,3,e21,e21,S2,S1,0,1,2,6.2963696361702084,7,0,Successful
18293,4,e33,e33,S3,S3,0,1,2,5.9960585353376574,6,0,Successful
18310,6,e66,e66,S6,S6,0,1,2,6.3598447247748382,7,0,Successful
18316,5,e52,e52,S5,S2,0,1,2,8.1999613646571223,9,0,Successful
18317,3,e22,e22,S2,S2,0,1,2,9.2017706930962593,10,0,Successful
18320,5,e55,e55,S5,S5,0,1,2,5.232295229457014,6,0,Successful
18321,6,e66,e66,S6,S6,0,1,2,8.7165757030665389,9,0,Successful
18322,4,e43,e43,S4,S3,0,1,2,7.1659153162429252,8,0,Successful
18333,3,e22,e22,S2,S2,0,1,2,8.1883044711892889,9,0,Successful
18333,6,e54,e54,S5,S4,0,1,2,9.2052027973593091,10,0,Successful
18336,3,e22,e22,S2,S2,0,1,2,7.5920863515897157,8,0,Successful
18344,5,e54,e54,S5,S4,0,1,2,11.008438877711004,12,0,Successful
18348,6,e66,e66,S6,S6,0,1,2,8.1857569510676775,9,0,Successful
18348,7,e66,e66,S6,S6,1,2,2,8.5813907452880684,9,1,Successful
18349,6,e66,e66,S6,S6,0,1,2,6.0414120443031534,7,0,Successful
18370,6,e66,e66,S6,S6,0,1,2,7.2004117813710851,8,0,Successful
18385,3,e21,e21,S2,S1,0,1,2,4.8951622793960734,5,0,Successful
18389,6,e66,e66,S6,S6,0,1,2,6.8560513619842443,7,0,Successful
18403,6,e66,e66,S6,S6,0,1,2,6.3057433099447602,7,0,Successful
18415,6,e66,e66,S6,S6,0,1,2,7.3748988002876628,8,0,Successful
18421,3,e21,e21,S2,S1,0,1,2,4.3555488600274552,5,0,Successful
18422,5,e52,e52,S5,S2,0,1,2,10.737494109295479,11,0,Successful
18436,3,e21,e21,S2,S1,0,1,2,5.07076448398659,6,0,Terminated
18437,3,e22,e22,S2,S2,0,1,2,7.6274142497611068,8,0,Successful
18438,3,e22,e22,S2,S2,0,1,2,9.564015722015629,10,0,Successful
18441,3,e21,e21,S2,S1,0,1,2,5.4222897124529963,6,0,Successful
18456,6,e66,e66,S6,S6,0,1,2,7.0303896484569552,8,0,Successful
18463,3,e21,e21,S2,S1,0,1,2,5.5814833905757979,6,0,Successful
18469,3,e21,e21,S2,S1,0,1,2,4.0665106337886225,5,0,Successful
18524,5,e55,e55,S5,S5,0,1,2,5.1617741079832324,6,0,Successful
18534,3,e21,e21,S2,S1,0,1,2,5.5158708313162368,6,0,Successful
18548,6,e66,e66,S6,S6,0,1,2,8.0590904367482281,9,0,Successful
18561,3,e21,e21,S2,S1,0,1,2,5.2390524368497893,6,0,Successful
18575,3,e22,e22,S2,S2,0,1,2,7.140749894196496,8,0,Successful
18596,6,e66,e66,S6,S6,0,1,2,6.0170409507823059,7,0,Successful
18599,6,e66,e66,S6,S6,0,1,2,6.637632729999817,7,0,Successful
18603,3,e21,e21,S2,S1,0,1,2,5.3157540402458485,6,0,Terminated
18620,5,e52,e52,S5,S2,0,1,2,10.436086095267115,11,0,Successful
18623,3,e21,e21,S2,S1,0,1,2,4.2028312336261093,5,0,Successful
18623,5,e22,e22,S2,S2,0,1,2,10.150730111161288,11,0,Successful
18623,8,e54,e54,S5,S4,0,1,2,10.255916095774021,11,0,Successful
18624,3,e21,e21,S2,S1,0,1,2,5.3522825252621882,6,0,Successful
18647,6,e32,e32,S3,S2,0,1,2,12.321278600219912,13,0,Successful
18658,3,e21,e21,S2,S1,0,1,2,4.4939108303832285,5,0,Successful
18664,3,e21,e21,S2,S1,0,1,2,5.6884775337330762,6,0,Successful
18666,6,e66,e66,S6,S6,0,1,2,7.7330337415813712,8,0,Successful
18713,6,e66,e66,S6,S6,0,1,2,9.0765287780780675,10,0,Successful
18715,3,e22,e22,S2,S2,0,1,2,9.4503203718967406,10,0,Successful
18718,5,e52,e52,S5,S2,0,1,2,9.0446313019089999,10,0,Successful
18721,3,e21,e21,S2,S1,0,1,2,4.2256171427381171,5,0,Successful
18728,3,e22,e22,S2,S2,0,1,2,9.4008405377987589,10,0,Successful
18731,5,e55,e55,S5,S5,0,1,2,5.8121830364106053,6,0,Successful
18741,6,e66,e66,S6,S6,0,1,2,8.9955122373751433,9,0,Successful
18742,3,e22,e22,S2,S2,0,1,2,9.9715369391644142,10,0,Successful
18742,7,e66,e66,S6,S6,0,1,2,8.4307902847851555,9,0,Successful
18743,4,e43,e43,S4,S3,0,1,2,7.2260606407075425,8,0,Successful
18747,3,e21,e21,S2,S1,0,1,2,4.4007370543550248,5,0,Successful
18759,4,e43,e43,S4,S3,0,1,2,7.2445433142545017,8,0,Successful
18780,4,e42,e42,S4,S2,0,1,2,10.535460047447193,11,0,Successful
18780,7,e54,e54,S5,S4,0,1,2,9.4090855161647706,10,0,Successful
18781,3,e22,e22,S2,S2,0,1,2,9.8730282734735564,10,0,Successful
18783,3,e21,e21,S2,S1,0,1,2,4.3421716887622797,5,0,Terminated
18785,3,e21,e21,S2,S1,0,1,2,5.0621018890251133,6,0,Terminated
18800,5,e55,e55,S5,S5,0,1,2,5.8974982936811742,6,0,Successful
18805,3,e21,e21,S2,S1,0,1,2,6.1099670873247298,7,0,Successful
18813,3,e21,e21,S2,S1,0,1,2,5.7188308831223384,6,0,Successful
18813,5,e21,e21,S2,S1,1,2,2,3.9084976296046845,4,1,Successful
18824,4,e43,e43,S4,S3,0,1,2,8.1154733501518379,9,0,Successful
18828,6,e66,e66,S6,S6,0,1,2,6.8811771294250201,7,0,Successful
18828,7,e66,e66,S6,S6,1,2,2,7.683483486769326,8,1,Successful
18833,3,e22,e22,S2,S2,0,1,2,8.7266430355554494,9,0,Successful
18835,3,e21,e21,S2,S1,0,1,2,5.3452867868404521,6,0,Successful
18852,3,e21,e21,S2,S1,0,1,2,4.5511137593725586,5,0,Successful
18897,3,e21,e21,S2,S1,0,1,2,4.3932092478068228,5,0,Successful
18902,4,e42,e42,S4,S2,0,1,2,10.082076931306181,11,0,Successful
18902,6,e43,e43,S4,S3,0,1,2,7.1812804716212018,8,0,Successful
18906,6,e66,e66,S6,S6,0,1,2,6.5331461075095287,7,0,Successful
18912,5,e55,e55,S5,S5,0,1,2,6.0954251832437167,7,0,Successful
18915,5,e52,e52,S5,S2,0,1,2,10.994300727175034,11,0,Terminated
18917,3,e21,e21,S2,S1,0,1,2,3.7650660940532421,4,0,Successful
18918,4,e43,e43,S4,S3,0,1,2,5.6915029270263577,6,0,Successful
18940,5,e54,e54,S5,S4,0,1,2,11.179804235145781,12,0,Successful
18964,3,e21,e21,S2,S1,0,1,2,4.3520600110848857,5,0,Successful
18978,4,e43,e43,S4,S3,0,1,2,7.3677550778272725,8,0,Successful
18981,3,e22,e22,S2,S2,0,1,2,8.2306269932141163,9,0,Successful
18981,4,e21,e21,S2,S1,0,1,2,5.0381250946215754,6,0,Successful
18992,6,e66,e66,S6,S6,0,1,2,8.6005898445250715,9,0,Successful
18995,6,e66,e66,S6,S6,0,1,2,7.3674119415896264,8,0,Successful
19011,5,e66,e66,S6,S6,0,1,2,7.2611163123683138,8,0,Successful
19020,6,e66,e66,S6,S6,0,1,2,6.5824801574614105,7,0,Successful
19027,5,e54,e54,S5,S4,0,1,2,8.9144503309831666,9,0,Successful
19027,7,e55,e55,S5,S5,0,1,2,4.03307039883898,5,0,Successful
19032,6,e66,e66,S6,S6,0,1,2,6.4474810606791388,7,0,Successful
19033,6,e66,e66,S6,S6,0,1,2,7.6091665213356832,8,0,Successful
19040,3,e21,e21,S2,S1,0,1,2,4.3300178300853567,5,0,Terminated
19042,5,e54,e54,S5,S4,0,1,2,8.8669415800944247,9,0,Successful
19050,5,e66,e66,S6,S6,0,1,2,6.3669021975685443,7,0,Successful
19060,3,e21,e21,S2,S1,0,1,2,5.5399761382754402,6,0,Terminated
19074,3,e22,e22,S2,S2,0,1,2,7.2681106131398749,8,0,Successful
19075,4,e43,e43,S4,S3,0,1,2,7.620537236933318,8,0,Successful
19078,4,e43,e43,S4,S3,0,1,2,7.2400509302844807,8,0,Successful
19087,5,e52,e52,S5,S2,0,1,2,8.7377247223323895,9,0,Successful
19100,5,e52,e52,S5,S2,0,1,2,8.750898666137811,9,0,Successful
19101,4,e43,e43,S4,S3,0,1,2,6.9588749940870809,7,0,Successful
19106,3,e21,e21,S2,S1,0,1,2,6.0949165261342273,7,0,Terminated
19119,5,e55,e55,S5,S5,0,1,2,6.1872627592979903,7,0,Successful
19119,7,e66,e66,S6,S6,0,1,2,6.7006106813548971,7,0,Successful
19123,3,e21,e21,S2,S1,0,1,2,6.1369842825533034,7,0,Successful
19126,3,e21,e21,S2,S1,0,1,2,4.4761730226958072,5,0,Successful
19131,4,e43,e43,S4,S3,0,1,2,7.0627850804252557,8,0,Successful
19170,3,e22,e22,S2,S2,0,1,2,10.365870201089926,11,0,Successful
19172,4,e43,e43,S4,S3,0,1,2,5.8727026594899909,6,0,Successful
19173,4,e43,e43,S4,S3,0,1,2,8.2188284238435187,9,0,Successful
19195,3,e21,e21,S2,S1,0,1,2,4.8216769138535494,5,0,Successful
19203,3,e22,e22,S2,S2,0,1,2,8.38753898614757,9,0,Successful
19209,4,e42,e42,S4,S2,0,1,2,8.7809817212587138,9,0,Successful
19210,7,e32,e32,S3,S2,0,1,2,13.397552814348581,14,0,Successful
19210,8,e22,e22,S2,S2,0,1,2,8.0163124818507718,9,0,Successful
19210,12,e66,e66,S6,S6,0,1,2,6.2745792527482038,7,0,Successful
19212,4,e43,e43,S4,S3,0,1,2,6.8830649441312675,7,0,Successful
19213,6,e66,e66,S6,S6,0,1,2,6.6000815551914211,7,0,Successful
19218,3,e22,e22,S2,S2,0,1,2,10.734194807809651,11,0,Successful
19222,3,e21,e21,S2,S1,0,1,2,4.3324744900478507,5,0,Terminated
19226,3,e21,e21,S2,S1,0,1,2,5.5455941332293577,6,0,Successful
19228,3,e22,e22,S2,S2,0,1,2,8.9284218956165464,9,0,Successful
19233,5,e52,e52,S5,S2,0,1,2,10.464728005630274,11,0,Successful
19239,3,e21,e21,S2,S1,0,1,2,5.2774277911182885,6,0,Terminated
19241,4,e43,e43,S4,S3,0,1,2,8.3606920374035241,9,0,Successful
19251,4,e43,e43,S4,S3,0,1,2,7.732647076295823,8,0,Successful
19282,5,e55,e55,S5,S5,0,1,2,5.7798139084778057,6,0,Successful
19289,6,e66,e66,S6,S6,0,1,2,6.1051136192186188,7,0,Successful
19295,5,e52,e52,S5,S2,0,1,2,10.035016228894854,11,0,Successful
19316,5,e55,e55,S5,S5,0,1,2,5.7180018226073575,6,0,Successful
19321,4,e43,e43,S4,S3,0,1,2,7.8205720359388504,8,0,Successful
19323,5,e52,e52,S5,S2,0,1,2,8.867339716530779,9,0,Successful
19325,4,e42,e42,S4,S2,0,1,2,8.8503150760903537,9,0,Terminated
19325,5,e22,e22,S2,S2,0,1,2,8.5376453305392808,9,0,Terminated
19325,6,e21,e21,S2,S1,0,1,2,4.7244816008018384,5,0,Terminated
19327,3,e22,e22,S2,S2,0,1,2,9.4860340156423817,10,0,Successful
19327,4,e22,e22,S2,S2,1,2,2,10.740025017248731,11,1,Successful
19332,4,e43,e43,S4,S3,0,1,2,7.8923792452999413,8,0,Successful
19341,6,e66,e66,S6,S6,0,1,2,6.2712358662285599,7,0,Successful
19372,3,e21,e21,S2,S1,0,1,2,5.647627153340216,6,0,Successful
19381,5,e54,e54,S5,S4,0,1,2,11.011795099682711,12,0,Successful
19398,3,e22,e22,S2,S2,0,1,2,10.732168883196962,11,0,Terminated
19398,4,e21,e21,S2,S1,0,1,2,5.0281742200995492,6,0,Terminated
19399,3,e21,e21,S2,S1,0,1,2,6.1781338147765528,7,0,Terminated
19418,3,e22,e22,S2,S2,0,1,2,9.7049997793981362,10,0,Successful
19419,6,e33,e33,S3,S3,0,1,2,6.7734490179765903,7,0,Successful
19423,5,e54,e54,S5,S4,0,1,2,9.0866854979882188,10,0,Successful
19440,4,e43,e43,S4,S3,0,1,2,7.0183562991715398,8,0,Successful
19448,5,e55,e55,S5,S5,0,1,2,3.9233883354188275,4,0,Successful
19455,4,e43,e43,S4,S3,0,1,2,7.5127022324897439,8,0,Successful
19457,6,e66,e66,S6,S6,0,1,2,8.043232799810994,9,0,Successful
19459,6,e66,e66,S6,S6,0,1,2,7.3257207199549512,8,0,Successful
19468,6,e66,e66,S6,S6,0,1,2,5.7984263639934239,6,0,Successful
19480,3,e22,e22,S2,S2,0,1,2,7.7698604682364332,8,0,Successful
19511,3,e22,e22,S2,S2,0,1,2,10.456682624280861,11,0,Successful
19511,7,e66,e66,S6,S6,0,1,2,6.6214463694995729,7,0,Successful
19515,5,e52,e52,S5,S2,0,1,2,8.8233471607401412,9,0,Successful
19519,3,e22,e22,S2,S2,0,1,2,8.6070543254924345,9,0,Successful
19526,3,e22,e22,S2,S2,0,1,2,10.350336178079409,11,0,Successful
19526,4,e22,e22,S2,S2,1,2,2,8.3014461866069738,9,1,Successful
19532,5,e66,e66,S6,S6,0,1,2,7.0996452535266314,8,0,Successful
19549,6,e66,e66,S6,S6,0,1,2,9.2639652401917267,10,0,Successful
19614,5,e55,e55,S5,S5,0,1,2,5.7181126518227625,6,0,Successful
19615,3,e22,e22,S2,S2,0,1,2,10.053796543894931,11,0,Successful
19624,6,e66,e66,S6,S6,0,1,2,8.3561676090592218,9,0,Successful
19630,3,e22,e22,S2,S2,0,1,2,10.845243214033104,11,0,Successful
19643,3,e22,e22,S2,S2,0,1,2,9.926103309155172,10,0,Successful
19654,3,e22,e22,S2,S2,0,1,2,10.047381292932929,11,0,Successful
19665,4,e43,e43,S4,S3,0,1,2,5.4655363759148239,6,0,Successful
19670,3,e21,e21,S2,S1,0,1,2,4.5159328820494373,5,0,Successful
19673,4,e42,e42,S4,S2,0,1,2,7.6126729210258581,8,0,Successful
19673,7,e42,e42,S4,S2,1,2,2,10.432213489893822,11,1,Successful
19682,3,e22,e22,S2,S2,0,1,2,10.435551673103944,11,0,Successful
19684,4,e43,e43,S4,S3,0,1,2,5.542773958429283,6,0,Successful
19686,3,e22,e22,S2,S2,0,1,2,10.295067425338711,11,0,Successful
19686,6,e52,e52,S5,S2,0,1,2,10.410522626542861,11,0,Successful
19694,3,e21,e21,S2,S1,0,1,2,6.0942878831712477,7,0,Terminated
19701,5,e54,e54,S5,S4,0,1,2,9.0736367046387301,10,0,Successful
19702,5,e52,e52,S5,S2,0,1,2,10.98141587562643,11,0,Successful
19702,9,e66,e66,S6,S6,0,1,2,8.6791432351724751,9,0,Successful
19714,3,e22,e22,S2,S2,0,1,2,9.1732527259581484,10,0,Successful
19719,5,e52,e52,S5,S2,0,1,2,8.8059422763048651,9,0,Successful
19719,6,e22,e22,S2,S2,0,1,2,9.9933843523501551,10,0,Successful
19724,3,e22,e22,S2,S2,0,1,2,8.3554535058046628,9,0,Successful
19726,5,e66,e66,S6,S6,0,1,2,6.9575935178499826,7,0,Successful
19738,3,e21,e21,S2,S1,0,1,2,5.6436227188843562,6,0,Successful
19744,3,e21,e21,S2,S1,0,1,2,5.8376487189208373,6,0,Terminated
19745,4,e43,e43,S4,S3,0,1,2,5.9845644265624589,6,0,Successful
19745,5,e32,e32,S3,S2,0,1,2,14.389199258926517,15,0,Successful
19746,3,e22,e22,S2,S2,0,1,2,9.051647663893533,10,0,Successful
19748,3,e22,e22,S2,S2,0,1,2,8.2402097652001114,9,0,Successful
19768,3,e21,e21,S2,S1,0,1,2,5.9461689180684854,6,0,Successful
19792,6,e66,e66,S6,S6,0,1,2,6.1444745086601191,7,0,Successful
19801,4,e43,e43,S4,S3,0,1,2,7.0765316816093478,8,0,Successful
19812,3,e21,e21,S2,S1,0,1,2,6.4582218977170776,7,0,Terminated
19821,3,e22,e22,S2,S2,0,1,2,10.098011130122639,11,0,Successful
19821,4,e21,e21,S2,S1,0,1,2,5.917694545430928,6,0,Successful
19822,3,e21,e21,S2,S1,0,1,2,5.1202361923040467,6,0,Successful
19824,3,e21,e21,S2,S1,0,1,2,5.6250885998608293,6,0,Successful
19828,3,e21,e21,S2,S1,0,1,2,4.2053700449737441,5,0,Terminated
19839,3,e22,e22,S2,S2,0,1,2,8.1858562983083996,9,0,Successful
19857,3,e21,e21,S2,S1,0,1,2,4.257265270066485,5,0,Terminated
19863,3,e21,e21,S2,S1,0,1,2,5.7348828184837037,6,0,Successful
19863,6,e43,e43,S4,S3,0,1,2,7.3844616111314263,8,0,Successful
19875,3,e21,e21,S2,S1,0,1,2,4.3693732019930289,5,0,Successful
19889,3,e21,e21,S2,S1,0,1,2,5.2980230509756296,6,0,Terminated
19892,4,e42,e42,S4,S2,0,1,2,10.209856705481862,11,0,Successful
19897,8,e43,e43,S4,S3,0,1,2,8.0057072872795363,9,0,Successful
19897,9,e32,e32,S3,S2,0,1,2,11.662060062906209,12,0,Successful
19897,13,e66,e66,S6,S6,0,1,2,8.4248083592411334,9,0,Successful
19898,3,e22,e22,S2,S2,0,1,2,9.2255480121860778,10,0,Successful
19927,4,e42,e42,S4,S2,0,1,2,9.6501370555297559,10,0,Successful
19932,3,e22,e22,S2,S2,0,1,2,10.642378885362248,11,0,Successful
19948,3,e21,e21,S2,S1,0,1,2,4.4711282015360156,5,0,Successful
19949,3,e21,e21,S2,S1,0,1,2,4.9633668169237826,5,0,Successful
19949,8,e66,e66,S6,S6,0,1,2,7.7256161683727065,8,0,Successful
19954,6,e66,e66,S6,S6,0,1,2,7.1705773484669386,8,0,Successful
19955,3,e21,e21,S2,S1,0,1,2,5.2467385572549716,6,0,Terminated
19959,5,e52,e52,S5,S2,0,1,2,9.3680505876458291,10,0,Successful
19968,4,e42,e42,S4,S2,0,1,2,9.4908573344316594,10,0,Successful
19969,3,e21,e21,S2,S1,0,1,2,4.7340937449823128,5,0,Terminated
19973,4,e43,e43,S4,S3,0,1,2,7.3234712577230061,8,0,Successful
19980,6,e66,e66,S6,S6,0,1,2,5.478743499375704,6,0,Successful
19996,3,e21,e21,S2,S1,0,1,2,3.621195740314854,4,0,Successful
20036,5,e54,e54,S5,S4,0,1,2,9.360368678909488,10,0,Successful
20046,3,e22,e22,S2,S2,0,1,2,7.8952793224083324,8,0,Terminated
20046,4,e21,e21,S2,S1,0,1,2,6.1176383132079106,7,0,Terminated
20053,5,e54,e54,S5,S4,0,1,2,9.4976113539731788,10,0,Successful
20057,3,e22,e22,S2,S2,0,1,2,9.8365338340844435,10,0,Successful
20082,3,e21,e21,S2,S1,0,1,2,4.7112372763550141,5,0,Successful
20087,6,e66,e66,S6,S6,0,1,2,7.0895427341892487,8,0,Successful
20104,6,e66,e66,S6,S6,0,1,2,7.9028999401660052,8,0,Successful
20114,5,e54,e54,S5,S4,0,1,2,8.4992404086113424,9,0,Successful
20114,7,e55,e55,S5,S5,0,1,2,2.3846654710189092,3,0,Successful
20119,5,e54,e54,S5,S4,0,1,2,8.8971489575709732,9,0,Successful
20132,3,e21,e21,S2,S1,0,1,2,4.1226266082661525,5,0,Successful
20138,5,e54,e54,S5,S4,0,1,2,9.9207031401848944,10,0,Successful
20150,8,e32,e32,S3,S2,0,1,2,14.969923273072876,15,0,Successful
20152,3,e21,e21,S2,S1,0,1,2,4.8082765668536283,5,0,Successful
20157,3,e22,e22,S2,S2,0,1,2,10.122734187198326,11,0,Successful
20167,3,e21,e21,S2,S1,0,1,2,3.9630226823181793,4,0,Successful
20184,6,e66,e66,S6,S6,0,1,2,7.0824963262435698,8,0,Successful
20188,3,e21,e21,S2,S1,0,1,2,6.0897377670002548,7,0,Terminated
20190,4,e43,e43,S4,S3,0,1,2,6.8804812891663794,7,0,Successful
20191,3,e22,e22,S2,S2,0,1,2,10.067217890554577,11,0,Successful
20197,4,e43,e43,S4,S3,0,1,2,7.8906334910140323,8,0,Successful
20200,3,e22,e22,S2,S2,0,1,2,8.569184289374034,9,0,Successful
20214,3,e21,e21,S2,S1,0,1,2,6.0400154965509936,7,0,Terminated
20226,3,e21,e21,S2,S1,0,1,2,5.0333900349409646,6,0,Terminated
20228,5,e54,e54,S5,S4,0,1,2,10.462865964112119,11,0,Successful
20230,4,e42,e42,S4,S2,0,1,2,9.5226875755007079,10,0,Successful
20235,5,e54,e54,S5,S4,0,1,2,8.3277866993871488,9,0,Successful
20237,3,e21,e21,S2,S1,0,1,2,6.0893531854081164,7,0,Terminated
20242,6,e66,e66,S6,S6,0,1,2,6.2331412561215336,7,0,Successful
20248,3,e21,e21,S2,S1,0,1,2,4.1168439294101349,5,0,Successful
20251,3,e22,e22,S2,S2,0,1,2,8.5473197562712926,9,0,Successful
20257,6,e52,e52,S5,S2,0,1,2,10.388489795634548,11,0,Successful
20257,10,e66,e66,S6,S6,0,1,2,7.986461757978379,8,0,Successful
20261,6,e66,e66,S6,S6,0,1,2,8.049379766223888,9,0,Successful
20281,3,e22,e22,S2,S2,0,1,2,11.106406029872009,12,0,Successful
20312,4,e42,e42,S4,S2,0,1,2,10.682382493826335,11,0,Successful
20315,3,e22,e22,S2,S2,0,1,2,8.2562677318149351,9,0,Successful
20321,3,e21,e21,S2,S1,0,1,2,4.9966933509388163,5,0,Terminated
20322,3,e22,e22,S2,S2,0,1,2,7.8742006794651287,8,0,Successful
20338,3,e22,e22,S2,S2,0,1,2,7.646155909689643,8,0,Successful
20339,6,e66,e66,S6,S6,0,1,2,7.1934197186104356,8,0,Successful
20344,3,e21,e21,S2,S1,0,1,2,5.251983043697388,6,0,Successful
20361,6,e66,e66,S6,S6,0,1,2,6.8693377937722691,7,0,Successful
20364,3,e21,e21,S2,S1,0,1,2,5.0049116810883012,6,0,Terminated
20390,4,e43,e43,S4,S3,0,1,2,5.9584446761413528,6,0,Successful
20397,3,e22,e22,S2,S2,0,1,2,9.0918155805284879,10,0,Successful
20400,5,e52,e52,S5,S2,0,1,2,10.193804625683377,11,0,Successful
20405,8,e43,e43,S4,S3,0,1,2,6.043485567983101,7,0,Successful
20433,4,e43,e43,S4,S3,0,1,2,7.7788397374771598,8,0,Successful
20455,4,e43,e43,S4,S3,0,1,2,7.8549482668015127,8,0,Successful
20468,4,e43,e43,S4,S3,0,1,2,7.125785302550482,8,0,Successful
20489,3,e21,e21,S2,S1,0,1,2,3.9999014727164655,4,0,Terminated
20495,3,e22,e22,S2,S2,0,1,2,8.0890097233976324,9,0,Successful
20509,3,e22,e22,S2,S2,0,1,2,7.9417091422833508,8,0,Successful
20537,3,e22,e22,S2,S2,0,1,2,8.7973574934260075,9,0,Successful
20542,3,e22,e22,S2,S2,0,1,2,7.9803585190012489,8,0,Successful
20555,6,e66,e66,S6,S6,0,1,2,7.5735105386882315,8,0,Successful
20555,7,e66,e66,S6,S6,1,2,2,6.636125573152615,7,1,Successful
20556,4,e43,e43,S4,S3,0,1,2,6.3442447376180509,7,0,Successful
20556,5,e33,e33,S3,S3,0,1,2,7.9093843392659533,8,0,Successful
20569,6,e66,e66,S6,S6,0,1,2,7.2947227502987282,8,0,Successful
20570,9,e66,e66,S6,S6,0,1,2,7.295508096215503,8,0,Successful
20610,4,e43,e43,S4,S3,0,1,2,9.7581935136789593,10,0,Successful
20610,7,e55,e55,S5,S5,0,1,2,4.8755944273196734,5,0,Successful
20610,9,e66,e66,S6,S6,0,1,2,8.24482697669165,9,0,Successful
20623,3,e22,e22,S2,S2,0,1,2,8.810095563501763,9,0,Successful
20629,4,e43,e43,S4,S3,0,1,2,6.5327314009467035,7,0,Successful
20643,3,e21,e21,S2,S1,0,1,2,4.7004867770098544,5,0,Terminated
20650,3,e21,e21,S2,S1,0,1,2,4.6847866529777917,5,0,Terminated
20658,6,e66,e66,S6,S6,0,1,2,8.0261736484310386,9,0,Successful
20665,3,e21,e21,S2,S1,0,1,2,4.8473362333102248,5,0,Successful
20666,6,e66,e66,S6,S6,0,1,2,5.8751502385487875,6,0,Successful
20678,3,e21,e21,S2,S1,0,1,2,6.4675231129196353,7,0,Successful
20679,3,e22,e22,S2,S2,0,1,2,7.723940390568572,8,0,Successful
20681,5,e54,e54,S5,S4,0,1,2,10.741036498398204,11,0,Successful
20684,5,e55,e55,S5,S5,0,1,2,4.5744036327939606,5,0,Successful
20689,5,e52,e52,S5,S2,0,1,2,10.596191229850511,11,0,Successful
20707,3,e22,e22,S2,S2,0,1,2,9.4610105405943123,10,0,Terminated
20707,4,e21,e21,S2,S1,0,1,2,5.3076973509305123,6,0,Terminated
20714,5,e54,e54,S5,S4,0,1,2,10.368015314500225,11,0,Successful
20725,3,e22,e22,S2,S2,0,1,2,7.4171861900020817,8,0,Successful
20732,3,e21,e21,S2,S1,0,1,2,5.3403788037418867,6,0,Successful
20741,3,e22,e22,S2,S2,0,1,2,8.5247727356524656,9,0,Successful
20744,5,e54,e54,S5,S4,0,1,2,9.8183928743699731,10,0,Successful
20755,4,e43,e43,S4,S3,0,1,2,8.859433273974556,9,0,Successful
20771,3,e21,e21,S2,S1,0,1,2,4.7565978779242286,5,0,Successful
20799,3,e22,e22,S2,S2,0,1,2,9.5408818815671914,10,0,Successful
20831,4,e33,e33,S3,S3,0,1,2,5.7150230840710314,6,0,Successful
20833,6,e66,e66,S6,S6,0,1,2,7.6226908652226912,8,0,Successful
20845,4,e42,e42,S4,S2,0,1,2,8.5821096482844137,9,0,Successful
20849,5,e55,e55,S5,S5,0,1,2,2.7176291144682714,3,0,Successful
20850,3,e21,e21,S2,S1,0,1,2,5.0146061667664368,6,0,Successful
20877,3,e21,e21,S2,S1,0,1,2,5.5152250221736345,6,0,Successful
20901,4,e43,e43,S4,S3,0,1,2,5.979181352789678,6,0,Successful
20904,4,e33,e33,S3,S3,0,1,2,5.9225353460171828,6,0,Successful
20910,6,e66,e66,S6,S6,0,1,2,7.7199710934449977,8,0,Successful
20917,6,e66,e66,S6,S6,0,1,2,6.4291138206600049,7,0,Successful
20924,3,e22,e22,S2,S2,0,1,2,8.8244437140375123,9,0,Successful
20926,6,e66,e66,S6,S6,0,1,2,5.9812113204486446,6,0,Successful
20927,6,e66,e66,S6,S6,0,1,2,7.224506039986986,8,0,Successful
20931,5,e54,e54,S5,S4,0,1,2,9.6749559234119502,10,0,Successful
20935,5,e52,e52,S5,S2,0,1,2,8.8635788440406191,9,0,Terminated
20942,3,e21,e21,S2,S1,0,1,2,4.6713261594813185,5,0,Successful
20967,5,e54,e54,S5,S4,0,1,2,10.03768345574473,11,0,Successful
20977,6,e66,e66,S6,S6,0,1,2,8.3507966117965466,9,0,Successful
20979,6,e66,e66,S6,S6,0,1,2,6.1576847564448993,7,0,Successful
20988,3,e22,e22,S2,S2,0,1,2,10.060527894358058,11,0,Successful
20989,3,e21,e21,S2,S1,0,1,2,6.2151198957363789,7,0,Successful
20991,4,e42,e42,S4,S2,0,1,2,9.2740667560993266,10,0,Successful
20999,3,e22,e22,S2,S2,0,1,2,7.88172795978653,8,0,Successful
20999,7,e66,e66,S6,S6,0,1,2,7.02031924696389,8,0,Successful
21008,4,e42,e42,S4,S2,0,1,2,8.8783172969926536,9,0,Successful
21013,4,e43,e43,S4,S3,0,1,2,5.6016618281313573,6,0,Successful
21015,3,e21,e21,S2,S1,0,1,2,3.5468105991903887,4,0,Successful
21019,4,e42,e42,S4,S2,0,1,2,9.8876976430185142,10,0,Successful
21026,5,e55,e55,S5,S5,0,1,2,4.0681185236999102,5,0,Successful
21036,4,e43,e43,S4,S3,0,1,2,5.4945697452910842,6,0,Successful
21055,5,e55,e55,S5,S5,0,1,2,4.1212957210359562,5,0,Successful
21059,6,e66,e66,S6,S6,0,1,2,7.0581192017617438,8,0,Successful
21069,5,e54,e54,S5,S4,0,1,2,9.6269245284205205,10,0,Successful
21073,6,e66,e66,S6,S6,0,1,2,7.127644877444304,8,0,Successful
21115,3,e22,e22,S2,S2,0,1,2,8.8627426682758745,9,0,Successful
21117,3,e22,e22,S2,S2,0,1,2,9.1060359619599538,10,0,Terminated
21122,5,e54,e54,S5,S4,0,1,2,9.3906284508032289,10,0,Successful
21127,3,e22,e22,S2,S2,0,1,2,8.8259369551200617,9,0,Successful
21130,4,e43,e43,S4,S3,0,1,2,6.1556242287535747,7,0,Successful
21134,6,e66,e66,S6,S6,0,1,2,8.5649758609988602,9,0,Successful
21145,3,e22,e22,S2,S2,0,1,2,9.5090204225318846,10,0,Successful
21145,4,e21,e21,S2,S1,0,1,2,4.4197322236370065,5,0,Successful
21151,5,e52,e52,S5,S2,0,1,2,8.5890554865708992,9,0,Successful
21151,8,e54,e54,S5,S4,0,1,2,9.1993068816355965,10,0,Successful
21166,5,e54,e54,S5,S4,0,1,2,8.3563714735539563,9,0,Successful
21175,3,e21,e21,S2,S1,0,1,2,5.8532041229433638,6,0,Successful
21184,6,e66,e66,S6,S6,0,1,2,7.3268206608490285,8,0,Successful
21188,3,e22,e22,S2,S2,0,1,2,9.5596033201351815,10,0,Successful
21190,3,e22,e22,S2,S2,0,1,2,9.0445637715565859,10,0,Successful
21191,6,e66,e66,S6,S6,0,1,2,7.2747144589994672,8,0,Successful
21202,3,e21,e21,S2,S1,0,1,2,5.1128502468174091,6,0,Successful
21205,4,e43,e43,S4,S3,0,1,2,8.3578276007765044,9,0,Successful
21213,4,e43,e43,S4,S3,0,1,2,6.6689686146028526,7,0,Terminated
21251,3,e22,e22,S2,S2,0,1,2,10.175484279802692,11,0,Successful
21293,6,e66,e66,S6,S6,0,1,2,5.8915397891629881,6,0,Successful
21295,5,e54,e54,S5,S4,0,1,2,11.082851544622505,12,0,Successful
21299,3,e21,e21,S2,S1,0,1,2,4.0550106642719452,5,0,Terminated
21309,3,e21,e21,S2,S1,0,1,2,3.9776981594894174,4,0,Successful
21322,4,e43,e43,S4,S3,0,1,2,6.3121002476513883,7,0,Terminated
21343,3,e21,e21,S2,S1,0,1,2,4.9627241700138933,5,0,Successful
21345,3,e22,e22,S2,S2,0,1,2,8.0645423480502494,9,0,Successful
21356,4,e42,e42,S4,S2,0,1,2,9.74649645081427,10,0,Successful
21359,3,e21,e21,S2,S1,0,1,2,5.0854315919116342,6,0,Successful
21367,3,e22,e22,S2,S2,0,1,2,9.1779443367802429,10,0,Successful
21381,4,e43,e43,S4,S3,0,1,2,5.7000073313312347,6,0,Successful
21382,3,e21,e21,S2,S1,0,1,2,5.613498272905332,6,0,Terminated
21386,4,e42,e42,S4,S2,0,1,2,9.0793931292186194,10,0,Successful
21390,3,e21,e21,S2,S1,0,1,2,5.9318034072975845,6,0,Successful
21395,3,e21,e21,S2,S1,0,1,2,4.7409832861358012,5,0,Successful
21397,6,e66,e66,S6,S6,0,1,2,8.8184128656047118,9,0,Successful
21405,4,e43,e43,S4,S3,0,1,2,5.8741572291540498,6,0,Successful
21406,3,e21,e21,S2,S1,0,1,2,4.7391224104315857,5,0,Successful
21406,5,e21,e21,S2,S1,1,2,2,4.3562084875065876,5,1,Successful
21406,9,e52,e52,S5,S2,0,1,2,8.8060316498258597,9,0,Successful
21408,5,e66,e66,S6,S6,0,1,2,5.0724788474106344,6,0,Successful
21412,5,e55,e55,S5,S5,0,1,2,4.4867432134739857,5,0,Successful
21431,3,e21,e21,S2,S1,0,1,2,6.0288799680951026,7,0,Successful
21432,3,e22,e22,S2,S2,0,1,2,9.6064928789238735,10,0,Successful
21434,5,e54,e54,S5,S4,0,1,2,9.0849045411359715,10,0,Successful
21440,3,e22,e22,S2,S2,0,1,2,9.9490670570003186,10,0,Successful
21456,3,e21,e21,S2,S1,0,1,2,4.2541204699022197,5,0,Terminated
21459,3,e22,e22,S2,S2,0,1,2,8.8489479129509458,9,0,Successful
21459,6,e54,e54,S5,S4,0,1,2,7.7168263461210138,8,0,Successful
21486,5,e52,e52,S5,S2,0,1,2,8.6365504022923361,9,0,Successful
21489,3,e21,e21,S2,S1,0,1,2,3.2746345792771083,4,0,Terminated
21506,6,e66,e66,S6,S6,0,1,2,8.293995015114394,9,0,Successful
21520,4,e43,e43,S4,S3,0,1,2,8.3564227601146257,9,0,Successful
21520,7,e54,e54,S5,S4,0,1,2,10.23788799319215,11,0,Successful
21529,3,e22,e22,S2,S2,0,1,2,8.8352891576301342,9,0,Successful
21532,6,e66,e66,S6,S6,0,1,2,7.9102656228494421,8,0,Successful
21533,6,e66,e66,S6,S6,0,1,2,7.0078061045006645,8,0,Successful
21539,5,e55,e55,S5,S5,0,1,2,5.8136536171097459,6,0,Successful
21543,5,e54,e54,S5,S4,0,1,2,8.9741608034606823,9,0,Successful
21546,6,e66,e66,S6,S6,0,1,2,8.4131299292817268,9,0,Successful
21552,6,e66,e66,S6,S6,0,1,2,8.0071627246220931,9,0,Successful
21555,3,e22,e22,S2,S2,0,1,2,10.488939291959285,11,0,Successful
21555,4,e22,e22,S2,S2,1,2,2,8.9931491809287643,9,1,Successful
21556,6,e66,e66,S6,S6,0,1,2,5.9387434418829859,6,0,Successful
21569,3,e21,e21,S2,S1,0,1,2,4.8824429907971592,5,0,Successful
21570,4,e43,e43,S4,S3,0,1,2,6.6794248966885092,7,0,Successful
21599,5,e54,e54,S5,S4,0,1,2,9.2708471428685542,10,0,Successful
21622,3,e22,e22,S2,S2,0,1,2,8.8352231135446946,9,0,Successful
21624,3,e22,e22,S2,S2,0,1,2,8.5042841951602526,9,0,Terminated
21624,4,e21,e21,S2,S1,0,1,2,4.6034536008278408,5,0,Terminated
21627,6,e66,e66,S6,S6,0,1,2,8.0156709080459194,9,0,Successful
21628,3,e21,e21,S2,S1,0,1,2,4.5669519385518704,5,0,Successful
21628,6,e43,e43,S4,S3,0,1,2,5.8060149053148811,6,0,Successful
21632,9,e66,e66,S6,S6,0,1,2,6.9562323269833595,7,0,Successful
21638,3,e22,e22,S2,S2,0,1,2,7.6390076615568319,8,0,Successful
21657,6,e66,e66,S6,S6,0,1,2,6.8779844829741723,7,0,Successful
21664,3,e21,e21,S2,S1,0,1,2,5.1011286740455679,6,0,Terminated
21669,6,e32,e32,S3,S2,0,1,2,10.425545347664862,11,0,Successful
21684,6,e66,e66,S6,S6,0,1,2,8.5547545426241545,9,0,Successful
21689,3,e22,e22,S2,S2,0,1,2,7.6855596018658083,8,0,Successful
21693,4,e43,e43,S4,S3,0,1,2,7.5747830895488972,8,0,Successful
21696,4,e43,e43,S4,S3,0,1,2,7.0508665308815557,8,0,Successful
21704,3,e21,e21,S2,S1,0,1,2,5.6371258031038689,6,0,Successful
21719,5,e52,e52,S5,S2,0,1,2,10.215720040782781,11,0,Successful
21719,6,e22,e22,S2,S2,0,1,2,7.7532520288026578,8,0,Successful
21720,3,e21,e21,S2,S1,0,1,2,4.3141412753462847,5,0,Successful
21722,5,e55,e55,S5,S5,0,1,2,5.771212110823642,6,0,Successful
21725,3,e22,e22,S2,S2,0,1,2,7.8418023863097739,8,0,Terminated
21725,4,e21,e21,S2,S1,0,1,2,4.0569337755545698,5,0,Terminated
21726,3,e21,e21,S2,S1,0,1,2,5.7704415750481406,6,0,Terminated
21733,3,e22,e22,S2,S2,0,1,2,9.9444638305068764,10,0,Successful
21741,6,e66,e66,S6,S6,0,1,2,5.3667084016967275,6,0,Successful
21744,3,e21,e21,S2,S1,0,1,2,6.4677643396030904,7,0,Successful
21750,5,e54,e54,S5,S4,0,1,2,11.218902823877393,12,0,Successful
21754,6,e66,e66,S6,S6,0,1,2,6.5461925337633673,7,0,Terminated
21757,3,e21,e21,S2,S1,0,1,2,5.2976862926193409,6,0,Successful
21778,5,e52,e52,S5,S2,0,1,2,11.29900186262222,12,0,Successful
21792,3,e22,e22,S2,S2,0,1,2,8.7089598427746395,9,0,Terminated
21801,3,e21,e21,S2,S1,0,1,2,6.7500355940895425,7,0,Successful
21801,6,e43,e43,S4,S3,0,1,2,7.4015118773584021,8,0,Successful
21810,6,e66,e66,S6,S6,0,1,2,7.7296480350434864,8,0,Successful
21830,3,e22,e22,S2,S2,0,1,2,9.5298878789780872,10,0,Successful
21830,5,e43,e43,S4,S3,0,1,2,7.8085281056469267,8,0,Successful
21831,6,e66,e66,S6,S6,0,1,2,6.3945777523301945,7,0,Successful
21832,6,e33,e33,S3,S3,0,1,2,5.4200271828840512,6,0,Successful
21844,3,e22,e22,S2,S2,0,1,2,9.3808931639861477,10,0,Terminated
21844,4,e21,e21,S2,S1,0,1,2,4.5186574133417041,5,0,Terminated
21856,5,e54,e54,S5,S4,0,1,2,10.899372771043735,11,0,Successful
21861,3,e22,e22,S2,S2,0,1,2,10.411358540414955,11,0,Successful
21879,3,e22,e22,S2,S2,0,1,2,8.7994293128089893,9,0,Successful
21884,3,e22,e22,S2,S2,0,1,2,9.9679711739530461,10,0,Successful
21892,3,e21,e21,S2,S1,0,1,2,5.82389306946936,6,0,Successful
21900,3,e22,e22,S2,S2,0,1,2,9.5454109290449178,10,0,Successful
21903,3,e21,e21,S2,S1,0,1,2,6.2771733228075828,7,0,Terminated
21904,3,e21,e21,S2,S1,0,1,2,6.0109462690037976,7,0,Successful
21904,5,e22,e22,S2,S2,0,1,2,9.5369414710916853,10,0,Successful
21916,6,e66,e66,S6,S6,0,1,2,6.320357018040351,7,0,Successful
21926,3,e21,e21,S2,S1,0,1,2,4.6023468318220626,5,0,Successful
21934,6,e66,e66,S6,S6,0,1,2,8.7181469634228819,9,0,Successful
21941,3,e22,e22,S2,S2,0,1,2,8.2961024452625356,9,0,Successful
21973,3,e22,e22,S2,S2,0,1,2,9.0278250469427892,10,0,Successful
21982,5,e66,e66,S6,S6,0,1,2,6.7432520182445197,7,0,Successful
21982,6,e66,e66,S6,S6,1,2,2,7.6474526980672373,8,1,Successful
22000,3,e22,e22,S2,S2,0,1,2,9.9262858690754463,10,0,Successful
22000,9,e33,e33,S3,S3,0,1,2,8.2583656856414933,9,0,Successful
22007,6,e66,e66,S6,S6,0,1,2,7.8075571674542443,8,0,Successful
22016,6,e66,e66,S6,S6,0,1,2,7.082596970610175,8,0,Successful
22022,6,e66,e66,S6,S6,0,1,2,7.5581818713537903,8,0,Successful
22027,5,e54,e54,S5,S4,0,1,2,9.0171652801287259,10,0,Successful
22034,3,e21,e21,S2,S1,0,1,2,4.3364212585674524,5,0,Terminated
22046,3,e21,e21,S2,S1,0,1,2,5.0007734209009094,6,0,Terminated
22048,4,e42,e42,S4,S2,0,1,2,8.3038343504328971,9,0,Successful
22054,5,e54,e54,S5,S4,0,1,2,9.4087330646986977,10,0,Successful
22062,3,e21,e21,S2,S1,0,1,2,5.268211903960454,6,0,Successful
22070,5,e54,e54,S5,S4,0,1,2,10.05635405030533,11,0,Successful
22076,5,e52,e52,S5,S2,0,1,2,9.9151818496075155,10,0,Successful
22113,3,e21,e21,S2,S1,0,1,2,4.9027698406063855,5,0,Successful
22115,5,e54,e54,S5,S4,0,1,2,10.595528541791905,11,0,Successful
22119,3,e22,e22,S2,S2,0,1,2,7.8893724100882912,8,0,Successful
22146,5,e55,e55,S5,S5,0,1,2,3.2572878390704814,4,0,Successful
22150,6,e66,e66,S6,S6,0,1,2,6.268278610920488,7,0,Successful
22169,6,e66,e66,S6,S6,0,1,2,7.9339301771819652,8,0,Successful
22175,5,e52,e52,S5,S2,0,1,2,9.6414395340748094,10,0,Successful
22182,5,e52,e52,S5,S2,0,1,2,9.7048844522093844,10,0,Successful
22182,6,e21,e21,S2,S1,0,1,2,3.5910631511466677,4,0,Successful
22184,4,e43,e43,S4,S3,0,1,2,6.6195772967942155,7,0,Successful
22199,6,e66,e66,S6,S6,0,1,2,6.553815366512346,7,0,Successful
22199,7,e66,e66,S6,S6,1,2,2,6.5153459988697193,7,1,Successful
22230,4,e42,e42,S4,S2,0,1,2,10.385069268098082,11,0,Successful
22233,3,e22,e22,S2,S2,0,1,2,9.14068972985614,10,0,Successful
22233,7,e66,e66,S6,S6,0,1,2,7.2588843635176747,8,0,Successful
22249,3,e22,e22,S2,S2,0,1,2,7.9651051665506669,8,0,Successful
22258,3,e21,e21,S2,S1,0,1,2,6.0260496865302793,7,0,Terminated
22262,3,e21,e21,S2,S1,0,1,2,5.004503735005672,6,0,Successful
22267,4,e43,e43,S4,S3,0,1,2,6.5561203485348285,7,0,Successful
22270,7,e66,e66,S6,S6,0,1,2,6.5025072158590413,7,0,Successful
22295,4,e42,e42,S4,S2,0,1,2,7.9928813709011459,8,0,Successful
22300,6,e66,e66,S6,S6,0,1,2,8.2463897445336229,9,0,Successful
22304,5,e54,e54,S5,S4,0,1,2,10.402319055813388,11,0,Successful
22306,3,e22,e22,S2,S2,0,1,2,11.060432902131879,12,0,Successful
22307,6,e66,e66,S6,S6,0,1,2,7.7505029759056487,8,0,Successful
22308,3,e22,e22,S2,S2,0,1,2,8.6267960472369953,9,0,Successful
22324,3,e21,e21,S2,S1,0,1,2,5.919849332934275,6,0,Terminated
22329,4,e43,e43,S4,S3,0,1,2,7.7255917446637286,8,0,Successful
22331,3,e22,e22,S2,S2,0,1,2,9.7013024090129747,10,0,Successful
22338,5,e54,e54,S5,S4,0,1,2,9.4000632611137771,10,0,Successful
22339,3,e21,e21,S2,S1,0,1,2,4.2108552867541693,5,0,Successful
22339,7,e54,e54,S5,S4,0,1,2,10.736602951435914,11,0,Successful
22347,3,e22,e22,S2,S2,0,1,2,7.9624748178545612,8,0,Successful
22360,3,e21,e21,S2,S1,0,1,2,5.0310779257739693,6,0,Terminated
22367,6,e66,e66,S6,S6,0,1,2,6.1770355326303825,7,0,Successful
22368,5,e52,e52,S5,S2,0,1,2,9.1120132107496783,10,0,Successful
22368,8,e54,e54,S5,S4,0,1,2,11.130916722492024,12,0,Successful
22378,3,e22,e22,S2,S2,0,1,2,8.436682338629609,9,0,Successful
22378,4,e22,e22,S2,S2,1,2,2,8.1375116285712465,9,1,Successful
22379,6,e66,e66,S6,S6,0,1,2,5.2444664027671672,6,0,Successful
22382,3,e21,e21,S2,S1,0,1,2,4.9324260001203744,5,0,Terminated
22391,3,e21,e21,S2,S1,0,1,2,5.50863816373578,6,0,Successful
22394,3,e22,e22,S2,S2,0,1,2,8.677816251193331,9,0,Successful
22417,3,e21,e21,S2,S1,0,1,2,4.3063184618626771,5,0,Successful
22418,3,e21,e21,S2,S1,0,1,2,4.4430298053372921,5,0,Terminated
22420,4,e42,e42,S4,S2,0,1,2,10.799858190305001,11,0,Successful
22429,3,e21,e21,S2,S1,0,1,2,3.6313818351089662,4,0,Successful
22433,4,e43,e43,S4,S3,0,1,2,8.5299803632019593,9,0,Successful
22434,5,e52,e52,S5,S2,0,1,2,7.7178242674467477,8,0,Successful
22438,4,e43,e43,S4,S3,0,1,2,5.9552012456698904,6,0,Successful
22441,6,e66,e66,S6,S6,0,1,2,7.5213198147112781,8,0,Successful
22446,3,e22,e22,S2,S2,0,1,2,9.1020301771067373,10,0,Successful
22449,3,e22,e22,S2,S2,0,1,2,8.1860823522128285,9,0,Successful
22449,7,e66,e66,S6,S6,0,1,2,5.6299991977339001,6,0,Successful
22452,6,e66,e66,S6,S6,0,1,2,6.6559518659807555,7,0,Successful
22477,3,e22,e22,S2,S2,0,1,2,8.4113015487652518,9,0,Successful
22481,5,e55,e55,S5,S5,0,1,2,3.0988471450468813,4,0,Successful
22491,6,e66,e66,S6,S6,0,1,2,7.0123571391279675,8,0,Successful
22493,3,e21,e21,S2,S1,0,1,2,5.419823590033058,6,0,Successful
22496,5,e54,e54,S5,S4,0,1,2,9.5349786330191897,10,0,Successful
22500,3,e22,e22,S2,S2,0,1,2,8.2315895545801823,9,0,Successful
22509,3,e21,e21,S2,S1,0,1,2,4.0824822589095469,5,0,Terminated
22536,4,e42,e42,S4,S2,0,1,2,10.514367860089918,11,0,Successful
22540,6,e66,e66,S6,S6,0,1,2,8.798150367117163,9,0,Successful
22555,6,e66,e66,S6,S6,0,1,2,8.3984103755518564,9,0,Successful
22563,5,e54,e54,S5,S4,0,1,2,9.2903134778832808,10,0,Successful
22564,4,e43,e43,S4,S3,0,1,2,7.4070788416190583,8,0,Successful
22564,6,e42,e42,S4,S2,0,1,2,10.089581970198223,11,0,Successful
22566,4,e42,e42,S4,S2,0,1,2,10.075908276648928,11,0,Successful
22576,3,e22,e22,S2,S2,0,1,2,8.7629518321345561,9,0,Successful
22597,3,e21,e21,S2,S1,0,1,2,3.4608198706854605,4,0,Successful
22598,5,e55,e55,S5,S5,0,1,2,5.1221075680029484,6,0,Successful
22609,6,e66,e66,S6,S6,0,1,2,6.7746893089878668,7,0,Successful
22612,4,e42,e42,S4,S2,0,1,2,9.6253626288518408,10,0,Successful
22632,3,e21,e21,S2,S1,0,1,2,5.3051059133101326,6,0,Terminated
22636,3,e21,e21,S2,S1,0,1,2,5.9421323698772897,6,0,Terminated
22637,5,e55,e55,S5,S5,0,1,2,5.1169928669086717,6,0,Successful
22667,4,e43,e43,S4,S3,0,1,2,6.54816823109201,7,0,Successful
22686,9,e32,e32,S3,S2,0,1,2,14.96555949950465,15,0,Successful
22699,5,e52,e52,S5,S2,0,1,2,10.888444568975091,11,0,Successful
22699,9,e66,e66,S6,S6,0,1,2,8.0260472265411895,9,0,Successful
22717,4,e43,e43,S4,S3,0,1,2,5.9160030494717413,6,0,Successful
22736,3,e21,e21,S2,S1,0,1,2,4.7664062206725681,5,0,Successful
22739,3,e21,e21,S2,S1,0,1,2,4.7295503924669164,5,0,Terminated
22763,6,e66,e66,S6,S6,0,1,2,6.6463334302836596,7,0,Successful
22766,6,e66,e66,S6,S6,0,1,2,5.6198290984129979,6,0,Successful
22775,5,e55,e55,S5,S5,0,1,2,4.7870279041026063,5,0,Successful
22777,3,e21,e21,S2,S1,0,1,2,4.934396652051972,5,0,Successful
22783,5,e54,e54,S5,S4,0,1,2,10.634312787892293,11,0,Successful
22797,3,e22,e22,S2,S2,0,1,2,8.9246445760099444,9,0,Successful
22800,3,e21,e21,S2,S1,0,1,2,5.7736824905369488,6,0,Terminated
22805,3,e21,e21,S2,S1,0,1,2,5.7700696116043684,6,0,Successful
22812,5,e66,e66,S6,S6,0,1,2,6.1834402926664085,7,0,Successful
22814,3,e21,e21,S2,S1,0,1,2,5.5978816194879251,6,0,Successful
22814,7,e55,e55,S5,S5,0,1,2,4.3198104788922471,5,0,Successful
22819,6,e66,e66,S6,S6,0,1,2,8.7245856995993556,9,0,Successful
22836,5,e54,e54,S5,S4,0,1,2,9.4860055538056258,10,0,Successful
22837,4,e43,e43,S4,S3,0,1,2,9.5474383376097158,10,0,Successful
22837,5,e33,e33,S3,S3,0,1,2,7.0422318122704324,8,0,Successful
22837,6,e33,e33,S3,S3,1,2,2,7.5871471006562317,8,1,Successful
22840,6,e66,e66,S6,S6,0,1,2,8.4027679246073674,9,0,Successful
22842,4,e43,e43,S4,S3,0,1,2,8.4360051941684375,9,0,Successful
22845,4,e43,e43,S4,S3,0,1,2,6.6959528759460891,7,0,Successful
22854,3,e21,e21,S2,S1,0,1,2,6.2305460599316929,7,0,Terminated
22860,5,e66,e66,S6,S6,0,1,2,6.5419719390484374,7,0,Successful
22872,3,e21,e21,S2,S1,0,1,2,5.3165075483496596,6,0,Successful
22872,7,e52,e52,S5,S2,0,1,2,9.5465475488932761,10,0,Successful
22878,8,e55,e55,S5,S5,0,1,2,3.1827262274685486,4,0,Successful
22881,4,e42,e42,S4,S2,0,1,2,10.51109600450804,11,0,Successful
22898,3,e21,e21,S2,S1,0,1,2,6.0844648800877543,7,0,Successful
22920,3,e21,e21,S2,S1,0,1,2,5.173746862657703,6,0,Successful
22926,6,e66,e66,S6,S6,0,1,2,7.2597380864310193,8,0,Successful
22929,5,e55,e55,S5,S5,0,1,2,5.3547057019407935,6,0,Successful
22942,3,e22,e22,S2,S2,0,1,2,10.912478509393615,11,0,Successful
22942,4,e21,e21,S2,S1,0,1,2,4.6853488809217936,5,0,Successful
22942,6,e22,e22,S2,S2,1,2,2,9.3484310101422388,10,1,Successful
22943,4,e42,e42,S4,S2,0,1,2,9.4740774937722403,10,0,Successful
22946,5,e54,e54,S5,S4,0,1,2,10.959150884630024,11,0,Successful
22947,3,e21,e21,S2,S1,0,1,2,4.6723670355599731,5,0,Successful
22954,4,e43,e43,S4,S3,0,1,2,6.2535159526682946,7,0,Successful
22954,8,e66,e66,S6,S6,0,1,2,7.6877360969728095,8,0,Successful
22967,6,e66,e66,S6,S6,0,1,2,5.9324416090662577,6,0,Successful
22970,3,e21,e21,S2,S1,0,1,2,3.8749080394490418,4,0,Successful
22974,6,e66,e66,S6,S6,0,1,2,6.6559142881503419,7,0,Successful
22976,6,e66,e66,S6,S6,0,1,2,6.2425377100937682,7,0,Successful
22983,5,e54,e54,S5,S4,0,1,2,8.4625736026870246,9,0,Successful
23011,5,e55,e55,S5,S5,0,1,2,4.4191331734161592,5,0,Successful
23023,3,e22,e22,S2,S2,0,1,2,9.4822178297548625,10,0,Successful
23023,7,e66,e66,S6,S6,0,1,2,5.5944427595230906,6,0,Successful
23044,5,e54,e54,S5,S4,0,1,2,10.587400575160494,11,0,Successful
23046,4,e43,e43,S4,S3,0,1,2,6.8792099566849121,7,0,Successful
23071,3,e21,e21,S2,S1,0,1,2,5.5261733125442767,6,0,Terminated
23072,5,e54,e54,S5,S4,0,1,2,8.5691265139786736,9,0,Successful
23106,6,e66,e66,S6,S6,0,1,2,6.0139888447299255,7,0,Successful
23112,3,e21,e21,S2,S1,0,1,2,4.4583841874133139,5,0,Successful
23112,5,e22,e22,S2,S2,0,1,2,8.9602326917165254,9,0,Successful
23116,3,e22,e22,S2,S2,0,1,2,10.092387503021387,11,0,Successful
23116,4,e21,e21,S2,S1,0,1,2,5.7664227953044431,6,0,Successful
23116,8,e54,e54,S5,S4,0,1,2,7.5833160819965668,8,0,Successful
23127,5,e54,e54,S5,S4,0,1,2,10.719659098103168,11,0,Successful
23127,7,e66,e66,S6,S6,0,1,2,7.5850609496317372,8,0,Successful
23137,3,e21,e21,S2,S1,0,1,2,4.8247733573586657,5,0,Successful
23148,5,e52,e52,S5,S2,0,1,2,9.9794331524414552,10,0,Successful
23158,6,e66,e66,S6,S6,0,1,2,7.7259199765933975,8,0,Successful
23160,4,e43,e43,S4,S3,0,1,2,7.6472106227419356,8,0,Successful
23163,4,e42,e42,S4,S2,0,1,2,9.9487773741300281,10,0,Successful
23168,3,e22,e22,S2,S2,0,1,2,8.9281449490560085,9,0,Successful
23169,7,e32,e32,S3,S2,0,1,2,14.75065022446481,15,0,Successful
23175,3,e22,e22,S2,S2,0,1,2,8.3471735992554468,9,0,Successful
23180,3,e22,e22,S2,S2,0,1,2,10.094438973208067,11,0,Successful
23181,3,e22,e22,S2,S2,0,1,2,9.8700571859368917,10,0,Successful
23197,5,e55,e55,S5,S5,0,1,2,5.921103147438652,6,0,Successful
23200,3,e22,e22,S2,S2,0,1,2,8.4498660336404683,9,0,Successful
23206,4,e43,e43,S4,S3,0,1,2,5.6204083679513781,6,0,Successful
23219,6,e52,e52,S5,S2,0,1,2,9.6675922896941842,10,0,Successful
23220,4,e43,e43,S4,S3,0,1,2,7.1711053819065347,8,0,Successful
23225,5,e54,e54,S5,S4,0,1,2,10.172635933178714,11,0,Successful
23230,5,e54,e54,S5,S4,0,1,2,10.674779214064031,11,0,Successful
23233,6,e66,e66,S6,S6,0,1,2,7.2738899005107456,8,0,Successful
23241,3,e22,e22,S2,S2,0,1,2,9.1510439681867322,10,0,Successful
23247,5,e52,e52,S5,S2,0,1,2,8.444772367297805,9,0,Successful
23250,3,e22,e22,S2,S2,0,1,2,9.4349527957529844,10,0,Successful
23250,4,e22,e22,S2,S2,1,2,2,9.4694019382672625,10,1,Successful
23251,4,e43,e43,S4,S3,0,1,2,5.5420781824307532,6,0,Successful
23251,5,e32,e32,S3,S2,0,1,2,11.073271311567057,12,0,Successful
23251,6,e21,e21,S2,S1,0,1,2,5.6019844435614843,6,0,Successful
23254,4,e43,e43,S4,S3,0,1,2,7.2622458230932185,8,0,Successful
23270,5,e55,e55,S5,S5,0,1,2,5.7132676065939796,6,0,Successful
23276,3,e21,e21,S2,S1,0,1,2,5.3791189642086508,6,0,Successful
23281,4,e43,e43,S4,S3,0,1,2,7.8047355882953529,8,0,Successful
23281,5,e33,e33,S3,S3,0,1,2,4.6900480548448886,5,0,Successful
23296,6,e66,e66,S6,S6,0,1,2,7.3916723417160251,8,0,Successful
23320,3,e22,e22,S2,S2,0,1,2,9.2526422714393846,10,0,Successful
23324,6,e66,e66,S6,S6,0,1,2,7.4046409008255747,8,0,Successful
23341,5,e55,e55,S5,S5,0,1,2,4.3775731491143084,5,0,Successful
23361,3,e21,e21,S2,S1,0,1,2,5.5006933921315291,6,0,Terminated
23389,6,e66,e66,S6,S6,0,1,2,6.8998357786457358,7,0,Successful
23394,3,e22,e22,S2,S2,0,1,2,9.9302840160527488,10,0,Successful
23429,4,e43,e43,S4,S3,0,1,2,6.6253777793114077,7,0,Successful
23431,5,e55,e55,S5,S5,0,1,2,3.6540942536425272,4,0,Successful
23437,4,e43,e43,S4,S3,0,1,2,7.5709852821202288,8,0,Successful
23439,3,e21,e21,S2,S1,0,1,2,5.5705715322981471,6,0,Terminated
23455,3,e22,e22,S2,S2,0,1,2,9.6404971589424626,10,0,Successful
23458,4,e42,e42,S4,S2,0,1,2,10.540510973478241,11,0,Successful
23458,7,e43,e43,S4,S3,0,1,2,5.6661527820396671,6,0,Successful
23458,8,e32,e32,S3,S2,0,1,2,13.481092808220483,14,0,Successful
23458,9,e22,e22,S2,S2,0,1,2,10.598729216523274,11,0,Successful
23458,12,e55,e55,S5,S5,0,1,2,4.2287598911426212,5,0,Successful
23462,5,e54,e54,S5,S4,0,1,2,9.9071067257051855,10,0,Successful
23466,6,e66,e66,S6,S6,0,1,2,7.3099797566715949,8,0,Successful
23471,3,e22,e22,S2,S2,0,1,2,9.8129837096253709,10,0,Successful
23493,3,e21,e21,S2,S1,0,1,2,4.6512177769615661,5,0,Terminated
23495,6,e66,e66,S6,S6,0,1,2,6.6593237934677658,7,0,Successful
23500,3,e21,e21,S2,S1,0,1,2,5.5586453331014294,6,0,Successful
23506,4,e42,e42,S4,S2,0,1,2,8.6338405915708822,9,0,Successful
23514,4,e43,e43,S4,S3,0,1,2,7.4530133385779767,8,0,Successful
23518,3,e21,e21,S2,S1,0,1,2,5.7773199117181289,6,0,Terminated
23533,3,e22,e22,S2,S2,0,1,2,9.1808871204631686,10,0,Successful
23545,3,e22,e22,S2,S2,0,1,2,10.366085297227711,11,0,Successful
23546,3,e22,e22,S2,S2,0,1,2,9.4394632306283679,10,0,Successful
23565,3,e22,e22,S2,S2,0,1,2,9.6440198578120615,10,0,Successful
23570,3,e22,e22,S2,S2,0,1,2,10.089958357974721,11,0,Successful
23578,5,e52,e52,S5,S2,0,1,2,9.2651681341243748,10,0,Successful
23580,5,e54,e54,S5,S4,0,1,2,9.7484127202327198,10,0,Successful
23580,10,e33,e33,S3,S3,0,1,2,7.7569823440032515,8,0,Successful
23590,3,e21,e21,S2,S1,0,1,2,6.4259115097660553,7,0,Terminated
23590,5,e21,e21,S2,S1,1,2,2,4.6014468112396312,5,1,Terminated
23591,5,e54,e54,S5,S4,0,1,2,9.1783301999544946,10,0,Successful
23597,3,e22,e22,S2,S2,0,1,2,7.5859521598667881,8,0,Successful
23603,4,e42,e42,S4,S2,0,1,2,9.2589813433364423,10,0,Successful
23610,6,e66,e66,S6,S6,0,1,2,7.6756207995056922,8,0,Successful
23620,3,e22,e22,S2,S2,0,1,2,8.0173519914092459,9,0,Successful
23673,3,e22,e22,S2,S2,0,1,2,9.1836281427278816,10,0,Successful
23680,4,e42,e42,S4,S2,0,1,2,9.4120966478444856,10,0,Successful
23693,3,e21,e21,S2,S1,0,1,2,3.5123801047140861,4,0,Terminated
23700,8,e54,e54,S5,S4,0,1,2,11.306365066912031,12,0,Successful
23708,3,e22,e22,S2,S2,0,1,2,9.5737577571719719,10,0,Successful
23709,6,e66,e66,S6,S6,0,1,2,8.2148983831051581,9,0,Successful
23710,3,e21,e21,S2,S1,0,1,2,4.4312835824170653,5,0,Successful
23712,5,e52,e52,S5,S2,0,1,2,11.279995554619909,12,0,Successful
23718,3,e22,e22,S2,S2,0,1,2,8.7725301756273417,9,0,Successful
23721,6,e66,e66,S6,S6,0,1,2,5.856416175022936,6,0,Successful
23727,6,e66,e66,S6,S6,0,1,2,7.2003129933934016,8,0,Successful
23728,3,e21,e21,S2,S1,0,1,2,6.4306823106200977,7,0,Successful
23728,5,e21,e21,S2,S1,1,2,2,4.7731116907616844,5,1,Successful
23733,6,e66,e66,S6,S6,0,1,2,7.3884984047667608,8,0,Successful
23757,4,e43,e43,S4,S3,0,1,2,5.8837121970015058,6,0,Successful
23757,5,e32,e32,S3,S2,0,1,2,13.068515144828259,14,0,Successful
23766,3,e22,e22,S2,S2,0,1,2,8.820891579535477,9,0,Successful
23771,5,e55,e55,S5,S5,0,1,2,3.75642319085985,4,0,Successful
23786,6,e66,e66,S6,S6,0,1,2,8.7458028672368222,9,0,Successful
23790,3,e22,e22,S2,S2,0,1,2,9.4435502988353832,10,0,Successful
23792,4,e42,e42,S4,S2,0,1,2,10.386466395228563,11,0,Successful
23793,4,e43,e43,S4,S3,0,1,2,6.3072850976174513,7,0,Successful
23799,3,e21,e21,S2,S1,0,1,2,4.9518609415364594,5,0,Successful
23811,6,e66,e66,S6,S6,0,1,2,8.1673348230437206,9,0,Successful
23818,4,e43,e43,S4,S3,0,1,2,8.1391580527280549,9,0,Successful
23818,6,e43,e43,S4,S3,1,2,2,8.7567613834716749,9,1,Successful
23822,5,e52,e52,S5,S2,0,1,2,8.5710355046116238,9,0,Successful
23829,3,e21,e21,S2,S1,0,1,2,4.6704603995343446,5,0,Terminated
23835,5,e54,e54,S5,S4,0,1,2,10.727327016262764,11,0,Successful
23836,3,e21,e21,S2,S1,0,1,2,4.2631020580387737,5,0,Successful
23842,7,e43,e43,S4,S3,0,1,2,7.6365270102205995,8,0,Successful
23853,3,e21,e21,S2,S1,0,1,2,5.5039261094465424,6,0,Successful
23857,3,e22,e22,S2,S2,0,1,2,9.1262881492087438,10,0,Successful
23857,7,e66,e66,S6,S6,0,1,2,7.4879881954298009,8,0,Successful
23866,4,e43,e43,S4,S3,0,1,2,7.5231140367832552,8,0,Successful
23868,4,e43,e43,S4,S3,0,1,2,6.5202087381122817,7,0,Successful
23875,5,e55,e55,S5,S5,0,1,2,5.8576298743810504,6,0,Successful
23887,3,e21,e21,S2,S1,0,1,2,4.1898708859508664,5,0,Successful
23887,5,e21,e21,S2,S1,1,2,2,5.9656343567664205,6,1,Successful
23890,3,e22,e22,S2,S2,0,1,2,8.2928196664130596,9,0,Successful
23892,3,e22,e22,S2,S2,0,1,2,8.0997735152744124,9,0,Successful
23898,3,e21,e21,S2,S1,0,1,2,4.7569307794691911,5,0,Successful
23902,3,e22,e22,S2,S2,0,1,2,9.0377184798345809,10,0,Successful
23904,3,e22,e22,S2,S2,0,1,2,7.0372627656047539,8,0,Successful
23910,3,e21,e21,S2,S1,0,1,2,6.1320501876395284,7,0,Successful
23910,5,e21,e21,S2,S1,1,2,2,6.0295624754124226,7,1,Successful
23931,3,e22,e22,S2,S2,0,1,2,9.8477283306563042,10,0,Successful
23936,3,e21,e21,S2,S1,0,1,2,4.2715397002170912,5,0,Successful
23936,6,e42,e42,S4,S2,0,1,2,9.2792958854260803,10,0,Successful
23937,3,e22,e22,S2,S2,0,1,2,8.5606652855406864,9,0,Successful
23937,7,e66,e66,S6,S6,0,1,2,9.1809925376485761,10,0,Successful
23952,3,e21,e21,S2,S1,0,1,2,3.6648868572815672,4,0,Successful
23956,5,e55,e55,S5,S5,0,1,2,5.5025888525675342,6,0,Successful
23958,3,e21,e21,S2,S1,0,1,2,5.2557976640739508,6,0,Terminated
23980,3,e22,e22,S2,S2,0,1,2,8.4835153508885828,9,0,Successful
23980,4,e22,e22,S2,S2,1,2,2,10.600518245773042,11,1,Successful
23981,3,e22,e22,S2,S2,0,1,2,8.9846766322448737,9,0,Successful
23990,3,e22,e22,S2,S2,0,1,2,9.7176184210781908,10,0,Successful
24002,4,e42,e42,S4,S2,0,1,2,9.1388569145447498,10,0,Successful
24002,5,e21,e21,S2,S1,0,1,2,5.6303635434178201,6,0,Successful
24007,8,e55,e55,S5,S5,0,1,2,4.9099897880306171,5,0,Successful
24016,4,e42,e42,S4,S2,0,1,2,10.521710966371558,11,0,Terminated
24016,5,e21,e21,S2,S1,0,1,2,4.859095956344496,5,0,Terminated
24023,3,e22,e22,S2,S2,0,1,2,8.7453177705471177,9,0,Successful
24044,6,e66,e66,S6,S6,0,1,2,8.1342803988791239,9,0,Successful
24047,5,e54,e54,S5,S4,0,1,2,10.265175982736425,11,0,Successful
24060,6,e66,e66,S6,S6,0,1,2,7.291270531996318,8,0,Successful
24064,3,e21,e21,S2,S1,0,1,2,5.7394347899351761,6,0,Terminated
24082,6,e33,e33,S3,S3,0,1,2,5.4004088346562735,6,0,Successful
24105,5,e55,e55,S5,S5,0,1,2,5.0384609143971826,6,0,Successful
24106,5,e55,e55,S5,S5,0,1,2,4.7705941734488615,5,0,Successful
24132,8,e52,e52,S5,S2,0,1,2,8.9348488655690268,9,0,Successful
24133,3,e21,e21,S2,S1,0,1,2,4.1169989626550345,5,0,Terminated
24135,3,e22,e22,S2,S2,0,1,2,8.9406275382662681,9,0,Successful
24148,3,e22,e22,S2,S2,0,1,2,7.9584492975582286,8,0,Successful
24162,6,e66,e66,S6,S6,0,1,2,5.837692077703716,6,0,Successful
24165,5,e54,e54,S5,S4,0,1,2,10.196493265083733,11,0,Successful
24200,3,e22,e22,S2,S2,0,1,2,8.9269200636288346,9,0,Successful
24209,5,e54,e54,S5,S4,0,1,2,10.626763834907486,11,0,Successful
24209,6,e43,e43,S4,S3,0,1,2,5.5370492077009112,6,0,Successful
24212,3,e22,e22,S2,S2,0,1,2,9.7024957849237889,10,0,Successful
24215,5,e55,e55,S5,S5,0,1,2,5.6825781322652231,6,0,Successful
24215,6,e52,e52,S5,S2,0,1,2,11.296128785613533,12,0,Successful
24221,3,e21,e21,S2,S1,0,1,2,4.9550020403878907,5,0,Successful
24221,7,e52,e52,S5,S2,0,1,2,8.3377984474865698,9,0,Successful
24233,5,e54,e54,S5,S4,0,1,2,9.3614686781137042,10,0,Successful
24274,3,e22,e22,S2,S2,0,1,2,9.1631504728361612,10,0,Successful
24285,3,e21,e21,S2,S1,0,1,2,4.3542281877936579,5,0,Successful
24295,4,e43,e43,S4,S3,0,1,2,8.1798035401521112,9,0,Successful
24315,3,e22,e22,S2,S2,0,1,2,9.7837609879804948,10,0,Successful
24317,3,e22,e22,S2,S2,0,1,2,8.0565337715651673,9,0,Successful
24320,3,e22,e22,S2,S2,0,1,2,7.998581600369044,8,0,Successful
24323,3,e22,e22,S2,S2,0,1,2,8.0355465464377289,9,0,Successful
24325,4,e32,e32,S3,S2,0,1,2,16.934809313076435,17,0,Successful
24325,6,e43,e43,S4,S3,0,1,2,6.6661985159444459,7,0,Successful
24328,3,e21,e21,S2,S1,0,1,2,4.1230392247340646,5,0,Terminated
24330,5,e52,e52,S5,S2,0,1,2,9.4835665113780756,10,0,Successful
24330,7,e42,e42,S4,S2,0,1,2,11.309041459899522,12,0,Successful
24330,11,e66,e66,S6,S6,0,1,2,7.837327288172192,8,0,Successful
24335,5,e54,e54,S5,S4,0,1,2,9.7296735476275291,10,0,Successful
24352,5,e54,e54,S5,S4,0,1,2,10.549876244515836,11,0,Successful
24369,5,e52,e52,S5,S2,0,1,2,11.073794301343973,12,0,Successful
24369,8,e66,e66,S6,S6,0,1,2,8.4936931888454694,9,0,Successful
24369,9,e66,e66,S6,S6,1,2,2,6.9365989469195997,7,1,Successful
24371,6,e66,e66,S6,S6,0,1,2,6.5186082177403684,7,0,Successful
24379,7,e32,e32,S3,S2,0,1,2,13.557416898823593,14,0,Successful
24379,10,e66,e66,S6,S6,0,1,2,6.0663991014760601,7,0,Successful
24381,3,e21,e21,S2,S1,0,1,2,5.3134110493373008,6,0,Successful
24389,6,e66,e66,S6,S6,0,1,2,6.4907283766739816,7,0,Successful
24392,3,e21,e21,S2,S1,0,1,2,3.8700819595981146,4,0,Terminated
24395,3,e21,e21,S2,S1,0,1,2,4.3328519599635218,5,0,Successful
24395,5,e21,e21,S2,S1,1,2,2,3.9596892294133146,4,1,Successful
24403,3,e21,e21,S2,S1,0,1,2,5.3841550863333509,6,0,Successful
24412,3,e21,e21,S2,S1,0,1,2,4.0188193860092483,5,0,Successful
24415,3,e21,e21,S2,S1,0,1,2,5.3908409258883889,6,0,Terminated
24435,6,e66,e66,S6,S6,0,1,2,6.3436829255400982,7,0,Successful
24456,6,e66,e66,S6,S6,0,1,2,6.3209031196270917,7,0,Successful
24460,3,e21,e21,S2,S1,0,1,2,5.0245650273589932,6,0,Terminated
24463,6,e66,e66,S6,S6,0,1,2,6.8349634294567734,7,0,Successful
24479,3,e22,e22,S2,S2,0,1,2,9.2021068416220402,10,0,Successful
24479,6,e54,e54,S5,S4,0,1,2,9.3965705786844946,10,0,Successful
24496,3,e21,e21,S2,S1,0,1,2,4.2420183544548404,5,0,Successful
24499,3,e22,e22,S2,S2,0,1,2,8.4904769712414119,9,0,Successful
24506,3,e21,e21,S2,S1,0,1,2,4.1531805575618552,5,0,Terminated
24509,3,e22,e22,S2,S2,0,1,2,9.0247232863179292,10,0,Successful
24528,3,e22,e22,S2,S2,0,1,2,9.8369397627450912,10,0,Successful
24553,3,e22,e22,S2,S2,0,1,2,7.7493494165030503,8,0,Successful
24553,7,e66,e66,S6,S6,0,1,2,7.8760385687976022,8,0,Successful
24558,5,e55,e55,S5,S5,0,1,2,4.8095561914204019,5,0,Successful
24563,3,e21,e21,S2,S1,0,1,2,5.3765134513147679,6,0,Successful
24587,4,e43,e43,S4,S3,0,1,2,7.7536663433481561,8,0,Successful
24587,6,e43,e43,S4,S3,1,2,2,6.314647558207338,7,1,Successful
24588,3,e22,e22,S2,S2,0,1,2,9.8894732036509296,10,0,Successful
24590,5,e52,e52,S5,S2,0,1,2,9.8802945882353406,10,0,Successful
24591,5,e52,e52,S5,S2,0,1,2,10.442073725145121,11,0,Successful
24592,3,e22,e22,S2,S2,0,1,2,9.5901035743966254,10,0,Successful
24592,4,e22,e22,S2,S2,1,2,2,9.1308138602972804,10,1,Successful
24602,6,e66,e66,S6,S6,0,1,2,7.6636295368275551,8,0,Successful
24607,6,e66,e66,S6,S6,0,1,2,7.379325581118243,8,0,Successful
24612,3,e22,e22,S2,S2,0,1,2,9.2590389928854488,10,0,Successful
24616,3,e21,e21,S2,S1,0,1,2,5.2891241811086491,6,0,Successful
24645,4,e43,e43,S4,S3,0,1,2,7.2297291964042483,8,0,Successful
24648,3,e21,e21,S2,S1,0,1,2,4.3418383405968672,5,0,Successful
24648,6,e32,e32,S3,S2,0,1,2,13.295402524292843,14,0,Successful
24653,5,e54,e54,S5,S4,0,1,2,8.1434031437349716,9,0,Successful
24654,6,e66,e66,S6,S6,0,1,2,7.4401315715660949,8,0,Successful
24654,7,e66,e66,S6,S6,1,2,2,6.0984063987776613,7,1,Successful
24655,6,e66,e66,S6,S6,0,1,2,6.8596623506003382,7,0,Successful
24658,6,e66,e66,S6,S6,0,1,2,6.2294139158554884,7,0,Successful
24669,3,e22,e22,S2,S2,0,1,2,8.7812783617081234,9,0,Successful
24689,10,e66,e66,S6,S6,0,1,2,6.6011810874029075,7,0,Successful
24699,6,e66,e66,S6,S6,0,1,2,5.6505623041654349,6,0,Successful
24708,3,e22,e22,S2,S2,0,1,2,10.310636580148278,11,0,Successful
24712,6,e66,e66,S6,S6,0,1,2,6.8699511734433143,7,0,Successful
24714,6,e66,e66,S6,S6,0,1,2,7.5583335920508876,8,0,Successful
24720,4,e42,e42,S4,S2,0,1,2,10.109497439220382,11,0,Successful
24722,4,e43,e43,S4,S3,0,1,2,6.8785560536941341,7,0,Successful
24723,3,e22,e22,S2,S2,0,1,2,8.6762986622254736,9,0,Successful
24724,6,e66,e66,S6,S6,0,1,2,7.7517764330829149,8,0,Successful
24728,3,e22,e22,S2,S2,0,1,2,9.8546739611062293,10,0,Successful
24729,4,e43,e43,S4,S3,0,1,2,8.7794243010998123,9,0,Successful
24735,6,e66,e66,S6,S6,0,1,2,7.5079053110650742,8,0,Successful
24742,3,e21,e21,S2,S1,0,1,2,4.1283195265787516,5,0,Terminated
24767,3,e22,e22,S2,S2,0,1,2,11.084454686635759,12,0,Successful
24785,3,e21,e21,S2,S1,0,1,2,6.1638086659352513,7,0,Terminated
24785,5,e21,e21,S2,S1,1,2,2,4.5646539374820545,5,1,Terminated
24787,6,e66,e66,S6,S6,0,1,2,7.6271344740618296,8,0,Successful
24796,4,e43,e43,S4,S3,0,1,2,6.6390219395040084,7,0,Successful
24819,5,e54,e54,S5,S4,0,1,2,9.6916348185429939,10,0,Successful
24833,6,e66,e66,S6,S6,0,1,2,5.536562408198999,6,0,Successful
24840,3,e21,e21,S2,S1,0,1,2,6.5774441754139321,7,0,Terminated
24848,3,e21,e21,S2,S1,0,1,2,5.1924619808118173,6,0,Successful
24867,3,e22,e22,S2,S2,0,1,2,7.8492770207374098,8,0,Successful
24871,4,e42,e42,S4,S2,0,1,2,8.8342323368355853,9,0,Successful
24880,4,e42,e42,S4,S2,0,1,2,9.3101056579632004,10,0,Successful
24881,3,e21,e21,S2,S1,0,1,2,6.5269258667293668,7,0,Terminated
24882,6,e66,e66,S6,S6,0,1,2,7.7342898524761985,8,0,Successful
24893,5,e52,e52,S5,S2,0,1,2,8.9070342212724931,9,0,Successful
24894,5,e55,e55,S5,S5,0,1,2,2.6772313270819152,3,0,Successful
24896,6,e32,e32,S3,S2,0,1,2,15.104206523007802,16,0,Successful
24914,3,e22,e22,S2,S2,0,1,2,9.1560052131067948,10,0,Successful
24916,3,e22,e22,S2,S2,0,1,2,8.6125635377615115,9,0,Successful
24926,3,e21,e21,S2,S1,0,1,2,5.721507153435371,6,0,Terminated
24948,5,e54,e54,S5,S4,0,1,2,9.9824936391777754,10,0,Successful
24954,6,e66,e66,S6,S6,0,1,2,8.0644650262960589,9,0,Successful
24958,5,e55,e55,S5,S5,0,1,2,4.260896709278974,5,0,Successful
24958,6,e55,e55,S5,S5,1,2,2,6.8565371380664732,7,1,Successful
24962,5,e55,e55,S5,S5,0,1,2,5.1746136546484687,6,0,Successful
24963,3,e22,e22,S2,S2,0,1,2,9.6730093586132728,10,0,Successful
24969,3,e21,e21,S2,S1,0,1,2,5.7280826976358403,6,0,Successful
24971,6,e66,e66,S6,S6,0,1,2,6.984729989946767,7,0,Successful
24973,6,e66,e66,S6,S6,0,1,2,6.531845219479651,7,0,Successful
24977,3,e21,e21,S2,S1,0,1,2,4.4647634538113055,5,0,Successful
24978,4,e43,e43,S4,S3,0,1,2,6.9406334725969527,7,0,Successful
24980,3,e21,e21,S2,S1,0,1,2,5.3655500134588783,6,0,Successful
24980,6,e42,e42,S4,S2,0,1,2,7.9523373343153132,8,0,Successful
24980,7,e22,e22,S2,S2,0,1,2,7.6073709088302852,8,0,Successful
24993,3,e21,e21,S2,S1,0,1,2,3.8028987956940954,4,0,Terminated
25036,11,e66,e66,S6,S6,0,1,2,6.8019765760823603,7,0,Successful
25053,3,e21,e21,S2,S1,0,1,2,4.6816566512882272,5,0,Terminated
25056,4,e43,e43,S4,S3,0,1,2,5.9346922831340878,6,0,Successful
25057,3,e22,e22,S2,S2,0,1,2,9.2122481209524576,10,0,Successful
25067,5,e54,e54,S5,S4,0,1,2,10.943575765037307,11,0,Successful
25091,3,e22,e22,S2,S2,0,1,2,9.0586839373355552,10,0,Successful
25092,5,e52,e52,S5,S2,0,1,2,9.4255036495816711,10,0,Successful
25110,3,e21,e21,S2,S1,0,1,2,4.3411770956908482,5,0,Successful
25112,3,e22,e22,S2,S2,0,1,2,8.9251210580628637,9,0,Successful
25120,4,e43,e43,S4,S3,0,1,2,8.3106946982343022,9,0,Successful
25144,5,e54,e54,S5,S4,0,1,2,10.811000970482013,11,0,Successful
25150,4,e42,e42,S4,S2,0,1,2,11.59323982428667,12,0,Successful
25157,4,e43,e43,S4,S3,0,1,2,8.8302815820900697,9,0,Successful
25157,6,e43,e43,S4,S3,1,2,2,6.6877490186798152,7,1,Successful
25172,6,e66,e66,S6,S6,0,1,2,7.6982267302680603,8,0,Successful
25179,4,e43,e43,S4,S3,0,1,2,8.2520309193321051,9,0,Successful
25188,3,e22,e22,S2,S2,0,1,2,9.245777345034826,10,0,Successful
25188,4,e22,e22,S2,S2,1,2,2,8.1805254077674086,9,1,Successful
25217,5,e52,e52,S5,S2,0,1,2,9.6700250897916256,10,0,Successful
25222,5,e54,e54,S5,S4,0,1,2,8.0706828936554551,9,0,Successful
25230,3,e21,e21,S2,S1,0,1,2,4.4291619965942077,5,0,Terminated
25233,3,e21,e21,S2,S1,0,1,2,3.897239053302425,4,0,Terminated
25246,6,e66,e66,S6,S6,0,1,2,8.4438860488996497,9,0,Successful
25253,5,e66,e66,S6,S6,0,1,2,7.3631294570679522,8,0,Successful
25255,6,e66,e66,S6,S6,0,1,2,7.7480667096801046,8,0,Successful
25296,3,e21,e21,S2,S1,0,1,2,3.7525904298497905,4,0,Successful
25301,4,e43,e43,S4,S3,0,1,2,6.2894856390121756,7,0,Successful
25305,3,e21,e21,S2,S1,0,1,2,5.0864642812234999,6,0,Terminated
25344,4,e43,e43,S4,S3,0,1,2,7.8730302263581411,8,0,Successful
25350,3,e21,e21,S2,S1,0,1,2,5.2255315624190164,6,0,Successful
25350,5,e21,e21,S2,S1,1,2,2,5.8022986085070283,6,1,Successful
25354,6,e66,e66,S6,S6,0,1,2,8.125542895015144,9,0,Successful
25372,5,e54,e54,S5,S4,0,1,2,11.259734374647557,12,0,Successful
25386,3,e21,e21,S2,S1,0,1,2,5.6026829123857675,6,0,Terminated
25387,5,e55,e55,S5,S5,0,1,2,4.6928566941326118,5,0,Successful
25402,3,e21,e21,S2,S1,0,1,2,4.6706682455947917,5,0,Terminated
25420,3,e22,e22,S2,S2,0,1,2,7.9297365315039334,8,0,Successful
25423,5,e54,e54,S5,S4,0,1,2,9.3660771357444244,10,0,Successful
25425,4,e43,e43,S4,S3,0,1,2,7.20521838208498,8,0,Successful
25428,5,e55,e55,S5,S5,0,1,2,6.6748153099634076,7,0,Successful
25429,3,e22,e22,S2,S2,0,1,2,8.9367164947400148,9,0,Successful
25451,3,e22,e22,S2,S2,0,1,2,7.5278303543868947,8,0,Successful
25453,3,e21,e21,S2,S1,0,1,2,4.3192647838755027,5,0,Successful
25462,3,e22,e22,S2,S2,0,1,2,10.635909380286851,11,0,Successful
25466,5,e54,e54,S5,S4,0,1,2,9.7141155462440896,10,0,Successful
25489,6,e66,e66,S6,S6,0,1,2,8.6893032725578081,9,0,Successful
25500,5,e43,e43,S4,S3,0,1,2,7.7818770141472449,8,0,Successful
25504,6,e66,e66,S6,S6,0,1,2,7.6407188677861306,8,0,Successful
25510,3,e21,e21,S2,S1,0,1,2,3.9136874988607708,4,0,Successful
25515,3,e22,e22,S2,S2,0,1,2,9.9369878903285382,10,0,Successful
25520,3,e21,e21,S2,S1,0,1,2,5.6593059156196848,6,0,Terminated
25524,5,e54,e54,S5,S4,0,1,2,8.5208214668079378,9,0,Successful
25524,8,e66,e66,S6,S6,0,1,2,6.227075378760107,7,0,Successful
25550,6,e66,e66,S6,S6,0,1,2,7.8143117508587805,8,0,Successful
25550,7,e66,e66,S6,S6,1,2,2,8.0027858794589601,9,1,Successful
25551,3,e21,e21,S2,S1,0,1,2,4.5531062875495945,5,0,Successful
25553,3,e22,e22,S2,S2,0,1,2,8.7152453589169347,9,0,Successful
25553,7,e66,e66,S6,S6,0,1,2,7.964322319233192,8,0,Successful
25575,4,e43,e43,S4,S3,0,1,2,8.0493178207826901,9,0,Successful
25576,3,e21,e21,S2,S1,0,1,2,5.1939127162303667,6,0,Terminated
25589,3,e21,e21,S2,S1,0,1,2,4.183553379415125,5,0,Successful
25604,3,e22,e22,S2,S2,0,1,2,9.5617035128497925,10,0,Successful
25616,4,e42,e42,S4,S2,0,1,2,10.212438847460472,11,0,Successful
25619,4,e42,e42,S4,S2,0,1,2,9.0498948715029641,10,0,Successful
25620,4,e43,e43,S4,S3,0,1,2,7.3488625635052784,8,0,Successful
25625,3,e22,e22,S2,S2,0,1,2,10.855100459890449,11,0,Successful
25629,3,e21,e21,S2,S1,0,1,2,5.9871769379771198,6,0,Successful
25634,4,e43,e43,S4,S3,0,1,2,7.2744599072318721,8,0,Successful
25634,5,e32,e32,S3,S2,0,1,2,13.449122854965518,14,0,Successful
25634,6,e22,e22,S2,S2,0,1,2,9.2456228324774017,10,0,Successful
25657,4,e43,e43,S4,S3,0,1,2,7.6842148208992045,8,0,Terminated
25672,6,e66,e66,S6,S6,0,1,2,6.347626217818604,7,0,Successful
25672,7,e66,e66,S6,S6,1,2,2,6.9509699836309986,7,1,Successful
25673,4,e42,e42,S4,S2,0,1,2,10.230870054271671,11,0,Successful
25675,5,e55,e55,S5,S5,0,1,2,3.3646685096633018,4,0,Successful
25682,3,e21,e21,S2,S1,0,1,2,4.8901474553994655,5,0,Terminated
25718,4,e42,e42,S4,S2,0,1,2,10.906165318330515,11,0,Successful
25720,3,e22,e22,S2,S2,0,1,2,11.089353130929332,12,0,Successful
25726,3,e21,e21,S2,S1,0,1,2,4.4863916066683256,5,0,Successful
25743,3,e22,e22,S2,S2,0,1,2,9.7798928411735275,10,0,Successful
25746,6,e32,e32,S3,S2,0,1,2,12.797721622512338,13,0,Successful
25757,3,e22,e22,S2,S2,0,1,2,8.6364055447867365,9,0,Successful
25771,3,e22,e22,S2,S2,0,1,2,8.4797721746158938,9,0,Successful
25771,4,e22,e22,S2,S2,1,2,2,9.049234173283832,10,1,Successful
25771,7,e54,e54,S5,S4,0,1,2,11.260641180786063,12,0,Successful
25780,7,e43,e43,S4,S3,0,1,2,7.1545161489801217,8,0,Successful
25780,8,e32,e32,S3,S2,0,1,2,11.462448362823924,12,0,Successful
25789,3,e22,e22,S2,S2,0,1,2,8.0294518246793078,9,0,Successful
25791,6,e66,e66,S6,S6,0,1,2,7.1023125316510409,8,0,Successful
25797,3,e22,e22,S2,S2,0,1,2,10.805303408117291,11,0,Successful
25805,6,e66,e66,S6,S6,0,1,2,7.5268154699658218,8,0,Successful
25809,3,e22,e22,S2,S2,0,1,2,9.1043910218294837,10,0,Successful
25812,3,e22,e22,S2,S2,0,1,2,8.7231293195053627,9,0,Successful
25812,7,e66,e66,S6,S6,0,1,2,8.1281625319311015,9,0,Successful
25814,4,e43,e43,S4,S3,0,1,2,7.2499406103071191,8,0,Successful
25842,4,e43,e43,S4,S3,0,1,2,7.5458876520393705,8,0,Successful
25846,3,e21,e21,S2,S1,0,1,2,4.7697874432000038,5,0,Terminated
25867,3,e21,e21,S2,S1,0,1,2,4.672203959465782,5,0,Terminated
25876,5,e55,e55,S5,S5,0,1,2,6.6668573295598579,7,0,Successful
25877,6,e66,e66,S6,S6,0,1,2,7.1211543965006747,8,0,Successful
25891,4,e42,e42,S4,S2,0,1,2,11.891617110432584,12,0,Successful
25899,3,e22,e22,S2,S2,0,1,2,8.9225829721183132,9,0,Successful
25904,3,e22,e22,S2,S2,0,1,2,10.23671002568371,11,0,Successful
25906,6,e66,e66,S6,S6,0,1,2,5.2610270902858067,6,0,Successful
25929,3,e21,e21,S2,S1,0,1,2,4.5694995627248183,5,0,Terminated
25931,3,e21,e21,S2,S1,0,1,2,3.8676841621172557,4,0,Terminated
25944,3,e22,e22,S2,S2,0,1,2,8.1209733156412867,9,0,Successful
25944,4,e22,e22,S2,S2,1,2,2,8.8548973167911598,9,1,Successful
25962,5,e54,e54,S5,S4,0,1,2,10.2601981827139,11,0,Successful
25964,3,e22,e22,S2,S2,0,1,2,9.3067303461882673,10,0,Successful
25986,3,e21,e21,S2,S1,0,1,2,4.4522553469471866,5,0,Successful
25988,3,e22,e22,S2,S2,0,1,2,10.357257393831018,11,0,Successful
25991,3,e22,e22,S2,S2,0,1,2,9.1385858469150616,10,0,Successful
26009,3,e21,e21,S2,S1,0,1,2,5.7913893026118668,6,0,Successful
26011,5,e52,e52,S5,S2,0,1,2,9.6648666707364264,10,0,Successful
26012,3,e21,e21,S2,S1,0,1,2,5.9482443767255937,6,0,Successful
26012,5,e22,e22,S2,S2,0,1,2,9.4202344307537516,10,0,Successful
26046,3,e22,e22,S2,S2,0,1,2,8.7387911487582475,9,0,Successful
26050,3,e22,e22,S2,S2,0,1,2,8.6706854825578716,9,0,Terminated
26050,4,e21,e21,S2,S1,0,1,2,6.3655928804651598,7,0,Terminated
26054,3,e21,e21,S2,S1,0,1,2,4.7817034945569921,5,0,Terminated
26055,3,e22,e22,S2,S2,0,1,2,7.9725479042284828,8,0,Successful
26065,4,e43,e43,S4,S3,0,1,2,6.5873152818396701,7,0,Successful
26065,8,e66,e66,S6,S6,0,1,2,7.7849739753793354,8,0,Successful
26075,6,e32,e32,S3,S2,0,1,2,16.315994214596586,17,0,Successful
26075,14,e66,e66,S6,S6,0,1,2,6.2810733999075374,7,0,Successful
26081,3,e21,e21,S2,S1,0,1,2,5.0761353465401262,6,0,Terminated
26084,6,e66,e66,S6,S6,0,1,2,6.3549908982601,7,0,Successful
26092,3,e21,e21,S2,S1,0,1,2,4.5803599267169357,5,0,Terminated
26098,4,e42,e42,S4,S2,0,1,2,8.2832290641791264,9,0,Successful
26099,6,e66,e66,S6,S6,0,1,2,8.0842182893112398,9,0,Successful
26107,3,e22,e22,S2,S2,0,1,2,10.066790858125577,11,0,Successful
26129,6,e66,e66,S6,S6,0,1,2,8.3154540014544231,9,0,Successful
26132,4,e43,e43,S4,S3,0,1,2,5.9593599502204855,6,0,Terminated
26133,5,e54,e54,S5,S4,0,1,2,10.171552652465959,11,0,Successful
26142,5,e52,e52,S5,S2,0,1,2,11.135899740492015,12,0,Successful
26142,8,e54,e54,S5,S4,0,1,2,8.6524573418019877,9,0,Successful
26148,6,e66,e66,S6,S6,0,1,2,8.4606114202099363,9,0,Successful
26152,3,e22,e22,S2,S2,0,1,2,10.762750944049056,11,0,Successful
26152,7,e66,e66,S6,S6,0,1,2,8.2825730790382153,9,0,Successful
26177,6,e66,e66,S6,S6,0,1,2,6.8811320900682773,7,0,Successful
26179,5,e52,e52,S5,S2,0,1,2,8.2736345021470203,9,0,Successful
26186,3,e21,e21,S2,S1,0,1,2,5.1463682029710993,6,0,Successful
26196,3,e22,e22,S2,S2,0,1,2,10.336494404571608,11,0,Successful
26209,9,e66,e66,S6,S6,0,1,2,7.1940038760712604,8,0,Successful
26212,6,e66,e66,S6,S6,0,1,2,7.7299500988807432,8,0,Successful
26215,3,e21,e21,S2,S1,0,1,2,4.3349905613446653,5,0,Successful
26215,6,e43,e43,S4,S3,0,1,2,6.2452251733621829,7,0,Successful
26220,3,e21,e21,S2,S1,0,1,2,4.7102940511114255,5,0,Successful
26226,3,e21,e21,S2,S1,0,1,2,4.1771348396087351,5,0,Successful
26226,9,e66,e66,S6,S6,0,1,2,6.3725569725151976,7,0,Successful
26228,6,e66,e66,S6,S6,0,1,2,7.1890249859806685,8,0,Successful
26228,7,e66,e66,S6,S6,1,2,2,6.9111319796985837,7,1,Successful
26235,3,e21,e21,S2,S1,0,1,2,3.6825206551414955,4,0,Successful
26235,6,e43,e43,S4,S3,0,1,2,7.6242977310972613,8,0,Successful
26238,5,e54,e54,S5,S4,0,1,2,9.6750309383492841,10,0,Successful
26256,6,e66,e66,S6,S6,0,1,2,8.4648334421595308,9,0,Successful
26264,10,e42,e42,S4,S2,0,1,2,8.4673141174681597,9,0,Successful
26282,3,e22,e22,S2,S2,0,1,2,8.54126529540601,9,0,Successful
26289,6,e66,e66,S6,S6,0,1,2,6.5839713423309494,7,0,Successful
26302,5,e55,e55,S5,S5,0,1,2,3.5122527091413556,4,0,Successful
26327,6,e66,e66,S6,S6,0,1,2,6.5254831847887997,7,0,Successful
26334,5,e52,e52,S5,S2,0,1,2,9.8722338480777339,10,0,Successful
26343,3,e22,e22,S2,S2,0,1,2,9.7774544194178663,10,0,Successful
26350,5,e54,e54,S5,S4,0,1,2,9.2939862538029043,10,0,Successful
26352,4,e43,e43,S4,S3,0,1,2,7.8691880956779787,8,0,Successful
26355,3,e21,e21,S2,S1,0,1,2,4.8653316437922776,5,0,Terminated
26361,4,e43,e43,S4,S3,0,1,2,6.1940934147802338,7,0,Successful
26362,4,e43,e43,S4,S3,0,1,2,7.6379989466829645,8,0,Successful
26374,6,e33,e33,S3,S3,0,1,2,6.4380032484186538,7,0,Successful
26381,6,e66,e66,S6,S6,0,1,2,8.3646073086514257,9,0,Successful
26389,3,e21,e21,S2,S1,0,1,2,4.9758469604165834,5,0,Successful
26398,3,e21,e21,S2,S1,0,1,2,4.2722738949270731,5,0,Terminated
26411,4,e43,e43,S4,S3,0,1,2,6.2318832436183556,7,0,Successful
26415,4,e43,e43,S4,S3,0,1,2,6.1989405912822608,7,0,Successful
26427,5,e54,e54,S5,S4,0,1,2,9.94341971690036,10,0,Successful
26429,6,e32,e32,S3,S2,0,1,2,12.092376054104246,13,0,Terminated
26430,3,e21,e21,S2,S1,0,1,2,5.5816648830605669,6,0,Successful
26431,3,e21,e21,S2,S1,0,1,2,4.6377940602500098,5,0,Successful
26440,4,e43,e43,S4,S3,0,1,2,5.8753334421237167,6,0,Successful
26440,7,e54,e54,S5,S4,0,1,2,8.2817998841704323,9,0,Successful
26465,3,e21,e21,S2,S1,0,1,2,4.0982796506960035,5,0,Terminated
26474,5,e55,e55,S5,S5,0,1,2,4.1796716324776391,5,0,Successful
26491,4,e42,e42,S4,S2,0,1,2,9.1897601389247683,10,0,Successful
26494,5,e52,e52,S5,S2,0,1,2,8.0422029155344354,9,0,Successful
26531,4,e43,e43,S4,S3,0,1,2,6.3610704074089934,7,0,Successful
26551,3,e21,e21,S2,S1,0,1,2,4.0329669777019737,5,0,Terminated
26556,5,e54,e54,S5,S4,0,1,2,10.301756039158141,11,0,Successful
26568,3,e21,e21,S2,S1,0,1,2,5.1284345698567844,6,0,Successful
26574,5,e54,e54,S5,S4,0,1,2,8.9028402329219993,9,0,Successful
26579,3,e21,e21,S2,S1,0,1,2,4.1106555031730592,5,0,Successful
26599,3,e21,e21,S2,S1,0,1,2,5.2677311874641575,6,0,Terminated
26603,3,e21,e21,S2,S1,0,1,2,3.8040649800398301,4,0,Successful
26605,3,e22,e22,S2,S2,0,1,2,11.090281124692805,12,0,Successful
26605,5,e43,e43,S4,S3,0,1,2,8.3192869879484963,9,0,Successful
26615,3,e21,e21,S2,S1,0,1,2,6.353542402224142,7,0,Successful
26623,3,e22,e22,S2,S2,0,1,2,7.1101789797294863,8,0,Successful
26634,3,e21,e21,S2,S1,0,1,2,5.9318954600878264,6,0,Successful
26635,3,e21,e21,S2,S1,0,1,2,4.6538998330255605,5,0,Successful
26641,4,e43,e43,S4,S3,0,1,2,8.6760264460606216,9,0,Successful
26649,3,e22,e22,S2,S2,0,1,2,8.3473006254383133,9,0,Successful
26658,3,e22,e22,S2,S2,0,1,2,7.4726846841473602,8,0,Successful
26658,5,e43,e43,S4,S3,0,1,2,7.100342087372649,8,0,Successful
26660,6,e66,e66,S6,S6,0,1,2,8.2973729455528176,9,0,Successful
26662,5,e54,e54,S5,S4,0,1,2,10.256200042382506,11,0,Successful
26662,8,e66,e66,S6,S6,0,1,2,7.1791741909459175,8,0,Successful
26664,3,e22,e22,S2,S2,0,1,2,9.1373958813589358,10,0,Successful
26673,6,e66,e66,S6,S6,0,1,2,5.4551367717856234,6,0,Successful
26684,3,e22,e22,S2,S2,0,1,2,8.2343181761653153,9,0,Successful
26689,5,e54,e54,S5,S4,0,1,2,9.6525637247295943,10,0,Successful
26692,3,e21,e21,S2,S1,0,1,2,3.956746090905864,4,0,Successful
26693,4,e43,e43,S4,S3,0,1,2,8.0466146817615289,9,0,Successful
26700,5,e54,e54,S5,S4,0,1,2,9.0686318061673177,10,0,Successful
26707,3,e22,e22,S2,S2,0,1,2,11.025497463457082,12,0,Successful
26720,4,e43,e43,S4,S3,0,1,2,5.5749753219134179,6,0,Successful
26731,3,e22,e22,S2,S2,0,1,2,9.5823589247615573,10,0,Successful
26731,7,e66,e66,S6,S6,0,1,2,7.0958901539847243,8,0,Successful
26742,3,e21,e21,S2,S1,0,1,2,4.6911593181538542,5,0,Terminated
26743,3,e22,e22,S2,S2,0,1,2,11.219544793511414,12,0,Successful
26755,6,e66,e66,S6,S6,0,1,2,7.4040825920626423,8,0,Successful
26770,4,e43,e43,S4,S3,0,1,2,8.0103856822949364,9,0,Successful
26770,5,e32,e32,S3,S2,0,1,2,13.578980930064823,14,0,Successful
26775,3,e21,e21,S2,S1,0,1,2,5.1133001269124456,6,0,Terminated
26778,6,e66,e66,S6,S6,0,1,2,5.9502704834707352,6,0,Successful
26785,3,e21,e21,S2,S1,0,1,2,4.1764468026171864,5,0,Terminated
26790,4,e42,e42,S4,S2,0,1,2,10.180998508891298,11,0,Successful
26798,4,e43,e43,S4,S3,0,1,2,7.722173984739765,8,0,Successful
26814,6,e66,e66,S6,S6,0,1,2,5.6798151033935307,6,0,Successful
26855,5,e52,e52,S5,S2,0,1,2,9.4431016631428459,10,0,Successful
26859,5,e52,e52,S5,S2,0,1,2,8.4556507883262277,9,0,Successful
26872,4,e43,e43,S4,S3,0,1,2,6.8860122203032397,7,0,Successful
26886,5,e54,e54,S5,S4,0,1,2,9.1460043076495499,10,0,Successful
26903,6,e66,e66,S6,S6,0,1,2,8.1753091134532241,9,0,Successful
26917,5,e66,e66,S6,S6,0,1,2,7.3445890530401083,8,0,Successful
26920,3,e21,e21,S2,S1,0,1,2,6.1325002282137415,7,0,Successful
26923,6,e66,e66,S6,S6,0,1,2,7.1788136811015946,8,0,Successful
26943,3,e21,e21,S2,S1,0,1,2,5.8826794822525521,6,0,Successful
26958,5,e52,e52,S5,S2,0,1,2,10.904178387425068,11,0,Successful
26971,3,e21,e21,S2,S1,0,1,2,5.442880395969862,6,0,Terminated
26994,3,e21,e21,S2,S1,0,1,2,4.2255440490721208,5,0,Successful
27012,6,e66,e66,S6,S6,0,1,2,6.6098650993269992,7,0,Successful
27019,3,e22,e22,S2,S2,0,1,2,8.1355753589856121,9,0,Successful
27028,6,e66,e66,S6,S6,0,1,2,6.7145364447911629,7,0,Successful
27028,9,e33,e33,S3,S3,0,1,2,4.7796320159132204,5,0,Successful
27030,3,e22,e22,S2,S2,0,1,2,9.471537540068514,10,0,Successful
27034,4,e43,e43,S4,S3,0,1,2,6.3531795734149679,7,0,Successful
27034,5,e32,e32,S3,S2,0,1,2,12.060192435933665,13,0,Successful
27034,6,e21,e21,S2,S1,0,1,2,4.2420335857248226,5,0,Successful
27089,3,e22,e22,S2,S2,0,1,2,9.4097673624125644,10,0,Successful
27109,3,e21,e21,S2,S1,0,1,2,5.3796174175896194,6,0,Successful
27110,5,e52,e52,S5,S2,0,1,2,9.258309564670796,10,0,Successful
27134,6,e66,e66,S6,S6,0,1,2,8.8856614720072606,9,0,Successful
27154,6,e66,e66,S6,S6,0,1,2,8.7092136005379501,9,0,Successful
27166,3,e22,e22,S2,S2,0,1,2,8.6444574608945999,9,0,Successful
27166,4,e22,e22,S2,S2,1,2,2,9.4159143538891481,10,1,Successful
27188,3,e22,e22,S2,S2,0,1,2,9.8687132337988075,10,0,Successful
27189,6,e66,e66,S6,S6,0,1,2,6.4195505180888643,7,0,Successful
27249,3,e21,e21,S2,S1,0,1,2,4.132940393944744,5,0,Terminated
27257,5,e54,e54,S5,S4,0,1,2,9.6150840746420965,10,0,Successful
27281,6,e66,e66,S6,S6,0,1,2,6.955264218039801,7,0,Successful
27284,4,e42,e42,S4,S2,0,1,2,9.698316104753868,10,0,Successful
27287,5,e55,e55,S5,S5,0,1,2,3.0356410488565024,4,0,Successful
27287,6,e54,e54,S5,S4,0,1,2,8.3979447251956181,9,0,Successful
27289,4,e43,e43,S4,S3,0,1,2,7.9000609766367162,8,0,Successful
27296,3,e22,e22,S2,S2,0,1,2,7.7894801107911427,8,0,Successful
27296,6,e55,e55,S5,S5,0,1,2,4.6481372156904506,5,0,Successful
27297,3,e21,e21,S2,S1,0,1,2,3.8689204741179855,4,0,Terminated
27300,3,e21,e21,S2,S1,0,1,2,5.9310574493964161,6,0,Terminated
27321,3,e21,e21,S2,S1,0,1,2,4.0765991029277577,5,0,Successful
27324,5,e54,e54,S5,S4,0,1,2,9.9428798016457307,10,0,Successful
27332,5,e54,e54,S5,S4,0,1,2,9.9376537913398728,10,0,Successful
27332,7,e54,e54,S5,S4,1,2,2,8.8590388627812153,9,1,Successful
27362,3,e22,e22,S2,S2,0,1,2,9.2583360283515592,10,0,Successful
27363,3,e22,e22,S2,S2,0,1,2,7.2857626281526482,8,0,Successful
27376,3,e22,e22,S2,S2,0,1,2,8.6699246962750216,9,0,Successful
27390,3,e22,e22,S2,S2,0,1,2,10.837950684208826,11,0,Successful
27398,3,e22,e22,S2,S2,0,1,2,10.588193585978864,11,0,Successful
27442,4,e43,e43,S4,S3,0,1,2,6.9057861832565353,7,0,Successful
27445,6,e32,e32,S3,S2,0,1,2,13.631532873796157,14,0,Successful
27450,3,e21,e21,S2,S1,0,1,2,5.3148590077008802,6,0,Successful
27450,7,e55,e55,S5,S5,0,1,2,5.5218131638123857,6,0,Successful
27473,4,e42,e42,S4,S2,0,1,2,9.2975040948877368,10,0,Successful
27474,4,e42,e42,S4,S2,0,1,2,9.602553391332588,10,0,Successful
27475,5,e54,e54,S5,S4,0,1,2,9.8595016596072469,10,0,Successful
27475,8,e66,e66,S6,S6,0,1,2,6.3395777598973515,7,0,Successful
27480,5,e54,e54,S5,S4,0,1,2,9.4104634096520616,10,0,Successful
27485,3,e21,e21,S2,S1,0,1,2,5.6992290695661865,6,0,Successful
27490,4,e43,e43,S4,S3,0,1,2,7.6383892130540216,8,0,Successful
27503,3,e21,e21,S2,S1,0,1,2,5.7698078481930182,6,0,Successful
27504,3,e21,e21,S2,S1,0,1,2,4.3686686972010786,5,0,Successful
27524,6,e66,e66,S6,S6,0,1,2,8.6948113935748488,9,0,Successful
27531,5,e54,e54,S5,S4,0,1,2,9.7500899853593452,10,0,Successful
27535,3,e22,e22,S2,S2,0,1,2,8.9488402562676139,9,0,Successful
27543,3,e22,e22,S2,S2,0,1,2,9.4159071467736375,10,0,Successful
27575,3,e21,e21,S2,S1,0,1,2,5.0933879876769641,6,0,Terminated
27577,3,e21,e21,S2,S1,0,1,2,5.0718439017595305,6,0,Successful
27581,3,e22,e22,S2,S2,0,1,2,9.6203501218174008,10,0,Successful
27589,3,e22,e22,S2,S2,0,1,2,9.2948352182237315,10,0,Successful
27611,5,e54,e54,S5,S4,0,1,2,8.3979888429465639,9,0,Successful
27618,6,e66,e66,S6,S6,0,1,2,8.239601986567191,9,0,Successful
27634,6,e66,e66,S6,S6,0,1,2,6.8462076028037266,7,0,Successful
27649,3,e21,e21,S2,S1,0,1,2,5.9816515174010787,6,0,Successful
27655,4,e42,e42,S4,S2,0,1,2,10.415266409235112,11,0,Successful
27656,3,e22,e22,S2,S2,0,1,2,9.3398527476264821,10,0,Successful
27665,3,e21,e21,S2,S1,0,1,2,5.493667172924944,6,0,Successful
27681,3,e21,e21,S2,S1,0,1,2,4.1156475104005263,5,0,Successful
27688,3,e21,e21,S2,S1,0,1,2,4.9230722913352745,5,0,Successful
27699,3,e22,e22,S2,S2,0,1,2,8.7714600728815828,9,0,Successful
27712,3,e21,e21,S2,S1,0,1,2,5.4025870416315174,6,0,Successful
27768,3,e21,e21,S2,S1,0,1,2,5.2223056188939694,6,0,Successful
27769,3,e22,e22,S2,S2,0,1,2,8.5758788335036318,9,0,Successful
27773,4,e43,e43,S4,S3,0,1,2,5.4998156940678005,6,0,Successful
27773,6,e42,e42,S4,S2,0,1,2,9.4985942350971833,10,0,Successful
27778,3,e22,e22,S2,S2,0,1,2,9.0960599502339861,10,0,Terminated
27778,4,e21,e21,S2,S1,0,1,2,4.6762668619705519,5,0,Terminated
27781,3,e21,e21,S2,S1,0,1,2,5.2741954062385794,6,0,Successful
27781,8,e66,e66,S6,S6,0,1,2,8.7913251960391534,9,0,Successful
27803,5,e66,e66,S6,S6,0,1,2,8.9715185594306739,9,0,Successful
27806,5,e54,e54,S5,S4,0,1,2,8.557703050133382,9,0,Successful
27808,3,e21,e21,S2,S1,0,1,2,4.8760907405089018,5,0,Terminated
27827,6,e66,e66,S6,S6,0,1,2,7.903592974036429,8,0,Successful
27836,5,e55,e55,S5,S5,0,1,2,6.0607523696242618,7,0,Successful
27842,6,e66,e66,S6,S6,0,1,2,8.0012958880963669,9,0,Successful
27859,5,e42,e42,S4,S2,0,1,2,9.338468360075229,10,0,Terminated
27859,6,e21,e21,S2,S1,0,1,2,4.911922040938375,5,0,Terminated
27869,5,e52,e52,S5,S2,0,1,2,9.3483760456334046,10,0,Successful
27883,6,e66,e66,S6,S6,0,1,2,7.3542588411530749,8,0,Successful
27889,6,e66,e66,S6,S6,0,1,2,7.2356873878440133,8,0,Successful
27898,4,e43,e43,S4,S3,0,1,2,8.9217235677325775,9,0,Successful
27907,6,e66,e66,S6,S6,0,1,2,6.8856320613586117,7,0,Successful
27943,3,e22,e22,S2,S2,0,1,2,8.8339065198507321,9,0,Successful
27945,5,e54,e54,S5,S4,0,1,2,10.529496934888988,11,0,Successful
27955,3,e21,e21,S2,S1,0,1,2,5.506775285102556,6,0,Successful
27957,3,e21,e21,S2,S1,0,1,2,6.559936043657153,7,0,Terminated
27962,5,e52,e52,S5,S2,0,1,2,10.610596714934871,11,0,Successful
27962,9,e66,e66,S6,S6,0,1,2,7.7115693381776405,8,0,Successful
27967,5,e52,e52,S5,S2,0,1,2,9.8802422937329482,10,0,Successful
27967,8,e55,e55,S5,S5,0,1,2,4.845465328093626,5,0,Successful
27967,10,e66,e66,S6,S6,0,1,2,6.891598317886892,7,0,Successful
27967,11,e66,e66,S6,S6,1,2,2,6.1887942089897345,7,1,Successful
27975,3,e21,e21,S2,S1,0,1,2,4.5001127826029839,5,0,Terminated
27993,5,e52,e52,S5,S2,0,1,2,9.001445602905612,10,0,Successful
27995,3,e21,e21,S2,S1,0,1,2,4.0327502431415274,5,0,Terminated
27996,6,e66,e66,S6,S6,0,1,2,7.0286332608663189,8,0,Successful
28004,3,e22,e22,S2,S2,0,1,2,8.7167868597342615,9,0,Successful
28006,3,e21,e21,S2,S1,0,1,2,4.7984417562824397,5,0,Successful
28016,5,e54,e54,S5,S4,0,1,2,11.028999152515194,12,0,Successful
28042,6,e66,e66,S6,S6,0,1,2,7.6150613205498399,8,0,Successful
28083,3,e21,e21,S2,S1,0,1,2,4.6944829825233487,5,0,Successful
28095,3,e22,e22,S2,S2,0,1,2,9.6696768381614753,10,0,Successful
28096,5,e54,e54,S5,S4,0,1,2,11.060200069462402,12,0,Successful
28117,3,e22,e22,S2,S2,0,1,2,10.272219539961903,11,0,Successful
28124,3,e21,e21,S2,S1,0,1,2,4.1720159355783109,5,0,Terminated
28132,3,e21,e21,S2,S1,0,1,2,5.6434944155390205,6,0,Terminated
28138,5,e54,e54,S5,S4,0,1,2,11.472114769415573,12,0,Successful
28143,4,e43,e43,S4,S3,0,1,2,8.3577006847986652,9,0,Successful
28148,3,e21,e21,S2,S1,0,1,2,4.148521415617628,5,0,Successful
28153,3,e21,e21,S2,S1,0,1,2,3.4162053519342832,4,0,Successful
28160,3,e22,e22,S2,S2,0,1,2,11.336372605718449,12,0,Successful
28163,3,e22,e22,S2,S2,0,1,2,10.466593361211801,11,0,Successful
28165,3,e21,e21,S2,S1,0,1,2,4.4014122280039318,5,0,Terminated
28168,3,e21,e21,S2,S1,0,1,2,4.7325742584294748,5,0,Terminated
28171,4,e43,e43,S4,S3,0,1,2,6.1666860315265781,7,0,Successful
28179,3,e21,e21,S2,S1,0,1,2,4.9991036550521386,5,0,Terminated
28183,6,e66,e66,S6,S6,0,1,2,6.5392811329460221,7,0,Successful
28193,3,e22,e22,S2,S2,0,1,2,9.928189589832126,10,0,Successful
28204,5,e54,e54,S5,S4,0,1,2,11.066718426224892,12,0,Successful
28207,3,e21,e21,S2,S1,0,1,2,4.6531674809601355,5,0,Successful
28213,4,e43,e43,S4,S3,0,1,2,6.1692498466913941,7,0,Successful
28220,6,e66,e66,S6,S6,0,1,2,6.6930633748188857,7,0,Successful
28233,6,e66,e66,S6,S6,0,1,2,6.5006917666072574,7,0,Successful
28235,3,e22,e22,S2,S2,0,1,2,8.9528872725587902,9,0,Successful
28237,3,e21,e21,S2,S1,0,1,2,6.218793021006956,7,0,Terminated
28241,4,e43,e43,S4,S3,0,1,2,6.9200428300450598,7,0,Successful
28245,6,e66,e66,S6,S6,0,1,2,6.687709080270448,7,0,Successful
28250,4,e43,e43,S4,S3,0,1,2,6.1018882054506047,7,0,Successful
28269,5,e54,e54,S5,S4,0,1,2,10.178213464669282,11,0,Successful
28282,4,e43,e43,S4,S3,0,1,2,8.1057145691604973,9,0,Successful
28284,5,e54,e54,S5,S4,0,1,2,9.6397976680363282,10,0,Successful
28290,3,e22,e22,S2,S2,0,1,2,9.3330215931850429,10,0,Successful
28293,3,e21,e21,S2,S1,0,1,2,4.6964630003379098,5,0,Terminated
28294,3,e22,e22,S2,S2,0,1,2,8.568587199515278,9,0,Successful
28296,5,e54,e54,S5,S4,0,1,2,10.198348854066694,11,0,Successful
28299,3,e21,e21,S2,S1,0,1,2,5.484289976765365,6,0,Successful
28304,3,e22,e22,S2,S2,0,1,2,9.093133868387385,10,0,Successful
28308,6,e66,e66,S6,S6,0,1,2,7.3279505489910477,8,0,Successful
28317,7,e43,e43,S4,S3,0,1,2,8.3712365422505801,9,0,Successful
28326,3,e22,e22,S2,S2,0,1,2,10.182102184618262,11,0,Successful
28327,3,e22,e22,S2,S2,0,1,2,10.11961611771094,11,0,Successful
28337,3,e22,e22,S2,S2,0,1,2,10.819444135024233,11,0,Successful
28342,3,e22,e22,S2,S2,0,1,2,9.2231572181629176,10,0,Successful
28343,5,e55,e55,S5,S5,0,1,2,3.9536477919668238,4,0,Successful
28363,10,e55,e55,S5,S5,0,1,2,6.0374576579150458,7,0,Successful
28383,4,e43,e43,S4,S3,0,1,2,6.7345947155737669,7,0,Successful
28396,3,e21,e21,S2,S1,0,1,2,5.9554819133938199,6,0,Terminated
28404,3,e22,e22,S2,S2,0,1,2,9.8366332849591274,10,0,Successful
28404,7,e66,e66,S6,S6,0,1,2,6.7444866986542529,7,0,Successful
28413,5,e52,e52,S5,S2,0,1,2,9.4511892396255046,10,0,Successful
28425,4,e43,e43,S4,S3,0,1,2,6.6811605580733096,7,0,Successful
28439,4,e42,e42,S4,S2,0,1,2,10.090855872599017,11,0,Successful
28441,3,e21,e21,S2,S1,0,1,2,4.9058524692938095,5,0,Successful
28441,5,e22,e22,S2,S2,0,1,2,9.1925084810686126,10,0,Successful
28444,4,e43,e43,S4,S3,0,1,2,7.1502898565855402,8,0,Successful
28479,5,e54,e54,S5,S4,0,1,2,11.033174182996946,12,0,Successful
28492,4,e43,e43,S4,S3,0,1,2,8.6043252416014173,9,0,Successful
28500,3,e22,e22,S2,S2,0,1,2,7.7482564126245714,8,0,Successful
28535,3,e22,e22,S2,S2,0,1,2,9.0324402713510317,10,0,Successful
28546,3,e21,e21,S2,S1,0,1,2,5.9617396050044356,6,0,Terminated
28552,3,e22,e22,S2,S2,0,1,2,9.0504552029553764,10,0,Successful
28559,3,e22,e22,S2,S2,0,1,2,9.2884211778029631,10,0,Successful
28562,9,e66,e66,S6,S6,0,1,2,8.8817553152863784,9,0,Successful
28562,10,e66,e66,S6,S6,1,2,2,7.199731163624512,8,1,Successful
28565,5,e54,e54,S5,S4,0,1,2,10.574731468308183,11,0,Successful
28570,5,e52,e52,S5,S2,0,1,2,9.2234673289031335,10,0,Successful
28584,5,e54,e54,S5,S4,0,1,2,9.0782772280710269,10,0,Successful
28602,5,e52,e52,S5,S2,0,1,2,10.636806161679305,11,0,Successful
28608,6,e33,e33,S3,S3,0,1,2,6.7151709842437626,7,0,Successful
28611,3,e21,e21,S2,S1,0,1,2,4.4956124475362289,5,0,Terminated
28614,3,e21,e21,S2,S1,0,1,2,5.0851117262450583,6,0,Successful
28614,8,e66,e66,S6,S6,0,1,2,8.3616013215333673,9,0,Successful
28621,5,e55,e55,S5,S5,0,1,2,6.2458893255871866,7,0,Successful
28651,3,e22,e22,S2,S2,0,1,2,9.3414227360722251,10,0,Successful
28691,3,e22,e22,S2,S2,0,1,2,7.960998288712962,8,0,Successful
28695,3,e22,e22,S2,S2,0,1,2,9.1313770662371674,10,0,Successful
28702,6,e66,e66,S6,S6,0,1,2,7.2178375012282654,8,0,Successful
28710,4,e43,e43,S4,S3,0,1,2,7.4709034045707297,8,0,Successful
28745,3,e22,e22,S2,S2,0,1,2,8.6253188159392966,9,0,Successful
28750,3,e22,e22,S2,S2,0,1,2,7.5654108844565977,8,0,Successful
28750,5,e43,e43,S4,S3,0,1,2,6.808598971223951,7,0,Successful
28750,8,e54,e54,S5,S4,0,1,2,10.00093618696563,11,0,Successful
28751,6,e66,e66,S6,S6,0,1,2,7.8961818102068841,8,0,Successful
28753,3,e21,e21,S2,S1,0,1,2,6.0450126147623298,7,0,Successful
28753,7,e54,e54,S5,S4,0,1,2,10.356896477586723,11,0,Successful
28760,6,e66,e66,S6,S6,0,1,2,6.4227035411678628,7,0,Successful
28762,3,e22,e22,S2,S2,0,1,2,9.3949912327381249,10,0,Successful
28762,5,e42,e42,S4,S2,0,1,2,8.6331472894768044,9,0,Successful
28768,6,e66,e66,S6,S6,0,1,2,6.1305195357315156,7,0,Successful
28769,3,e22,e22,S2,S2,0,1,2,7.7379275923092754,8,0,Successful
28770,6,e66,e66,S6,S6,0,1,2,7.5878675748282314,8,0,Successful
28775,3,e21,e21,S2,S1,0,1,2,5.1636937657595174,6,0,Terminated
28782,3,e22,e22,S2,S2,0,1,2,8.0266740574642679,9,0,Successful
28820,8,e33,e33,S3,S3,0,1,2,8.8312438403469429,9,0,Successful
28833,3,e22,e22,S2,S2,0,1,2,8.9437490150496757,9,0,Successful
28837,6,e66,e66,S6,S6,0,1,2,6.9865510438732015,7,0,Successful
28850,3,e21,e21,S2,S1,0,1,2,5.7978675935240993,6,0,Terminated
28878,3,e21,e21,S2,S1,0,1,2,4.4912026778574159,5,0,Successful
28878,7,e52,e52,S5,S2,0,1,2,10.487421136144663,11,0,Successful
28897,3,e21,e21,S2,S1,0,1,2,5.4858253315234506,6,0,Terminated
28908,5,e54,e54,S5,S4,0,1,2,10.613106927382921,11,0,Successful
28919,5,e55,e55,S5,S5,0,1,2,6.1816178782776463,7,0,Successful
28930,6,e66,e66,S6,S6,0,1,2,7.3097872208191568,8,0,Successful
28944,5,e52,e52,S5,S2,0,1,2,10.921468583789455,11,0,Successful
28954,3,e21,e21,S2,S1,0,1,2,3.6707066491042242,4,0,Successful
28958,3,e22,e22,S2,S2,0,1,2,10.120378710435734,11,0,Successful
28958,4,e22,e22,S2,S2,1,2,2,9.7170506588137613,10,1,Successful
28965,3,e22,e22,S2,S2,0,1,2,9.9502785649469665,10,0,Successful
28967,4,e43,e43,S4,S3,0,1,2,7.6398521998945501,8,0,Successful
28983,5,e52,e52,S5,S2,0,1,2,8.3577376009819435,9,0,Successful
28992,3,e21,e21,S2,S1,0,1,2,4.7613156018090113,5,0,Successful
28992,7,e54,e54,S5,S4,0,1,2,9.1111949841839639,10,0,Successful
28997,6,e66,e66,S6,S6,0,1,2,7.0442535859073132,8,0,Successful
29019,3,e22,e22,S2,S2,0,1,2,10.753944742780595,11,0,Successful
29057,5,e54,e54,S5,S4,0,1,2,10.949889905268339,11,0,Successful
29064,4,e42,e42,S4,S2,0,1,2,10.934947574420461,11,0,Successful
29064,6,e42,e42,S4,S2,1,2,2,10.70028697494887,11,1,Successful
29070,3,e22,e22,S2,S2,0,1,2,10.786164312356751,11,0,Successful
29076,8,e43,e43,S4,S3,0,1,2,8.5158308781617009,9,0,Successful
29076,9,e33,e33,S3,S3,0,1,2,5.394948912006468,6,0,Successful
29086,4,e43,e43,S4,S3,0,1,2,6.9392125926136643,7,0,Successful
29102,4,e42,e42,S4,S2,0,1,2,10.080326338082369,11,0,Terminated
29127,4,e43,e43,S4,S3,0,1,2,7.9803676508722976,8,0,Successful
29130,3,e22,e22,S2,S2,0,1,2,10.577738121193491,11,0,Successful
29130,7,e66,e66,S6,S6,0,1,2,6.5431822582912771,7,0,Successful
29131,3,e21,e21,S2,S1,0,1,2,3.8991897288185764,4,0,Successful
29135,3,e22,e22,S2,S2,0,1,2,11.101860412691845,12,0,Successful
29151,4,e42,e42,S4,S2,0,1,2,11.539896211650246,12,0,Successful
29156,8,e32,e32,S3,S2,0,1,2,14.836075683524196,15,0,Successful
29157,5,e55,e55,S5,S5,0,1,2,5.5641509018806197,6,0,Successful
29173,3,e21,e21,S2,S1,0,1,2,4.2877432388737535,5,0,Terminated
29177,3,e22,e22,S2,S2,0,1,2,9.069485044990607,10,0,Successful
29180,5,e54,e54,S5,S4,0,1,2,9.6526696835291759,10,0,Successful
29194,6,e66,e66,S6,S6,0,1,2,6.6934620795922761,7,0,Successful
29194,7,e66,e66,S6,S6,1,2,2,6.6501385887316538,7,1,Successful
29197,6,e66,e66,S6,S6,0,1,2,7.1536445654221028,8,0,Successful
29216,3,e22,e22,S2,S2,0,1,2,9.2118554751132855,10,0,Successful
29227,3,e21,e21,S2,S1,0,1,2,3.9205047582816062,4,0,Successful
29229,3,e22,e22,S2,S2,0,1,2,11.18256173889416,12,0,Successful
29229,5,e43,e43,S4,S3,0,1,2,6.3578564623343183,7,0,Successful
29232,5,e54,e54,S5,S4,0,1,2,11.097092111528703,12,0,Successful
29247,3,e21,e21,S2,S1,0,1,2,4.2962539399351796,5,0,Terminated
29251,6,e66,e66,S6,S6,0,1,2,8.4258594520211325,9,0,Successful
29258,4,e42,e42,S4,S2,0,1,2,8.5916971078405169,9,0,Successful
29264,4,e43,e43,S4,S3,0,1,2,6.2790998695443587,7,0,Successful
29268,3,e22,e22,S2,S2,0,1,2,7.8938310905029976,8,0,Successful
29269,4,e43,e43,S4,S3,0,1,2,8.5923388995203727,9,0,Successful
29274,6,e66,e66,S6,S6,0,1,2,6.4904985558042139,7,0,Successful
29275,3,e21,e21,S2,S1,0,1,2,4.421136362685731,5,0,Successful
29287,5,e55,e55,S5,S5,0,1,2,3.3636247606197713,4,0,Successful
29300,6,e66,e66,S6,S6,0,1,2,6.8738962386236917,7,0,Successful
29309,6,e66,e66,S6,S6,0,1,2,8.0477773915350692,9,0,Successful
29316,4,e33,e33,S3,S3,0,1,2,8.6861058737360359,9,0,Successful
29317,3,e21,e21,S2,S1,0,1,2,6.2423042886581674,7,0,Successful
29320,6,e66,e66,S6,S6,0,1,2,6.7314744431347204,7,0,Successful
29347,3,e21,e21,S2,S1,0,1,2,3.7243535448823994,4,0,Terminated
29349,3,e21,e21,S2,S1,0,1,2,4.6802116094307626,5,0,Successful
29351,3,e21,e21,S2,S1,0,1,2,5.2204441469450504,6,0,Successful
29352,3,e22,e22,S2,S2,0,1,2,9.6113463558728576,10,0,Successful
29359,3,e21,e21,S2,S1,0,1,2,5.240173886203463,6,0,Successful
29360,6,e66,e66,S6,S6,0,1,2,6.4221551561203629,7,0,Successful
29364,6,e66,e66,S6,S6,0,1,2,6.6234524621503681,7,0,Successful
29373,4,e43,e43,S4,S3,0,1,2,6.4137336038119859,7,0,Successful
29384,3,e21,e21,S2,S1,0,1,2,5.2407893052244034,6,0,Successful
29395,4,e43,e43,S4,S3,0,1,2,8.056206954845738,9,0,Successful
29414,6,e66,e66,S6,S6,0,1,2,7.3719101168767462,8,0,Successful
29428,3,e22,e22,S2,S2,0,1,2,10.194796895399438,11,0,Successful
29431,3,e22,e22,S2,S2,0,1,2,8.2648983022553377,9,0,Successful
29460,3,e22,e22,S2,S2,0,1,2,11.446306742694874,12,0,Successful
29460,4,e21,e21,S2,S1,0,1,2,4.3999126184906334,5,0,Successful
29460,7,e42,e42,S4,S2,0,1,2,8.7090951343238565,9,0,Successful
29460,9,e43,e43,S4,S3,0,1,2,5.6684456720374046,6,0,Successful
29460,10,e32,e32,S3,S2,0,1,2,13.49887940461719,14,0,Successful
29466,3,e21,e21,S2,S1,0,1,2,5.7120465956908228,6,0,Terminated
29470,3,e22,e22,S2,S2,0,1,2,8.3021785582714056,9,0,Successful
29498,4,e42,e42,S4,S2,0,1,2,9.3631156445033294,10,0,Successful
29502,3,e21,e21,S2,S1,0,1,2,4.4801962942924574,5,0,Successful
29514,6,e66,e66,S6,S6,0,1,2,6.5341576596349382,7,0,Successful
29525,3,e21,e21,S2,S1,0,1,2,5.141785346464304,6,0,Successful
29534,5,e54,e54,S5,S4,0,1,2,9.1500757716432712,10,0,Successful
29540,6,e66,e66,S6,S6,0,1,2,6.8474400802810624,7,0,Successful
29552,5,e55,e55,S5,S5,0,1,2,2.7789228498255638,3,0,Successful
29554,6,e66,e66,S6,S6,0,1,2,6.2643375234615366,7,0,Successful
29584,3,e22,e22,S2,S2,0,1,2,10.475615911795813,11,0,Successful
29596,5,e54,e54,S5,S4,0,1,2,11.026588384318799,12,0,Successful
29605,6,e66,e66,S6,S6,0,1,2,7.0428818777466198,8,0,Successful
29612,6,e66,e66,S6,S6,0,1,2,6.8247401867367214,7,0,Successful
29623,6,e66,e66,S6,S6,0,1,2,8.3817235457196642,9,0,Successful
29629,4,e43,e43,S4,S3,0,1,2,7.8459835278857906,8,0,Successful
29638,4,e43,e43,S4,S3,0,1,2,5.5284620613078506,6,0,Successful
29646,3,e22,e22,S2,S2,0,1,2,8.1564154066890353,9,0,Successful
29658,4,e43,e43,S4,S3,0,1,2,7.6521922132058888,8,0,Successful
29659,6,e66,e66,S6,S6,0,1,2,6.5534979718395387,7,0,Successful
29662,3,e22,e22,S2,S2,0,1,2,7.3931250593095248,8,0,Successful
29663,3,e22,e22,S2,S2,0,1,2,8.1048961624848523,9,0,Successful
29688,3,e21,e21,S2,S1,0,1,2,5.4619867447786188,6,0,Successful
29695,3,e22,e22,S2,S2,0,1,2,9.64408623970942,10,0,Successful
29703,3,e22,e22,S2,S2,0,1,2,8.0039933511716157,9,0,Successful
29704,3,e21,e21,S2,S1,0,1,2,4.6400685014308491,5,0,Successful
29712,3,e21,e21,S2,S1,0,1,2,4.7998989626966875,5,0,Successful
29731,5,e52,e52,S5,S2,0,1,2,11.21160499702707,12,0,Successful
29750,4,e43,e43,S4,S3,0,1,2,7.5930542620240598,8,0,Successful
29752,3,e22,e22,S2,S2,0,1,2,9.7104742781992552,10,0,Successful
29757,3,e22,e22,S2,S2,0,1,2,9.2209410246321166,10,0,Successful
29764,6,e66,e66,S6,S6,0,1,2,8.2413979172789738,9,0,Successful
29766,3,e21,e21,S2,S1,0,1,2,4.7981196874357961,5,0,Terminated
29774,3,e21,e21,S2,S1,0,1,2,6.4453050371761487,7,0,Terminated
29775,3,e22,e22,S2,S2,0,1,2,10.114000705275263,11,0,Successful
29775,6,e52,e52,S5,S2,0,1,2,10.555737359852495,11,0,Successful
29781,4,e43,e43,S4,S3,0,1,2,5.3861661816790463,6,0,Successful
29784,4,e43,e43,S4,S3,0,1,2,6.0756628035852085,7,0,Successful
29809,3,e22,e22,S2,S2,0,1,2,9.6792240251155484,10,0,Successful
29813,3,e22,e22,S2,S2,0,1,2,10.531332863446671,11,0,Successful
29818,4,e42,e42,S4,S2,0,1,2,10.155931378786924,11,0,Successful
29838,3,e21,e21,S2,S1,0,1,2,4.8568743911442258,5,0,Terminated
29842,4,e43,e43,S4,S3,0,1,2,7.4534279983433489,8,0,Successful
29844,4,e43,e43,S4,S3,0,1,2,6.7050048362554593,7,0,Successful
29846,5,e54,e54,S5,S4,0,1,2,8.6021304025049581,9,0,Successful
29852,3,e21,e21,S2,S1,0,1,2,5.895276300684543,6,0,Successful
29854,6,e66,e66,S6,S6,0,1,2,6.0645817393683235,7,0,Successful
29864,3,e21,e21,S2,S1,0,1,2,6.1993949366781251,7,0,Successful
29866,5,e54,e54,S5,S4,0,1,2,11.10155421670849,12,0,Successful
29876,4,e43,e43,S4,S3,0,1,2,7.0002392855742084,8,0,Successful
29894,3,e21,e21,S2,S1,0,1,2,4.8066925500586279,5,0,Successful
29894,8,e66,e66,S6,S6,0,1,2,6.058210724397453,7,0,Successful
29915,5,e55,e55,S5,S5,0,1,2,4.757998657845091,5,0,Successful
29921,3,e21,e21,S2,S1,0,1,2,5.1239775543357471,6,0,Successful
29922,3,e21,e21,S2,S1,0,1,2,4.3939070258717416,5,0,Successful
29936,3,e22,e22,S2,S2,0,1,2,8.1836316097388959,9,0,Successful
29941,6,e66,e66,S6,S6,0,1,2,7.14369850826189,8,0,Successful
29945,5,e66,e66,S6,S6,0,1,2,6.2419524874371177,7,0,Successful
29949,3,e21,e21,S2,S1,0,1,2,5.8610830704159183,6,0,Successful
29974,6,e66,e66,S6,S6,0,1,2,6.9502604136116162,7,0,Successful
29976,5,e54,e54,S5,S4,0,1,2,11.141520826513911,12,0,Successful
29976,8,e66,e66,S6,S6,0,1,2,6.3950052257221195,7,0,Successful
29977,5,e54,e54,S5,S4,0,1,2,11.423245760783644,12,0,Successful
29982,6,e66,e66,S6,S6,0,1,2,7.7398136456007496,8,0,Successful
29995,5,e54,e54,S5,S4,0,1,2,9.3792471317003994,10,0,Successful
30002,4,e43,e43,S4,S3,0,1,2,5.6445553704726166,6,0,Successful
30005,3,e21,e21,S2,S1,0,1,2,5.2091818113843225,6,0,Successful
30013,4,e43,e43,S4,S3,0,1,2,5.6180717542606704,6,0,Successful
30019,3,e21,e21,S2,S1,0,1,2,3.9180165728777361,4,0,Successful
30026,3,e22,e22,S2,S2,0,1,2,8.2994547700003451,9,0,Successful
30028,6,e66,e66,S6,S6,0,1,2,6.1394452297286692,7,0,Successful
30036,3,e21,e21,S2,S1,0,1,2,5.6177288797432245,6,0,Successful
30064,3,e22,e22,S2,S2,0,1,2,8.4644785242411427,9,0,Successful
30068,6,e66,e66,S6,S6,0,1,2,6.389723405545082,7,0,Successful
30077,3,e21,e21,S2,S1,0,1,2,6.3243528164262788,7,0,Terminated
30089,3,e22,e22,S2,S2,0,1,2,9.1264396034164896,10,0,Successful
30095,3,e22,e22,S2,S2,0,1,2,7.787931279089964,8,0,Successful
30111,4,e42,e42,S4,S2,0,1,2,8.3789218279703128,9,0,Successful
30141,6,e66,e66,S6,S6,0,1,2,6.6951468704846269,7,0,Successful
30152,4,e42,e42,S4,S2,0,1,2,10.63451908302862,11,0,Successful
30162,4,e43,e43,S4,S3,0,1,2,7.284479055851202,8,0,Successful
30183,3,e21,e21,S2,S1,0,1,2,4.8118760362567077,5,0,Successful
30183,5,e21,e21,S2,S1,1,2,2,6.6943585874937916,7,1,Successful
30192,3,e22,e22,S2,S2,0,1,2,10.768902329701859,11,0,Successful
30197,3,e21,e21,S2,S1,0,1,2,5.1092846005771086,6,0,Terminated
30203,6,e66,e66,S6,S6,0,1,2,6.3130039932021234,7,0,Successful
30207,6,e66,e66,S6,S6,0,1,2,7.8200116257181262,8,0,Successful
30208,5,e54,e54,S5,S4,0,1,2,10.423115406980941,11,0,Successful
30208,7,e54,e54,S5,S4,1,2,2,9.5860215893851919,10,1,Successful
30232,8,e33,e33,S3,S3,0,1,2,7.6290598070523803,8,0,Successful
30232,10,e43,e43,S4,S3,0,1,2,6.0614585811192443,7,0,Successful
30236,3,e22,e22,S2,S2,0,1,2,10.448316481042623,11,0,Successful
30236,4,e21,e21,S2,S1,0,1,2,4.414982161360987,5,0,Successful
30238,3,e21,e21,S2,S1,0,1,2,4.2760618792486929,5,0,Successful
30244,3,e21,e21,S2,S1,0,1,2,4.7217495936997391,5,0,Successful
30244,5,e22,e22,S2,S2,0,1,2,9.1419747262624291,10,0,Successful
30253,4,e43,e43,S4,S3,0,1,2,8.3563382156021291,9,0,Successful
30259,5,e54,e54,S5,S4,0,1,2,7.8940342919263546,8,0,Successful
30278,3,e21,e21,S2,S1,0,1,2,3.7407148393567402,4,0,Terminated
30283,4,e43,e43,S4,S3,0,1,2,6.2560744535606991,7,0,Successful
30283,7,e54,e54,S5,S4,0,1,2,8.4945918145053003,9,0,Successful
30291,6,e66,e66,S6,S6,0,1,2,6.017215915402927,7,0,Successful
30292,5,e54,e54,S5,S4,0,1,2,11.221396658995797,12,0,Successful
30294,3,e21,e21,S2,S1,0,1,2,5.0592054345514068,6,0,Terminated
30300,3,e21,e21,S2,S1,0,1,2,4.3791702071387828,5,0,Terminated
30317,6,e66,e66,S6,S6,0,1,2,6.9644525397411075,7,0,Successful
30327,3,e22,e22,S2,S2,0,1,2,9.4315329902049303,10,0,Successful
30328,7,e32,e32,S3,S2,0,1,2,17.764676704777344,18,0,Successful
30353,3,e22,e22,S2,S2,0,1,2,9.9991007253976179,10,0,Successful
30364,3,e21,e21,S2,S1,0,1,2,4.3120520630515742,5,0,Successful
30376,5,e52,e52,S5,S2,0,1,2,7.9897087483798064,8,0,Successful
30384,3,e22,e22,S2,S2,0,1,2,9.5155618913015978,10,0,Successful
30398,3,e22,e22,S2,S2,0,1,2,8.5733841861080187,9,0,Successful
30402,5,e54,e54,S5,S4,0,1,2,9.8509841785772618,10,0,Successful
30403,5,e52,e52,S5,S2,0,1,2,9.9028617121772538,10,0,Successful
30414,6,e66,e66,S6,S6,0,1,2,7.5326333516356323,8,0,Successful
30415,5,e55,e55,S5,S5,0,1,2,5.4835342600779775,6,0,Successful
30421,3,e21,e21,S2,S1,0,1,2,3.9154010683279652,4,0,Terminated
30431,6,e66,e66,S6,S6,0,1,2,6.2963514416894908,7,0,Successful
30435,6,e66,e66,S6,S6,0,1,2,7.3303335134246108,8,0,Successful
30444,3,e22,e22,S2,S2,0,1,2,7.9049038618041552,8,0,Successful
30447,5,e55,e55,S5,S5,0,1,2,4.832733873443523,5,0,Successful
30448,4,e43,e43,S4,S3,0,1,2,6.4909429460042425,7,0,Successful
30449,5,e52,e52,S5,S2,0,1,2,11.494992826410371,12,0,Successful
30454,5,e52,e52,S5,S2,0,1,2,10.502963426630149,11,0,Successful
30478,5,e54,e54,S5,S4,0,1,2,8.5220556957595548,9,0,Successful
30485,5,e54,e54,S5,S4,0,1,2,11.700386900726588,12,0,Successful
30500,6,e66,e66,S6,S6,0,1,2,8.5607909409855107,9,0,Successful
30518,5,e66,e66,S6,S6,0,1,2,6.7444557614781893,7,0,Successful
30530,4,e43,e43,S4,S3,0,1,2,6.9424868156688104,7,0,Successful
30545,3,e22,e22,S2,S2,0,1,2,9.4754301617484273,10,0,Successful
30556,4,e42,e42,S4,S2,0,1,2,9.8881772619581589,10,0,Successful
30561,4,e43,e43,S4,S3,0,1,2,7.2608334068430178,8,0,Successful
30577,6,e66,e66,S6,S6,0,1,2,7.4295384112635876,8,0,Successful
30579,3,e22,e22,S2,S2,0,1,2,10.386941454779834,11,0,Successful
30612,3,e22,e22,S2,S2,0,1,2,7.9133401995452619,8,0,Successful
30613,5,e55,e55,S5,S5,0,1,2,4.4456172786229189,5,0,Successful
30622,3,e21,e21,S2,S1,0,1,2,5.6366619144405163,6,0,Successful
30622,5,e22,e22,S2,S2,0,1,2,8.9316452006372398,9,0,Successful
30625,6,e66,e66,S6,S6,0,1,2,6.8075617353615581,7,0,Successful
30628,3,e22,e22,S2,S2,0,1,2,10.646923406101017,11,0,Successful
30639,3,e21,e21,S2,S1,0,1,2,4.4614839615277537,5,0,Terminated
30644,6,e66,e66,S6,S6,0,1,2,5.6901901179484691,6,0,Successful
30652,6,e66,e66,S6,S6,0,1,2,7.4180246786451107,8,0,Successful
30658,3,e22,e22,S2,S2,0,1,2,8.4055692606659171,9,0,Successful
30671,3,e21,e21,S2,S1,0,1,2,3.5953467919376689,4,0,Successful
30671,7,e54,e54,S5,S4,0,1,2,11.275107348817038,12,0,Successful
30688,3,e22,e22,S2,S2,0,1,2,8.8062641015093757,9,0,Successful
30688,7,e66,e66,S6,S6,0,1,2,8.998886233415579,9,0,Successful
30697,5,e54,e54,S5,S4,0,1,2,10.368968125333087,11,0,Successful
30700,6,e66,e66,S6,S6,0,1,2,7.7234663602931288,8,0,Successful
30723,9,e42,e42,S4,S2,0,1,2,8.8360602944027864,9,0,Successful
30726,3,e21,e21,S2,S1,0,1,2,5.6722933450841122,6,0,Terminated
30730,5,e52,e52,S5,S2,0,1,2,9.7568678629379448,10,0,Successful
30736,3,e22,e22,S2,S2,0,1,2,9.1433584726139507,10,0,Successful
30738,6,e66,e66,S6,S6,0,1,2,7.3345649069448466,8,0,Successful
30749,3,e21,e21,S2,S1,0,1,2,5.081572579006572,6,0,Terminated
30763,6,e66,e66,S6,S6,0,1,2,6.4270847070298265,7,0,Successful
30780,4,e42,e42,S4,S2,0,1,2,7.8579073835611029,8,0,Successful
30800,3,e21,e21,S2,S1,0,1,2,4.5546566375312389,5,0,Successful
30800,7,e55,e55,S5,S5,0,1,2,5.1051678934267057,6,0,Successful
30827,3,e21,e21,S2,S1,0,1,2,4.7030769330736559,5,0,Successful
30854,6,e66,e66,S6,S6,0,1,2,6.3332659707082426,7,0,Successful
30856,3,e21,e21,S2,S1,0,1,2,5.2430299928408655,6,0,Terminated
30856,5,e21,e21,S2,S1,1,2,2,3.698006900380824,4,1,Terminated
30859,3,e21,e21,S2,S1,0,1,2,5.0510614688678013,6,0,Terminated
30878,3,e22,e22,S2,S2,0,1,2,9.8123013790860263,10,0,Successful
30878,5,e43,e43,S4,S3,0,1,2,6.6272144675882316,7,0,Successful
30908,3,e21,e21,S2,S1,0,1,2,5.1676851651543778,6,0,Successful
30914,6,e66,e66,S6,S6,0,1,2,5.8080013011788276,6,0,Successful
30922,3,e21,e21,S2,S1,0,1,2,4.1911542277937572,5,0,Successful
30943,3,e22,e22,S2,S2,0,1,2,8.7255286993146886,9,0,Successful
30944,3,e22,e22,S2,S2,0,1,2,7.7692226764302594,8,0,Successful
30957,3,e22,e22,S2,S2,0,1,2,9.950145538223115,10,0,Successful
30962,5,e52,e52,S5,S2,0,1,2,9.2011615496934738,10,0,Successful
30968,3,e21,e21,S2,S1,0,1,2,3.5877572222338161,4,0,Successful
30976,5,e54,e54,S5,S4,0,1,2,10.488218263748628,11,0,Successful
30977,3,e22,e22,S2,S2,0,1,2,10.531355349917703,11,0,Successful
30984,3,e22,e22,S2,S2,0,1,2,10.065412568864589,11,0,Successful
30985,3,e21,e21,S2,S1,0,1,2,4.9938865505775922,5,0,Terminated
30994,4,e43,e43,S4,S3,0,1,2,6.9096130049468449,7,0,Successful
31000,5,e54,e54,S5,S4,0,1,2,10.40086620116719,11,0,Successful
31000,6,e43,e43,S4,S3,0,1,2,7.4349158907162103,8,0,Successful
31000,8,e43,e43,S4,S3,1,2,2,7.0561803820790718,8,1,Successful
31005,3,e22,e22,S2,S2,0,1,2,8.5949591627127511,9,0,Successful
31015,5,e54,e54,S5,S4,0,1,2,10.035713345133292,11,0,Successful
31018,5,e54,e54,S5,S4,0,1,2,8.9370246390585244,9,0,Successful
31028,3,e21,e21,S2,S1,0,1,2,4.182820047803288,5,0,Successful
31036,5,e54,e54,S5,S4,0,1,2,9.3330371723974181,10,0,Successful
31046,5,e55,e55,S5,S5,0,1,2,3.320669761383269,4,0,Successful
31054,6,e66,e66,S6,S6,0,1,2,7.4627082347034648,8,0,Successful
31055,3,e21,e21,S2,S1,0,1,2,4.1119854838941228,5,0,Terminated
31059,3,e22,e22,S2,S2,0,1,2,9.0219113726760387,10,0,Successful
31059,5,e42,e42,S4,S2,0,1,2,9.6299102419419391,10,0,Successful
31063,4,e42,e42,S4,S2,0,1,2,7.8406330774632416,8,0,Successful
31071,3,e21,e21,S2,S1,0,1,2,5.7389154413175367,6,0,Terminated
31080,4,e43,e43,S4,S3,0,1,2,7.7826490646091475,8,0,Successful
31084,5,e54,e54,S5,S4,0,1,2,10.284705907587705,11,0,Successful
31086,3,e21,e21,S2,S1,0,1,2,5.7250835021238302,6,0,Successful
31092,3,e21,e21,S2,S1,0,1,2,4.4803165205149851,5,0,Successful
31111,3,e22,e22,S2,S2,0,1,2,10.69400266330946,11,0,Successful
31148,3,e21,e21,S2,S1,0,1,2,4.6321203227329972,5,0,Successful
31163,6,e66,e66,S6,S6,0,1,2,6.7769396340670234,7,0,Successful
31194,3,e22,e22,S2,S2,0,1,2,10.108506085536682,11,0,Successful
31198,3,e21,e21,S2,S1,0,1,2,5.2622786522204628,6,0,Successful
31207,3,e22,e22,S2,S2,0,1,2,10.467018079739042,11,0,Successful
31219,3,e21,e21,S2,S1,0,1,2,4.3665755106666051,5,0,Terminated
31222,3,e21,e21,S2,S1,0,1,2,4.6839592070543343,5,0,Terminated
31240,3,e21,e21,S2,S1,0,1,2,5.7120645459388655,6,0,Terminated
31242,5,e55,e55,S5,S5,0,1,2,5.187970099649311,6,0,Successful
31271,3,e21,e21,S2,S1,0,1,2,3.5291774882522429,4,0,Terminated
31280,5,e66,e66,S6,S6,0,1,2,6.1341005672376321,7,0,Successful
31282,11,e66,e66,S6,S6,0,1,2,7.3029469320500304,8,0,Successful
31284,3,e22,e22,S2,S2,0,1,2,10.693826577619888,11,0,Successful
31285,3,e22,e22,S2,S2,0,1,2,9.6714172644288912,10,0,Successful
31291,5,e52,e52,S5,S2,0,1,2,10.912434035701278,11,0,Successful
31295,5,e52,e52,S5,S2,0,1,2,11.224205957235917,12,0,Successful
31328,5,e52,e52,S5,S2,0,1,2,9.8209756512671529,10,0,Successful
31331,3,e21,e21,S2,S1,0,1,2,5.0165927479185068,6,0,Successful
31332,3,e21,e21,S2,S1,0,1,2,6.3943631685888587,7,0,Terminated
31335,6,e33,e33,S3,S3,0,1,2,5.9714041424637365,6,0,Successful
31353,3,e21,e21,S2,S1,0,1,2,4.5813651341219366,5,0,Terminated
31354,6,e66,e66,S6,S6,0,1,2,7.6830458150841796,8,0,Successful
31362,6,e66,e66,S6,S6,0,1,2,7.4363448656549807,8,0,Successful
31363,3,e22,e22,S2,S2,0,1,2,9.5644441301964562,10,0,Successful
31384,9,e54,e54,S5,S4,0,1,2,10.150899301391377,11,0,Successful
31393,6,e66,e66,S6,S6,0,1,2,6.7286523169276258,7,0,Successful
31421,3,e22,e22,S2,S2,0,1,2,9.0634302511871674,10,0,Successful
31421,6,e52,e52,S5,S2,0,1,2,8.5964156770285403,9,0,Successful
31421,9,e55,e55,S5,S5,0,1,2,5.6353862363947806,6,0,Successful
31427,3,e21,e21,S2,S1,0,1,2,5.7264444479469763,6,0,Successful
31428,3,e21,e21,S2,S1,0,1,2,5.444989058588094,6,0,Successful
31428,7,e55,e55,S5,S5,0,1,2,3.6690259349918426,4,0,Successful
31437,5,e52,e52,S5,S2,0,1,2,9.4968550433635031,10,0,Successful
31437,7,e42,e42,S4,S2,0,1,2,8.7916212232706208,9,0,Successful
31445,6,e66,e66,S6,S6,0,1,2,5.5704356155563843,6,0,Successful
31454,5,e54,e54,S5,S4,0,1,2,10.99531772192007,11,0,Successful
31454,7,e54,e54,S5,S4,1,2,2,8.4092488874069549,9,1,Successful
31454,10,e66,e66,S6,S6,0,1,2,8.7344262626302154,9,0,Successful
31483,4,e42,e42,S4,S2,0,1,2,9.9765224065665787,10,0,Successful
31487,3,e21,e21,S2,S1,0,1,2,5.88115950878856,6,0,Successful
31503,4,e42,e42,S4,S2,0,1,2,9.2657493165694795,10,0,Successful
31514,3,e22,e22,S2,S2,0,1,2,9.2694694516228875,10,0,Successful
31527,3,e21,e21,S2,S1,0,1,2,3.5508978781081324,4,0,Terminated
31530,4,e42,e42,S4,S2,0,1,2,11.020526562353366,12,0,Successful
31576,3,e22,e22,S2,S2,0,1,2,10.503132510552334,11,0,Terminated
31576,7,e66,e66,S6,S6,0,1,2,6.3973454720800467,7,0,Terminated
31578,6,e66,e66,S6,S6,0,1,2,6.484619950383248,7,0,Successful
31580,3,e21,e21,S2,S1,0,1,2,4.4136988757057924,5,0,Successful
31583,3,e22,e22,S2,S2,0,1,2,8.701319482039553,9,0,Successful
31594,3,e21,e21,S2,S1,0,1,2,3.7121236903783905,4,0,Successful
31608,3,e22,e22,S2,S2,0,1,2,9.0112138253374017,10,0,Successful
31615,6,e66,e66,S6,S6,0,1,2,6.3502289164334931,7,0,Successful
31619,3,e21,e21,S2,S1,0,1,2,4.49987349773519,5,0,Successful
31626,5,e55,e55,S5,S5,0,1,2,6.347365933800039,7,0,Successful
31635,6,e66,e66,S6,S6,0,1,2,8.5251768524051847,9,0,Successful
31637,3,e21,e21,S2,S1,0,1,2,4.6247369849963222,5,0,Successful
31637,5,e22,e22,S2,S2,0,1,2,10.179625525116721,11,0,Successful
31652,3,e22,e22,S2,S2,0,1,2,9.8617365717931253,10,0,Successful
31656,4,e43,e43,S4,S3,0,1,2,6.2710751858734888,7,0,Successful
31666,5,e54,e54,S5,S4,0,1,2,11.008947241398827,12,0,Successful
31670,6,e66,e66,S6,S6,0,1,2,7.0414813703200334,8,0,Successful
31674,5,e52,e52,S5,S2,0,1,2,9.7615145982720648,10,0,Successful
31682,3,e21,e21,S2,S1,0,1,2,4.639176076841987,5,0,Terminated
31714,5,e54,e54,S5,S4,0,1,2,7.8533971318893201,8,0,Successful
31728,6,e66,e66,S6,S6,0,1,2,6.5719451229287298,7,0,Successful
31732,5,e54,e54,S5,S4,0,1,2,8.8240625930435819,9,0,Successful
31742,6,e66,e66,S6,S6,0,1,2,6.3121104381931872,7,0,Successful
31745,4,e43,e43,S4,S3,0,1,2,7.0066541440678192,8,0,Successful
31751,4,e43,e43,S4,S3,0,1,2,5.1534597143966625,6,0,Successful
31757,3,e22,e22,S2,S2,0,1,2,8.1082848017320686,9,0,Successful
31771,4,e43,e43,S4,S3,0,1,2,5.5761981435375194,6,0,Successful
31778,3,e21,e21,S2,S1,0,1,2,5.6849224846062114,6,0,Successful
31779,3,e21,e21,S2,S1,0,1,2,5.3579046095962273,6,0,Successful
31784,6,e66,e66,S6,S6,0,1,2,9.0013867615777734,10,0,Successful
31800,3,e22,e22,S2,S2,0,1,2,8.0591510995920661,9,0,Successful
31813,3,e22,e22,S2,S2,0,1,2,9.4544436792114421,10,0,Successful
31822,5,e54,e54,S5,S4,0,1,2,11.649765331971494,12,0,Successful
31822,8,e66,e66,S6,S6,0,1,2,7.8668737334238852,8,0,Successful
31824,3,e22,e22,S2,S2,0,1,2,8.6754442746029508,9,0,Successful
31844,4,e43,e43,S4,S3,0,1,2,5.7207845283013432,6,0,Successful
31856,6,e66,e66,S6,S6,0,1,2,8.0003915951813589,9,0,Successful
31866,3,e21,e21,S2,S1,0,1,2,4.938940242211193,5,0,Terminated
31872,5,e55,e55,S5,S5,0,1,2,6.197155303664803,7,0,Successful
31896,4,e42,e42,S4,S2,0,1,2,9.1079671741942345,10,0,Successful
31900,5,e66,e66,S6,S6,0,1,2,6.3152024370235917,7,0,Successful
31928,3,e21,e21,S2,S1,0,1,2,5.41714461263172,6,0,Terminated
31939,6,e66,e66,S6,S6,0,1,2,8.3154395806089312,9,0,Successful
31941,10,e54,e54,S5,S4,0,1,2,8.6158858569660612,9,0,Successful
31946,3,e21,e21,S2,S1,0,1,2,5.8663366977498121,6,0,Terminated
31947,13,e52,e52,S5,S2,0,1,2,8.6981891961738125,9,0,Successful
31957,3,e22,e22,S2,S2,0,1,2,10.520768342353314,11,0,Successful
31957,7,e66,e66,S6,S6,0,1,2,8.1395293093703902,9,0,Successful
31961,3,e22,e22,S2,S2,0,1,2,8.3435857277461327,9,0,Successful
31961,5,e33,e33,S3,S3,0,1,2,8.1015345580353664,9,0,Successful
31972,4,e42,e42,S4,S2,0,1,2,9.8117785389461236,10,0,Successful
31972,8,e66,e66,S6,S6,0,1,2,5.4682335828224886,6,0,Successful
31993,3,e22,e22,S2,S2,0,1,2,11.32751876151767,12,0,Successful
31998,5,e54,e54,S5,S4,0,1,2,10.450423528829003,11,0,Successful
32001,6,e66,e66,S6,S6,0,1,2,7.7572530585891482,8,0,Successful
32004,5,e55,e55,S5,S5,0,1,2,5.165818350841529,6,0,Successful
32006,3,e21,e21,S2,S1,0,1,2,4.5888775129270849,5,0,Terminated
32011,6,e66,e66,S6,S6,0,1,2,6.9773121293687872,7,0,Successful
32013,6,e33,e33,S3,S3,0,1,2,6.813456223552917,7,0,Successful
32013,9,e55,e55,S5,S5,0,1,2,5.7881365533540379,6,0,Successful
32025,4,e43,e43,S4,S3,0,1,2,7.3592805949268305,8,0,Successful
32025,5,e33,e33,S3,S3,0,1,2,8.7651246699287384,9,0,Successful
32025,7,e42,e42,S4,S2,0,1,2,10.730998172928359,11,0,Successful
32036,3,e21,e21,S2,S1,0,1,2,5.0081479313160795,6,0,Successful
32053,4,e42,e42,S4,S2,0,1,2,7.878722479801092,8,0,Successful
32053,5,e22,e22,S2,S2,0,1,2,8.8630794346322919,9,0,Successful
32057,6,e54,e54,S5,S4,0,1,2,9.0652694498158652,10,0,Successful
32072,3,e21,e21,S2,S1,0,1,2,5.504139076219893,6,0,Successful
32072,8,e66,e66,S6,S6,0,1,2,9.1982733712445555,10,0,Successful
32075,3,e22,e22,S2,S2,0,1,2,11.263585533118798,12,0,Successful
32079,3,e22,e22,S2,S2,0,1,2,9.2381664930428542,10,0,Successful
32082,4,e42,e42,S4,S2,0,1,2,11.477405160652653,12,0,Successful
32089,4,e43,e43,S4,S3,0,1,2,6.1285671546839406,7,0,Successful
32096,4,e43,e43,S4,S3,0,1,2,6.8428589349982287,7,0,Successful
32112,6,e66,e66,S6,S6,0,1,2,5.8683507079914907,6,0,Successful
32132,5,e52,e52,S5,S2,0,1,2,9.1897592829429406,10,0,Successful
32144,3,e22,e22,S2,S2,0,1,2,7.3798621031076106,8,0,Successful
32147,3,e22,e22,S2,S2,0,1,2,10.177261138503164,11,0,Successful
32162,6,e66,e66,S6,S6,0,1,2,7.8319455564207416,8,0,Successful
32176,3,e22,e22,S2,S2,0,1,2,8.3691123670361414,9,0,Successful
32180,4,e43,e43,S4,S3,0,1,2,5.987776640166194,6,0,Successful
32182,3,e21,e21,S2,S1,0,1,2,3.696505298100738,4,0,Terminated
32197,3,e22,e22,S2,S2,0,1,2,9.774362620207004,10,0,Successful
32222,5,e55,e55,S5,S5,0,1,2,5.122241427183444,6,0,Successful
32240,6,e66,e66,S6,S6,0,1,2,8.2789058261629336,9,0,Successful
32253,3,e22,e22,S2,S2,0,1,2,9.3618248961088568,10,0,Successful
32274,5,e55,e55,S5,S5,0,1,2,5.3446132994236173,6,0,Successful
32286,3,e21,e21,S2,S1,0,1,2,4.6016750274445926,5,0,Successful
32296,4,e43,e43,S4,S3,0,1,2,6.4009641490421973,7,0,Successful
32298,6,e66,e66,S6,S6,0,1,2,8.7352930337634653,9,0,Successful
32299,6,e66,e66,S6,S6,0,1,2,7.4906162847409687,8,0,Successful
32308,5,e55,e55,S5,S5,0,1,2,3.581490914347115,4,0,Successful
32311,6,e66,e66,S6,S6,0,1,2,8.8367253545657523,9,0,Successful
32318,5,e55,e55,S5,S5,0,1,2,5.9327837436309254,6,0,Successful
32318,6,e55,e55,S5,S5,1,2,2,3.8490002378796397,4,1,Successful
32322,3,e21,e21,S2,S1,0,1,2,4.4265793630055512,5,0,Successful
32327,3,e22,e22,S2,S2,0,1,2,8.8162242469072183,9,0,Successful
32331,6,e66,e66,S6,S6,0,1,2,6.7479217877771207,7,0,Successful
32343,3,e22,e22,S2,S2,0,1,2,8.0371486598740809,9,0,Successful
32350,4,e42,e42,S4,S2,0,1,2,10.577368774954827,11,0,Successful
32360,3,e21,e21,S2,S1,0,1,2,5.0797152264221035,6,0,Successful
32360,7,e52,e52,S5,S2,0,1,2,9.1490470221052789,10,0,Successful
32384,3,e21,e21,S2,S1,0,1,2,5.6226082845617711,6,0,Terminated
32398,3,e22,e22,S2,S2,0,1,2,9.4837881445410055,10,0,Successful
32402,5,e55,e55,S5,S5,0,1,2,4.9789909500000853,5,0,Successful
32403,5,e55,e55,S5,S5,0,1,2,3.6690151287671826,4,0,Successful
32409,3,e21,e21,S2,S1,0,1,2,5.4475881400815815,6,0,Terminated
32413,3,e21,e21,S2,S1,0,1,2,5.111577053069432,6,0,Terminated
32419,3,e22,e22,S2,S2,0,1,2,10.349681496414194,11,0,Successful
32421,4,e42,e42,S4,S2,0,1,2,9.8607992007695415,10,0,Successful
32431,3,e22,e22,S2,S2,0,1,2,8.3668270300989889,9,0,Successful
32468,3,e22,e22,S2,S2,0,1,2,9.7814903961362099,10,0,Successful
32481,3,e22,e22,S2,S2,0,1,2,9.120509800459045,10,0,Successful
32484,3,e22,e22,S2,S2,0,1,2,9.4617597048179611,10,0,Successful
32502,3,e22,e22,S2,S2,0,1,2,10.003435792043678,11,0,Successful
32506,3,e22,e22,S2,S2,0,1,2,10.271090506350067,11,0,Successful
32523,3,e21,e21,S2,S1,0,1,2,4.7957374540643301,5,0,Terminated
32527,3,e21,e21,S2,S1,0,1,2,4.5895685038871648,5,0,Successful
32537,3,e22,e22,S2,S2,0,1,2,9.1279951459235935,10,0,Successful
32538,5,e54,e54,S5,S4,0,1,2,11.274214993075773,12,0,Successful
32538,7,e54,e54,S5,S4,1,2,2,11.059394703356201,12,1,Successful
32546,5,e54,e54,S5,S4,0,1,2,10.673093001344876,11,0,Successful
32548,5,e66,e66,S6,S6,0,1,2,7.8887898416388484,8,0,Successful
32550,3,e21,e21,S2,S1,0,1,2,5.6007721397473844,6,0,Successful
32559,6,e66,e66,S6,S6,0,1,2,7.1220236582082812,8,0,Successful
32562,3,e21,e21,S2,S1,0,1,2,3.779967131675166,4,0,Terminated
32574,3,e22,e22,S2,S2,0,1,2,8.820743674370954,9,0,Successful
32581,7,e32,e32,S3,S2,0,1,2,16.259100584662768,17,0,Successful
32590,6,e66,e66,S6,S6,0,1,2,6.3009852929379413,7,0,Successful
32606,4,e43,e43,S4,S3,0,1,2,5.6669346361579231,6,0,Successful
32630,3,e21,e21,S2,S1,0,1,2,6.4919856793975086,7,0,Successful
32631,7,e32,e32,S3,S2,0,1,2,11.920204893183055,12,0,Successful
32631,10,e54,e54,S5,S4,0,1,2,10.238476147062439,11,0,Successful
32640,3,e21,e21,S2,S1,0,1,2,5.0051454993980586,6,0,Terminated
32643,3,e22,e22,S2,S2,0,1,2,10.585522477650755,11,0,Successful
32643,4,e21,e21,S2,S1,0,1,2,4.1129187111816572,5,0,Successful
32648,6,e66,e66,S6,S6,0,1,2,6.7494320348626147,7,0,Successful
32648,7,e66,e66,S6,S6,1,2,2,8.5941828749489844,9,1,Successful
32653,3,e21,e21,S2,S1,0,1,2,4.7495229638523115,5,0,Successful
32675,3,e21,e21,S2,S1,0,1,2,6.1214773975639876,7,0,Terminated
32679,4,e43,e43,S4,S3,0,1,2,6.1296258266026982,7,0,Successful
32681,5,e55,e55,S5,S5,0,1,2,4.8845045775855205,5,0,Successful
32698,3,e22,e22,S2,S2,0,1,2,9.5792078951239557,10,0,Successful
32749,3,e22,e22,S2,S2,0,1,2,10.435945113891453,11,0,Successful
32750,4,e43,e43,S4,S3,0,1,2,8.2536891008873532,9,0,Successful
32754,3,e21,e21,S2,S1,0,1,2,6.0956110978289928,7,0,Terminated
32766,3,e21,e21,S2,S1,0,1,2,5.2593779049314247,6,0,Successful
32769,4,e43,e43,S4,S3,0,1,2,8.1635185532723185,9,0,Successful
32793,7,e33,e33,S3,S3,0,1,2,6.3880342479394585,7,0,Successful
32796,6,e66,e66,S6,S6,0,1,2,8.0312005743064017,9,0,Successful
32800,3,e21,e21,S2,S1,0,1,2,5.4911441578816493,6,0,Successful
32802,7,e43,e43,S4,S3,0,1,2,6.2869277299645265,7,0,Successful
32819,5,e55,e55,S5,S5,0,1,2,4.3464892472409122,5,0,Successful
32820,4,e43,e43,S4,S3,0,1,2,6.3545168988406493,7,0,Successful
32823,3,e22,e22,S2,S2,0,1,2,7.6690890941094247,8,0,Successful
32837,3,e21,e21,S2,S1,0,1,2,5.1058638475846996,6,0,Successful
32854,5,e66,e66,S6,S6,0,1,2,7.4261956620723062,8,0,Successful
32860,3,e22,e22,S2,S2,0,1,2,10.079064444002441,11,0,Successful
32882,3,e21,e21,S2,S1,0,1,2,4.7355736519483109,5,0,Terminated
32892,3,e21,e21,S2,S1,0,1,2,5.871816815304955,6,0,Terminated
32897,6,e66,e66,S6,S6,0,1,2,5.9974477795299626,6,0,Successful
32924,5,e54,e54,S5,S4,0,1,2,9.861649199969694,10,0,Successful
32930,3,e22,e22,S2,S2,0,1,2,10.402566294094758,11,0,Successful
32931,3,e22,e22,S2,S2,0,1,2,11.198433960097374,12,0,Terminated
32979,3,e22,e22,S2,S2,0,1,2,8.2223187956022254,9,0,Successful
32990,6,e66,e66,S6,S6,0,1,2,8.4286819608676105,9,0,Successful
32991,5,e54,e54,S5,S4,0,1,2,10.577257416729882,11,0,Successful
32994,3,e22,e22,S2,S2,0,1,2,8.7426613874794104,9,0,Successful
32998,3,e22,e22,S2,S2,0,1,2,8.2337247033024745,9,0,Successful
33014,6,e66,e66,S6,S6,0,1,2,6.9628121112273851,7,0,Successful
33027,3,e22,e22,S2,S2,0,1,2,9.2151139427423701,10,0,Successful
33027,5,e42,e42,S4,S2,0,1,2,8.940734931452667,9,0,Successful
33041,3,e22,e22,S2,S2,0,1,2,8.6837938059047239,9,0,Successful
33046,4,e43,e43,S4,S3,0,1,2,8.7139360173190674,9,0,Successful
33049,6,e66,e66,S6,S6,0,1,2,8.4769827106533402,9,0,Successful
33063,3,e22,e22,S2,S2,0,1,2,8.1054325542462049,9,0,Successful
33066,3,e22,e22,S2,S2,0,1,2,7.435342674300383,8,0,Successful
33066,5,e43,e43,S4,S3,0,1,2,7.6126240942564873,8,0,Successful
33069,3,e22,e22,S2,S2,0,1,2,7.7072250171208694,8,0,Terminated
33077,4,e43,e43,S4,S3,0,1,2,6.0947119692511658,7,0,Successful
33098,6,e66,e66,S6,S6,0,1,2,7.1306273331851528,8,0,Successful
33106,4,e33,e33,S3,S3,0,1,2,7.4547365793889444,8,0,Successful
33110,5,e55,e55,S5,S5,0,1,2,5.211779049629377,6,0,Successful
33115,3,e22,e22,S2,S2,0,1,2,8.8394490485608124,9,0,Successful
33132,3,e21,e21,S2,S1,0,1,2,4.2134548054416188,5,0,Terminated
33133,4,e33,e33,S3,S3,0,1,2,4.6962730629337885,5,0,Successful
33137,4,e43,e43,S4,S3,0,1,2,7.0096064680421568,8,0,Successful
33143,5,e55,e55,S5,S5,0,1,2,5.9417262564353415,6,0,Successful
33182,3,e21,e21,S2,S1,0,1,2,4.2399740586014438,5,0,Successful
33200,4,e42,e42,S4,S2,0,1,2,9.4948938419542941,10,0,Successful
33204,6,e66,e66,S6,S6,0,1,2,6.9961743991371819,7,0,Successful
33205,3,e21,e21,S2,S1,0,1,2,5.3645595175594263,6,0,Successful
33227,6,e66,e66,S6,S6,0,1,2,6.8615281821800487,7,0,Successful
33228,5,e54,e54,S5,S4,0,1,2,8.3047021115368267,9,0,Successful
33263,3,e21,e21,S2,S1,0,1,2,4.1315601474671313,5,0,Successful
33268,5,e54,e54,S5,S4,0,1,2,10.140940539031487,11,0,Successful
33268,7,e52,e52,S5,S2,0,1,2,10.534919466003181,11,0,Successful
33273,3,e22,e22,S2,S2,0,1,2,10.029951206689182,11,0,Successful
33279,3,e21,e21,S2,S1,0,1,2,4.8169005902441526,5,0,Successful
33298,3,e22,e22,S2,S2,0,1,2,8.1437177054865515,9,0,Successful
33301,3,e22,e22,S2,S2,0,1,2,7.9333663203003111,8,0,Successful
33301,5,e43,e43,S4,S3,0,1,2,6.0942644775513442,7,0,Successful
33306,3,e22,e22,S2,S2,0,1,2,9.9730778613656099,10,0,Successful
33306,6,e55,e55,S5,S5,0,1,2,4.4923885857990538,5,0,Successful
33309,3,e22,e22,S2,S2,0,1,2,9.2362443393693088,10,0,Successful
33322,6,e66,e66,S6,S6,0,1,2,6.5868943547091732,7,0,Successful
33364,5,e55,e55,S5,S5,0,1,2,5.6598546036187889,6,0,Successful
33368,3,e22,e22,S2,S2,0,1,2,8.6572204300085929,9,0,Successful
33371,3,e21,e21,S2,S1,0,1,2,3.9154403903148172,4,0,Successful
33417,3,e21,e21,S2,S1,0,1,2,4.6699825448646202,5,0,Terminated
33426,4,e43,e43,S4,S3,0,1,2,7.840996020674301,8,0,Successful
33441,5,e52,e52,S5,S2,0,1,2,10.499335395261678,11,0,Successful
33448,4,e42,e42,S4,S2,0,1,2,10.657742406218627,11,0,Successful
33481,5,e54,e54,S5,S4,0,1,2,9.7042969754783606,10,0,Successful
33490,6,e66,e66,S6,S6,0,1,2,6.6230099426687392,7,0,Successful
33492,3,e21,e21,S2,S1,0,1,2,5.0279654067141948,6,0,Successful
33495,4,e42,e42,S4,S2,0,1,2,9.4319485127478853,10,0,Successful
33506,3,e22,e22,S2,S2,0,1,2,9.8932569015230243,10,0,Successful
33506,4,e22,e22,S2,S2,1,2,2,8.2973477031059364,9,1,Successful
33517,3,e22,e22,S2,S2,0,1,2,9.4311376599362955,10,0,Successful
33518,8,e33,e33,S3,S3,0,1,2,6.3226810674117448,7,0,Successful
33542,3,e22,e22,S2,S2,0,1,2,10.065020337465903,11,0,Successful
33562,3,e22,e22,S2,S2,0,1,2,11.535391387089344,12,0,Successful
33572,4,e43,e43,S4,S3,0,1,2,7.1882230908451854,8,0,Successful
33592,6,e66,e66,S6,S6,0,1,2,6.1204988752644836,7,0,Successful
33603,5,e54,e54,S5,S4,0,1,2,10.068316676496659,11,0,Terminated
33603,6,e42,e42,S4,S2,0,1,2,10.050923106146159,11,0,Terminated
33603,7,e21,e21,S2,S1,0,1,2,5.3068550252164091,6,0,Terminated
33609,3,e21,e21,S2,S1,0,1,2,5.2952256453386859,6,0,Successful
33611,3,e21,e21,S2,S1,0,1,2,4.5843895981545231,5,0,Terminated
33613,5,e55,e55,S5,S5,0,1,2,5.5559968766226024,6,0,Successful
33614,5,e54,e54,S5,S4,0,1,2,11.104797088925862,12,0,Successful
33616,8,e52,e52,S5,S2,0,1,2,8.8775046801832804,9,0,Successful
33616,11,e52,e52,S5,S2,1,2,2,11.096638847943121,12,1,Successful
33618,3,e22,e22,S2,S2,0,1,2,7.8505028803519785,8,0,Successful
33638,4,e43,e43,S4,S3,0,1,2,7.9343867511749231,8,0,Successful
33642,3,e21,e21,S2,S1,0,1,2,5.0495030217737149,6,0,Successful
33642,6,e43,e43,S4,S3,0,1,2,8.0511052654134456,9,0,Successful
33650,6,e66,e66,S6,S6,0,1,2,7.5686131906034957,8,0,Successful
33659,6,e66,e66,S6,S6,0,1,2,7.5274145094966585,8,0,Successful
33666,6,e66,e66,S6,S6,0,1,2,5.9654435658781848,6,0,Successful
33682,3,e21,e21,S2,S1,0,1,2,4.2909484815981624,5,0,Terminated
33686,4,e42,e42,S4,S2,0,1,2,10.611018553698035,11,0,Successful
33686,5,e21,e21,S2,S1,0,1,2,4.9620497411115352,5,0,Successful
33696,5,e52,e52,S5,S2,0,1,2,9.8982799963215236,10,0,Successful
33700,6,e66,e66,S6,S6,0,1,2,8.2045910745647959,9,0,Successful
33710,3,e22,e22,S2,S2,0,1,2,8.9078130471412749,9,0,Successful
33711,4,e43,e43,S4,S3,0,1,2,8.2182837708654066,9,0,Successful
33713,6,e54,e54,S5,S4,0,1,2,9.8742223588652269,10,0,Successful
33713,8,e52,e52,S5,S2,0,1,2,8.6125268521045601,9,0,Successful
33715,5,e54,e54,S5,S4,0,1,2,8.4637427943082884,9,0,Successful
33725,3,e21,e21,S2,S1,0,1,2,4.4995718140781786,5,0,Terminated
33726,5,e55,e55,S5,S5,0,1,2,5.2004490730609145,6,0,Successful
33726,7,e66,e66,S6,S6,0,1,2,6.0454798902271021,7,0,Successful
33760,3,e22,e22,S2,S2,0,1,2,9.581017956999375,10,0,Successful
33766,3,e21,e21,S2,S1,0,1,2,3.9077546014485782,4,0,Terminated
33776,5,e54,e54,S5,S4,0,1,2,10.043954839489038,11,0,Successful
33777,3,e21,e21,S2,S1,0,1,2,4.9330331032101702,5,0,Terminated
33784,6,e66,e66,S6,S6,0,1,2,6.8933755605665148,7,0,Successful
33790,5,e55,e55,S5,S5,0,1,2,4.5103476644004621,5,0,Successful
33795,4,e43,e43,S4,S3,0,1,2,5.727793818974769,6,0,Successful
33795,5,e32,e32,S3,S2,0,1,2,14.60415194770747,15,0,Successful
33795,6,e22,e22,S2,S2,0,1,2,9.0090993844188247,10,0,Successful
33805,5,e55,e55,S5,S5,0,1,2,4.8249642239635548,5,0,Successful
33824,3,e21,e21,S2,S1,0,1,2,3.8824077462297555,4,0,Successful
33842,6,e66,e66,S6,S6,0,1,2,6.443917109085044,7,0,Successful
33846,3,e22,e22,S2,S2,0,1,2,10.370785164051501,11,0,Successful
33855,3,e21,e21,S2,S1,0,1,2,3.610749331329747,4,0,Successful
33858,3,e22,e22,S2,S2,0,1,2,10.85194809958714,11,0,Successful
33858,5,e33,e33,S3,S3,0,1,2,9.0119565508890886,10,0,Successful
33864,5,e54,e54,S5,S4,0,1,2,9.9738667111169654,10,0,Successful
33866,3,e21,e21,S2,S1,0,1,2,4.8879140344307164,5,0,Successful
33893,6,e66,e66,S6,S6,0,1,2,5.9356106720160433,6,0,Successful
33914,5,e54,e54,S5,S4,0,1,2,10.810266048362228,11,0,Successful
33933,5,e54,e54,S5,S4,0,1,2,10.803414708100796,11,0,Successful
33940,3,e21,e21,S2,S1,0,1,2,4.3886336224885829,5,0,Terminated
33948,3,e21,e21,S2,S1,0,1,2,3.8028873729886454,4,0,Terminated
33957,4,e42,e42,S4,S2,0,1,2,10.643046784527829,11,0,Successful
33960,5,e55,e55,S5,S5,0,1,2,4.4762597221102496,5,0,Successful
34002,6,e66,e66,S6,S6,0,1,2,6.9654534935575896,7,0,Successful
34023,4,e33,e33,S3,S3,0,1,2,5.8170174864802764,6,0,Successful
34026,4,e43,e43,S4,S3,0,1,2,5.8202258943129106,6,0,Successful
34029,3,e21,e21,S2,S1,0,1,2,5.5288116732794377,6,0,Terminated
34041,3,e22,e22,S2,S2,0,1,2,8.922504271380344,9,0,Successful
34044,5,e55,e55,S5,S5,0,1,2,4.6303179444698159,5,0,Successful
34051,3,e22,e22,S2,S2,0,1,2,7.8249408360467756,8,0,Successful
34072,5,e55,e55,S5,S5,0,1,2,6.6580185587878287,7,0,Successful
34072,6,e55,e55,S5,S5,1,2,2,5.2183621161051654,6,1,Successful
34076,5,e55,e55,S5,S5,0,1,2,5.6234389881288198,6,0,Successful
34093,5,e66,e66,S6,S6,0,1,2,8.172811711075866,9,0,Successful
34095,3,e22,e22,S2,S2,0,1,2,8.7535584485701712,9,0,Successful
34097,3,e21,e21,S2,S1,0,1,2,3.2285532698571471,4,0,Terminated
34098,3,e22,e22,S2,S2,0,1,2,8.8235998278590504,9,0,Successful
34098,5,e43,e43,S4,S3,0,1,2,6.6487499075410099,7,0,Successful
34105,4,e42,e42,S4,S2,0,1,2,10.144554066539161,11,0,Successful
34112,6,e66,e66,S6,S6,0,1,2,7.8827910048549548,8,0,Successful
34113,4,e42,e42,S4,S2,0,1,2,10.055940101646687,11,0,Successful
34121,6,e66,e66,S6,S6,0,1,2,5.9457217196234629,6,0,Successful
34141,3,e21,e21,S2,S1,0,1,2,4.3967356789606722,5,0,Terminated
34144,3,e22,e22,S2,S2,0,1,2,9.0117717353117346,10,0,Successful
34147,5,e52,e52,S5,S2,0,1,2,11.4237289766122,12,0,Successful
34147,9,e66,e66,S6,S6,0,1,2,7.4288762227928924,8,0,Successful
34153,6,e66,e66,S6,S6,0,1,2,8.2057072206772332,9,0,Successful
34163,3,e21,e21,S2,S1,0,1,2,6.2966164007463181,7,0,Terminated
34165,5,e66,e66,S6,S6,0,1,2,7.1406036751856261,8,0,Successful
34168,3,e22,e22,S2,S2,0,1,2,8.6121787889556121,9,0,Successful
34171,5,e54,e54,S5,S4,0,1,2,9.3344207825728702,10,0,Successful
34174,3,e22,e22,S2,S2,0,1,2,8.2644148947055029,9,0,Successful
34183,4,e42,e42,S4,S2,0,1,2,11.076930993254102,12,0,Successful
34186,9,e66,e66,S6,S6,0,1,2,7.587587413205104,8,0,Successful
34208,3,e22,e22,S2,S2,0,1,2,10.877735929505622,11,0,Successful
34222,3,e21,e21,S2,S1,0,1,2,4.685690468883732,5,0,Successful
34238,4,e42,e42,S4,S2,0,1,2,8.4521316610183206,9,0,Successful
34239,5,e66,e66,S6,S6,0,1,2,8.734371662832217,9,0,Successful
34243,3,e21,e21,S2,S1,0,1,2,4.0136731486991168,5,0,Successful
34250,5,e43,e43,S4,S3,0,1,2,8.6344141771877769,9,0,Successful
34251,6,e66,e66,S6,S6,0,1,2,7.9313235359018908,8,0,Successful
34263,3,e21,e21,S2,S1,0,1,2,5.6345749902257722,6,0,Successful
34263,5,e21,e21,S2,S1,1,2,2,5.0306370803413936,6,1,Successful
34263,10,e66,e66,S6,S6,0,1,2,7.3116379417316741,8,0,Successful
34282,4,e43,e43,S4,S3,0,1,2,5.7381485703447517,6,0,Successful
34283,3,e22,e22,S2,S2,0,1,2,8.6295355071237267,9,0,Successful
34284,4,e42,e42,S4,S2,0,1,2,9.2759860227635755,10,0,Successful
34284,7,e54,e54,S5,S4,0,1,2,8.6796390204704501,9,0,Successful
34289,4,e43,e43,S4,S3,0,1,2,6.441701867813701,7,0,Successful
34291,10,e55,e55,S5,S5,0,1,2,4.5379656958155374,5,0,Successful
34302,4,e43,e43,S4,S3,0,1,2,7.7968966393550909,8,0,Successful
34305,3,e21,e21,S2,S1,0,1,2,5.4221488167553051,6,0,Successful
34321,4,e43,e43,S4,S3,0,1,2,8.1518908261140055,9,0,Terminated
34332,5,e52,e52,S5,S2,0,1,2,10.774361347337024,11,0,Successful
34346,3,e22,e22,S2,S2,0,1,2,10.938107252240421,11,0,Successful
34349,6,e66,e66,S6,S6,0,1,2,7.7661782168577735,8,0,Successful
34351,3,e21,e21,S2,S1,0,1,2,4.3717395868060933,5,0,Terminated
34363,4,e43,e43,S4,S3,0,1,2,7.4161165205024417,8,0,Successful
34384,4,e43,e43,S4,S3,0,1,2,7.4439256515604892,8,0,Successful
34410,5,e54,e54,S5,S4,0,1,2,11.148230047008997,12,0,Successful
34440,3,e21,e21,S2,S1,0,1,2,4.2854281047492417,5,0,Successful
34451,5,e52,e52,S5,S2,0,1,2,11.459312441977001,12,0,Successful
34464,5,e54,e54,S5,S4,0,1,2,9.0180503144662509,10,0,Successful
34465,3,e22,e22,S2,S2,0,1,2,7.8000823687347447,8,0,Successful
34467,5,e52,e52,S5,S2,0,1,2,9.697055731421278,10,0,Terminated
34467,6,e21,e21,S2,S1,0,1,2,4.5318360123097294,5,0,Terminated
34471,3,e22,e22,S2,S2,0,1,2,8.8391538165683023,9,0,Successful
34491,3,e22,e22,S2,S2,0,1,2,9.5509983314929183,10,0,Successful
34494,5,e52,e52,S5,S2,0,1,2,11.713980661629478,12,0,Terminated
34497,6,e66,e66,S6,S6,0,1,2,6.1504651768379324,7,0,Successful
34497,7,e66,e66,S6,S6,1,2,2,7.014640799865691,8,1,Successful
34517,3,e21,e21,S2,S1,0,1,2,5.8772458323829451,6,0,Terminated
34532,3,e21,e21,S2,S1,0,1,2,4.3191873213169867,5,0,Successful
34547,5,e54,e54,S5,S4,0,1,2,11.025903493778124,12,0,Successful
34549,5,e55,e55,S5,S5,0,1,2,6.3752601255654797,7,0,Successful
34560,3,e22,e22,S2,S2,0,1,2,10.705672411202945,11,0,Successful
34581,5,e54,e54,S5,S4,0,1,2,9.9818002108546384,10,0,Successful
34581,8,e66,e66,S6,S6,0,1,2,8.4233628736794497,9,0,Successful
34583,3,e21,e21,S2,S1,0,1,2,5.9265481427373627,6,0,Successful
34583,5,e22,e22,S2,S2,0,1,2,8.9671234591170741,9,0,Successful
34587,3,e21,e21,S2,S1,0,1,2,5.1981987053202454,6,0,Successful
34590,6,e66,e66,S6,S6,0,1,2,7.1535376411440241,8,0,Successful
34591,5,e54,e54,S5,S4,0,1,2,11.039778563616551,12,0,Successful
34593,3,e21,e21,S2,S1,0,1,2,5.5678186152771145,6,0,Successful
34603,5,e55,e55,S5,S5,0,1,2,6.7170810481096863,7,0,Successful
34604,5,e52,e52,S5,S2,0,1,2,9.9209073637277516,10,0,Successful
34608,3,e22,e22,S2,S2,0,1,2,8.8621957196984944,9,0,Successful
34609,5,e55,e55,S5,S5,0,1,2,5.2241731878205364,6,0,Successful
34611,3,e22,e22,S2,S2,0,1,2,9.8115432417319877,10,0,Successful
34615,3,e21,e21,S2,S1,0,1,2,4.3387067728103066,5,0,Successful
34615,8,e66,e66,S6,S6,0,1,2,8.1675293160761875,9,0,Successful
34617,5,e54,e54,S5,S4,0,1,2,10.144440609521451,11,0,Successful
34629,3,e22,e22,S2,S2,0,1,2,8.7942156188504583,9,0,Successful
34638,3,e21,e21,S2,S1,0,1,2,4.7705359951970614,5,0,Terminated
34653,4,e43,e43,S4,S3,0,1,2,7.3670679702397166,8,0,Successful
34667,4,e43,e43,S4,S3,0,1,2,7.1573436744727594,8,0,Successful
34670,3,e21,e21,S2,S1,0,1,2,4.225858538856972,5,0,Successful
34670,7,e54,e54,S5,S4,0,1,2,10.652027454253846,11,0,Successful
34671,6,e66,e66,S6,S6,0,1,2,7.6492780310425559,8,0,Successful
34675,5,e54,e54,S5,S4,0,1,2,10.264791917452431,11,0,Successful
34685,4,e43,e43,S4,S3,0,1,2,7.082184335185338,8,0,Successful
34691,3,e21,e21,S2,S1,0,1,2,4.5943770983852144,5,0,Successful
34714,4,e43,e43,S4,S3,0,1,2,6.9640345406535094,7,0,Successful
34714,8,e42,e42,S4,S2,0,1,2,9.4009840831092681,10,0,Successful
34716,3,e21,e21,S2,S1,0,1,2,5.1114245846886499,6,0,Terminated
34726,4,e42,e42,S4,S2,0,1,2,7.946047235759492,8,0,Successful
34730,5,e54,e54,S5,S4,0,1,2,10.598011402533144,11,0,Successful
34741,5,e52,e52,S5,S2,0,1,2,10.988207332748111,11,0,Successful
34753,3,e21,e21,S2,S1,0,1,2,4.9293213025536362,5,0,Successful
34763,4,e43,e43,S4,S3,0,1,2,8.2986614511211627,9,0,Successful
34765,7,e33,e33,S3,S3,0,1,2,7.377540136060218,8,0,Successful
34777,3,e22,e22,S2,S2,0,1,2,9.042450064770005,10,0,Successful
34782,6,e66,e66,S6,S6,0,1,2,7.6435213718213273,8,0,Successful
34801,3,e21,e21,S2,S1,0,1,2,6.1658017573513275,7,0,Terminated
34807,4,e42,e42,S4,S2,0,1,2,9.4062885962469629,10,0,Terminated
34808,3,e21,e21,S2,S1,0,1,2,5.085305436289671,6,0,Terminated
34814,3,e21,e21,S2,S1,0,1,2,5.9505529759897859,6,0,Successful
34817,3,e21,e21,S2,S1,0,1,2,5.9878218056695092,6,0,Terminated
34818,3,e22,e22,S2,S2,0,1,2,9.6446598161025605,10,0,Successful
34822,5,e54,e54,S5,S4,0,1,2,9.7937643643480481,10,0,Successful
34832,6,e66,e66,S6,S6,0,1,2,6.331846656224112,7,0,Successful
34835,6,e66,e66,S6,S6,0,1,2,8.2895445847218845,9,0,Successful
34837,3,e21,e21,S2,S1,0,1,2,4.9255269062124514,5,0,Successful
34842,6,e66,e66,S6,S6,0,1,2,7.5386238271164743,8,0,Successful
34849,4,e43,e43,S4,S3,0,1,2,6.2657004594181718,7,0,Successful
34860,6,e66,e66,S6,S6,0,1,2,8.0986503782405173,9,0,Successful
34868,6,e66,e66,S6,S6,0,1,2,7.6413715703945266,8,0,Successful
34896,3,e21,e21,S2,S1,0,1,2,5.2289244839595375,6,0,Successful
34912,4,e32,e32,S3,S2,0,1,2,12.763143372925848,13,0,Successful
34919,4,e43,e43,S4,S3,0,1,2,6.0059007741366806,7,0,Successful
34929,4,e43,e43,S4,S3,0,1,2,6.0536548139175919,7,0,Successful
34929,6,e43,e43,S4,S3,1,2,2,7.2943690503958649,8,1,Successful
34933,5,e54,e54,S5,S4,0,1,2,9.0634076921754243,10,0,Successful
34935,3,e21,e21,S2,S1,0,1,2,5.1229361268441167,6,0,Successful
34947,3,e21,e21,S2,S1,0,1,2,4.1781708877424961,5,0,Terminated
34959,3,e21,e21,S2,S1,0,1,2,5.7794971745489452,6,0,Successful
34959,9,e43,e43,S4,S3,0,1,2,8.5269526122479036,9,0,Successful
34961,4,e43,e43,S4,S3,0,1,2,7.2697273427667453,8,0,Successful
34977,3,e22,e22,S2,S2,0,1,2,8.3514989638258612,9,0,Successful
35017,4,e42,e42,S4,S2,0,1,2,9.6538128131014194,10,0,Successful
35021,6,e66,e66,S6,S6,0,1,2,6.5060440700393212,7,0,Successful
35043,6,e66,e66,S6,S6,0,1,2,7.3526932762893917,8,0,Successful
35044,5,e55,e55,S5,S5,0,1,2,4.7404496342359552,5,0,Successful
35050,6,e66,e66,S6,S6,0,1,2,7.3274737757991799,8,0,Successful
35051,4,e43,e43,S4,S3,0,1,2,6.5595642062289965,7,0,Successful
35054,3,e21,e21,S2,S1,0,1,2,6.2227523600966199,7,0,Terminated
35055,4,e43,e43,S4,S3,0,1,2,6.6296201138368795,7,0,Successful
35062,3,e22,e22,S2,S2,0,1,2,9.9081862210858453,10,0,Successful
35072,3,e22,e22,S2,S2,0,1,2,9.2564677186652755,10,0,Successful
35075,6,e66,e66,S6,S6,0,1,2,5.7993760911520926,6,0,Successful
35078,3,e21,e21,S2,S1,0,1,2,5.0799808009896434,6,0,Successful
35087,5,e54,e54,S5,S4,0,1,2,8.1508081298968467,9,0,Successful
35095,4,e42,e42,S4,S2,0,1,2,10.527824662613794,11,0,Successful
35123,3,e22,e22,S2,S2,0,1,2,10.56220337934845,11,0,Successful
35135,3,e21,e21,S2,S1,0,1,2,3.9214775452376904,4,0,Successful
35135,5,e22,e22,S2,S2,0,1,2,7.907025334382344,8,0,Successful
35135,7,e43,e43,S4,S3,0,1,2,8.6649617909112724,9,0,Successful
35141,6,e66,e66,S6,S6,0,1,2,6.4701415049809867,7,0,Successful
35153,3,e21,e21,S2,S1,0,1,2,6.186687126698649,7,0,Successful
35155,3,e22,e22,S2,S2,0,1,2,9.1673949067906406,10,0,Successful
35163,5,e54,e54,S5,S4,0,1,2,9.8287062714948963,10,0,Successful
35171,4,e43,e43,S4,S3,0,1,2,9.1060778487240537,10,0,Successful
35176,4,e43,e43,S4,S3,0,1,2,6.6307977655250339,7,0,Successful
35179,3,e22,e22,S2,S2,0,1,2,8.9256163471814638,9,0,Successful
35194,3,e22,e22,S2,S2,0,1,2,9.177133686668931,10,0,Successful
35213,3,e22,e22,S2,S2,0,1,2,9.3956466076877909,10,0,Successful
35222,6,e66,e66,S6,S6,0,1,2,7.2451724580386854,8,0,Successful
35231,3,e21,e21,S2,S1,0,1,2,5.0155784476522589,6,0,Successful
35239,5,e52,e52,S5,S2,0,1,2,9.0178892286924732,10,0,Successful
35243,3,e22,e22,S2,S2,0,1,2,8.3530611448497805,9,0,Successful
35256,5,e54,e54,S5,S4,0,1,2,9.6160901580709606,10,0,Successful
35263,6,e66,e66,S6,S6,0,1,2,7.5018620580248818,8,0,Successful
35271,5,e54,e54,S5,S4,0,1,2,8.9103796932664654,9,0,Successful
35276,5,e54,e54,S5,S4,0,1,2,8.020085167335937,9,0,Successful
35277,3,e21,e21,S2,S1,0,1,2,5.1882817943171045,6,0,Terminated
35299,4,e43,e43,S4,S3,0,1,2,7.964661346744113,8,0,Terminated
35315,6,e66,e66,S6,S6,0,1,2,7.4922400298680776,8,0,Successful
35319,3,e21,e21,S2,S1,0,1,2,5.8233029066016204,6,0,Successful
35328,6,e66,e66,S6,S6,0,1,2,6.0145001761154262,7,0,Successful
35335,7,e42,e42,S4,S2,0,1,2,10.636104215790535,11,0,Successful
35336,3,e22,e22,S2,S2,0,1,2,10.251159097964001,11,0,Successful
35352,6,e66,e66,S6,S6,0,1,2,8.2545781101403559,9,0,Successful
35360,3,e21,e21,S2,S1,0,1,2,5.8681455401807812,6,0,Terminated
35376,5,e54,e54,S5,S4,0,1,2,10.390542114892389,11,0,Successful
35401,3,e22,e22,S2,S2,0,1,2,9.8557650152156118,10,0,Successful
35403,3,e22,e22,S2,S2,0,1,2,8.3062234851473971,9,0,Successful
35409,3,e21,e21,S2,S1,0,1,2,5.893520224699957,6,0,Terminated
35412,4,e43,e43,S4,S3,0,1,2,5.852004431997222,6,0,Successful
35418,3,e22,e22,S2,S2,0,1,2,10.498075082443822,11,0,Successful
35431,6,e66,e66,S6,S6,0,1,2,7.5873873606648026,8,0,Successful
35438,3,e22,e22,S2,S2,0,1,2,9.4337754657879991,10,0,Successful
35442,3,e22,e22,S2,S2,0,1,2,9.0048510479831432,10,0,Successful
35444,5,e66,e66,S6,S6,0,1,2,6.0879311168304291,7,0,Successful
35449,5,e52,e52,S5,S2,0,1,2,9.0990528355799096,10,0,Successful
35449,7,e43,e43,S4,S3,0,1,2,6.5922412582307786,7,0,Successful
35450,6,e66,e66,S6,S6,0,1,2,7.8419729055131286,8,0,Successful
35467,5,e55,e55,S5,S5,0,1,2,4.3897880533272948,5,0,Successful
35468,3,e22,e22,S2,S2,0,1,2,8.6900297767079326,9,0,Successful
35483,3,e21,e21,S2,S1,0,1,2,4.9022101635168953,5,0,Successful
35488,3,e22,e22,S2,S2,0,1,2,8.8557339261182264,9,0,Successful
35492,3,e21,e21,S2,S1,0,1,2,5.2236019434503591,6,0,Successful
35524,3,e22,e22,S2,S2,0,1,2,7.7478213051193459,8,0,Successful
35525,5,e55,e55,S5,S5,0,1,2,6.0894639739718697,7,0,Successful
35539,5,e52,e52,S5,S2,0,1,2,9.1519033319252578,10,0,Successful
35539,6,e21,e21,S2,S1,0,1,2,3.5855091739584397,4,0,Successful
35540,3,e22,e22,S2,S2,0,1,2,9.9969293132196437,10,0,Successful
35554,5,e55,e55,S5,S5,0,1,2,5.5317164809330572,6,0,Successful
35556,4,e43,e43,S4,S3,0,1,2,6.4763161107129923,7,0,Successful
35557,9,e42,e42,S4,S2,0,1,2,9.3223187607501945,10,0,Successful
35557,11,e43,e43,S4,S3,0,1,2,6.2587453589810149,7,0,Successful
35566,3,e21,e21,S2,S1,0,1,2,5.5291915811300765,6,0,Successful
35575,3,e22,e22,S2,S2,0,1,2,9.0853997484439972,10,0,Successful
35586,5,e55,e55,S5,S5,0,1,2,4.2930635199195546,5,0,Successful
35588,6,e52,e52,S5,S2,0,1,2,10.121986824328262,11,0,Successful
35602,3,e21,e21,S2,S1,0,1,2,4.6874420473725484,5,0,Successful
35606,6,e66,e66,S6,S6,0,1,2,6.7596129148640047,7,0,Successful
35642,5,e52,e52,S5,S2,0,1,2,7.6369575733593722,8,0,Successful
35651,3,e21,e21,S2,S1,0,1,2,5.6494148332798524,6,0,Successful
35652,4,e43,e43,S4,S3,0,1,2,7.0091294723395539,8,0,Successful
35658,3,e21,e21,S2,S1,0,1,2,4.7998139159058679,5,0,Successful
35660,3,e22,e22,S2,S2,0,1,2,9.3479943787123272,10,0,Successful
35667,6,e66,e66,S6,S6,0,1,2,8.3075406895437958,9,0,Successful
35678,5,e52,e52,S5,S2,0,1,2,9.9936123716697018,10,0,Successful
35678,8,e55,e55,S5,S5,0,1,2,4.5347746083703413,5,0,Successful
35692,6,e66,e66,S6,S6,0,1,2,6.8241115988903669,7,0,Successful
35696,3,e22,e22,S2,S2,0,1,2,8.7919408334949907,9,0,Successful
35702,3,e21,e21,S2,S1,0,1,2,4.1021103332526376,5,0,Successful
35706,5,e54,e54,S5,S4,0,1,2,9.0331099832512933,10,0,Successful
35739,4,e43,e43,S4,S3,0,1,2,7.5758700366612279,8,0,Successful
35749,4,e43,e43,S4,S3,0,1,2,6.6872581943814096,7,0,Successful
35754,3,e22,e22,S2,S2,0,1,2,11.083271613398491,12,0,Successful
35754,4,e22,e22,S2,S2,1,2,2,9.8863140412216772,10,1,Successful
35756,3,e21,e21,S2,S1,0,1,2,3.9096734181771429,4,0,Successful
35761,3,e21,e21,S2,S1,0,1,2,5.2311521480260215,6,0,Terminated
35765,3,e22,e22,S2,S2,0,1,2,10.145873667517977,11,0,Successful
35791,3,e21,e21,S2,S1,0,1,2,5.0044700995288007,6,0,Terminated
35792,5,e54,e54,S5,S4,0,1,2,10.057808668292401,11,0,Successful
35817,4,e43,e43,S4,S3,0,1,2,8.7761447337020684,9,0,Successful
35824,3,e21,e21,S2,S1,0,1,2,5.2105501308932407,6,0,Terminated
35830,3,e21,e21,S2,S1,0,1,2,3.5219012846417401,4,0,Terminated
35844,3,e21,e21,S2,S1,0,1,2,4.7340479382900655,5,0,Successful
35846,3,e21,e21,S2,S1,0,1,2,4.08198856729895,5,0,Successful
35878,3,e21,e21,S2,S1,0,1,2,6.1006228441398118,7,0,Terminated
35882,6,e66,e66,S6,S6,0,1,2,7.2982456670236475,8,0,Successful
35887,3,e22,e22,S2,S2,0,1,2,7.5687864672636938,8,0,Successful
35891,6,e32,e32,S3,S2,0,1,2,17.037257465736797,18,0,Successful
35911,3,e21,e21,S2,S1,0,1,2,5.4184509361221753,6,0,Successful
35918,3,e21,e21,S2,S1,0,1,2,4.1670735767318119,5,0,Successful
35919,5,e54,e54,S5,S4,0,1,2,9.3940987449567608,10,0,Successful
35926,3,e21,e21,S2,S1,0,1,2,4.5185355991289322,5,0,Successful
35930,6,e66,e66,S6,S6,0,1,2,7.6287890034331678,8,0,Successful
35936,6,e66,e66,S6,S6,0,1,2,5.2735991582282313,6,0,Successful
35940,5,e54,e54,S5,S4,0,1,2,9.7755414036425101,10,0,Successful
35941,3,e22,e22,S2,S2,0,1,2,8.461238245159592,9,0,Successful
35944,4,e42,e42,S4,S2,0,1,2,7.6767938861863207,8,0,Successful
35953,6,e66,e66,S6,S6,0,1,2,5.8863331118549542,6,0,Successful
35989,5,e55,e55,S5,S5,0,1,2,4.9424485211518521,5,0,Successful
36016,7,e32,e32,S3,S2,0,1,2,15.164889087091266,16,0,Successful
36016,11,e66,e66,S6,S6,0,1,2,7.6119286748510486,8,0,Successful
36020,5,e54,e54,S5,S4,0,1,2,10.735673413689057,11,0,Successful
36030,5,e54,e54,S5,S4,0,1,2,9.6395301335490746,10,0,Successful
36032,3,e22,e22,S2,S2,0,1,2,8.5006500456273368,9,0,Successful
36049,3,e22,e22,S2,S2,0,1,2,10.096477535272147,11,0,Successful
36052,7,e43,e43,S4,S3,0,1,2,7.2563104657194772,8,0,Successful
36055,3,e21,e21,S2,S1,0,1,2,6.1308301456930696,7,0,Terminated
36061,4,e43,e43,S4,S3,0,1,2,5.9711273600064771,6,0,Successful
36063,6,e66,e66,S6,S6,0,1,2,6.3211226379999967,7,0,Successful
36070,3,e22,e22,S2,S2,0,1,2,9.5126653538316681,10,0,Successful
36090,3,e21,e21,S2,S1,0,1,2,6.4071544585417364,7,0,Terminated
36102,3,e22,e22,S2,S2,0,1,2,8.8368540720078634,9,0,Successful
36112,3,e21,e21,S2,S1,0,1,2,4.3451408300224053,5,0,Terminated
36120,3,e21,e21,S2,S1,0,1,2,5.3200422507635716,6,0,Successful
36122,4,e43,e43,S4,S3,0,1,2,6.0769338843693665,7,0,Successful
36123,5,e52,e52,S5,S2,0,1,2,8.4274171835751748,9,0,Successful
36158,3,e21,e21,S2,S1,0,1,2,4.8553931396432466,5,0,Terminated
36161,3,e22,e22,S2,S2,0,1,2,9.8937206227060557,10,0,Successful
36169,5,e52,e52,S5,S2,0,1,2,10.06567517653092,11,0,Successful
36176,3,e21,e21,S2,S1,0,1,2,5.5009881759528954,6,0,Terminated
36176,5,e21,e21,S2,S1,1,2,2,5.4420501590810613,6,1,Terminated
36178,3,e21,e21,S2,S1,0,1,2,4.2820525952402635,5,0,Successful
36193,3,e22,e22,S2,S2,0,1,2,10.247458854171043,11,0,Successful
36195,3,e21,e21,S2,S1,0,1,2,4.524651573234685,5,0,Terminated
36197,5,e55,e55,S5,S5,0,1,2,5.3481939579122884,6,0,Successful
36222,6,e66,e66,S6,S6,0,1,2,6.4012619183284345,7,0,Successful
36225,6,e66,e66,S6,S6,0,1,2,7.5121191734389683,8,0,Successful
36236,6,e66,e66,S6,S6,0,1,2,7.2970687479991039,8,0,Successful
36240,3,e22,e22,S2,S2,0,1,2,8.008693991474507,9,0,Successful
36243,3,e21,e21,S2,S1,0,1,2,4.7295171041908404,5,0,Successful
36251,5,e54,e54,S5,S4,0,1,2,9.4719559627475931,10,0,Successful
36273,6,e66,e66,S6,S6,0,1,2,7.5265168410196273,8,0,Successful
36274,3,e22,e22,S2,S2,0,1,2,8.0065632158462314,9,0,Successful
36301,5,e55,e55,S5,S5,0,1,2,5.467783024929421,6,0,Successful
36303,7,e43,e43,S4,S3,0,1,2,7.4612743321228097,8,0,Successful
36303,9,e43,e43,S4,S3,1,2,2,6.7973262744598646,7,1,Successful
36324,6,e66,e66,S6,S6,0,1,2,6.3507146886225252,7,0,Successful
36337,5,e52,e52,S5,S2,0,1,2,8.2569115757167975,9,0,Successful
36356,3,e22,e22,S2,S2,0,1,2,7.9441311596157655,8,0,Successful
36381,6,e66,e66,S6,S6,0,1,2,6.5546663629357367,7,0,Successful
36385,6,e66,e66,S6,S6,0,1,2,6.8056097098393531,7,0,Successful
36386,3,e22,e22,S2,S2,0,1,2,8.0036735602097888,9,0,Successful
36415,4,e42,e42,S4,S2,0,1,2,7.8844596696485301,8,0,Successful
36445,7,e43,e43,S4,S3,0,1,2,7.6502465299948428,8,0,Successful
36445,13,e55,e55,S5,S5,0,1,2,6.8428889656923682,7,0,Successful
36445,15,e66,e66,S6,S6,0,1,2,7.1382673597258055,8,0,Successful
36450,5,e66,e66,S6,S6,0,1,2,6.3797851359606916,7,0,Successful
36451,5,e54,e54,S5,S4,0,1,2,9.5875856530643766,10,0,Successful
36452,5,e52,e52,S5,S2,0,1,2,8.9807257435396277,9,0,Successful
36471,3,e21,e21,S2,S1,0,1,2,5.6234908488984425,6,0,Terminated
36472,3,e22,e22,S2,S2,0,1,2,9.7815106994631833,10,0,Successful
36483,3,e21,e21,S2,S1,0,1,2,4.9967828937272856,5,0,Terminated
36489,5,e66,e66,S6,S6,0,1,2,7.1715149201155537,8,0,Successful
36489,6,e66,e66,S6,S6,1,2,2,7.1030796095032267,8,1,Successful
36493,3,e21,e21,S2,S1,0,1,2,4.3643747871271374,5,0,Terminated
36506,4,e43,e43,S4,S3,0,1,2,7.5970478575616003,8,0,Successful
36506,5,e32,e32,S3,S2,0,1,2,15.601966879932004,16,0,Successful
36508,3,e22,e22,S2,S2,0,1,2,9.7806843342370602,10,0,Successful
36514,3,e21,e21,S2,S1,0,1,2,5.9041470627459738,6,0,Successful
36522,4,e42,e42,S4,S2,0,1,2,11.743731402191967,12,0,Successful
36529,3,e22,e22,S2,S2,0,1,2,8.3222424702949773,9,0,Successful
36529,7,e66,e66,S6,S6,0,1,2,6.1795761095312205,7,0,Successful
36549,3,e22,e22,S2,S2,0,1,2,8.0057781295107251,9,0,Successful
36555,4,e43,e43,S4,S3,0,1,2,8.4944380246276499,9,0,Successful
36566,3,e22,e22,S2,S2,0,1,2,8.7277101198565603,9,0,Successful
36578,5,e54,e54,S5,S4,0,1,2,9.8607889218274476,10,0,Successful
36580,3,e22,e22,S2,S2,0,1,2,7.9482284279305331,8,0,Successful
36580,5,e43,e43,S4,S3,0,1,2,6.9633728034231392,7,0,Successful
36589,6,e66,e66,S6,S6,0,1,2,7.1396654576840799,8,0,Successful
36593,3,e21,e21,S2,S1,0,1,2,6.0752275146821972,7,0,Successful
36602,3,e22,e22,S2,S2,0,1,2,7.4108703674969583,8,0,Successful
36608,3,e22,e22,S2,S2,0,1,2,9.9781383082320154,10,0,Successful
36609,5,e54,e54,S5,S4,0,1,2,10.692189961343123,11,0,Successful
36616,3,e22,e22,S2,S2,0,1,2,9.637890883494606,10,0,Successful
36633,4,e42,e42,S4,S2,0,1,2,9.846743540448859,10,0,Successful
36649,3,e21,e21,S2,S1,0,1,2,5.1502683116196319,6,0,Successful
36655,9,e66,e66,S6,S6,0,1,2,7.0257134921161555,8,0,Successful
36663,3,e21,e21,S2,S1,0,1,2,4.5581520149109256,5,0,Successful
36678,3,e21,e21,S2,S1,0,1,2,4.3846272198852185,5,0,Successful
36689,6,e66,e66,S6,S6,0,1,2,7.9958384046395317,8,0,Successful
36696,4,e42,e42,S4,S2,0,1,2,11.378411441939758,12,0,Successful
36696,5,e22,e22,S2,S2,0,1,2,8.8145449544718488,9,0,Successful
36698,3,e21,e21,S2,S1,0,1,2,4.3681004492156861,5,0,Successful
36713,4,e43,e43,S4,S3,0,1,2,7.4207698691154116,8,0,Successful
36723,4,e43,e43,S4,S3,0,1,2,7.0152206655507054,8,0,Successful
36728,5,e54,e54,S5,S4,0,1,2,10.140375455911864,11,0,Successful
36733,5,e52,e52,S5,S2,0,1,2,10.553752378604027,11,0,Successful
36733,6,e22,e22,S2,S2,0,1,2,8.7568628793318535,9,0,Successful
36733,10,e66,e66,S6,S6,0,1,2,7.7343447654443018,8,0,Successful
36738,3,e22,e22,S2,S2,0,1,2,8.7555203499206566,9,0,Successful
36746,3,e21,e21,S2,S1,0,1,2,3.7570928039009202,4,0,Terminated
36746,5,e21,e21,S2,S1,1,2,2,4.1206819607745055,5,1,Terminated
36758,7,e32,e32,S3,S2,0,1,2,16.258609954378912,17,0,Successful
36762,6,e66,e66,S6,S6,0,1,2,5.408411578736299,6,0,Successful
36772,4,e32,e32,S3,S2,0,1,2,11.582116439124482,12,0,Successful
36776,3,e22,e22,S2,S2,0,1,2,10.2286894504416,11,0,Successful
36783,3,e22,e22,S2,S2,0,1,2,7.8019890524679774,8,0,Successful
36794,6,e66,e66,S6,S6,0,1,2,5.8372743829968217,6,0,Successful
36795,3,e21,e21,S2,S1,0,1,2,5.1399344843752885,6,0,Terminated
36800,3,e21,e21,S2,S1,0,1,2,5.6344550708845835,6,0,Successful
36830,3,e21,e21,S2,S1,0,1,2,5.0132343777219646,6,0,Successful
36830,7,e54,e54,S5,S4,0,1,2,9.7056982398589025,10,0,Successful
36841,3,e22,e22,S2,S2,0,1,2,8.9793310666453294,9,0,Successful
36844,3,e22,e22,S2,S2,0,1,2,10.584878121881566,11,0,Successful
36845,6,e66,e66,S6,S6,0,1,2,6.437825882599892,7,0,Successful
36852,6,e66,e66,S6,S6,0,1,2,7.0089215209792339,8,0,Successful
36858,3,e21,e21,S2,S1,0,1,2,3.3631846500630163,4,0,Terminated
36860,4,e43,e43,S4,S3,0,1,2,7.132832658637728,8,0,Successful
36860,5,e32,e32,S3,S2,0,1,2,12.217582763989782,13,0,Successful
36871,3,e21,e21,S2,S1,0,1,2,5.0930961605184777,6,0,Terminated
36878,6,e66,e66,S6,S6,0,1,2,7.788431844663835,8,0,Successful
36898,3,e22,e22,S2,S2,0,1,2,8.9090166176743857,9,0,Successful
36918,6,e66,e66,S6,S6,0,1,2,6.8988674993669328,7,0,Successful
36920,3,e21,e21,S2,S1,0,1,2,4.5610915391063767,5,0,Successful
36932,3,e21,e21,S2,S1,0,1,2,4.7694263846066862,5,0,Successful
36941,3,e21,e21,S2,S1,0,1,2,4.1850769399821024,5,0,Terminated
36948,3,e22,e22,S2,S2,0,1,2,9.281177392290779,10,0,Successful
36967,3,e22,e22,S2,S2,0,1,2,9.3234896055889394,10,0,Successful
36969,5,e52,e52,S5,S2,0,1,2,8.5504123567419423,9,0,Successful
36977,6,e66,e66,S6,S6,0,1,2,7.676090705804052,8,0,Successful
36978,3,e22,e22,S2,S2,0,1,2,9.2105537091677441,10,0,Terminated
36978,4,e21,e21,S2,S1,0,1,2,4.9810052890041154,5,0,Terminated
36989,3,e21,e21,S2,S1,0,1,2,6.4055889507726853,7,0,Terminated
36990,5,e55,e55,S5,S5,0,1,2,5.9802874125241816,6,0,Successful
37006,3,e21,e21,S2,S1,0,1,2,5.2683246843306906,6,0,Successful
37014,6,e66,e66,S6,S6,0,1,2,7.4559237007982633,8,0,Successful
37030,4,e43,e43,S4,S3,0,1,2,8.3644380621652985,9,0,Successful
37030,5,e33,e33,S3,S3,0,1,2,6.6582497836744459,7,0,Successful
37033,4,e43,e43,S4,S3,0,1,2,5.9681996622816103,6,0,Successful
37063,3,e22,e22,S2,S2,0,1,2,9.4707916220198314,10,0,Successful
37066,5,e55,e55,S5,S5,0,1,2,4.5656290281081624,5,0,Successful
37076,3,e22,e22,S2,S2,0,1,2,10.124615089027952,11,0,Successful
37077,3,e21,e21,S2,S1,0,1,2,5.3291552432426599,6,0,Successful
37092,3,e22,e22,S2,S2,0,1,2,9.4362085291843787,10,0,Successful
37107,4,e43,e43,S4,S3,0,1,2,6.5011280263321805,7,0,Successful
37114,3,e21,e21,S2,S1,0,1,2,3.6281543625926589,4,0,Successful
37115,3,e21,e21,S2,S1,0,1,2,6.015808414352863,7,0,Successful
37121,6,e66,e66,S6,S6,0,1,2,7.4545575648926903,8,0,Successful
37128,3,e22,e22,S2,S2,0,1,2,8.9097617243272467,9,0,Successful
37136,6,e66,e66,S6,S6,0,1,2,7.0791501635323755,8,0,Successful
37150,3,e22,e22,S2,S2,0,1,2,8.8445279597112663,9,0,Successful
37162,3,e22,e22,S2,S2,0,1,2,8.5913686388943695,9,0,Successful
37182,7,e33,e33,S3,S3,0,1,2,7.2600832301993616,8,0,Successful
37183,3,e21,e21,S2,S1,0,1,2,5.7696318794218833,6,0,Successful
37189,3,e22,e22,S2,S2,0,1,2,9.0944383092392016,10,0,Successful
37190,6,e66,e66,S6,S6,0,1,2,7.8691927968957049,8,0,Successful
37220,3,e22,e22,S2,S2,0,1,2,11.362932071691954,12,0,Successful
37225,5,e54,e54,S5,S4,0,1,2,10.360445630181022,11,0,Successful
37231,6,e66,e66,S6,S6,0,1,2,9.3271472429118205,10,0,Successful
37232,4,e42,e42,S4,S2,0,1,2,9.372361061890329,10,0,Successful
37234,5,e55,e55,S5,S5,0,1,2,4.1569390581302708,5,0,Successful
37238,7,e32,e32,S3,S2,0,1,2,15.538607940295407,16,0,Successful
37245,3,e22,e22,S2,S2,0,1,2,9.6810833198917496,10,0,Successful
37252,3,e22,e22,S2,S2,0,1,2,7.2256290112584391,8,0,Successful
37255,4,e42,e42,S4,S2,0,1,2,9.9168329624055591,10,0,Successful
37258,3,e22,e22,S2,S2,0,1,2,10.231450917131205,11,0,Successful
37274,3,e21,e21,S2,S1,0,1,2,4.4986221969498796,5,0,Terminated
37275,5,e55,e55,S5,S5,0,1,2,4.6629540962313882,5,0,Successful
37279,3,e21,e21,S2,S1,0,1,2,6.025402941615968,7,0,Successful
37281,3,e21,e21,S2,S1,0,1,2,5.3927185162165214,6,0,Terminated
37281,5,e21,e21,S2,S1,1,2,2,5.670660948017181,6,1,Terminated
37285,3,e21,e21,S2,S1,0,1,2,3.8493584954465172,4,0,Successful
37287,5,e54,e54,S5,S4,0,1,2,8.6300322367809752,9,0,Successful
37289,6,e66,e66,S6,S6,0,1,2,7.5815365757726667,8,0,Successful
37289,7,e66,e66,S6,S6,1,2,2,6.801515456132031,7,1,Successful
37291,5,e52,e52,S5,S2,0,1,2,11.010343844393542,12,0,Successful
37291,7,e42,e42,S4,S2,0,1,2,9.6383717350032594,10,0,Successful
37298,3,e21,e21,S2,S1,0,1,2,3.9185380096342319,4,0,Terminated
37317,6,e33,e33,S3,S3,0,1,2,7.9182136985975093,8,0,Successful
37319,4,e42,e42,S4,S2,0,1,2,8.9356906892465009,9,0,Successful
37319,6,e43,e43,S4,S3,0,1,2,7.4361714331789708,8,0,Successful
37326,5,e54,e54,S5,S4,0,1,2,11.267878427845767,12,0,Successful
37327,3,e22,e22,S2,S2,0,1,2,8.6656074439050546,9,0,Successful
37348,6,e66,e66,S6,S6,0,1,2,7.0042613579141824,8,0,Successful
37351,3,e22,e22,S2,S2,0,1,2,10.472360380177172,11,0,Successful
37372,4,e43,e43,S4,S3,0,1,2,5.8068091773885593,6,0,Successful
37372,6,e43,e43,S4,S3,1,2,2,8.5821531967618121,9,1,Successful
37377,3,e21,e21,S2,S1,0,1,2,4.5591901261014058,5,0,Successful
37381,5,e52,e52,S5,S2,0,1,2,11.130374048186287,12,0,Successful
37393,7,e43,e43,S4,S3,0,1,2,6.6401526880579702,7,0,Successful
37395,4,e43,e43,S4,S3,0,1,2,6.0595369233662737,7,0,Successful
37400,3,e22,e22,S2,S2,0,1,2,7.4210179741441147,8,0,Successful
37417,8,e54,e54,S5,S4,0,1,2,9.2128666452645191,10,0,Successful
37430,4,e43,e43,S4,S3,0,1,2,7.986311213329941,8,0,Successful
37449,3,e22,e22,S2,S2,0,1,2,8.8272416721943578,9,0,Successful
37449,7,e66,e66,S6,S6,0,1,2,6.4483612783614372,7,0,Successful
37459,5,e55,e55,S5,S5,0,1,2,6.0939522732492115,7,0,Successful
37480,3,e21,e21,S2,S1,0,1,2,3.9399544865062897,4,0,Successful
37489,6,e66,e66,S6,S6,0,1,2,6.1946848893816178,7,0,Successful
37502,4,e43,e43,S4,S3,0,1,2,6.7345405458468317,7,0,Successful
37502,7,e52,e52,S5,S2,0,1,2,9.4460675946575439,10,0,Successful
37521,5,e54,e54,S5,S4,0,1,2,8.6223827900308176,9,0,Successful
37530,6,e66,e66,S6,S6,0,1,2,8.3758605676168685,9,0,Successful
37555,9,e54,e54,S5,S4,0,1,2,10.265626222729475,11,0,Successful
37563,5,e54,e54,S5,S4,0,1,2,10.351062865467638,11,0,Successful
37568,5,e52,e52,S5,S2,0,1,2,10.219964161042498,11,0,Successful
37583,6,e66,e66,S6,S6,0,1,2,7.0200605338773663,8,0,Successful
37588,3,e21,e21,S2,S1,0,1,2,4.6532857722551375,5,0,Terminated
37606,6,e66,e66,S6,S6,0,1,2,6.3503155562407958,7,0,Successful
37637,7,e33,e33,S3,S3,0,1,2,5.7961824216316611,6,0,Successful
37655,3,e21,e21,S2,S1,0,1,2,5.2242659305510708,6,0,Successful
37658,3,e22,e22,S2,S2,0,1,2,10.758771658699029,11,0,Successful
37659,3,e21,e21,S2,S1,0,1,2,3.7877566478010198,4,0,Successful
37662,5,e54,e54,S5,S4,0,1,2,11.473749097887476,12,0,Successful
37674,3,e21,e21,S2,S1,0,1,2,3.995940669955103,4,0,Successful
37678,4,e43,e43,S4,S3,0,1,2,7.0824839839686895,8,0,Successful
37679,3,e22,e22,S2,S2,0,1,2,8.8722860068232805,9,0,Successful
37685,3,e21,e21,S2,S1,0,1,2,5.1331621888016379,6,0,Terminated
37686,3,e22,e22,S2,S2,0,1,2,10.052754450240613,11,0,Successful
37706,6,e66,e66,S6,S6,0,1,2,9.0311512190421812,10,0,Successful
37707,4,e43,e43,S4,S3,0,1,2,8.8510416874201159,9,0,Successful
37713,3,e21,e21,S2,S1,0,1,2,4.7735571488954305,5,0,Successful
37742,5,e55,e55,S5,S5,0,1,2,5.7177972166455948,6,0,Successful
37746,3,e21,e21,S2,S1,0,1,2,5.9506321137928238,6,0,Terminated
37771,6,e66,e66,S6,S6,0,1,2,6.446596211481598,7,0,Successful
37781,3,e22,e22,S2,S2,0,1,2,8.2324953769806566,9,0,Successful
37782,5,e55,e55,S5,S5,0,1,2,4.399730583344005,5,0,Successful
37786,4,e42,e42,S4,S2,0,1,2,8.8308858126485124,9,0,Successful
37786,5,e21,e21,S2,S1,0,1,2,4.3093714434821244,5,0,Successful
37802,3,e22,e22,S2,S2,0,1,2,8.8769273399034514,9,0,Successful
37807,3,e22,e22,S2,S2,0,1,2,9.5838609063081126,10,0,Successful
37832,4,e43,e43,S4,S3,0,1,2,6.7598955433291898,7,0,Successful
37832,7,e52,e52,S5,S2,0,1,2,11.02809570381282,12,0,Successful
37832,8,e22,e22,S2,S2,0,1,2,9.5762444392104413,10,0,Successful
37863,3,e22,e22,S2,S2,0,1,2,8.3135450726691822,9,0,Successful
37870,6,e33,e33,S3,S3,0,1,2,8.9982032679514568,9,0,Successful
37871,3,e21,e21,S2,S1,0,1,2,5.5502344988923147,6,0,Successful
37879,3,e21,e21,S2,S1,0,1,2,4.8415327400919477,5,0,Successful
37904,3,e22,e22,S2,S2,0,1,2,10.092112534131704,11,0,Successful
37904,7,e66,e66,S6,S6,0,1,2,7.5258611749098767,8,0,Successful
37933,5,e55,e55,S5,S5,0,1,2,5.6066509086093248,6,0,Successful
37944,3,e21,e21,S2,S1,0,1,2,3.9955625869746116,4,0,Terminated
37946,3,e21,e21,S2,S1,0,1,2,4.2351855558594007,5,0,Successful
37964,4,e42,e42,S4,S2,0,1,2,9.0958226020264981,10,0,Successful
37974,6,e66,e66,S6,S6,0,1,2,8.4724303213576686,9,0,Successful
37978,3,e21,e21,S2,S1,0,1,2,5.8273252107136404,6,0,Terminated
37986,4,e42,e42,S4,S2,0,1,2,9.5626515251993354,10,0,Successful
37986,5,e21,e21,S2,S1,0,1,2,5.0054854677338909,6,0,Successful
38010,5,e52,e52,S5,S2,0,1,2,10.2605125537081,11,0,Successful
38015,3,e21,e21,S2,S1,0,1,2,4.8451446831312195,5,0,Successful
38017,6,e66,e66,S6,S6,0,1,2,6.7030141011598428,7,0,Successful
38020,5,e55,e55,S5,S5,0,1,2,6.5222409850498577,7,0,Successful
38024,5,e54,e54,S5,S4,0,1,2,10.675313855978143,11,0,Successful
38024,8,e66,e66,S6,S6,0,1,2,7.7473710535546827,8,0,Successful
38025,6,e66,e66,S6,S6,0,1,2,8.4495215402707551,9,0,Successful
38029,4,e43,e43,S4,S3,0,1,2,6.0516091392226228,7,0,Successful
38057,3,e22,e22,S2,S2,0,1,2,10.742793274456826,11,0,Successful
38060,4,e43,e43,S4,S3,0,1,2,6.7747634623795356,7,0,Successful
38072,6,e66,e66,S6,S6,0,1,2,5.9142927139902515,6,0,Successful
38073,3,e21,e21,S2,S1,0,1,2,5.5640962318380671,6,0,Terminated
38134,3,e21,e21,S2,S1,0,1,2,5.4577332874508988,6,0,Terminated
38134,5,e21,e21,S2,S1,1,2,2,5.5647496147398181,6,1,Terminated
38135,3,e22,e22,S2,S2,0,1,2,9.6565135929838579,10,0,Successful
38136,4,e42,e42,S4,S2,0,1,2,9.839165229823486,10,0,Successful
38179,6,e66,e66,S6,S6,0,1,2,7.6584992174475346,8,0,Successful
38182,4,e42,e42,S4,S2,0,1,2,8.8536817735951558,9,0,Successful
38199,5,e55,e55,S5,S5,0,1,2,5.894048963561497,6,0,Successful
38209,3,e21,e21,S2,S1,0,1,2,3.9577035084355736,4,0,Terminated
38229,4,e42,e42,S4,S2,0,1,2,10.413625977091627,11,0,Successful
38229,7,e55,e55,S5,S5,0,1,2,4.5504161120377002,5,0,Successful
38245,4,e42,e42,S4,S2,0,1,2,9.9415612838045675,10,0,Successful
38254,3,e22,e22,S2,S2,0,1,2,9.5820647193042081,10,0,Successful
38270,5,e52,e52,S5,S2,0,1,2,9.6017264677677705,10,0,Successful
38270,7,e43,e43,S4,S3,0,1,2,7.8524074623610352,8,0,Successful
38270,11,e66,e66,S6,S6,0,1,2,7.6369131132200945,8,0,Successful
38318,5,e43,e43,S4,S3,0,1,2,7.0243739783677039,8,0,Successful
38333,5,e52,e52,S5,S2,0,1,2,8.1928369602875293,9,0,Successful
38335,3,e21,e21,S2,S1,0,1,2,5.3496000545435178,6,0,Successful
38348,3,e21,e21,S2,S1,0,1,2,4.4742408818583908,5,0,Successful
38362,3,e21,e21,S2,S1,0,1,2,4.6940387748637935,5,0,Terminated
38368,5,e54,e54,S5,S4,0,1,2,7.9867825020652958,8,0,Successful
38368,7,e54,e54,S5,S4,1,2,2,10.413865826402567,11,1,Successful
38375,6,e66,e66,S6,S6,0,1,2,5.9698543166623592,6,0,Successful
38379,3,e22,e22,S2,S2,0,1,2,8.4085265903332083,9,0,Successful
38397,7,e33,e33,S3,S3,0,1,2,5.0150253250522541,6,0,Successful
38422,3,e22,e22,S2,S2,0,1,2,9.8399971381919045,10,0,Successful
38424,3,e22,e22,S2,S2,0,1,2,7.9106383614330138,8,0,Successful
38443,3,e22,e22,S2,S2,0,1,2,8.5229832040526432,9,0,Successful
38454,6,e66,e66,S6,S6,0,1,2,8.8347889258211847,9,0,Successful
38455,3,e21,e21,S2,S1,0,1,2,5.2089896564189155,6,0,Terminated
38463,6,e66,e66,S6,S6,0,1,2,6.5042476961236826,7,0,Successful
38505,5,e54,e54,S5,S4,0,1,2,10.127896538696584,11,0,Successful
38505,7,e54,e54,S5,S4,1,2,2,10.243128970588216,11,1,Successful
38505,14,e66,e66,S6,S6,0,1,2,6.0068094546545812,7,0,Successful
38523,5,e54,e54,S5,S4,0,1,2,7.7205398865128112,8,0,Successful
38523,6,e43,e43,S4,S3,0,1,2,7.5671896993174634,8,0,Successful
38524,5,e54,e54,S5,S4,0,1,2,8.74920249284866,9,0,Successful
38526,3,e21,e21,S2,S1,0,1,2,5.5456765625989108,6,0,Successful
38531,4,e42,e42,S4,S2,0,1,2,10.638873978986918,11,0,Successful
38532,3,e22,e22,S2,S2,0,1,2,9.4776410739760735,10,0,Successful
38559,5,e52,e52,S5,S2,0,1,2,9.2559358879620159,10,0,Successful
38572,3,e22,e22,S2,S2,0,1,2,8.4089198559929788,9,0,Successful
38572,4,e22,e22,S2,S2,1,2,2,9.0704208195690033,10,1,Successful
38574,4,e43,e43,S4,S3,0,1,2,7.5170379612215461,8,0,Successful
38577,6,e66,e66,S6,S6,0,1,2,7.0875023948202918,8,0,Successful
38578,5,e54,e54,S5,S4,0,1,2,11.006361654147927,12,0,Successful
38594,6,e66,e66,S6,S6,0,1,2,5.7744858770022525,6,0,Successful
38602,3,e21,e21,S2,S1,0,1,2,4.1729633686596204,5,0,Successful
38606,5,e55,e55,S5,S5,0,1,2,3.9611809493818377,4,0,Successful
38606,6,e52,e52,S5,S2,0,1,2,10.771843348523312,11,0,Successful
38619,4,e42,e42,S4,S2,0,1,2,7.9462841747778272,8,0,Successful
38632,5,e54,e54,S5,S4,0,1,2,10.425881768178211,11,0,Successful
38633,3,e21,e21,S2,S1,0,1,2,6.523812122468847,7,0,Successful
38637,3,e21,e21,S2,S1,0,1,2,4.2885862567965116,5,0,Terminated
38648,6,e66,e66,S6,S6,0,1,2,7.9006833850351477,8,0,Successful
38682,6,e66,e66,S6,S6,0,1,2,7.5947717048902472,8,0,Successful
38723,3,e21,e21,S2,S1,0,1,2,4.8450634363958507,5,0,Terminated
38731,3,e22,e22,S2,S2,0,1,2,7.9804970859563431,8,0,Successful
38733,3,e22,e22,S2,S2,0,1,2,9.3015102976576873,10,0,Successful
38743,6,e54,e54,S5,S4,0,1,2,8.859062996568051,9,0,Successful
38747,4,e42,e42,S4,S2,0,1,2,9.9169102622016112,10,0,Successful
38756,3,e21,e21,S2,S1,0,1,2,5.6576671815794697,6,0,Terminated
38761,6,e66,e66,S6,S6,0,1,2,5.3836173869925963,6,0,Successful
38782,5,e55,e55,S5,S5,0,1,2,4.6793872206056442,5,0,Successful
38799,3,e21,e21,S2,S1,0,1,2,6.1155731431760287,7,0,Successful
38808,6,e66,e66,S6,S6,0,1,2,6.7656621050110051,7,0,Successful
38827,4,e43,e43,S4,S3,0,1,2,6.7826495290475757,7,0,Successful
38827,6,e43,e43,S4,S3,1,2,2,7.3473422232915873,8,1,Successful
38833,6,e54,e54,S5,S4,0,1,2,9.8202766574557021,10,0,Successful
38835,3,e21,e21,S2,S1,0,1,2,6.8879419579139789,7,0,Terminated
38838,6,e66,e66,S6,S6,0,1,2,5.7181464536921043,6,0,Successful
38846,3,e22,e22,S2,S2,0,1,2,8.3481229898557174,9,0,Successful
38854,3,e22,e22,S2,S2,0,1,2,9.3270279941525427,10,0,Successful
38860,6,e66,e66,S6,S6,0,1,2,7.7785073547251624,8,0,Successful
38862,4,e42,e42,S4,S2,0,1,2,10.504035099031993,11,0,Successful
38870,5,e54,e54,S5,S4,0,1,2,10.585815267744678,11,0,Successful
38874,6,e66,e66,S6,S6,0,1,2,6.8451289327892981,7,0,Successful
38876,3,e21,e21,S2,S1,0,1,2,4.8504915617858515,5,0,Terminated
38883,4,e43,e43,S4,S3,0,1,2,7.3609135627207678,8,0,Successful
38891,5,e52,e52,S5,S2,0,1,2,9.678247832032854,10,0,Successful
38894,6,e66,e66,S6,S6,0,1,2,8.2903458379302126,9,0,Successful
38896,5,e55,e55,S5,S5,0,1,2,6.1935952074450986,7,0,Successful
38920,3,e22,e22,S2,S2,0,1,2,9.1880348847604765,10,0,Successful
38921,5,e55,e55,S5,S5,0,1,2,5.6939653254338385,6,0,Successful
38924,3,e22,e22,S2,S2,0,1,2,9.7172637923302538,10,0,Successful
38971,5,e52,e52,S5,S2,0,1,2,9.3813402287708758,10,0,Successful
38987,3,e21,e21,S2,S1,0,1,2,3.5471327278142697,4,0,Successful
38999,4,e42,e42,S4,S2,0,1,2,9.8539208037635717,10,0,Successful
39001,6,e66,e66,S6,S6,0,1,2,7.7193245066835283,8,0,Successful
39002,5,e52,e52,S5,S2,0,1,2,11.317728294850429,12,0,Successful
39015,4,e43,e43,S4,S3,0,1,2,7.5237181847637551,8,0,Successful
39015,5,e33,e33,S3,S3,0,1,2,5.0858609883907349,6,0,Successful
39015,6,e32,e32,S3,S2,0,1,2,13.78322900491608,14,0,Successful
39034,4,e42,e42,S4,S2,0,1,2,10.371800324040834,11,0,Successful
39044,5,e55,e55,S5,S5,0,1,2,5.5072641901720925,6,0,Successful
39053,6,e66,e66,S6,S6,0,1,2,7.9081594765494883,8,0,Successful
39069,3,e21,e21,S2,S1,0,1,2,5.7606594309573111,6,0,Successful
39072,4,e43,e43,S4,S3,0,1,2,8.3120622999642304,9,0,Successful
39086,4,e42,e42,S4,S2,0,1,2,8.5000730246957179,9,0,Terminated
39086,5,e21,e21,S2,S1,0,1,2,5.1214172652644834,6,0,Terminated
39086,7,e21,e21,S2,S1,1,2,2,4.9305458148952184,5,1,Terminated
39092,6,e66,e66,S6,S6,0,1,2,7.8959459999948347,8,0,Successful
39097,3,e22,e22,S2,S2,0,1,2,9.9145664193829113,10,0,Successful
39107,4,e42,e42,S4,S2,0,1,2,11.062058319672818,12,0,Successful
39117,5,e66,e66,S6,S6,0,1,2,7.6308626775307467,8,0,Successful
39137,3,e21,e21,S2,S1,0,1,2,5.0792396311798731,6,0,Successful
39152,3,e21,e21,S2,S1,0,1,2,6.3606123564615125,7,0,Successful
39176,4,e43,e43,S4,S3,0,1,2,8.4248565412246208,9,0,Successful
39183,3,e22,e22,S2,S2,0,1,2,9.639495530525803,10,0,Successful
39184,5,e54,e54,S5,S4,0,1,2,10.544437643167839,11,0,Successful
39193,3,e21,e21,S2,S1,0,1,2,3.8450996220150078,4,0,Successful
39201,5,e54,e54,S5,S4,0,1,2,10.07712640486082,11,0,Successful
39213,3,e21,e21,S2,S1,0,1,2,5.7639768183329343,6,0,Terminated
39219,4,e43,e43,S4,S3,0,1,2,5.5984472937322662,6,0,Successful
39233,3,e22,e22,S2,S2,0,1,2,8.7382013706265287,9,0,Successful
39244,3,e22,e22,S2,S2,0,1,2,8.3092093198166861,9,0,Successful
39250,3,e22,e22,S2,S2,0,1,2,9.1911567997348342,10,0,Terminated
39250,4,e21,e21,S2,S1,0,1,2,4.5580100298249304,5,0,Terminated
39255,6,e66,e66,S6,S6,0,1,2,7.2407099011195921,8,0,Successful
39269,3,e21,e21,S2,S1,0,1,2,5.054438417932694,6,0,Terminated
39287,3,e21,e21,S2,S1,0,1,2,5.2655075726184073,6,0,Terminated
39293,4,e43,e43,S4,S3,0,1,2,7.1536851030174304,8,0,Successful
39293,7,e66,e66,S6,S6,0,1,2,7.9433500143148716,8,0,Successful
39301,3,e21,e21,S2,S1,0,1,2,5.7999221775097052,6,0,Terminated
39317,3,e22,e22,S2,S2,0,1,2,10.224615764762643,11,0,Successful
39341,4,e43,e43,S4,S3,0,1,2,7.3254945239466895,8,0,Successful
39351,3,e22,e22,S2,S2,0,1,2,10.01129950587811,11,0,Successful
39365,3,e22,e22,S2,S2,0,1,2,10.6986420106685,11,0,Successful
39366,6,e66,e66,S6,S6,0,1,2,5.9549354683292304,6,0,Successful
39373,6,e66,e66,S6,S6,0,1,2,6.0674231315271241,7,0,Successful
39374,6,e66,e66,S6,S6,0,1,2,5.9445777588067577,6,0,Successful
39381,5,e55,e55,S5,S5,0,1,2,5.1504815292117279,6,0,Successful
39386,3,e22,e22,S2,S2,0,1,2,8.6054090687191778,9,0,Successful
39386,6,e55,e55,S5,S5,0,1,2,5.4275381725969645,6,0,Successful
39388,4,e43,e43,S4,S3,0,1,2,5.23906509575969,6,0,Successful
39388,5,e33,e33,S3,S3,0,1,2,8.1128540036598675,9,0,Successful
39397,5,e54,e54,S5,S4,0,1,2,10.86945366760636,11,0,Successful
39414,3,e21,e21,S2,S1,0,1,2,4.9059560941104685,5,0,Terminated
39425,3,e22,e22,S2,S2,0,1,2,10.058880605291904,11,0,Successful
39437,3,e22,e22,S2,S2,0,1,2,9.2327543015740563,10,0,Successful
39439,3,e22,e22,S2,S2,0,1,2,7.6217453860473885,8,0,Successful
39441,5,e55,e55,S5,S5,0,1,2,5.8471407432231484,6,0,Successful
39442,3,e21,e21,S2,S1,0,1,2,4.6297554460651984,5,0,Successful
39442,7,e54,e54,S5,S4,0,1,2,8.8899121372510823,9,0,Successful
39461,4,e43,e43,S4,S3,0,1,2,7.2778210160529628,8,0,Successful
39472,3,e21,e21,S2,S1,0,1,2,4.8914795558077762,5,0,Successful
39478,3,e22,e22,S2,S2,0,1,2,10.475501383597152,11,0,Successful
39489,3,e22,e22,S2,S2,0,1,2,9.9907405427278668,10,0,Successful
39493,4,e43,e43,S4,S3,0,1,2,7.525030289740017,8,0,Successful
39493,7,e52,e52,S5,S2,0,1,2,10.532776283237286,11,0,Successful
39504,3,e22,e22,S2,S2,0,1,2,9.1143787070203892,10,0,Successful
39507,4,e43,e43,S4,S3,0,1,2,6.5698392669798311,7,0,Successful
39512,3,e22,e22,S2,S2,0,1,2,9.8791637819540572,10,0,Successful
39519,3,e22,e22,S2,S2,0,1,2,8.8142659551511393,9,0,Successful
39519,7,e66,e66,S6,S6,0,1,2,5.6018542347088252,6,0,Successful
39526,3,e21,e21,S2,S1,0,1,2,4.8661704072641339,5,0,Terminated
39531,5,e55,e55,S5,S5,0,1,2,5.5093258935568103,6,0,Successful
39532,3,e21,e21,S2,S1,0,1,2,5.2654812154758002,6,0,Successful
39545,5,e66,e66,S6,S6,0,1,2,7.524155729141663,8,0,Successful
39547,5,e54,e54,S5,S4,0,1,2,9.9353689257984783,10,0,Successful
39553,3,e22,e22,S2,S2,0,1,2,11.454146842425665,12,0,Successful
39556,3,e21,e21,S2,S1,0,1,2,4.2570550632039321,5,0,Terminated
39587,3,e22,e22,S2,S2,0,1,2,11.576919548507581,12,0,Successful
39610,3,e22,e22,S2,S2,0,1,2,8.6337681705177793,9,0,Terminated
39610,4,e21,e21,S2,S1,0,1,2,5.4651764593201815,6,0,Terminated
39615,3,e21,e21,S2,S1,0,1,2,3.768549422441863,4,0,Successful
39636,3,e21,e21,S2,S1,0,1,2,3.4596608191816549,4,0,Successful
39642,4,e43,e43,S4,S3,0,1,2,8.0062941544293835,9,0,Successful
39642,6,e43,e43,S4,S3,1,2,2,9.6212976931769383,10,1,Successful
39645,3,e22,e22,S2,S2,0,1,2,10.889335237683806,11,0,Successful
39664,6,e66,e66,S6,S6,0,1,2,7.5906910747942407,8,0,Successful
39665,5,e54,e54,S5,S4,0,1,2,10.713866281240824,11,0,Successful
39672,3,e21,e21,S2,S1,0,1,2,4.0278603621251552,5,0,Terminated
39675,3,e22,e22,S2,S2,0,1,2,8.135732653618696,9,0,Successful
39682,6,e66,e66,S6,S6,0,1,2,5.8713147169360047,6,0,Successful
39688,3,e22,e22,S2,S2,0,1,2,8.0676025652400902,9,0,Terminated
39688,4,e21,e21,S2,S1,0,1,2,6.0930439928065159,7,0,Terminated
39690,6,e66,e66,S6,S6,0,1,2,8.0103980044099927,9,0,Successful
39691,3,e22,e22,S2,S2,0,1,2,7.8898315324833206,8,0,Successful
39691,4,e21,e21,S2,S1,0,1,2,5.2271611861141629,6,0,Successful
39710,6,e66,e66,S6,S6,0,1,2,6.7792976721198155,7,0,Successful
39712,3,e21,e21,S2,S1,0,1,2,4.9278736504023435,5,0,Successful
39726,3,e21,e21,S2,S1,0,1,2,6.5300277808884619,7,0,Successful
39727,5,e54,e54,S5,S4,0,1,2,11.051426120988625,12,0,Successful
39734,6,e66,e66,S6,S6,0,1,2,7.2749697924508805,8,0,Successful
39735,6,e66,e66,S6,S6,0,1,2,8.4276310618428134,9,0,Successful
39740,5,e52,e52,S5,S2,0,1,2,9.9617873730762341,10,0,Successful
39744,6,e66,e66,S6,S6,0,1,2,7.2149497877698909,8,0,Successful
39747,3,e22,e22,S2,S2,0,1,2,10.666180614354886,11,0,Successful
39767,5,e54,e54,S5,S4,0,1,2,11.497520173856504,12,0,Successful
39768,6,e66,e66,S6,S6,0,1,2,7.7309524296564849,8,0,Successful
39769,3,e22,e22,S2,S2,0,1,2,8.3041829707678314,9,0,Successful
39775,5,e54,e54,S5,S4,0,1,2,10.401674671594957,11,0,Successful
39782,3,e21,e21,S2,S1,0,1,2,5.2277064383306904,6,0,Terminated
39786,3,e21,e21,S2,S1,0,1,2,4.7528764286882108,5,0,Terminated
39792,6,e66,e66,S6,S6,0,1,2,8.7094993415935811,9,0,Successful
39803,6,e32,e32,S3,S2,0,1,2,16.839284436049883,17,0,Successful
39807,6,e66,e66,S6,S6,0,1,2,7.4890343707403506,8,0,Successful
39822,7,e42,e42,S4,S2,0,1,2,11.342077048515673,12,0,Successful
39833,3,e22,e22,S2,S2,0,1,2,8.0951938661936857,9,0,Successful
39847,5,e52,e52,S5,S2,0,1,2,10.588548352085885,11,0,Successful
39856,5,e55,e55,S5,S5,0,1,2,4.6570639230658051,5,0,Successful
39886,6,e32,e32,S3,S2,0,1,2,13.912506627198317,14,0,Successful
39887,5,e66,e66,S6,S6,0,1,2,5.3638434883739139,6,0,Successful
39890,5,e55,e55,S5,S5,0,1,2,4.6885516465576851,5,0,Successful
39898,3,e22,e22,S2,S2,0,1,2,7.6520011550821767,8,0,Successful
39916,6,e66,e66,S6,S6,0,1,2,5.9036042780050897,6,0,Successful
39922,4,e43,e43,S4,S3,0,1,2,6.2459265903097521,7,0,Successful
39931,3,e21,e21,S2,S1,0,1,2,5.9595709614988452,6,0,Successful
39939,5,e54,e54,S5,S4,0,1,2,9.3196597029617205,10,0,Successful
39941,3,e21,e21,S2,S1,0,1,2,6.7648692576273088,7,0,Terminated
39942,3,e22,e22,S2,S2,0,1,2,9.4780135898821758,10,0,Successful
39942,6,e52,e52,S5,S2,0,1,2,10.843667478317991,11,0,Successful
39942,7,e22,e22,S2,S2,1,2,2,9.4325401570929603,10,1,Successful
39950,3,e21,e21,S2,S1,0,1,2,3.8921712256687728,4,0,Terminated
39955,5,e55,e55,S5,S5,0,1,2,6.0181440707423546,7,0,Successful
39968,5,e43,e43,S4,S3,0,1,2,8.2443537680685495,9,0,Successful
39991,6,e66,e66,S6,S6,0,1,2,7.6561586726402551,8,0,Successful
39997,5,e54,e54,S5,S4,0,1,2,9.9575004750177456,10,0,Successful
40012,3,e21,e21,S2,S1,0,1,2,5.2664259218740082,6,0,Successful
40028,3,e21,e21,S2,S1,0,1,2,5.1937462726259991,6,0,Terminated
40039,3,e22,e22,S2,S2,0,1,2,8.9154108532695062,9,0,Successful
40100,6,e66,e66,S6,S6,0,1,2,6.3908830761512618,7,0,Successful
40102,3,e22,e22,S2,S2,0,1,2,9.893902654255923,10,0,Successful
40105,3,e21,e21,S2,S1,0,1,2,4.8025829912895572,5,0,Successful
40112,3,e22,e22,S2,S2,0,1,2,10.208289842222706,11,0,Successful
40119,4,e42,e42,S4,S2,0,1,2,8.5778643372085615,9,0,Successful
40125,5,e54,e54,S5,S4,0,1,2,10.770846588338122,11,0,Successful
40132,3,e22,e22,S2,S2,0,1,2,9.7003930038157016,10,0,Successful
40136,5,e52,e52,S5,S2,0,1,2,10.533004599624292,11,0,Successful
40139,4,e43,e43,S4,S3,0,1,2,7.7389776405969144,8,0,Successful
40165,6,e66,e66,S6,S6,0,1,2,8.8622255364772897,9,0,Successful
40165,7,e66,e66,S6,S6,1,2,2,6.8744750494809974,7,1,Successful
40176,6,e66,e66,S6,S6,0,1,2,7.6298925682015382,8,0,Successful
40178,4,e43,e43,S4,S3,0,1,2,7.1159631948612301,8,0,Successful
40188,3,e22,e22,S2,S2,0,1,2,7.7509233963066535,8,0,Successful
40189,3,e21,e21,S2,S1,0,1,2,4.1715385838626196,5,0,Successful
40189,8,e66,e66,S6,S6,0,1,2,6.2869161752380602,7,0,Successful
40190,3,e22,e22,S2,S2,0,1,2,11.186654075578602,12,0,Successful
40192,8,e55,e55,S5,S5,0,1,2,3.9603830486222051,4,0,Successful
40193,3,e21,e21,S2,S1,0,1,2,5.3419861170797418,6,0,Terminated
40203,3,e21,e21,S2,S1,0,1,2,4.1669191006649982,5,0,Terminated
40221,6,e66,e66,S6,S6,0,1,2,8.8641516733039669,9,0,Successful
40222,3,e22,e22,S2,S2,0,1,2,9.7270111805679278,10,0,Successful
40231,3,e22,e22,S2,S2,0,1,2,10.158404541535557,11,0,Successful
40235,5,e66,e66,S6,S6,0,1,2,9.0462584555885499,10,0,Successful
40246,5,e52,e52,S5,S2,0,1,2,9.5947679292479542,10,0,Successful
40246,6,e22,e22,S2,S2,0,1,2,9.8417074157502213,10,0,Successful
40258,4,e42,e42,S4,S2,0,1,2,10.114939290374261,11,0,Successful
40262,4,e43,e43,S4,S3,0,1,2,7.9970139496301433,8,0,Successful
40262,7,e54,e54,S5,S4,0,1,2,10.596057675569806,11,0,Successful
40269,6,e66,e66,S6,S6,0,1,2,6.5995510644321795,7,0,Successful
40270,5,e54,e54,S5,S4,0,1,2,9.6216786873686821,10,0,Successful
40272,5,e52,e52,S5,S2,0,1,2,9.1840048762785482,10,0,Successful
40281,3,e21,e21,S2,S1,0,1,2,4.7682469177999831,5,0,Successful
40301,3,e22,e22,S2,S2,0,1,2,10.514490968813988,11,0,Successful
40305,4,e42,e42,S4,S2,0,1,2,8.1456127024832945,9,0,Successful
40310,3,e22,e22,S2,S2,0,1,2,8.3324797847728593,9,0,Successful
40314,5,e54,e54,S5,S4,0,1,2,8.8148953495484417,9,0,Successful
40316,3,e22,e22,S2,S2,0,1,2,9.1244879662294505,10,0,Successful
40356,3,e21,e21,S2,S1,0,1,2,3.8325946470902323,4,0,Terminated
40361,3,e21,e21,S2,S1,0,1,2,4.9115682929260878,5,0,Successful
40369,4,e43,e43,S4,S3,0,1,2,6.5444038279559722,7,0,Successful
40369,5,e32,e32,S3,S2,0,1,2,14.446192240104418,15,0,Successful
40395,5,e55,e55,S5,S5,0,1,2,4.1231350729760425,5,0,Successful
40403,3,e21,e21,S2,S1,0,1,2,4.1504002963170255,5,0,Terminated
40405,6,e66,e66,S6,S6,0,1,2,8.0356102340948468,9,0,Successful
40411,4,e43,e43,S4,S3,0,1,2,5.8586162552712127,6,0,Successful
40426,5,e54,e54,S5,S4,0,1,2,10.472365667263086,11,0,Successful
40430,3,e22,e22,S2,S2,0,1,2,9.7809859271118764,10,0,Successful
40432,4,e43,e43,S4,S3,0,1,2,8.5102847009518907,9,0,Successful
40439,5,e54,e54,S5,S4,0,1,2,7.4034923527239274,8,0,Successful
40439,8,e66,e66,S6,S6,0,1,2,8.3652932654915535,9,0,Successful
40450,6,e66,e66,S6,S6,0,1,2,7.9351688792413757,8,0,Successful
40458,5,e52,e52,S5,S2,0,1,2,11.094400718238431,12,0,Successful
40458,6,e22,e22,S2,S2,0,1,2,8.8634800796683173,9,0,Successful
40486,6,e66,e66,S6,S6,0,1,2,7.632159832281312,8,0,Successful
40493,4,e43,e43,S4,S3,0,1,2,6.5304585283794019,7,0,Successful
40493,5,e33,e33,S3,S3,0,1,2,5.2938227063012011,6,0,Successful
40499,4,e42,e42,S4,S2,0,1,2,8.4967743172805896,9,0,Successful
40506,6,e66,e66,S6,S6,0,1,2,6.2574191799771768,7,0,Successful
40513,3,e21,e21,S2,S1,0,1,2,4.6019379057400318,5,0,Successful
40515,5,e54,e54,S5,S4,0,1,2,11.293520751736509,12,0,Successful
40526,6,e66,e66,S6,S6,0,1,2,6.8335391842002862,7,0,Successful
40531,6,e66,e66,S6,S6,0,1,2,8.4612770720114252,9,0,Successful
40541,3,e21,e21,S2,S1,0,1,2,4.3259405755810878,5,0,Terminated
40544,4,e42,e42,S4,S2,0,1,2,8.4813244362847193,9,0,Successful
40546,4,e43,e43,S4,S3,0,1,2,8.7998254327840577,9,0,Successful
40550,3,e21,e21,S2,S1,0,1,2,3.7206960094306076,4,0,Terminated
40557,6,e66,e66,S6,S6,0,1,2,5.7670592305636301,6,0,Successful
40559,4,e43,e43,S4,S3,0,1,2,8.5664942030974807,9,0,Successful
40562,5,e54,e54,S5,S4,0,1,2,10.443289777631932,11,0,Successful
40584,3,e22,e22,S2,S2,0,1,2,10.394924776607667,11,0,Successful
40588,6,e66,e66,S6,S6,0,1,2,6.3959446007780283,7,0,Successful
40589,3,e21,e21,S2,S1,0,1,2,4.6003038982841664,5,0,Terminated
40592,5,e54,e54,S5,S4,0,1,2,7.9850831847758181,8,0,Successful
40594,3,e22,e22,S2,S2,0,1,2,8.626390639503871,9,0,Successful
40595,5,e54,e54,S5,S4,0,1,2,9.6151875135166627,10,0,Successful
40606,4,e42,e42,S4,S2,0,1,2,9.3813433463407776,10,0,Successful
40606,5,e22,e22,S2,S2,0,1,2,7.7307646585968355,8,0,Successful
40619,5,e52,e52,S5,S2,0,1,2,9.5616520029746042,10,0,Successful
40637,3,e21,e21,S2,S1,0,1,2,5.6040712894840796,6,0,Successful
40642,6,e32,e32,S3,S2,0,1,2,12.09584385706207,13,0,Successful
40647,4,e33,e33,S3,S3,0,1,2,7.2576361150003645,8,0,Successful
40664,6,e66,e66,S6,S6,0,1,2,7.2791724073140811,8,0,Successful
40665,3,e22,e22,S2,S2,0,1,2,9.0744595196365339,10,0,Successful
40671,3,e22,e22,S2,S2,0,1,2,9.6242021411832201,10,0,Successful
40685,3,e22,e22,S2,S2,0,1,2,8.2974183794887164,9,0,Successful
40690,6,e66,e66,S6,S6,0,1,2,7.1557545999624601,8,0,Successful
40705,5,e52,e52,S5,S2,0,1,2,8.9018843950794277,9,0,Successful
40708,6,e66,e66,S6,S6,0,1,2,7.7169415179074115,8,0,Successful
40710,5,e52,e52,S5,S2,0,1,2,7.5794750643270188,8,0,Successful
40721,4,e33,e33,S3,S3,0,1,2,6.6009107459223717,7,0,Successful
40724,3,e22,e22,S2,S2,0,1,2,7.897592732924493,8,0,Successful
40753,4,e43,e43,S4,S3,0,1,2,6.2418439617309067,7,0,Successful
40758,6,e66,e66,S6,S6,0,1,2,6.1266990931612018,7,0,Successful
40766,3,e21,e21,S2,S1,0,1,2,5.7445014009822817,6,0,Terminated
40769,5,e52,e52,S5,S2,0,1,2,10.185537687329676,11,0,Successful
40771,5,e55,e55,S5,S5,0,1,2,4.3896885969833734,5,0,Successful
40785,5,e54,e54,S5,S4,0,1,2,11.20378929073858,12,0,Successful
40786,5,e54,e54,S5,S4,0,1,2,10.848470976058989,11,0,Successful
40787,5,e54,e54,S5,S4,0,1,2,10.951685363837031,11,0,Successful
40795,3,e21,e21,S2,S1,0,1,2,4.2446696637904084,5,0,Terminated
40799,3,e21,e21,S2,S1,0,1,2,4.1346111526378415,5,0,Successful
40803,3,e21,e21,S2,S1,0,1,2,5.0477369954637936,6,0,Successful
40803,7,e55,e55,S5,S5,0,1,2,6.4276290134443945,7,0,Successful
40821,3,e22,e22,S2,S2,0,1,2,10.336730820718024,11,0,Successful
40830,3,e22,e22,S2,S2,0,1,2,10.337556481505382,11,0,Successful
40834,3,e21,e21,S2,S1,0,1,2,5.5363470059268209,6,0,Terminated
40839,3,e22,e22,S2,S2,0,1,2,8.1850665587506182,9,0,Successful
40842,3,e21,e21,S2,S1,0,1,2,4.3862229269629589,5,0,Successful
40849,3,e21,e21,S2,S1,0,1,2,5.287198445524993,6,0,Terminated
40864,3,e21,e21,S2,S1,0,1,2,5.7894673013957796,6,0,Successful
40866,5,e54,e54,S5,S4,0,1,2,11.499031210993117,12,0,Successful
40873,3,e21,e21,S2,S1,0,1,2,4.2855642937263694,5,0,Successful
40878,5,e52,e52,S5,S2,0,1,2,11.84698469474889,12,0,Successful
40885,3,e22,e22,S2,S2,0,1,2,8.702711083349481,9,0,Successful
40888,3,e22,e22,S2,S2,0,1,2,8.605811856246925,9,0,Successful
40889,4,e42,e42,S4,S2,0,1,2,10.550113778639382,11,0,Successful
40889,7,e55,e55,S5,S5,0,1,2,4.6776596810288051,5,0,Successful
40889,8,e52,e52,S5,S2,0,1,2,9.4700026875188481,10,0,Successful
40918,4,e42,e42,S4,S2,0,1,2,9.9802440183029901,10,0,Successful
40930,3,e21,e21,S2,S1,0,1,2,4.7968925913816882,5,0,Terminated
40943,4,e43,e43,S4,S3,0,1,2,8.3762668851981612,9,0,Successful
40964,3,e21,e21,S2,S1,0,1,2,4.9545361433047468,5,0,Terminated
40975,3,e21,e21,S2,S1,0,1,2,5.2689305840990013,6,0,Terminated
40979,3,e21,e21,S2,S1,0,1,2,4.4857828227009779,5,0,Successful
40980,3,e21,e21,S2,S1,0,1,2,5.257907372356879,6,0,Terminated
40996,3,e22,e22,S2,S2,0,1,2,7.5010796234377208,8,0,Successful
41003,6,e66,e66,S6,S6,0,1,2,6.8560794226072108,7,0,Successful
41028,6,e66,e66,S6,S6,0,1,2,7.7104845434019706,8,0,Successful
41036,5,e52,e52,S5,S2,0,1,2,10.962384708234406,11,0,Successful
41036,7,e43,e43,S4,S3,0,1,2,6.2485819941241569,7,0,Successful
41050,3,e21,e21,S2,S1,0,1,2,4.4191024768149347,5,0,Successful
41057,6,e66,e66,S6,S6,0,1,2,9.0282855104544559,10,0,Successful
41060,5,e54,e54,S5,S4,0,1,2,9.7543479852284278,10,0,Successful
41068,4,e43,e43,S4,S3,0,1,2,6.3960401653659424,7,0,Successful
41079,3,e22,e22,S2,S2,0,1,2,9.9795618876650209,10,0,Successful
41090,5,e54,e54,S5,S4,0,1,2,9.4128197734313304,10,0,Successful
41100,3,e22,e22,S2,S2,0,1,2,8.5294116019981132,9,0,Terminated
41107,4,e43,e43,S4,S3,0,1,2,6.8594006422418019,7,0,Successful
41117,4,e42,e42,S4,S2,0,1,2,8.681481800206452,9,0,Successful
41122,3,e22,e22,S2,S2,0,1,2,8.3868042660502482,9,0,Successful
41128,3,e22,e22,S2,S2,0,1,2,8.8410400589945297,9,0,Successful
41130,5,e55,e55,S5,S5,0,1,2,4.575463376354203,5,0,Successful
41140,3,e21,e21,S2,S1,0,1,2,5.6653621686219298,6,0,Terminated
41156,3,e21,e21,S2,S1,0,1,2,5.6000663516154372,6,0,Successful
41156,7,e54,e54,S5,S4,0,1,2,9.4484302775480984,10,0,Successful
41159,3,e22,e22,S2,S2,0,1,2,9.1038025362459862,10,0,Successful
41178,3,e22,e22,S2,S2,0,1,2,7.9704943122936527,8,0,Successful
41197,5,e54,e54,S5,S4,0,1,2,10.405785785214251,11,0,Successful
41201,4,e42,e42,S4,S2,0,1,2,9.2491995698437766,10,0,Successful
41209,3,e21,e21,S2,S1,0,1,2,6.1632305365580695,7,0,Terminated
41211,3,e21,e21,S2,S1,0,1,2,4.9204592728344387,5,0,Terminated
41213,3,e21,e21,S2,S1,0,1,2,5.9214761044804858,6,0,Successful
41258,4,e42,e42,S4,S2,0,1,2,9.2997468314404657,10,0,Successful
41276,3,e22,e22,S2,S2,0,1,2,7.3088595809259527,8,0,Successful
41280,5,e54,e54,S5,S4,0,1,2,10.677037442194811,11,0,Successful
41280,8,e32,e32,S3,S2,0,1,2,14.579200021067122,15,0,Successful
41285,3,e22,e22,S2,S2,0,1,2,8.2811844234414824,9,0,Successful
41286,6,e66,e66,S6,S6,0,1,2,7.70885566862645,8,0,Successful
41292,3,e22,e22,S2,S2,0,1,2,7.4805302022381426,8,0,Successful
41304,5,e55,e55,S5,S5,0,1,2,5.29837694859512,6,0,Successful
41308,7,e33,e33,S3,S3,0,1,2,8.4461436177147409,9,0,Successful
41334,3,e22,e22,S2,S2,0,1,2,9.1996836391350474,10,0,Successful
41338,6,e66,e66,S6,S6,0,1,2,5.7025214688935346,6,0,Successful
41348,3,e21,e21,S2,S1,0,1,2,5.834906211497076,6,0,Terminated
41354,5,e54,e54,S5,S4,0,1,2,8.1472028192269796,9,0,Successful
41359,6,e66,e66,S6,S6,0,1,2,6.5291594670671671,7,0,Successful
41385,3,e21,e21,S2,S1,0,1,2,5.4139292028692214,6,0,Successful
41393,5,e54,e54,S5,S4,0,1,2,10.49672320492915,11,0,Successful
41400,3,e22,e22,S2,S2,0,1,2,9.5905769678722415,10,0,Successful
41413,4,e43,e43,S4,S3,0,1,2,8.2017281977071477,9,0,Successful
41414,5,e54,e54,S5,S4,0,1,2,10.738632896037608,11,0,Successful
41429,6,e66,e66,S6,S6,0,1,2,5.5523324067717619,6,0,Successful
41437,3,e21,e21,S2,S1,0,1,2,6.3498334512545433,7,0,Terminated
41452,6,e66,e66,S6,S6,0,1,2,6.3214843274080801,7,0,Successful
41456,3,e21,e21,S2,S1,0,1,2,5.0624188209029093,6,0,Successful
41456,5,e21,e21,S2,S1,1,2,2,4.9315873376883328,5,1,Successful
41464,3,e21,e21,S2,S1,0,1,2,5.9109314643417576,6,0,Terminated
41500,3,e21,e21,S2,S1,0,1,2,5.5552111332731311,6,0,Terminated
41515,6,e66,e66,S6,S6,0,1,2,8.4542850638401887,9,0,Successful
41523,6,e66,e66,S6,S6,0,1,2,7.621126622040272,8,0,Successful
41534,5,e66,e66,S6,S6,0,1,2,8.3974836869400917,9,0,Successful
41561,4,e43,e43,S4,S3,0,1,2,7.7356406978819248,8,0,Successful
41564,3,e21,e21,S2,S1,0,1,2,5.3448855788651048,6,0,Successful
41568,5,e55,e55,S5,S5,0,1,2,4.0287538881514262,5,0,Successful
41582,5,e54,e54,S5,S4,0,1,2,9.3782661078505107,10,0,Successful
41586,3,e22,e22,S2,S2,0,1,2,10.537177735353996,11,0,Successful
41599,4,e42,e42,S4,S2,0,1,2,8.5024678141965282,9,0,Successful
41617,6,e66,e66,S6,S6,0,1,2,8.3528843089327118,9,0,Successful
41621,3,e22,e22,S2,S2,0,1,2,10.774298280847102,11,0,Successful
41637,3,e21,e21,S2,S1,0,1,2,5.9131327367450002,6,0,Successful
41642,4,e43,e43,S4,S3,0,1,2,6.467572990246774,7,0,Successful
41644,6,e66,e66,S6,S6,0,1,2,6.1956860775058127,7,0,Successful
41692,6,e66,e66,S6,S6,0,1,2,6.7352026984077087,7,0,Successful
41707,4,e43,e43,S4,S3,0,1,2,7.2367406735177573,8,0,Successful
41716,3,e22,e22,S2,S2,0,1,2,9.0280369598328178,10,0,Successful
41716,7,e66,e66,S6,S6,0,1,2,6.6005265284483485,7,0,Successful
41725,4,e42,e42,S4,S2,0,1,2,11.677280369648955,12,0,Successful
41728,5,e55,e55,S5,S5,0,1,2,3.9941594002142495,4,0,Successful
41728,7,e66,e66,S6,S6,0,1,2,8.7889518047898445,9,0,Successful
41744,3,e22,e22,S2,S2,0,1,2,8.9140676540199912,9,0,Successful
41744,7,e54,e54,S5,S4,0,1,2,10.565284898303711,11,0,Successful
41744,9,e55,e55,S5,S5,0,1,2,3.6421977690794316,4,0,Successful
41745,3,e22,e22,S2,S2,0,1,2,10.167518679722043,11,0,Successful
41767,3,e22,e22,S2,S2,0,1,2,8.2186571011962641,9,0,Successful
41768,3,e22,e22,S2,S2,0,1,2,11.018613621416531,12,0,Successful
41784,6,e66,e66,S6,S6,0,1,2,9.0850802409831886,10,0,Successful
41803,6,e32,e32,S3,S2,0,1,2,11.166865295757015,12,0,Successful
41837,4,e43,e43,S4,S3,0,1,2,6.922825955710481,7,0,Successful
41837,5,e32,e32,S3,S2,0,1,2,11.420204542934297,12,0,Successful
41871,3,e21,e21,S2,S1,0,1,2,4.8480294674188595,5,0,Terminated
41873,8,e54,e54,S5,S4,0,1,2,9.3643665715999642,10,0,Successful
41875,5,e54,e54,S5,S4,0,1,2,11.496684114738983,12,0,Successful
41877,3,e22,e22,S2,S2,0,1,2,9.9416030976993994,10,0,Successful
41893,4,e42,e42,S4,S2,0,1,2,10.105780132515591,11,0,Successful
41912,6,e33,e33,S3,S3,0,1,2,5.4496597343850794,6,0,Successful
41912,8,e43,e43,S4,S3,0,1,2,8.7125418124875829,9,0,Successful
41917,5,e54,e54,S5,S4,0,1,2,10.336466625895806,11,0,Successful
41928,4,e43,e43,S4,S3,0,1,2,9.1576107466451937,10,0,Terminated
41935,5,e52,e52,S5,S2,0,1,2,9.2004025343269955,10,0,Successful
41935,8,e52,e52,S5,S2,1,2,2,9.3149936775827911,10,1,Successful
41957,3,e22,e22,S2,S2,0,1,2,7.6623433849219369,8,0,Successful
41957,7,e66,e66,S6,S6,0,1,2,8.4554468357603785,9,0,Successful
41960,3,e22,e22,S2,S2,0,1,2,9.4063726986933709,10,0,Successful
41964,5,e54,e54,S5,S4,0,1,2,9.6301484317537174,10,0,Successful
41972,6,e66,e66,S6,S6,0,1,2,8.8438946536718142,9,0,Successful
41987,3,e21,e21,S2,S1,0,1,2,5.5251527964870553,6,0,Terminated
41991,3,e22,e22,S2,S2,0,1,2,8.9261999976802269,9,0,Successful
41995,3,e22,e22,S2,S2,0,1,2,9.2549313241088083,10,0,Successful
42009,3,e22,e22,S2,S2,0,1,2,8.9488697989129307,9,0,Successful
42019,4,e42,e42,S4,S2,0,1,2,7.9844982812305556,8,0,Terminated
42022,5,e54,e54,S5,S4,0,1,2,7.8923336955399819,8,0,Successful
42027,5,e66,e66,S6,S6,0,1,2,8.1624900522616546,9,0,Successful
42034,5,e54,e54,S5,S4,0,1,2,10.437738503121773,11,0,Successful
42045,5,e54,e54,S5,S4,0,1,2,11.608907296387716,12,0,Successful
42051,5,e54,e54,S5,S4,0,1,2,10.843813611870083,11,0,Successful
42056,3,e21,e21,S2,S1,0,1,2,5.1017129710104623,6,0,Successful
42061,4,e43,e43,S4,S3,0,1,2,7.9892840966152736,8,0,Successful
42066,3,e21,e21,S2,S1,0,1,2,4.711734273164593,5,0,Successful
42072,4,e43,e43,S4,S3,0,1,2,6.0317181840508809,7,0,Successful
42076,5,e54,e54,S5,S4,0,1,2,10.636049611292071,11,0,Successful
42077,5,e54,e54,S5,S4,0,1,2,9.0906642701665437,10,0,Successful
42092,3,e21,e21,S2,S1,0,1,2,5.2364155402459298,6,0,Terminated
42099,3,e21,e21,S2,S1,0,1,2,4.5551821927438194,5,0,Successful
42117,4,e42,e42,S4,S2,0,1,2,9.2879896596964144,10,0,Successful
42122,3,e22,e22,S2,S2,0,1,2,9.5436874223233019,10,0,Successful
42125,4,e42,e42,S4,S2,0,1,2,8.5477365153767657,9,0,Successful
42127,4,e43,e43,S4,S3,0,1,2,6.8781696269344934,7,0,Successful
42130,4,e42,e42,S4,S2,0,1,2,11.153602570195059,12,0,Successful
42149,8,e54,e54,S5,S4,0,1,2,10.301289880446596,11,0,Successful
42150,3,e21,e21,S2,S1,0,1,2,5.5214927769580129,6,0,Terminated
42156,3,e22,e22,S2,S2,0,1,2,7.0891985882879993,8,0,Successful
42167,6,e66,e66,S6,S6,0,1,2,8.2468407778095241,9,0,Successful
42175,3,e21,e21,S2,S1,0,1,2,4.4911030885985284,5,0,Successful
42179,5,e55,e55,S5,S5,0,1,2,5.1612692536881291,6,0,Successful
42183,7,e32,e32,S3,S2,0,1,2,15.808559909645922,16,0,Successful
42193,6,e66,e66,S6,S6,0,1,2,7.5458137863751187,8,0,Successful
42202,4,e43,e43,S4,S3,0,1,2,5.9358377864267426,6,0,Successful
42209,6,e66,e66,S6,S6,0,1,2,8.2269743644559981,9,0,Successful
42226,4,e43,e43,S4,S3,0,1,2,6.7889627072972907,7,0,Successful
42232,6,e66,e66,S6,S6,0,1,2,6.9324383043738163,7,0,Successful
42237,3,e22,e22,S2,S2,0,1,2,10.990593261827375,11,0,Successful
42252,6,e66,e66,S6,S6,0,1,2,7.5364674244793779,8,0,Successful
42253,6,e66,e66,S6,S6,0,1,2,8.9747571589874884,9,0,Successful
42260,5,e54,e54,S5,S4,0,1,2,9.0503631882220752,10,0,Successful
42261,3,e22,e22,S2,S2,0,1,2,9.7465938923810036,10,0,Successful
42266,3,e21,e21,S2,S1,0,1,2,5.447274871649018,6,0,Successful
42273,4,e42,e42,S4,S2,0,1,2,10.090110556505168,11,0,Successful
42274,4,e43,e43,S4,S3,0,1,2,5.3563588616843001,6,0,Successful
42279,3,e22,e22,S2,S2,0,1,2,8.2099984495010911,9,0,Successful
42300,5,e55,e55,S5,S5,0,1,2,5.2123002916480647,6,0,Successful
42313,3,e22,e22,S2,S2,0,1,2,9.0013155311025557,10,0,Successful
42313,4,e22,e22,S2,S2,1,2,2,9.8853433402156039,10,1,Successful
42323,5,e54,e54,S5,S4,0,1,2,10.113642753853814,11,0,Successful
42333,3,e22,e22,S2,S2,0,1,2,10.693950182866717,11,0,Successful
42354,3,e21,e21,S2,S1,0,1,2,4.5782443054789708,5,0,Successful
42364,5,e52,e52,S5,S2,0,1,2,11.234245001130549,12,0,Successful
42364,7,e43,e43,S4,S3,0,1,2,5.8325027644581695,6,0,Successful
42405,5,e54,e54,S5,S4,0,1,2,9.902264314106457,10,0,Successful
42408,4,e43,e43,S4,S3,0,1,2,7.3392071155058511,8,0,Successful
42413,6,e66,e66,S6,S6,0,1,2,8.1750368508680182,9,0,Successful
42429,5,e55,e55,S5,S5,0,1,2,5.4891607091259065,6,0,Successful
42433,4,e43,e43,S4,S3,0,1,2,5.8222783289006532,6,0,Successful
42445,3,e22,e22,S2,S2,0,1,2,9.5573806043182952,10,0,Successful
42464,4,e42,e42,S4,S2,0,1,2,9.4412480039115643,10,0,Successful
42473,5,e52,e52,S5,S2,0,1,2,8.8087496387612454,9,0,Successful
42493,5,e54,e54,S5,S4,0,1,2,8.0142411178341018,9,0,Successful
42495,4,e42,e42,S4,S2,0,1,2,9.7446946800306211,10,0,Successful
42497,6,e66,e66,S6,S6,0,1,2,6.6833999016145409,7,0,Successful
42500,3,e21,e21,S2,S1,0,1,2,6.1353769301185288,7,0,Successful
42513,4,e43,e43,S4,S3,0,1,2,7.004307963321633,8,0,Successful
42515,4,e42,e42,S4,S2,0,1,2,10.468845338829269,11,0,Successful
42520,5,e54,e54,S5,S4,0,1,2,11.163810673029895,12,0,Successful
42542,5,e54,e54,S5,S4,0,1,2,10.114416884805628,11,0,Successful
42583,3,e21,e21,S2,S1,0,1,2,6.3887238318786386,7,0,Successful
42592,4,e43,e43,S4,S3,0,1,2,9.1490904299712597,10,0,Successful
42595,4,e42,e42,S4,S2,0,1,2,11.157163237623161,12,0,Successful
42600,6,e66,e66,S6,S6,0,1,2,9.0009144282324911,10,0,Successful
42604,3,e21,e21,S2,S1,0,1,2,4.5519191776365791,5,0,Terminated
42621,3,e21,e21,S2,S1,0,1,2,6.1519071371769103,7,0,Successful
42651,4,e42,e42,S4,S2,0,1,2,11.070225332918689,12,0,Successful
42662,4,e33,e33,S3,S3,0,1,2,6.661771792442619,7,0,Successful
42680,5,e54,e54,S5,S4,0,1,2,10.205845323461187,11,0,Successful
42687,4,e43,e43,S4,S3,0,1,2,6.0854257745889049,7,0,Successful
42695,4,e43,e43,S4,S3,0,1,2,5.5435753133917096,6,0,Successful
42695,7,e54,e54,S5,S4,0,1,2,8.9511975584038144,9,0,Successful
42699,3,e22,e22,S2,S2,0,1,2,8.5018362245360048,9,0,Successful
42713,5,e52,e52,S5,S2,0,1,2,10.763033908401207,11,0,Successful
42720,4,e42,e42,S4,S2,0,1,2,10.182191580601142,11,0,Successful
42724,3,e22,e22,S2,S2,0,1,2,8.4417967609003171,9,0,Successful
42742,3,e22,e22,S2,S2,0,1,2,10.120875213452489,11,0,Successful
42742,11,e66,e66,S6,S6,0,1,2,7.2694861030911451,8,0,Successful
42754,4,e43,e43,S4,S3,0,1,2,6.2680481697322712,7,0,Successful
42773,5,e55,e55,S5,S5,0,1,2,4.9749264391504928,5,0,Successful
42773,6,e52,e52,S5,S2,0,1,2,10.751044785616141,11,0,Successful
42777,3,e21,e21,S2,S1,0,1,2,5.0087914194918302,6,0,Terminated
42807,3,e21,e21,S2,S1,0,1,2,5.1872302012514737,6,0,Successful
42814,6,e66,e66,S6,S6,0,1,2,5.8843102883246337,6,0,Successful
42816,4,e43,e43,S4,S3,0,1,2,5.9190876221339375,6,0,Successful
42820,4,e43,e43,S4,S3,0,1,2,7.3894416639978768,8,0,Successful
42822,3,e21,e21,S2,S1,0,1,2,4.1425824811357259,5,0,Successful
42827,3,e21,e21,S2,S1,0,1,2,4.9308149261633503,5,0,Terminated
42828,4,e42,e42,S4,S2,0,1,2,10.276539577951588,11,0,Successful
42842,3,e22,e22,S2,S2,0,1,2,9.1698130409930947,10,0,Successful
42844,5,e52,e52,S5,S2,0,1,2,10.291912604988305,11,0,Successful
42856,5,e54,e54,S5,S4,0,1,2,10.669934555404428,11,0,Successful
42857,3,e21,e21,S2,S1,0,1,2,6.102887147336828,7,0,Successful
42861,3,e21,e21,S2,S1,0,1,2,4.7054803045215339,5,0,Successful
42863,6,e66,e66,S6,S6,0,1,2,6.3903017520554393,7,0,Successful
42870,3,e22,e22,S2,S2,0,1,2,8.4343225728745583,9,0,Successful
42875,3,e21,e21,S2,S1,0,1,2,4.9271641702279201,5,0,Successful
42879,4,e43,e43,S4,S3,0,1,2,6.2784166864540545,7,0,Successful
42883,3,e21,e21,S2,S1,0,1,2,3.5987548220434631,4,0,Terminated
42901,3,e21,e21,S2,S1,0,1,2,4.2979921463145887,5,0,Successful
42905,3,e22,e22,S2,S2,0,1,2,9.4424917097844432,10,0,Successful
42905,4,e22,e22,S2,S2,1,2,2,10.142677849768887,11,1,Successful
42910,3,e21,e21,S2,S1,0,1,2,5.7872971701503166,6,0,Terminated
42931,6,e66,e66,S6,S6,0,1,2,8.0050124258447415,9,0,Successful
42938,3,e22,e22,S2,S2,0,1,2,7.9932991151676482,8,0,Successful
42940,3,e21,e21,S2,S1,0,1,2,4.3331119850523949,5,0,Successful
42941,3,e21,e21,S2,S1,0,1,2,5.2121423073336874,6,0,Terminated
42952,5,e54,e54,S5,S4,0,1,2,9.4142112107339475,10,0,Successful
42967,5,e55,e55,S5,S5,0,1,2,2.5790162001196739,3,0,Successful
42983,11,e66,e66,S6,S6,0,1,2,7.9958302893066477,8,0,Successful
42986,3,e22,e22,S2,S2,0,1,2,10.304767733734533,11,0,Successful
42990,6,e66,e66,S6,S6,0,1,2,5.5456896029905884,6,0,Successful
43004,6,e66,e66,S6,S6,0,1,2,8.6126177677753297,9,0,Successful
43005,3,e21,e21,S2,S1,0,1,2,5.1810193946102583,6,0,Terminated
43012,6,e66,e66,S6,S6,0,1,2,5.845080551182857,6,0,Successful
43034,3,e21,e21,S2,S1,0,1,2,5.5733248838182732,6,0,Successful
43035,4,e43,e43,S4,S3,0,1,2,7.9165361636505907,8,0,Successful
43055,3,e21,e21,S2,S1,0,1,2,6.1821631188103829,7,0,Terminated
43067,3,e22,e22,S2,S2,0,1,2,8.9449969020207742,9,0,Successful
43067,4,e22,e22,S2,S2,1,2,2,10.342716085332139,11,1,Successful
43070,5,e54,e54,S5,S4,0,1,2,10.021688320070483,11,0,Successful
43082,3,e21,e21,S2,S1,0,1,2,5.7203362692202386,6,0,Terminated
43084,9,e66,e66,S6,S6,0,1,2,6.2347602110042972,7,0,Successful
43091,6,e66,e66,S6,S6,0,1,2,6.6758591626775505,7,0,Successful
43093,6,e66,e66,S6,S6,0,1,2,7.9549952610920824,8,0,Successful
43101,4,e42,e42,S4,S2,0,1,2,9.6740000055187725,10,0,Successful
43102,3,e21,e21,S2,S1,0,1,2,3.2895087167063468,4,0,Successful
43103,4,e43,e43,S4,S3,0,1,2,7.8341048447042789,8,0,Successful
43103,9,e33,e33,S3,S3,0,1,2,5.3339655290892161,6,0,Successful
43105,3,e21,e21,S2,S1,0,1,2,4.5582274892964714,5,0,Successful
43108,6,e66,e66,S6,S6,0,1,2,6.8464727573170112,7,0,Successful
43128,3,e22,e22,S2,S2,0,1,2,9.411668423003821,10,0,Successful
43132,3,e21,e21,S2,S1,0,1,2,5.9504942558397182,6,0,Successful
43132,5,e22,e22,S2,S2,0,1,2,8.8184581280533028,9,0,Successful
43135,6,e66,e66,S6,S6,0,1,2,5.8093436612825595,6,0,Successful
43145,4,e43,e43,S4,S3,0,1,2,7.0508619541333841,8,0,Successful
43155,6,e66,e66,S6,S6,0,1,2,7.4926190076591066,8,0,Successful
43161,6,e66,e66,S6,S6,0,1,2,6.8845372166920322,7,0,Successful
43168,3,e21,e21,S2,S1,0,1,2,5.4958474969055224,6,0,Successful
43178,3,e22,e22,S2,S2,0,1,2,9.7826718397212442,10,0,Successful
43180,3,e21,e21,S2,S1,0,1,2,4.2197169781258594,5,0,Successful
43189,6,e66,e66,S6,S6,0,1,2,9.1671316600869268,10,0,Successful
43201,3,e22,e22,S2,S2,0,1,2,9.1518297774941786,10,0,Successful
43201,4,e22,e22,S2,S2,1,2,2,8.8396022363122171,9,1,Successful
43222,3,e21,e21,S2,S1,0,1,2,4.766521300982788,5,0,Successful
43233,6,e66,e66,S6,S6,0,1,2,6.0806503133360224,7,0,Successful
43252,6,e66,e66,S6,S6,0,1,2,5.6226757792421989,6,0,Successful
43254,3,e22,e22,S2,S2,0,1,2,8.8667948031589656,9,0,Successful
43261,5,e54,e54,S5,S4,0,1,2,9.8828378820135114,10,0,Successful
43266,3,e21,e21,S2,S1,0,1,2,5.4079404555056527,6,0,Terminated
43274,3,e21,e21,S2,S1,0,1,2,4.1548347450036056,5,0,Successful
43280,3,e22,e22,S2,S2,0,1,2,7.4485006810166086,8,0,Successful
43282,4,e32,e32,S3,S2,0,1,2,16.208296707125175,17,0,Successful
43289,4,e43,e43,S4,S3,0,1,2,5.8527379488424698,6,0,Successful
43298,3,e22,e22,S2,S2,0,1,2,10.92884341688444,11,0,Successful
43322,3,e22,e22,S2,S2,0,1,2,9.7136013940540948,10,0,Successful
43335,4,e32,e32,S3,S2,0,1,2,14.744844760006494,15,0,Successful
43340,3,e22,e22,S2,S2,0,1,2,10.240465942200167,11,0,Successful
43340,5,e43,e43,S4,S3,0,1,2,7.2806427954909729,8,0,Successful
43358,3,e21,e21,S2,S1,0,1,2,5.2520943949300172,6,0,Successful
43358,11,e43,e43,S4,S3,0,1,2,6.7005267860181146,7,0,Successful
43358,12,e32,e32,S3,S2,0,1,2,13.691742199857371,14,0,Successful
43365,6,e66,e66,S6,S6,0,1,2,6.8824622695198725,7,0,Successful
43365,7,e66,e66,S6,S6,1,2,2,6.3293234635557987,7,1,Successful
43380,6,e66,e66,S6,S6,0,1,2,6.3933008820716974,7,0,Successful
43400,5,e54,e54,S5,S4,0,1,2,9.2355512250238156,10,0,Successful
43400,7,e54,e54,S5,S4,1,2,2,9.411384489421124,10,1,Successful
43403,11,e66,e66,S6,S6,0,1,2,6.1057871074521941,7,0,Successful
43407,3,e22,e22,S2,S2,0,1,2,8.2776507540465865,9,0,Successful
43415,4,e43,e43,S4,S3,0,1,2,8.2938988065452168,9,0,Successful
43427,3,e22,e22,S2,S2,0,1,2,7.2418930250545523,8,0,Successful
43430,6,e66,e66,S6,S6,0,1,2,8.1192923767804714,9,0,Successful
43431,5,e54,e54,S5,S4,0,1,2,11.09521971288909,12,0,Successful
43434,4,e43,e43,S4,S3,0,1,2,7.1585165835552322,8,0,Successful
43434,7,e54,e54,S5,S4,0,1,2,9.7574684195831232,10,0,Successful
43445,4,e43,e43,S4,S3,0,1,2,7.5232774864868004,8,0,Successful
43447,3,e21,e21,S2,S1,0,1,2,4.796891088120713,5,0,Terminated
43449,5,e55,e55,S5,S5,0,1,2,5.2199983554450817,6,0,Successful
43459,6,e66,e66,S6,S6,0,1,2,6.1876911024950365,7,0,Successful
43473,3,e21,e21,S2,S1,0,1,2,4.1070504120956217,5,0,Terminated
43490,5,e55,e55,S5,S5,0,1,2,4.2775319124801179,5,0,Successful
43490,6,e54,e54,S5,S4,0,1,2,9.2687267658690189,10,0,Successful
43501,3,e21,e21,S2,S1,0,1,2,5.3268003058429318,6,0,Successful
43501,5,e21,e21,S2,S1,1,2,2,4.4064884614474256,5,1,Successful
43501,7,e22,e22,S2,S2,0,1,2,8.4631497060481227,9,0,Successful
43507,3,e21,e21,S2,S1,0,1,2,4.9446350025053487,5,0,Successful
43547,3,e22,e22,S2,S2,0,1,2,9.3190638670355685,10,0,Successful
43550,4,e42,e42,S4,S2,0,1,2,8.3854235409305922,9,0,Successful
43578,3,e21,e21,S2,S1,0,1,2,5.2491305778329771,6,0,Terminated
43579,3,e21,e21,S2,S1,0,1,2,6.1759918849981146,7,0,Successful
43587,3,e22,e22,S2,S2,0,1,2,9.8658775371637404,10,0,Successful
43588,5,e55,e55,S5,S5,0,1,2,3.5583405164604747,4,0,Successful
43592,3,e21,e21,S2,S1,0,1,2,6.0786445134887579,7,0,Successful
43598,3,e21,e21,S2,S1,0,1,2,5.1920866663616811,6,0,Terminated
43605,5,e52,e52,S5,S2,0,1,2,11.396625075185476,12,0,Successful
43629,5,e54,e54,S5,S4,0,1,2,11.003891232782188,12,0,Successful
43632,5,e55,e55,S5,S5,0,1,2,4.8503017629645662,5,0,Successful
43639,6,e66,e66,S6,S6,0,1,2,8.1921590322022571,9,0,Successful
43643,3,e22,e22,S2,S2,0,1,2,9.4582175569229907,10,0,Successful
43643,6,e52,e52,S5,S2,0,1,2,10.61658419826839,11,0,Successful
43647,4,e42,e42,S4,S2,0,1,2,8.3151834485170735,9,0,Terminated
43677,3,e22,e22,S2,S2,0,1,2,9.2499101931145606,10,0,Successful
43678,4,e43,e43,S4,S3,0,1,2,6.9013158230713296,7,0,Terminated
43680,3,e22,e22,S2,S2,0,1,2,8.6365683697417044,9,0,Successful
43680,4,e22,e22,S2,S2,1,2,2,8.6798186333616165,9,1,Successful
43698,4,e43,e43,S4,S3,0,1,2,6.7574487249985573,7,0,Successful
43701,6,e66,e66,S6,S6,0,1,2,8.3883578830157965,9,0,Successful
43724,3,e21,e21,S2,S1,0,1,2,5.8526276798153347,6,0,Successful
43749,3,e21,e21,S2,S1,0,1,2,4.4104340787459719,5,0,Successful
43754,3,e21,e21,S2,S1,0,1,2,6.4438397299506018,7,0,Terminated
43775,5,e54,e54,S5,S4,0,1,2,8.800686577324079,9,0,Successful
43798,6,e66,e66,S6,S6,0,1,2,5.6666205887074215,6,0,Successful
43840,6,e66,e66,S6,S6,0,1,2,8.1108191009232868,9,0,Successful
43844,5,e52,e52,S5,S2,0,1,2,10.761508135695651,11,0,Successful
43851,3,e22,e22,S2,S2,0,1,2,9.0083047259819864,10,0,Successful
43885,3,e22,e22,S2,S2,0,1,2,10.177784026535564,11,0,Successful
43888,3,e22,e22,S2,S2,0,1,2,8.6477893427864494,9,0,Successful
43893,5,e55,e55,S5,S5,0,1,2,4.6755227988918051,5,0,Successful
43896,3,e21,e21,S2,S1,0,1,2,4.4256608701218658,5,0,Successful
43898,6,e66,e66,S6,S6,0,1,2,6.7032352802402286,7,0,Successful
43900,5,e52,e52,S5,S2,0,1,2,11.659502849588447,12,0,Successful
43904,6,e66,e66,S6,S6,0,1,2,8.5518215348355113,9,0,Successful
43921,5,e55,e55,S5,S5,0,1,2,2.8407281160961153,3,0,Successful
43925,3,e22,e22,S2,S2,0,1,2,10.002372899842189,11,0,Successful
43939,3,e21,e21,S2,S1,0,1,2,5.1988212742447164,6,0,Successful
43940,5,e55,e55,S5,S5,0,1,2,6.0281861769506317,7,0,Successful
43943,3,e22,e22,S2,S2,0,1,2,10.600723432875853,11,0,Successful
43946,6,e66,e66,S6,S6,0,1,2,8.1503090220210836,9,0,Successful
43954,4,e42,e42,S4,S2,0,1,2,10.173895163652157,11,0,Successful
43968,3,e22,e22,S2,S2,0,1,2,9.9964777381901477,10,0,Successful
43978,3,e22,e22,S2,S2,0,1,2,9.0144690799501603,10,0,Successful
43981,5,e54,e54,S5,S4,0,1,2,9.1092381863360572,10,0,Successful
43995,6,e66,e66,S6,S6,0,1,2,6.4623774262750944,7,0,Successful
43998,5,e54,e54,S5,S4,0,1,2,10.422963437636339,11,0,Successful
44007,3,e21,e21,S2,S1,0,1,2,4.7542658016605355,5,0,Terminated
44009,5,e52,e52,S5,S2,0,1,2,10.925108079461845,11,0,Successful
44016,3,e21,e21,S2,S1,0,1,2,5.3408003506141268,6,0,Successful
44017,7,e33,e33,S3,S3,0,1,2,7.9065617595470457,8,0,Successful
44024,3,e21,e21,S2,S1,0,1,2,5.727232778611949,6,0,Terminated
44028,3,e21,e21,S2,S1,0,1,2,5.6952895843026772,6,0,Successful
44066,3,e21,e21,S2,S1,0,1,2,3.8290039033463801,4,0,Successful
44091,4,e43,e43,S4,S3,0,1,2,9.0356673726416599,10,0,Successful
44101,5,e54,e54,S5,S4,0,1,2,11.269759007450199,12,0,Successful
44113,5,e54,e54,S5,S4,0,1,2,10.473078513475466,11,0,Successful
44113,6,e43,e43,S4,S3,0,1,2,9.1738562117350089,10,0,Successful
44132,5,e66,e66,S6,S6,0,1,2,6.1712887875942064,7,0,Successful
44138,6,e66,e66,S6,S6,0,1,2,6.1231852019469892,7,0,Successful
44141,3,e22,e22,S2,S2,0,1,2,9.7288557775676665,10,0,Successful
44141,5,e42,e42,S4,S2,0,1,2,9.3384915736782634,10,0,Successful
44145,3,e22,e22,S2,S2,0,1,2,10.313137826875241,11,0,Successful
44150,4,e43,e43,S4,S3,0,1,2,6.866952356121458,7,0,Successful
44159,3,e21,e21,S2,S1,0,1,2,5.8799696775551009,6,0,Terminated
44165,4,e43,e43,S4,S3,0,1,2,6.0056136089104406,7,0,Successful
44170,4,e43,e43,S4,S3,0,1,2,8.3287364524445913,9,0,Successful
44175,3,e22,e22,S2,S2,0,1,2,9.0904472983111422,10,0,Successful
44181,3,e22,e22,S2,S2,0,1,2,10.7020015562594,11,0,Successful
44192,5,e52,e52,S5,S2,0,1,2,9.7513027759085897,10,0,Terminated
44196,3,e21,e21,S2,S1,0,1,2,5.9568168668190591,6,0,Terminated
44203,5,e66,e66,S6,S6,0,1,2,8.3754614730386443,9,0,Successful
44204,3,e22,e22,S2,S2,0,1,2,8.8723913711101492,9,0,Successful
44205,3,e22,e22,S2,S2,0,1,2,9.4019969327200759,10,0,Successful
44206,3,e21,e21,S2,S1,0,1,2,4.6862331280467835,5,0,Successful
44214,6,e66,e66,S6,S6,0,1,2,7.0146023122862253,8,0,Successful
44215,5,e52,e52,S5,S2,0,1,2,9.292623503313358,10,0,Successful
44217,3,e21,e21,S2,S1,0,1,2,4.162122751053114,5,0,Successful
44233,5,e52,e52,S5,S2,0,1,2,11.259958163484033,12,0,Successful
44243,4,e42,e42,S4,S2,0,1,2,9.3494764638820698,10,0,Successful
44243,8,e66,e66,S6,S6,0,1,2,5.7132474868708272,6,0,Successful
44246,3,e21,e21,S2,S1,0,1,2,4.9601123083666279,5,0,Terminated
44253,5,e55,e55,S5,S5,0,1,2,5.6157697725685303,6,0,Successful
44270,3,e22,e22,S2,S2,0,1,2,8.3748330107843465,9,0,Successful
44276,5,e54,e54,S5,S4,0,1,2,10.591529719919958,11,0,Successful
44276,7,e52,e52,S5,S2,0,1,2,10.031417399690289,11,0,Successful
44277,6,e66,e66,S6,S6,0,1,2,7.1537009183149349,8,0,Successful
44279,5,e52,e52,S5,S2,0,1,2,9.716708736951098,10,0,Successful
44283,3,e21,e21,S2,S1,0,1,2,3.248710572101877,4,0,Terminated
44290,3,e21,e21,S2,S1,0,1,2,5.0981511837427185,6,0,Terminated
44314,5,e54,e54,S5,S4,0,1,2,9.0839979076483637,10,0,Successful
44317,7,e66,e66,S6,S6,0,1,2,7.6501574366140943,8,0,Successful
44319,3,e21,e21,S2,S1,0,1,2,5.1746256201080207,6,0,Successful
44324,3,e22,e22,S2,S2,0,1,2,9.5102958109316482,10,0,Successful
44325,6,e66,e66,S6,S6,0,1,2,6.0572322320149485,7,0,Successful
44349,3,e22,e22,S2,S2,0,1,2,8.9570803409732314,9,0,Successful
44359,3,e21,e21,S2,S1,0,1,2,3.9260893173442124,4,0,Terminated
44372,5,e66,e66,S6,S6,0,1,2,7.7600320678931292,8,0,Successful
44377,5,e55,e55,S5,S5,0,1,2,4.3541161843328835,5,0,Successful
44382,3,e22,e22,S2,S2,0,1,2,8.2642121674801103,9,0,Successful
44384,3,e21,e21,S2,S1,0,1,2,3.9978764933464919,4,0,Successful
44399,4,e43,e43,S4,S3,0,1,2,7.6981863070637857,8,0,Successful
44432,6,e66,e66,S6,S6,0,1,2,6.7547740075250333,7,0,Successful
44446,3,e22,e22,S2,S2,0,1,2,10.710791184751539,11,0,Successful
44448,5,e54,e54,S5,S4,0,1,2,11.140334187720082,12,0,Successful
44453,5,e52,e52,S5,S2,0,1,2,9.821178438149019,10,0,Successful
44468,3,e22,e22,S2,S2,0,1,2,9.1122093284704881,10,0,Successful
44476,3,e21,e21,S2,S1,0,1,2,5.255924875988125,6,0,Successful
44483,4,e32,e32,S3,S2,0,1,2,13.184059334588332,14,0,Successful
44502,3,e21,e21,S2,S1,0,1,2,6.2895602581767935,7,0,Successful
44507,5,e55,e55,S5,S5,0,1,2,4.0351841074614363,5,0,Successful
44510,5,e52,e52,S5,S2,0,1,2,9.6476886089002409,10,0,Successful
44510,9,e66,e66,S6,S6,0,1,2,7.4426067291141962,8,0,Successful
44515,3,e21,e21,S2,S1,0,1,2,4.2526427495553278,5,0,Successful
44533,3,e21,e21,S2,S1,0,1,2,6.1569729733552219,7,0,Successful
44533,5,e21,e21,S2,S1,1,2,2,4.9569896817724182,5,1,Successful
44540,3,e21,e21,S2,S1,0,1,2,6.6207850588469306,7,0,Terminated
44541,6,e66,e66,S6,S6,0,1,2,7.134103361540717,8,0,Successful
44553,5,e54,e54,S5,S4,0,1,2,11.041974517430564,12,0,Successful
44574,6,e66,e66,S6,S6,0,1,2,7.0211605774999191,8,0,Successful
44575,6,e66,e66,S6,S6,0,1,2,7.55329264891843,8,0,Successful
44577,6,e66,e66,S6,S6,0,1,2,8.5593190204039029,9,0,Successful
44583,6,e66,e66,S6,S6,0,1,2,6.0824107076424561,7,0,Successful
44606,5,e54,e54,S5,S4,0,1,2,9.3884937179228842,10,0,Successful
44609,3,e21,e21,S2,S1,0,1,2,3.6814056110944353,4,0,Successful
44619,4,e43,e43,S4,S3,0,1,2,5.9417376863250855,6,0,Successful
44619,8,e66,e66,S6,S6,0,1,2,5.7312821148190949,6,0,Successful
44647,6,e66,e66,S6,S6,0,1,2,6.8697111638910942,7,0,Successful
44649,4,e43,e43,S4,S3,0,1,2,7.0739542464859095,8,0,Successful
44665,3,e22,e22,S2,S2,0,1,2,8.9411148800746929,9,0,Successful
44669,5,e55,e55,S5,S5,0,1,2,5.1455334705542537,6,0,Successful
44671,6,e66,e66,S6,S6,0,1,2,7.1315879872892491,8,0,Successful
44671,7,e66,e66,S6,S6,1,2,2,6.4701148054619537,7,1,Successful
44678,4,e42,e42,S4,S2,0,1,2,7.8506341492827012,8,0,Successful
44685,3,e21,e21,S2,S1,0,1,2,3.9856176384894302,4,0,Successful
44692,3,e22,e22,S2,S2,0,1,2,9.5559102752985332,10,0,Successful
44701,3,e21,e21,S2,S1,0,1,2,4.0061292365401719,5,0,Successful
44701,8,e66,e66,S6,S6,0,1,2,7.8621530491420035,8,0,Successful
44703,6,e32,e32,S3,S2,0,1,2,15.0170144565421,16,0,Successful
44704,5,e54,e54,S5,S4,0,1,2,10.170307692445416,11,0,Successful
44731,9,e42,e42,S4,S2,0,1,2,9.7248681284676017,10,0,Successful
44733,5,e55,e55,S5,S5,0,1,2,4.2016312341433517,5,0,Successful
44746,3,e22,e22,S2,S2,0,1,2,8.2981229631292379,9,0,Successful
44746,7,e66,e66,S6,S6,0,1,2,6.9115991402877039,7,0,Successful
44762,5,e54,e54,S5,S4,0,1,2,10.175067390299764,11,0,Successful
44762,7,e54,e54,S5,S4,1,2,2,10.381555191148472,11,1,Successful
44774,3,e21,e21,S2,S1,0,1,2,6.1833029707491418,7,0,Successful
44776,3,e21,e21,S2,S1,0,1,2,5.4208035852217291,6,0,Terminated
44796,3,e21,e21,S2,S1,0,1,2,4.1799911882220719,5,0,Successful
44804,6,e66,e66,S6,S6,0,1,2,5.3703596997340206,6,0,Successful
44814,6,e66,e66,S6,S6,0,1,2,7.6289435258401461,8,0,Successful
44817,4,e42,e42,S4,S2,0,1,2,9.1877619351416371,10,0,Successful
44820,6,e66,e66,S6,S6,0,1,2,8.0643207610319081,9,0,Successful
44822,3,e22,e22,S2,S2,0,1,2,9.3289792512276524,10,0,Successful
44825,6,e66,e66,S6,S6,0,1,2,6.1784129889494865,7,0,Successful
44835,3,e21,e21,S2,S1,0,1,2,4.0032255372134502,5,0,Successful
44842,5,e55,e55,S5,S5,0,1,2,5.1065184254090106,6,0,Successful
44845,3,e22,e22,S2,S2,0,1,2,9.0988265584255714,10,0,Successful
44847,5,e55,e55,S5,S5,0,1,2,5.9850666210845418,6,0,Successful
44848,4,e43,e43,S4,S3,0,1,2,6.4554502717016353,7,0,Successful
44852,3,e21,e21,S2,S1,0,1,2,5.8655881210852296,6,0,Successful
44852,6,e43,e43,S4,S3,0,1,2,6.8563286034132709,7,0,Successful
44869,4,e43,e43,S4,S3,0,1,2,6.6641102300863508,7,0,Successful
44882,3,e21,e21,S2,S1,0,1,2,4.6662918537078877,5,0,Successful
44884,5,e52,e52,S5,S2,0,1,2,9.7974975201271768,10,0,Successful
44885,6,e66,e66,S6,S6,0,1,2,9.2118717443327913,10,0,Successful
44894,3,e21,e21,S2,S1,0,1,2,5.2511907087036338,6,0,Terminated
44895,3,e22,e22,S2,S2,0,1,2,10.071203018613813,11,0,Successful
44896,6,e66,e66,S6,S6,0,1,2,7.1086939321609446,8,0,Successful
44896,7,e66,e66,S6,S6,1,2,2,6.6586505018699587,7,1,Successful
44898,5,e54,e54,S5,S4,0,1,2,11.218811527072452,12,0,Successful
44898,8,e66,e66,S6,S6,0,1,2,5.4764725062108184,6,0,Successful
44905,4,e43,e43,S4,S3,0,1,2,6.0373421692495004,7,0,Successful
44917,4,e42,e42,S4,S2,0,1,2,10.538900181694711,11,0,Successful
44924,3,e22,e22,S2,S2,0,1,2,9.4180471119918963,10,0,Successful
44934,3,e21,e21,S2,S1,0,1,2,3.8042886175391577,4,0,Successful
44958,4,e43,e43,S4,S3,0,1,2,7.857601652327606,8,0,Successful
44961,3,e21,e21,S2,S1,0,1,2,5.9046540833894845,6,0,Successful
44969,3,e21,e21,S2,S1,0,1,2,5.1803592584356171,6,0,Successful
44973,6,e66,e66,S6,S6,0,1,2,7.6069963912591669,8,0,Successful
44983,3,e22,e22,S2,S2,0,1,2,10.644952130059748,11,0,Successful
45001,3,e21,e21,S2,S1,0,1,2,5.0022150363638618,6,0,Successful
45031,4,e43,e43,S4,S3,0,1,2,7.4709971878705499,8,0,Successful
45034,3,e21,e21,S2,S1,0,1,2,4.528696597393866,5,0,Successful
45039,6,e66,e66,S6,S6,0,1,2,6.1689553108542761,7,0,Successful
45051,6,e66,e66,S6,S6,0,1,2,5.8972323323572198,6,0,Successful
45057,6,e66,e66,S6,S6,0,1,2,7.2355407677355039,8,0,Successful
45066,3,e21,e21,S2,S1,0,1,2,5.6600626092294295,6,0,Successful
45084,4,e43,e43,S4,S3,0,1,2,6.9838466452785539,7,0,Successful
45084,8,e66,e66,S6,S6,0,1,2,8.8544866418230175,9,0,Successful
45088,3,e21,e21,S2,S1,0,1,2,4.9021513277868243,5,0,Successful
45090,5,e54,e54,S5,S4,0,1,2,10.215860101263992,11,0,Successful
45107,3,e21,e21,S2,S1,0,1,2,5.6162355817519432,6,0,Successful
45120,5,e52,e52,S5,S2,0,1,2,11.172492269725222,12,0,Successful
45126,4,e43,e43,S4,S3,0,1,2,7.0689800874978221,8,0,Successful
45141,3,e22,e22,S2,S2,0,1,2,8.6044303958087607,9,0,Successful
45144,4,e43,e43,S4,S3,0,1,2,7.2923120644732382,8,0,Successful
45146,4,e43,e43,S4,S3,0,1,2,5.3594577886281067,6,0,Successful
45149,4,e43,e43,S4,S3,0,1,2,5.6924590584887431,6,0,Successful
45169,4,e42,e42,S4,S2,0,1,2,11.279499555772645,12,0,Terminated
45189,3,e22,e22,S2,S2,0,1,2,9.6088557025289756,10,0,Successful
45199,5,e55,e55,S5,S5,0,1,2,5.4695098339065371,6,0,Successful
45202,6,e66,e66,S6,S6,0,1,2,7.6728696014144582,8,0,Successful
45211,6,e33,e33,S3,S3,0,1,2,7.0711601901733587,8,0,Successful
45229,4,e43,e43,S4,S3,0,1,2,9.2842857834527344,10,0,Successful
45250,3,e22,e22,S2,S2,0,1,2,9.6937870367039061,10,0,Successful
45273,3,e22,e22,S2,S2,0,1,2,8.2991885975355935,9,0,Successful
45291,6,e66,e66,S6,S6,0,1,2,8.7460282827095064,9,0,Successful
45305,3,e21,e21,S2,S1,0,1,2,4.0352372961216396,5,0,Terminated
45309,3,e22,e22,S2,S2,0,1,2,10.41610471963669,11,0,Successful
45312,4,e43,e43,S4,S3,0,1,2,8.0496015449513543,9,0,Successful
45321,3,e21,e21,S2,S1,0,1,2,5.3171514479083202,6,0,Terminated
45343,3,e22,e22,S2,S2,0,1,2,7.7599817423619646,8,0,Successful
45343,7,e66,e66,S6,S6,0,1,2,7.9837952702233919,8,0,Successful
45343,8,e66,e66,S6,S6,1,2,2,5.9601928121451744,6,1,Successful
45348,6,e66,e66,S6,S6,0,1,2,7.0316669009487756,8,0,Successful
45354,3,e21,e21,S2,S1,0,1,2,3.7104460257532015,4,0,Successful
45368,4,e43,e43,S4,S3,0,1,2,7.2855103047754426,8,0,Successful
45375,3,e21,e21,S2,S1,0,1,2,4.191387769836731,5,0,Successful
45382,4,e43,e43,S4,S3,0,1,2,6.4004086893865662,7,0,Successful
45395,6,e66,e66,S6,S6,0,1,2,8.3514835108016534,9,0,Successful
45396,3,e21,e21,S2,S1,0,1,2,5.2961610500417553,6,0,Successful
45411,9,e66,e66,S6,S6,0,1,2,8.6505954266427665,9,0,Successful
45438,3,e22,e22,S2,S2,0,1,2,7.683144466495115,8,0,Successful
45451,3,e22,e22,S2,S2,0,1,2,9.2580820107279322,10,0,Successful
45477,3,e21,e21,S2,S1,0,1,2,4.0203767527882635,5,0,Successful
45498,3,e21,e21,S2,S1,0,1,2,4.2781045976748073,5,0,Terminated
45501,6,e66,e66,S6,S6,0,1,2,6.7257807078799789,7,0,Successful
45506,4,e43,e43,S4,S3,0,1,2,8.0907160595396768,9,0,Successful
45506,5,e33,e33,S3,S3,0,1,2,9.0959788128851251,10,0,Successful
45532,3,e22,e22,S2,S2,0,1,2,8.3557622627722914,9,0,Successful
45547,5,e52,e52,S5,S2,0,1,2,11.050664271814403,12,0,Successful
45553,3,e21,e21,S2,S1,0,1,2,6.1020065784682718,7,0,Successful
45558,3,e22,e22,S2,S2,0,1,2,8.8810158317966028,9,0,Terminated
45566,4,e43,e43,S4,S3,0,1,2,6.2154476342456277,7,0,Successful
45579,3,e21,e21,S2,S1,0,1,2,4.5804691607435011,5,0,Successful
45580,3,e22,e22,S2,S2,0,1,2,8.813742763809902,9,0,Successful
45580,6,e55,e55,S5,S5,0,1,2,2.8007525946776393,3,0,Successful
45599,3,e21,e21,S2,S1,0,1,2,5.8482693192458077,6,0,Terminated
45648,4,e43,e43,S4,S3,0,1,2,6.8044921102281553,7,0,Successful
45650,5,e54,e54,S5,S4,0,1,2,9.7808527309864104,10,0,Successful
45654,3,e21,e21,S2,S1,0,1,2,4.2585512258724556,5,0,Terminated
45660,3,e21,e21,S2,S1,0,1,2,5.0686419080847749,6,0,Successful
45672,3,e21,e21,S2,S1,0,1,2,4.016234550264258,5,0,Terminated
45674,5,e54,e54,S5,S4,0,1,2,9.4266465601768541,10,0,Successful
45676,4,e43,e43,S4,S3,0,1,2,6.0526918278383368,7,0,Successful
45678,3,e22,e22,S2,S2,0,1,2,8.2784821184590278,9,0,Successful
45685,5,e54,e54,S5,S4,0,1,2,10.378459090639065,11,0,Successful
45685,8,e32,e32,S3,S2,0,1,2,14.360156783934642,15,0,Successful
45686,3,e21,e21,S2,S1,0,1,2,5.6328058060635069,6,0,Terminated
45696,6,e66,e66,S6,S6,0,1,2,6.8564534127674293,7,0,Successful
45697,8,e55,e55,S5,S5,0,1,2,5.3044069459619996,6,0,Successful
45699,3,e22,e22,S2,S2,0,1,2,9.5344112664513201,10,0,Successful
45705,3,e22,e22,S2,S2,0,1,2,9.1547216361611614,10,0,Successful
45723,5,e54,e54,S5,S4,0,1,2,8.5240421806661821,9,0,Successful
45738,6,e66,e66,S6,S6,0,1,2,6.1265365454698673,7,0,Successful
45750,5,e54,e54,S5,S4,0,1,2,11.082994128831125,12,0,Successful
45760,3,e22,e22,S2,S2,0,1,2,10.150267463868548,11,0,Successful
45760,5,e42,e42,S4,S2,0,1,2,11.292604259253173,12,0,Successful
45763,6,e66,e66,S6,S6,0,1,2,8.0023011005376379,9,0,Successful
45770,5,e54,e54,S5,S4,0,1,2,10.799165372468126,11,0,Successful
45775,3,e21,e21,S2,S1,0,1,2,4.6058660633304163,5,0,Terminated
45793,6,e66,e66,S6,S6,0,1,2,7.583844753457929,8,0,Successful
45812,5,e54,e54,S5,S4,0,1,2,10.023020805425897,11,0,Successful
45835,4,e43,e43,S4,S3,0,1,2,9.1370755608181291,10,0,Successful
45844,3,e21,e21,S2,S1,0,1,2,3.5677284687625819,4,0,Successful
45852,4,e42,e42,S4,S2,0,1,2,9.0381561953841754,10,0,Successful
45862,3,e21,e21,S2,S1,0,1,2,4.5551562042737661,5,0,Terminated
45865,4,e43,e43,S4,S3,0,1,2,6.7575431095135858,7,0,Successful
45869,5,e54,e54,S5,S4,0,1,2,8.7068869876418535,9,0,Successful
45880,3,e21,e21,S2,S1,0,1,2,4.6536288925759957,5,0,Terminated
45882,5,e54,e54,S5,S4,0,1,2,10.581246954502177,11,0,Successful
45883,3,e21,e21,S2,S1,0,1,2,5.238446989458903,6,0,Terminated
45890,3,e21,e21,S2,S1,0,1,2,4.7548839523574102,5,0,Successful
45895,4,e42,e42,S4,S2,0,1,2,9.004569296858179,10,0,Successful
45895,8,e66,e66,S6,S6,0,1,2,5.825114123350339,6,0,Successful
45899,3,e21,e21,S2,S1,0,1,2,5.2769921525195329,6,0,Terminated
45900,3,e22,e22,S2,S2,0,1,2,10.155210651713515,11,0,Successful
45905,3,e22,e22,S2,S2,0,1,2,8.5755850079542562,9,0,Successful
45906,4,e42,e42,S4,S2,0,1,2,9.3415128278278949,10,0,Successful
45910,3,e21,e21,S2,S1,0,1,2,5.3603829955125857,6,0,Terminated
45919,6,e66,e66,S6,S6,0,1,2,7.2717181856838202,8,0,Successful
45927,5,e54,e54,S5,S4,0,1,2,8.2807718392884144,9,0,Successful
45954,4,e43,e43,S4,S3,0,1,2,7.6732028616093464,8,0,Successful
45956,4,e43,e43,S4,S3,0,1,2,7.0650951088015113,8,0,Successful
45957,6,e66,e66,S6,S6,0,1,2,7.9140247412548934,8,0,Successful
45963,3,e22,e22,S2,S2,0,1,2,10.113312169659554,11,0,Successful
45974,4,e43,e43,S4,S3,0,1,2,8.6309141662239988,9,0,Successful
45992,6,e66,e66,S6,S6,0,1,2,6.5697197572255259,7,0,Successful
45997,5,e55,e55,S5,S5,0,1,2,4.688541176256054,5,0,Successful
45999,10,e66,e66,S6,S6,0,1,2,5.9446037852715365,6,0,Successful
46002,3,e21,e21,S2,S1,0,1,2,4.8242279681843305,5,0,Terminated
46005,3,e21,e21,S2,S1,0,1,2,5.8104794116758764,6,0,Successful
46017,3,e21,e21,S2,S1,0,1,2,5.3998345557308323,6,0,Terminated
46024,3,e22,e22,S2,S2,0,1,2,9.5971807347332074,10,0,Successful
46046,6,e66,e66,S6,S6,0,1,2,7.4750397866168914,8,0,Successful
46049,3,e21,e21,S2,S1,0,1,2,5.3640799922891294,6,0,Successful
46052,4,e43,e43,S4,S3,0,1,2,6.0896765447063768,7,0,Successful
46056,3,e21,e21,S2,S1,0,1,2,5.1267397580701646,6,0,Terminated
46072,6,e66,e66,S6,S6,0,1,2,5.9570647049751386,6,0,Successful
46075,3,e21,e21,S2,S1,0,1,2,4.7554238898746117,5,0,Successful
46078,3,e22,e22,S2,S2,0,1,2,8.2757876171917388,9,0,Successful
46078,6,e54,e54,S5,S4,0,1,2,10.31293166141964,11,0,Successful
46079,4,e43,e43,S4,S3,0,1,2,5.531532550868195,6,0,Successful
46084,3,e21,e21,S2,S1,0,1,2,6.0042760556856374,7,0,Terminated
46087,3,e21,e21,S2,S1,0,1,2,3.9262317807343079,4,0,Terminated
46092,3,e22,e22,S2,S2,0,1,2,9.6906666339497445,10,0,Successful
46099,3,e22,e22,S2,S2,0,1,2,8.1362339975051974,9,0,Successful
46142,6,e66,e66,S6,S6,0,1,2,7.8816796456899407,8,0,Successful
46148,3,e22,e22,S2,S2,0,1,2,8.7451510868271587,9,0,Successful
46153,6,e66,e66,S6,S6,0,1,2,8.2876237657672771,9,0,Successful
46165,6,e66,e66,S6,S6,0,1,2,7.7341705374055367,8,0,Successful
46167,4,e43,e43,S4,S3,0,1,2,5.9566605538020614,6,0,Successful
46172,3,e22,e22,S2,S2,0,1,2,7.9582878332372537,8,0,Successful
46178,6,e66,e66,S6,S6,0,1,2,7.3254825074871608,8,0,Successful
46187,4,e43,e43,S4,S3,0,1,2,6.8149898116513814,7,0,Successful
46195,3,e22,e22,S2,S2,0,1,2,9.9680114281956698,10,0,Successful
46204,3,e21,e21,S2,S1,0,1,2,5.6287519677344902,6,0,Successful
46207,4,e42,e42,S4,S2,0,1,2,10.069639795224663,11,0,Successful
46216,3,e22,e22,S2,S2,0,1,2,10.739049935202026,11,0,Successful
46240,7,e43,e43,S4,S3,0,1,2,8.6944058979858667,9,0,Successful
46240,8,e33,e33,S3,S3,0,1,2,7.9922337540716679,8,0,Successful
46241,5,e55,e55,S5,S5,0,1,2,5.2897269235859916,6,0,Successful
46245,4,e43,e43,S4,S3,0,1,2,7.9103509504786089,8,0,Successful
46261,3,e21,e21,S2,S1,0,1,2,3.6692617033921699,4,0,Terminated
46281,3,e21,e21,S2,S1,0,1,2,5.6399449382306965,6,0,Terminated
46302,5,e54,e54,S5,S4,0,1,2,9.0114579876181615,10,0,Successful
46314,3,e22,e22,S2,S2,0,1,2,8.1153103880408946,9,0,Successful
46318,4,e43,e43,S4,S3,0,1,2,6.311067678366781,7,0,Successful
46319,3,e22,e22,S2,S2,0,1,2,7.2209927430294716,8,0,Successful
46322,5,e52,e52,S5,S2,0,1,2,9.5747710082708011,10,0,Successful
46326,5,e55,e55,S5,S5,0,1,2,4.2002141342283341,5,0,Successful
46331,6,e66,e66,S6,S6,0,1,2,5.6172648446400721,6,0,Successful
46339,3,e22,e22,S2,S2,0,1,2,8.3770633000042114,9,0,Successful
46339,4,e22,e22,S2,S2,1,2,2,7.6324238766576151,8,1,Successful
46348,4,e43,e43,S4,S3,0,1,2,6.0178756939384774,7,0,Successful
46348,7,e54,e54,S5,S4,0,1,2,8.1441121874161482,9,0,Successful
46358,3,e22,e22,S2,S2,0,1,2,7.7676842823689958,8,0,Successful
46358,7,e66,e66,S6,S6,0,1,2,6.3116488217984621,7,0,Successful
46360,3,e22,e22,S2,S2,0,1,2,7.8474733550231592,8,0,Successful
46368,5,e54,e54,S5,S4,0,1,2,10.772050446155943,11,0,Successful
46384,3,e21,e21,S2,S1,0,1,2,3.5862191140409774,4,0,Successful
46390,4,e43,e43,S4,S3,0,1,2,7.8549479487702785,8,0,Successful
46392,6,e66,e66,S6,S6,0,1,2,7.3950102046190356,8,0,Successful
46393,3,e21,e21,S2,S1,0,1,2,4.8725794053584757,5,0,Terminated
46402,3,e21,e21,S2,S1,0,1,2,4.2101144143106879,5,0,Successful
46402,6,e43,e43,S4,S3,0,1,2,6.261726467573383,7,0,Successful
46407,5,e52,e52,S5,S2,0,1,2,10.110650973318178,11,0,Successful
46407,8,e54,e54,S5,S4,0,1,2,7.6686210635552099,8,0,Successful
46407,10,e55,e55,S5,S5,0,1,2,4.4946586781264699,5,0,Successful
46417,3,e21,e21,S2,S1,0,1,2,5.5629435592381684,6,0,Successful
46421,4,e43,e43,S4,S3,0,1,2,8.7530211036713812,9,0,Successful
46421,5,e33,e33,S3,S3,0,1,2,6.4195867442318146,7,0,Successful
46421,9,e66,e66,S6,S6,0,1,2,6.1883333345115457,7,0,Successful
46423,4,e43,e43,S4,S3,0,1,2,6.8733508240803403,7,0,Successful
46425,5,e54,e54,S5,S4,0,1,2,8.8928833164877208,9,0,Successful
46437,4,e43,e43,S4,S3,0,1,2,7.6330561183204413,8,0,Successful
46460,5,e54,e54,S5,S4,0,1,2,10.479449499166218,11,0,Successful
46461,4,e43,e43,S4,S3,0,1,2,6.6639851889913455,7,0,Successful
46461,5,e33,e33,S3,S3,0,1,2,7.0829436345699444,8,0,Successful
46476,4,e43,e43,S4,S3,0,1,2,5.7351261245414742,6,0,Successful
46476,5,e32,e32,S3,S2,0,1,2,14.690246876152752,15,0,Successful
46482,3,e21,e21,S2,S1,0,1,2,4.5890393385568427,5,0,Successful
46486,3,e22,e22,S2,S2,0,1,2,11.345736213742423,12,0,Successful
46493,6,e66,e66,S6,S6,0,1,2,9.0800533366485574,10,0,Successful
46507,4,e43,e43,S4,S3,0,1,2,7.7740391886520266,8,0,Successful
46526,5,e55,e55,S5,S5,0,1,2,3.2022547057383415,4,0,Successful
46528,3,e22,e22,S2,S2,0,1,2,9.1005964975023428,10,0,Successful
46528,5,e42,e42,S4,S2,0,1,2,10.201120300807439,11,0,Successful
46552,3,e22,e22,S2,S2,0,1,2,9.7952407510068653,10,0,Terminated
46552,4,e21,e21,S2,S1,0,1,2,5.0358020251789579,6,0,Terminated
46567,3,e22,e22,S2,S2,0,1,2,9.1608683240347233,10,0,Successful
46567,4,e22,e22,S2,S2,1,2,2,9.0970755810323229,10,1,Successful
46581,4,e42,e42,S4,S2,0,1,2,9.5918441873227636,10,0,Successful
46581,7,e54,e54,S5,S4,0,1,2,10.194201460202336,11,0,Successful
46591,4,e42,e42,S4,S2,0,1,2,10.019993115863663,11,0,Successful
46593,3,e21,e21,S2,S1,0,1,2,5.2909009224538455,6,0,Terminated
46615,3,e22,e22,S2,S2,0,1,2,8.1291502047465638,9,0,Successful
46623,3,e22,e22,S2,S2,0,1,2,7.9269032478322412,8,0,Successful
46651,5,e54,e54,S5,S4,0,1,2,11.550975578028595,12,0,Successful
46657,3,e22,e22,S2,S2,0,1,2,10.287541698388578,11,0,Successful
46663,3,e21,e21,S2,S1,0,1,2,4.2324885242739665,5,0,Terminated
46674,6,e66,e66,S6,S6,0,1,2,5.6708691764998713,6,0,Successful
46693,6,e66,e66,S6,S6,0,1,2,8.7866072689903234,9,0,Successful
46702,6,e66,e66,S6,S6,0,1,2,6.0031337235828168,7,0,Successful
46709,3,e21,e21,S2,S1,0,1,2,6.3784636687774583,7,0,Terminated
46723,5,e52,e52,S5,S2,0,1,2,9.3750509260443025,10,0,Successful
46730,4,e43,e43,S4,S3,0,1,2,8.1545411025789214,9,0,Successful
46732,5,e52,e52,S5,S2,0,1,2,10.585890149774272,11,0,Successful
46737,6,e66,e66,S6,S6,0,1,2,9.0140894792154036,10,0,Successful
46746,3,e22,e22,S2,S2,0,1,2,9.58002572502118,10,0,Successful
46749,6,e66,e66,S6,S6,0,1,2,7.837705678430229,8,0,Successful
46750,3,e22,e22,S2,S2,0,1,2,9.6116122614223869,10,0,Successful
46753,5,e54,e54,S5,S4,0,1,2,11.128226315197796,12,0,Successful
46754,3,e22,e22,S2,S2,0,1,2,10.487272770655018,11,0,Successful
46754,4,e21,e21,S2,S1,0,1,2,4.9218402641363426,5,0,Successful
46755,3,e22,e22,S2,S2,0,1,2,8.8731035249743524,9,0,Successful
46758,5,e55,e55,S5,S5,0,1,2,3.3534741845374194,4,0,Successful
46760,3,e22,e22,S2,S2,0,1,2,9.1449058178695353,10,0,Successful
46769,3,e22,e22,S2,S2,0,1,2,8.2670693718100097,9,0,Successful
46770,6,e66,e66,S6,S6,0,1,2,6.9486368031243639,7,0,Successful
46779,3,e21,e21,S2,S1,0,1,2,5.0154501672294822,6,0,Terminated
46780,3,e21,e21,S2,S1,0,1,2,4.8374449555252097,5,0,Successful
46780,8,e66,e66,S6,S6,0,1,2,8.1855182436559826,9,0,Successful
46785,6,e66,e66,S6,S6,0,1,2,7.5203844662586992,8,0,Successful
46793,3,e21,e21,S2,S1,0,1,2,6.7694540199790971,7,0,Terminated
46814,4,e43,e43,S4,S3,0,1,2,7.3982194591988302,8,0,Successful
46831,3,e22,e22,S2,S2,0,1,2,10.617612042803982,11,0,Successful
46832,3,e22,e22,S2,S2,0,1,2,8.4950945993596196,9,0,Successful
46834,3,e21,e21,S2,S1,0,1,2,4.9993636195314517,5,0,Successful
46838,5,e52,e52,S5,S2,0,1,2,9.0465219951893729,10,0,Successful
46840,5,e55,e55,S5,S5,0,1,2,3.1724847688689666,4,0,Successful
46861,6,e66,e66,S6,S6,0,1,2,8.6638352030351857,9,0,Successful
46865,3,e21,e21,S2,S1,0,1,2,4.607685954142239,5,0,Terminated
46885,3,e21,e21,S2,S1,0,1,2,5.6392691546429834,6,0,Terminated
46905,4,e42,e42,S4,S2,0,1,2,11.32321543234835,12,0,Successful
46919,6,e66,e66,S6,S6,0,1,2,6.9326570993366525,7,0,Successful
46922,3,e21,e21,S2,S1,0,1,2,4.2956059530905328,5,0,Successful
46928,5,e55,e55,S5,S5,0,1,2,4.0694733583967579,5,0,Successful
46931,6,e66,e66,S6,S6,0,1,2,6.1145396865056352,7,0,Successful
46942,3,e22,e22,S2,S2,0,1,2,9.4466359679301881,10,0,Successful
46950,3,e21,e21,S2,S1,0,1,2,3.7174802665760014,4,0,Terminated
46956,8,e32,e32,S3,S2,0,1,2,14.177042356237045,15,0,Successful
46962,5,e54,e54,S5,S4,0,1,2,9.1697182268717956,10,0,Successful
46963,3,e22,e22,S2,S2,0,1,2,8.0573951627022495,9,0,Successful
46969,3,e22,e22,S2,S2,0,1,2,11.408775706824422,12,0,Successful
46970,5,e54,e54,S5,S4,0,1,2,8.9428506753439461,9,0,Successful
46973,6,e66,e66,S6,S6,0,1,2,6.4458152943464047,7,0,Successful
46980,3,e22,e22,S2,S2,0,1,2,9.2715958550665913,10,0,Successful
46988,6,e66,e66,S6,S6,0,1,2,7.3809183316355211,8,0,Successful
47036,6,e66,e66,S6,S6,0,1,2,6.7899363568766429,7,0,Successful
47043,3,e22,e22,S2,S2,0,1,2,8.6187908623879785,9,0,Successful
47068,5,e54,e54,S5,S4,0,1,2,9.3927523828832964,10,0,Successful
47077,3,e21,e21,S2,S1,0,1,2,4.5097014976026291,5,0,Successful
47099,3,e21,e21,S2,S1,0,1,2,5.6776011239346582,6,0,Successful
47104,5,e52,e52,S5,S2,0,1,2,9.9741515091969557,10,0,Successful
47112,5,e66,e66,S6,S6,0,1,2,7.7911718193027868,8,0,Successful
47131,4,e43,e43,S4,S3,0,1,2,8.1420232605100651,9,0,Successful
47135,4,e43,e43,S4,S3,0,1,2,8.5985969889591516,9,0,Successful
47135,5,e33,e33,S3,S3,0,1,2,6.9833280428240165,7,0,Successful
47137,3,e22,e22,S2,S2,0,1,2,7.5847672133709967,8,0,Successful
47144,5,e52,e52,S5,S2,0,1,2,10.592245871988817,11,0,Successful
47147,5,e54,e54,S5,S4,0,1,2,9.8904635022177008,10,0,Successful
47154,4,e43,e43,S4,S3,0,1,2,7.9647826026421837,8,0,Successful
47154,7,e54,e54,S5,S4,0,1,2,10.13430329481168,11,0,Successful
47158,4,e42,e42,S4,S2,0,1,2,10.014485282980093,11,0,Successful
47158,7,e55,e55,S5,S5,0,1,2,5.0268192902572624,6,0,Successful
47173,3,e21,e21,S2,S1,0,1,2,4.9879367442989695,5,0,Successful
47174,6,e66,e66,S6,S6,0,1,2,7.3299774606678021,8,0,Successful
47175,3,e22,e22,S2,S2,0,1,2,10.540398875933571,11,0,Successful
47177,4,e43,e43,S4,S3,0,1,2,8.4260014292606513,9,0,Successful
47183,3,e22,e22,S2,S2,0,1,2,7.9602450088421612,8,0,Successful
47187,3,e21,e21,S2,S1,0,1,2,5.1655933759933816,6,0,Terminated
47189,4,e43,e43,S4,S3,0,1,2,7.0623176516849497,8,0,Successful
47202,4,e43,e43,S4,S3,0,1,2,7.348816727874171,8,0,Successful
47210,6,e66,e66,S6,S6,0,1,2,9.0770121799392776,10,0,Successful
47214,4,e42,e42,S4,S2,0,1,2,11.296426276688694,12,0,Successful
47219,4,e43,e43,S4,S3,0,1,2,5.9002552705728952,6,0,Successful
47226,5,e54,e54,S5,S4,0,1,2,10.058626772581745,11,0,Successful
47230,4,e42,e42,S4,S2,0,1,2,10.023316280705904,11,0,Successful
47231,6,e66,e66,S6,S6,0,1,2,7.0854159269771664,8,0,Successful
47244,5,e52,e52,S5,S2,0,1,2,9.5582171899481221,10,0,Successful
47244,8,e54,e54,S5,S4,0,1,2,10.41370913066053,11,0,Successful
47266,3,e21,e21,S2,S1,0,1,2,5.4453117533523514,6,0,Terminated
47270,3,e22,e22,S2,S2,0,1,2,8.1710256399154648,9,0,Successful
47282,3,e22,e22,S2,S2,0,1,2,10.490932692053672,11,0,Successful
47284,3,e22,e22,S2,S2,0,1,2,10.09576725325841,11,0,Successful
47284,6,e54,e54,S5,S4,0,1,2,10.971263097974065,11,0,Successful
47290,3,e21,e21,S2,S1,0,1,2,4.7944307777426625,5,0,Terminated
47312,3,e22,e22,S2,S2,0,1,2,10.81030875604659,11,0,Successful
47324,3,e22,e22,S2,S2,0,1,2,10.021093849284901,11,0,Successful
47324,5,e43,e43,S4,S3,0,1,2,6.1981495659102492,7,0,Successful
47332,4,e42,e42,S4,S2,0,1,2,10.241016991767733,11,0,Successful
47345,3,e22,e22,S2,S2,0,1,2,8.8722534221376108,9,0,Successful
47351,3,e21,e21,S2,S1,0,1,2,5.5819709651762039,6,0,Terminated
47352,5,e55,e55,S5,S5,0,1,2,6.3504637939370179,7,0,Successful
47367,4,e43,e43,S4,S3,0,1,2,7.3957663675661873,8,0,Successful
47372,5,e55,e55,S5,S5,0,1,2,4.4143731562394919,5,0,Successful
47372,6,e54,e54,S5,S4,0,1,2,11.068320529657097,12,0,Successful
47379,6,e66,e66,S6,S6,0,1,2,6.3282779618133329,7,0,Successful
47387,4,e42,e42,S4,S2,0,1,2,10.385479006285596,11,0,Successful
47402,5,e55,e55,S5,S5,0,1,2,5.3809586313656617,6,0,Successful
47425,4,e43,e43,S4,S3,0,1,2,6.7772879026600386,7,0,Successful
47426,5,e55,e55,S5,S5,0,1,2,4.6230995044267598,5,0,Successful
47448,3,e21,e21,S2,S1,0,1,2,6.0648620696949713,7,0,Successful
47458,5,e54,e54,S5,S4,0,1,2,8.8477505838206696,9,0,Successful
47466,3,e21,e21,S2,S1,0,1,2,4.3392937078013309,5,0,Successful
47496,3,e22,e22,S2,S2,0,1,2,8.5347709095062108,9,0,Successful
47496,9,e33,e33,S3,S3,0,1,2,5.7003952182681648,6,0,Successful
47496,11,e43,e43,S4,S3,0,1,2,5.8880832916280381,6,0,Successful
47498,5,e54,e54,S5,S4,0,1,2,10.567504612281356,11,0,Successful
47503,6,e55,e55,S5,S5,0,1,2,5.4619828220515654,6,0,Successful
47507,6,e66,e66,S6,S6,0,1,2,8.0075601095871978,9,0,Successful
47519,3,e22,e22,S2,S2,0,1,2,10.920225121998968,11,0,Successful
47520,3,e22,e22,S2,S2,0,1,2,8.799921777814955,9,0,Successful
47523,4,e43,e43,S4,S3,0,1,2,7.9643966819910155,8,0,Successful
47524,3,e21,e21,S2,S1,0,1,2,4.3651962191820379,5,0,Terminated
47525,3,e22,e22,S2,S2,0,1,2,9.0515327899701674,10,0,Successful
47535,3,e21,e21,S2,S1,0,1,2,4.3459539465486605,5,0,Successful
47538,3,e21,e21,S2,S1,0,1,2,3.5035491918795572,4,0,Terminated
47538,5,e21,e21,S2,S1,1,2,2,4.4419977571840814,5,1,Terminated
47541,5,e54,e54,S5,S4,0,1,2,9.0940064812822072,10,0,Successful
47543,3,e22,e22,S2,S2,0,1,2,10.52531327969526,11,0,Successful
47546,3,e22,e22,S2,S2,0,1,2,8.6250231389137468,9,0,Successful
47546,4,e22,e22,S2,S2,1,2,2,7.7447006773320712,8,1,Successful
47550,3,e21,e21,S2,S1,0,1,2,6.3744219942102394,7,0,Terminated
47555,6,e66,e66,S6,S6,0,1,2,6.8217197136323451,7,0,Successful
47556,6,e66,e66,S6,S6,0,1,2,7.3058324059371254,8,0,Successful
47570,5,e54,e54,S5,S4,0,1,2,11.078875350911364,12,0,Successful
47572,6,e66,e66,S6,S6,0,1,2,5.8176336640625363,6,0,Successful
47573,5,e54,e54,S5,S4,0,1,2,10.86629142038994,11,0,Successful
47576,3,e21,e21,S2,S1,0,1,2,4.9929948280236554,5,0,Successful
47578,5,e54,e54,S5,S4,0,1,2,11.442238471058975,12,0,Terminated
47592,3,e22,e22,S2,S2,0,1,2,8.6692871466706674,9,0,Successful
47595,5,e55,e55,S5,S5,0,1,2,5.1271542525925051,6,0,Successful
47597,6,e66,e66,S6,S6,0,1,2,7.2939905619807472,8,0,Successful
47600,4,e43,e43,S4,S3,0,1,2,8.4015986561809104,9,0,Successful
47600,8,e66,e66,S6,S6,0,1,2,8.9519755731041446,9,0,Successful
47617,5,e55,e55,S5,S5,0,1,2,4.1930276310964167,5,0,Successful
47624,3,e21,e21,S2,S1,0,1,2,5.0876762253069003,6,0,Successful
47628,5,e54,e54,S5,S4,0,1,2,8.7818656394570915,9,0,Successful
47653,3,e22,e22,S2,S2,0,1,2,8.7282794735028446,9,0,Successful
47654,5,e52,e52,S5,S2,0,1,2,9.6520776800729848,10,0,Successful
47658,5,e54,e54,S5,S4,0,1,2,9.6982642456898596,10,0,Successful
47666,6,e66,e66,S6,S6,0,1,2,6.2908738418664463,7,0,Successful
47672,7,e33,e33,S3,S3,0,1,2,8.1818617044876589,9,0,Successful
47676,3,e22,e22,S2,S2,0,1,2,8.903644158137535,9,0,Successful
47688,3,e22,e22,S2,S2,0,1,2,8.5142632555277711,9,0,Successful
47706,3,e22,e22,S2,S2,0,1,2,11.609343168808316,12,0,Successful
47710,3,e21,e21,S2,S1,0,1,2,5.8872597514283918,6,0,Successful
47710,5,e22,e22,S2,S2,0,1,2,8.4306680949922388,9,0,Successful
47710,6,e21,e21,S2,S1,1,2,2,5.9062900218951313,6,1,Successful
47712,3,e22,e22,S2,S2,0,1,2,10.812415536100124,11,0,Successful
47718,4,e43,e43,S4,S3,0,1,2,6.6605443006214147,7,0,Successful
47737,6,e66,e66,S6,S6,0,1,2,6.1055029992803576,7,0,Successful
47739,6,e66,e66,S6,S6,0,1,2,7.4214795868416452,8,0,Successful
47740,3,e21,e21,S2,S1,0,1,2,5.3528628459802317,6,0,Terminated
47749,5,e55,e55,S5,S5,0,1,2,5.4635387810248908,6,0,Successful
47757,6,e66,e66,S6,S6,0,1,2,6.9322517121339278,7,0,Successful
47765,6,e66,e66,S6,S6,0,1,2,7.3633208238868484,8,0,Successful
47790,6,e66,e66,S6,S6,0,1,2,5.5339104255423024,6,0,Successful
47806,5,e52,e52,S5,S2,0,1,2,9.8252887926659653,10,0,Successful
47806,6,e22,e22,S2,S2,0,1,2,8.7965668826846137,9,0,Successful
47808,6,e66,e66,S6,S6,0,1,2,6.2702223018508993,7,0,Successful
47831,6,e66,e66,S6,S6,0,1,2,8.3652620046126209,9,0,Successful
47836,3,e22,e22,S2,S2,0,1,2,9.2712193162991952,10,0,Successful
47867,5,e52,e52,S5,S2,0,1,2,11.240644020250855,12,0,Successful
47886,3,e22,e22,S2,S2,0,1,2,9.7367589192652719,10,0,Successful
47888,6,e66,e66,S6,S6,0,1,2,6.9982127207658209,7,0,Successful
47900,4,e43,e43,S4,S3,0,1,2,6.6663400026282096,7,0,Successful
47900,5,e32,e32,S3,S2,0,1,2,12.450285209405624,13,0,Successful
47900,9,e66,e66,S6,S6,0,1,2,7.405152428733075,8,0,Successful
47912,3,e21,e21,S2,S1,0,1,2,4.4144296838395363,5,0,Successful
47919,5,e54,e54,S5,S4,0,1,2,10.659664192741271,11,0,Successful
47921,3,e21,e21,S2,S1,0,1,2,5.0738006320815368,6,0,Terminated
47931,4,e43,e43,S4,S3,0,1,2,7.0853218581721382,8,0,Successful
47949,3,e21,e21,S2,S1,0,1,2,4.9551764267524376,5,0,Terminated
47953,6,e66,e66,S6,S6,0,1,2,6.6287937556202587,7,0,Successful
47964,3,e21,e21,S2,S1,0,1,2,3.9031474251975915,4,0,Terminated
47976,6,e66,e66,S6,S6,0,1,2,6.2165633248754402,7,0,Successful
47977,3,e22,e22,S2,S2,0,1,2,9.4475893634887704,10,0,Successful
47986,3,e21,e21,S2,S1,0,1,2,4.9458222811701775,5,0,Terminated
48017,6,e66,e66,S6,S6,0,1,2,6.5267685938685425,7,0,Successful
48018,5,e54,e54,S5,S4,0,1,2,9.9017143702790094,10,0,Successful
48031,6,e66,e66,S6,S6,0,1,2,7.0095497364090384,8,0,Successful
48037,3,e21,e21,S2,S1,0,1,2,5.8764263798318597,6,0,Terminated
48055,5,e54,e54,S5,S4,0,1,2,8.8125164265180675,9,0,Successful
48057,3,e21,e21,S2,S1,0,1,2,3.9618759447653082,4,0,Terminated
48065,5,e55,e55,S5,S5,0,1,2,4.9247009744307979,5,0,Successful
48065,6,e54,e54,S5,S4,0,1,2,9.0801920302883694,10,0,Successful
48083,4,e43,e43,S4,S3,0,1,2,7.5566329635558294,8,0,Successful
48083,7,e54,e54,S5,S4,0,1,2,10.945573529138652,11,0,Successful
48090,3,e22,e22,S2,S2,0,1,2,10.567556086057222,11,0,Successful
48097,3,e22,e22,S2,S2,0,1,2,8.1422175620861736,9,0,Successful
48122,5,e54,e54,S5,S4,0,1,2,9.6465000411671209,10,0,Successful
48122,8,e66,e66,S6,S6,0,1,2,7.4529752059114056,8,0,Successful
48144,4,e42,e42,S4,S2,0,1,2,7.9734425691793458,8,0,Successful
48145,6,e66,e66,S6,S6,0,1,2,6.613916220941638,7,0,Successful
48165,4,e43,e43,S4,S3,0,1,2,7.6913768109260223,8,0,Successful
48175,4,e42,e42,S4,S2,0,1,2,11.436688757805932,12,0,Successful
48188,5,e54,e54,S5,S4,0,1,2,11.883812358574161,12,0,Successful
48199,5,e54,e54,S5,S4,0,1,2,11.169610518993089,12,0,Successful
48203,6,e66,e66,S6,S6,0,1,2,6.7334859432026581,7,0,Successful
48213,5,e54,e54,S5,S4,0,1,2,9.0972615691292695,10,0,Successful
48220,5,e55,e55,S5,S5,0,1,2,4.6627573102009947,5,0,Successful
48221,5,e52,e52,S5,S2,0,1,2,10.717063600631281,11,0,Successful
48222,5,e52,e52,S5,S2,0,1,2,10.951458374049786,11,0,Successful
48222,7,e43,e43,S4,S3,0,1,2,7.9231798053183482,8,0,Successful
48222,8,e32,e32,S3,S2,0,1,2,13.295892095266607,14,0,Successful
48227,4,e42,e42,S4,S2,0,1,2,9.6272079694261166,10,0,Successful
48255,5,e54,e54,S5,S4,0,1,2,9.6906880629308336,10,0,Successful
48261,5,e66,e66,S6,S6,0,1,2,7.9741168206604769,8,0,Successful
48265,3,e22,e22,S2,S2,0,1,2,10.237864360026505,11,0,Successful
48268,3,e21,e21,S2,S1,0,1,2,4.7145178279596749,5,0,Terminated
48301,5,e52,e52,S5,S2,0,1,2,9.8533067131821284,10,0,Successful
48301,8,e52,e52,S5,S2,1,2,2,9.484098543679238,10,1,Successful
48309,3,e22,e22,S2,S2,0,1,2,8.5112552865399671,9,0,Successful
48327,4,e42,e42,S4,S2,0,1,2,11.294121271154985,12,0,Successful
48331,6,e66,e66,S6,S6,0,1,2,6.7072046043016265,7,0,Successful
48331,7,e66,e66,S6,S6,1,2,2,7.9106331443144207,8,1,Successful
48345,6,e66,e66,S6,S6,0,1,2,7.4372257647051159,8,0,Successful
48361,3,e22,e22,S2,S2,0,1,2,9.0155278910434618,10,0,Successful
48361,7,e66,e66,S6,S6,0,1,2,6.6362007514827921,7,0,Successful
48384,6,e66,e66,S6,S6,0,1,2,7.4108136227697505,8,0,Successful
48387,3,e22,e22,S2,S2,0,1,2,10.126142290796402,11,0,Successful
48390,5,e55,e55,S5,S5,0,1,2,5.1557802046458487,6,0,Successful
48394,5,e54,e54,S5,S4,0,1,2,11.225932483537088,12,0,Successful
48397,6,e66,e66,S6,S6,0,1,2,7.3234104150465491,8,0,Successful
48434,4,e43,e43,S4,S3,0,1,2,7.1189531061854501,8,0,Successful
48461,5,e55,e55,S5,S5,0,1,2,4.3397925062747147,5,0,Successful
48466,3,e21,e21,S2,S1,0,1,2,4.8345013757430451,5,0,Successful
48472,6,e66,e66,S6,S6,0,1,2,7.5362712846820186,8,0,Successful
48488,4,e43,e43,S4,S3,0,1,2,6.3076124255516159,7,0,Successful
48489,3,e22,e22,S2,S2,0,1,2,8.6424467933228097,9,0,Successful
48490,3,e21,e21,S2,S1,0,1,2,4.0131825405338519,5,0,Successful
48516,11,e66,e66,S6,S6,0,1,2,7.4014606562549989,8,0,Successful
48523,6,e66,e66,S6,S6,0,1,2,6.9777414295011644,7,0,Successful
48544,6,e66,e66,S6,S6,0,1,2,7.1590504692433399,8,0,Successful
48547,5,e55,e55,S5,S5,0,1,2,4.8429808880483556,5,0,Successful
48558,3,e22,e22,S2,S2,0,1,2,8.27665459676113,9,0,Terminated
48560,5,e54,e54,S5,S4,0,1,2,11.249808184455322,12,0,Successful
48566,6,e66,e66,S6,S6,0,1,2,6.6918550744984096,7,0,Successful
48566,7,e66,e66,S6,S6,1,2,2,6.4631348664216626,7,1,Successful
48570,4,e42,e42,S4,S2,0,1,2,8.3387919978788059,9,0,Successful
48570,5,e21,e21,S2,S1,0,1,2,6.2173817349042748,7,0,Successful
48572,4,e33,e33,S3,S3,0,1,2,5.7951959942473996,6,0,Successful
48576,6,e66,e66,S6,S6,0,1,2,6.2914729019242763,7,0,Successful
48577,3,e22,e22,S2,S2,0,1,2,10.815787131114014,11,0,Successful
48588,3,e21,e21,S2,S1,0,1,2,5.3134627472050155,6,0,Terminated
48606,4,e43,e43,S4,S3,0,1,2,5.9950221448136487,6,0,Successful
48606,5,e32,e32,S3,S2,0,1,2,13.058017510449194,14,0,Successful
48606,9,e66,e66,S6,S6,0,1,2,7.2640525238233797,8,0,Successful
48607,5,e52,e52,S5,S2,0,1,2,9.2458883851522948,10,0,Successful
48608,3,e22,e22,S2,S2,0,1,2,10.125820482827312,11,0,Successful
48614,3,e21,e21,S2,S1,0,1,2,5.9886877630263946,6,0,Terminated
48631,3,e22,e22,S2,S2,0,1,2,9.8439860677574611,10,0,Successful
48638,5,e54,e54,S5,S4,0,1,2,8.3285858187156556,9,0,Successful
48652,3,e22,e22,S2,S2,0,1,2,10.853932209609408,11,0,Successful
48678,6,e66,e66,S6,S6,0,1,2,7.6457290588542612,8,0,Successful
48683,5,e54,e54,S5,S4,0,1,2,9.6915877903477874,10,0,Successful
48683,7,e54,e54,S5,S4,1,2,2,8.5792615910349586,9,1,Successful
48684,4,e42,e42,S4,S2,0,1,2,10.868617134487128,11,0,Successful
48686,3,e22,e22,S2,S2,0,1,2,9.5871212332095297,10,0,Successful
48688,5,e55,e55,S5,S5,0,1,2,4.5509228683137763,5,0,Successful
48703,5,e52,e52,S5,S2,0,1,2,9.3943541929860075,10,0,Successful
48718,3,e21,e21,S2,S1,0,1,2,4.3026897529410535,5,0,Successful
48730,3,e22,e22,S2,S2,0,1,2,9.4582384813475606,10,0,Successful
48753,6,e66,e66,S6,S6,0,1,2,6.0058756751455906,7,0,Successful
48759,6,e66,e66,S6,S6,0,1,2,7.5017381818559024,8,0,Successful
48769,3,e21,e21,S2,S1,0,1,2,4.6342293376151869,5,0,Terminated
48790,3,e21,e21,S2,S1,0,1,2,5.3583539456626603,6,0,Terminated
48791,6,e66,e66,S6,S6,0,1,2,8.9660710347237096,9,0,Successful
48792,3,e21,e21,S2,S1,0,1,2,6.0384785952142312,7,0,Terminated
48793,4,e43,e43,S4,S3,0,1,2,7.5591649283311382,8,0,Successful
48804,3,e22,e22,S2,S2,0,1,2,10.427303041610159,11,0,Successful
48811,3,e21,e21,S2,S1,0,1,2,5.1901084295005422,6,0,Successful
48828,3,e21,e21,S2,S1,0,1,2,5.4663112798117002,6,0,Successful
48828,5,e21,e21,S2,S1,1,2,2,4.8299618491761116,5,1,Successful
48832,5,e66,e66,S6,S6,0,1,2,5.6326712060298787,6,0,Successful
48871,4,e43,e43,S4,S3,0,1,2,6.4931595244946161,7,0,Successful
48883,6,e66,e66,S6,S6,0,1,2,5.3465647027505332,6,0,Successful
48885,6,e66,e66,S6,S6,0,1,2,7.8747665001973077,8,0,Successful
48903,3,e22,e22,S2,S2,0,1,2,8.5026114661567611,9,0,Successful
48916,5,e54,e54,S5,S4,0,1,2,10.05368637579808,11,0,Successful
48928,3,e22,e22,S2,S2,0,1,2,9.7667380010179894,10,0,Successful
48930,4,e42,e42,S4,S2,0,1,2,8.5033076568061574,9,0,Successful
48960,6,e66,e66,S6,S6,0,1,2,6.8094955565497042,7,0,Successful
48963,3,e22,e22,S2,S2,0,1,2,8.4333269191707476,9,0,Successful
48963,7,e66,e66,S6,S6,0,1,2,8.0859606208136263,9,0,Successful
48981,5,e52,e52,S5,S2,0,1,2,9.5683806510035634,10,0,Successful
48987,5,e55,e55,S5,S5,0,1,2,5.9009058827794147,6,0,Successful
48997,3,e21,e21,S2,S1,0,1,2,4.4500755416073758,5,0,Successful
49008,5,e52,e52,S5,S2,0,1,2,9.7763587509861001,10,0,Successful
49010,3,e21,e21,S2,S1,0,1,2,4.9386595031114959,5,0,Successful
49037,3,e21,e21,S2,S1,0,1,2,4.0421532057896865,5,0,Terminated
49043,5,e54,e54,S5,S4,0,1,2,8.503776041397126,9,0,Successful
49043,7,e52,e52,S5,S2,0,1,2,7.598261144244697,8,0,Successful
49043,11,e66,e66,S6,S6,0,1,2,8.1939434224959875,9,0,Successful
49045,3,e21,e21,S2,S1,0,1,2,4.0459826474112734,5,0,Successful
49045,5,e22,e22,S2,S2,0,1,2,9.6822505146670181,10,0,Successful
49062,3,e21,e21,S2,S1,0,1,2,5.1855528614809918,6,0,Successful
49065,3,e21,e21,S2,S1,0,1,2,5.993212689085663,6,0,Successful
49070,4,e43,e43,S4,S3,0,1,2,7.7843955545637442,8,0,Successful
49071,3,e21,e21,S2,S1,0,1,2,5.0669104969266989,6,0,Terminated
49071,5,e21,e21,S2,S1,1,2,2,3.8618368693102934,4,1,Terminated
49087,4,e43,e43,S4,S3,0,1,2,7.0397203823088841,8,0,Successful
49091,4,e43,e43,S4,S3,0,1,2,5.7001632774526652,6,0,Successful
49096,3,e22,e22,S2,S2,0,1,2,8.6312011413160921,9,0,Successful
49100,4,e42,e42,S4,S2,0,1,2,10.595401408534791,11,0,Successful
49125,3,e21,e21,S2,S1,0,1,2,5.8905974271561323,6,0,Successful
49143,4,e43,e43,S4,S3,0,1,2,6.9457082275520241,7,0,Successful
49165,4,e43,e43,S4,S3,0,1,2,5.6622885006703481,6,0,Successful
49167,3,e22,e22,S2,S2,0,1,2,9.5550111047515482,10,0,Successful
49171,11,e66,e66,S6,S6,0,1,2,7.9348276866088057,8,0,Successful
49172,3,e22,e22,S2,S2,0,1,2,7.8633567945143508,8,0,Successful
49174,5,e54,e54,S5,S4,0,1,2,9.3323301883616541,10,0,Successful
49176,4,e42,e42,S4,S2,0,1,2,9.3103757380900554,10,0,Successful
49180,3,e22,e22,S2,S2,0,1,2,9.5808113519545337,10,0,Successful
49183,3,e22,e22,S2,S2,0,1,2,9.6362944200318168,10,0,Successful
49192,7,e32,e32,S3,S2,0,1,2,13.298057516201755,14,0,Successful
49200,4,e43,e43,S4,S3,0,1,2,6.5540756932226358,7,0,Successful
49228,3,e22,e22,S2,S2,0,1,2,9.8482781173510894,10,0,Successful
49228,6,e54,e54,S5,S4,0,1,2,10.453330759068544,11,0,Successful
49249,3,e22,e22,S2,S2,0,1,2,10.872895106860247,11,0,Successful
49264,3,e22,e22,S2,S2,0,1,2,7.5686331950801522,8,0,Successful
49264,4,e22,e22,S2,S2,1,2,2,8.2530877654657857,9,1,Successful
49277,3,e22,e22,S2,S2,0,1,2,8.4935919446850896,9,0,Successful
49277,6,e66,e66,S6,S6,0,1,2,6.0665021931774366,7,0,Successful
49280,5,e54,e54,S5,S4,0,1,2,8.8004808737248652,9,0,Successful
49282,4,e42,e42,S4,S2,0,1,2,10.274377361986714,11,0,Successful
49306,3,e22,e22,S2,S2,0,1,2,10.244054207454791,11,0,Successful
49316,5,e54,e54,S5,S4,0,1,2,9.5345570000515405,10,0,Successful
49327,3,e21,e21,S2,S1,0,1,2,6.1351722805929647,7,0,Terminated
49328,6,e66,e66,S6,S6,0,1,2,7.5370268827329365,8,0,Successful
49333,3,e21,e21,S2,S1,0,1,2,4.3921823820236678,5,0,Terminated
49343,6,e66,e66,S6,S6,0,1,2,9.3142321043117491,10,0,Successful
49361,3,e21,e21,S2,S1,0,1,2,4.2094176704280049,5,0,Successful
49364,3,e21,e21,S2,S1,0,1,2,5.3102276166732274,6,0,Successful
49372,3,e21,e21,S2,S1,0,1,2,4.8180410998726479,5,0,Terminated
49391,3,e22,e22,S2,S2,0,1,2,8.2578361457515257,9,0,Successful
49398,3,e21,e21,S2,S1,0,1,2,3.3055393416167687,4,0,Terminated
49400,3,e22,e22,S2,S2,0,1,2,10.136052266333115,11,0,Successful
49409,5,e55,e55,S5,S5,0,1,2,4.8001649494602399,5,0,Successful
49424,3,e21,e21,S2,S1,0,1,2,5.7206388760389775,6,0,Successful
49431,6,e66,e66,S6,S6,0,1,2,6.9808073596439213,7,0,Successful
49436,3,e21,e21,S2,S1,0,1,2,4.9404535645779308,5,0,Terminated
49444,3,e22,e22,S2,S2,0,1,2,8.9314058810324362,9,0,Successful
49446,5,e54,e54,S5,S4,0,1,2,10.391847548399703,11,0,Successful
49451,3,e22,e22,S2,S2,0,1,2,8.205057453553243,9,0,Successful
49451,7,e66,e66,S6,S6,0,1,2,7.4782085745821973,8,0,Successful
49460,6,e66,e66,S6,S6,0,1,2,7.1373652739087454,8,0,Successful
49463,4,e42,e42,S4,S2,0,1,2,8.518442577564338,9,0,Successful
49487,3,e22,e22,S2,S2,0,1,2,7.6317261664638965,8,0,Successful
49488,3,e22,e22,S2,S2,0,1,2,10.07584102479314,11,0,Successful
49503,3,e22,e22,S2,S2,0,1,2,7.6111887708998607,8,0,Successful
49519,6,e66,e66,S6,S6,0,1,2,6.0640437040748507,7,0,Successful
49531,3,e21,e21,S2,S1,0,1,2,3.874758475023576,4,0,Successful
49536,5,e52,e52,S5,S2,0,1,2,11.506275272702487,12,0,Successful
49537,4,e43,e43,S4,S3,0,1,2,7.4419725621697017,8,0,Successful
49538,3,e22,e22,S2,S2,0,1,2,9.5506270941725511,10,0,Successful
49547,5,e54,e54,S5,S4,0,1,2,8.9322033870200279,9,0,Successful
49568,3,e21,e21,S2,S1,0,1,2,4.4729931364132778,5,0,Terminated
49571,4,e42,e42,S4,S2,0,1,2,9.3392186722524766,10,0,Successful
49572,5,e54,e54,S5,S4,0,1,2,9.7324151728548802,10,0,Successful
49577,3,e22,e22,S2,S2,0,1,2,9.1122296180217557,10,0,Successful
49602,4,e43,e43,S4,S3,0,1,2,6.4767431310592283,7,0,Successful
49605,5,e54,e54,S5,S4,0,1,2,10.280770516461446,11,0,Successful
49628,4,e43,e43,S4,S3,0,1,2,6.8313069601287406,7,0,Successful
49631,3,e21,e21,S2,S1,0,1,2,4.8012828730431485,5,0,Terminated
49634,3,e21,e21,S2,S1,0,1,2,6.2383564942209944,7,0,Terminated
49661,3,e22,e22,S2,S2,0,1,2,7.7438319292890352,8,0,Successful
49681,5,e54,e54,S5,S4,0,1,2,11.12837422482092,12,0,Successful
49681,6,e42,e42,S4,S2,0,1,2,7.6196124802333074,8,0,Successful
49682,6,e66,e66,S6,S6,0,1,2,7.6783790326296231,8,0,Successful
49689,7,e33,e33,S3,S3,0,1,2,9.3315416908091962,10,0,Successful
49690,5,e52,e52,S5,S2,0,1,2,11.166349243633565,12,0,Successful
49697,3,e22,e22,S2,S2,0,1,2,9.896168805852394,10,0,Successful
49702,3,e22,e22,S2,S2,0,1,2,8.0518366269502515,9,0,Successful
49726,3,e21,e21,S2,S1,0,1,2,5.4491939507505656,6,0,Successful
49729,3,e21,e21,S2,S1,0,1,2,4.7998543704910723,5,0,Successful
49733,6,e66,e66,S6,S6,0,1,2,7.8344357637376465,8,0,Successful
49736,5,e55,e55,S5,S5,0,1,2,4.7911385056585365,5,0,Successful
49744,4,e43,e43,S4,S3,0,1,2,6.3965870803326759,7,0,Successful
49747,3,e22,e22,S2,S2,0,1,2,9.3701081319046082,10,0,Successful
49764,3,e22,e22,S2,S2,0,1,2,9.3901730581661269,10,0,Successful
49768,5,e55,e55,S5,S5,0,1,2,3.7365682746782305,4,0,Successful
49777,4,e42,e42,S4,S2,0,1,2,8.9653113678754117,9,0,Successful
49778,3,e22,e22,S2,S2,0,1,2,7.2560051414027962,8,0,Successful
49783,3,e21,e21,S2,S1,0,1,2,5.5667887058070074,6,0,Terminated
49793,3,e22,e22,S2,S2,0,1,2,9.9625546083992553,10,0,Successful
49798,6,e66,e66,S6,S6,0,1,2,6.1989566391681183,7,0,Successful
49803,3,e22,e22,S2,S2,0,1,2,9.1119709310163621,10,0,Successful
49808,5,e52,e52,S5,S2,0,1,2,9.0789889110600335,10,0,Successful
49811,4,e43,e43,S4,S3,0,1,2,9.0395366475164458,10,0,Successful
49844,3,e21,e21,S2,S1,0,1,2,4.8311319299221838,5,0,Successful
49850,3,e21,e21,S2,S1,0,1,2,6.1030559573425274,7,0,Successful
49854,6,e66,e66,S6,S6,0,1,2,6.5091593881122964,7,0,Successful
49871,4,e43,e43,S4,S3,0,1,2,7.7268669476136989,8,0,Successful
49881,4,e42,e42,S4,S2,0,1,2,8.1981028668921034,9,0,Successful
49881,7,e55,e55,S5,S5,0,1,2,6.2643832989091806,7,0,Successful
49884,5,e54,e54,S5,S4,0,1,2,9.1443856556244594,10,0,Successful
49890,3,e21,e21,S2,S1,0,1,2,4.320413985452265,5,0,Successful
49897,3,e22,e22,S2,S2,0,1,2,9.0565389055384724,10,0,Successful
49900,5,e54,e54,S5,S4,0,1,2,11.004871395467356,12,0,Successful
49907,3,e21,e21,S2,S1,0,1,2,4.6181278699122261,5,0,Successful
49919,3,e22,e22,S2,S2,0,1,2,9.6066883382457728,10,0,Successful
49933,3,e22,e22,S2,S2,0,1,2,9.4493275649626458,10,0,Successful
49934,3,e21,e21,S2,S1,0,1,2,5.0934119580116759,6,0,Successful
49941,6,e66,e66,S6,S6,0,1,2,9.0417003396478854,10,0,Successful
49944,3,e21,e21,S2,S1,0,1,2,5.9727555104801358,6,0,Successful
49971,4,e43,e43,S4,S3,0,1,2,7.8502362426709897,8,0,Successful
49971,8,e66,e66,S6,S6,0,1,2,6.8380594469869935,7,0,Successful
49979,3,e21,e21,S2,S1,0,1,2,3.9099642925787461,4,0,Successful
