Dataset,Workbook,Worksheet,Column_Name,Data_Type,Unit,Definition,Calculation,Source,Allowed_Values,Missing_Value_Rule,Sensitivity_Use,Notes
07_GERT_Analysis_Ready::Iteration Feature Matrix,07_GERT_Analysis_Ready.xlsx,Iteration Feature Matrix,Iteration_ID,int64,identifier,One-based Monte Carlo iteration identifier.,Directly exported value.,Fresh seeded simulation from authoritative Word inputs.,,Blank only when the field is not applicable to the record.,Candidate predictor or response for later analysis.,
07_GERT_Analysis_Ready::Iteration Feature Matrix,07_GERT_Analysis_Ready.xlsx,Iteration Feature Matrix,Outcome,string,,Final absorbing GERT outcome.,Directly exported value.,Fresh seeded simulation from authoritative Word inputs.,Successful; Terminated,Blank only when the field is not applicable to the record.,Candidate predictor or response for later analysis.,
07_GERT_Analysis_Ready::Iteration Feature Matrix,07_GERT_Analysis_Ready.xlsx,Iteration Feature Matrix,Outcome_Successful_Binary,bool,,Outcome Successful Binary,Directly exported value.,Fresh seeded simulation from authoritative Word inputs.,0; 1,Blank only when the field is not applicable to the record.,Candidate predictor or response for later analysis.,
07_GERT_Analysis_Ready::Iteration Feature Matrix,07_GERT_Analysis_Ready.xlsx,Iteration Feature Matrix,Total_Duration,int64,days,Sum of individually ceiling-rounded stochastic durations for the iteration.,Directly exported value.,Fresh seeded simulation from authoritative Word inputs.,,Blank only when the field is not applicable to the record.,Candidate predictor or response for later analysis.,
07_GERT_Analysis_Ready::Iteration Feature Matrix,07_GERT_Analysis_Ready.xlsx,Iteration Feature Matrix,Transition_Count,int64,count,Transition Count,Directly exported value.,Fresh seeded simulation from authoritative Word inputs.,,Blank only when the field is not applicable to the record.,Candidate predictor or response for later analysis.,
07_GERT_Analysis_Ready::Iteration Feature Matrix,07_GERT_Analysis_Ready.xlsx,Iteration Feature Matrix,Dispute_Visited,bool,,Dispute Visited,Directly exported value.,Fresh seeded simulation from authoritative Word inputs.,0; 1,Blank only when the field is not applicable to the record.,Candidate predictor or response for later analysis.,
07_GERT_Analysis_Ready::Iteration Feature Matrix,07_GERT_Analysis_Ready.xlsx,Iteration Feature Matrix,Dispute_Visit_Count,int64,count,Dispute Visit Count,Directly exported value.,Fresh seeded simulation from authoritative Word inputs.,,Blank only when the field is not applicable to the record.,Candidate predictor or response for later analysis.,
07_GERT_Analysis_Ready::Iteration Feature Matrix,07_GERT_Analysis_Ready.xlsx,Iteration Feature Matrix,Path_ID,int64,identifier,Path ID,Directly exported value.,Fresh seeded simulation from authoritative Word inputs.,,Blank only when the field is not applicable to the record.,Candidate predictor or response for later analysis.,
07_GERT_Analysis_Ready::Iteration Feature Matrix,07_GERT_Analysis_Ready.xlsx,Iteration Feature Matrix,Any_Loop,bool,,Any Loop,Directly exported value.,Fresh seeded simulation from authoritative Word inputs.,0; 1,Blank only when the field is not applicable to the record.,Candidate predictor or response for later analysis.,
07_GERT_Analysis_Ready::Iteration Feature Matrix,07_GERT_Analysis_Ready.xlsx,Iteration Feature Matrix,Any_Cap_Reached,bool,,Any Cap Reached,Directly exported value.,Fresh seeded simulation from authoritative Word inputs.,0; 1,Blank only when the field is not applicable to the record.,Candidate predictor or response for later analysis.,
07_GERT_Analysis_Ready::Iteration Feature Matrix,07_GERT_Analysis_Ready.xlsx,Iteration Feature Matrix,Renormalisation_Count,int64,count,Renormalisation Count,Directly exported value.,Fresh seeded simulation from authoritative Word inputs.,,Blank only when the field is not applicable to the record.,Candidate predictor or response for later analysis.,
07_GERT_Analysis_Ready::Iteration Feature Matrix,07_GERT_Analysis_Ready.xlsx,Iteration Feature Matrix,Activated_e12,bool,,Indicator that arc e12 was traversed at least once.,Directly exported value.,Fresh seeded simulation from authoritative Word inputs.,0; 1,Blank only when the field is not applicable to the record.,Candidate predictor or response for later analysis.,
07_GERT_Analysis_Ready::Iteration Feature Matrix,07_GERT_Analysis_Ready.xlsx,Iteration Feature Matrix,Activated_e1T,bool,,Indicator that arc e1T was traversed at least once.,Directly exported value.,Fresh seeded simulation from authoritative Word inputs.,0; 1,Blank only when the field is not applicable to the record.,Candidate predictor or response for later analysis.,
07_GERT_Analysis_Ready::Iteration Feature Matrix,07_GERT_Analysis_Ready.xlsx,Iteration Feature Matrix,Activated_e23,bool,,Indicator that arc e23 was traversed at least once.,Directly exported value.,Fresh seeded simulation from authoritative Word inputs.,0; 1,Blank only when the field is not applicable to the record.,Candidate predictor or response for later analysis.,
07_GERT_Analysis_Ready::Iteration Feature Matrix,07_GERT_Analysis_Ready.xlsx,Iteration Feature Matrix,Activated_e24,bool,,Indicator that arc e24 was traversed at least once.,Directly exported value.,Fresh seeded simulation from authoritative Word inputs.,0; 1,Blank only when the field is not applicable to the record.,Candidate predictor or response for later analysis.,
07_GERT_Analysis_Ready::Iteration Feature Matrix,07_GERT_Analysis_Ready.xlsx,Iteration Feature Matrix,Activated_e22,bool,,Indicator that arc e22 was traversed at least once.,Directly exported value.,Fresh seeded simulation from authoritative Word inputs.,0; 1,Blank only when the field is not applicable to the record.,Candidate predictor or response for later analysis.,
07_GERT_Analysis_Ready::Iteration Feature Matrix,07_GERT_Analysis_Ready.xlsx,Iteration Feature Matrix,Activated_e21,bool,,Indicator that arc e21 was traversed at least once.,Directly exported value.,Fresh seeded simulation from authoritative Word inputs.,0; 1,Blank only when the field is not applicable to the record.,Candidate predictor or response for later analysis.,
07_GERT_Analysis_Ready::Iteration Feature Matrix,07_GERT_Analysis_Ready.xlsx,Iteration Feature Matrix,Activated_e2T,bool,,Indicator that arc e2T was traversed at least once.,Directly exported value.,Fresh seeded simulation from authoritative Word inputs.,0; 1,Blank only when the field is not applicable to the record.,Candidate predictor or response for later analysis.,
07_GERT_Analysis_Ready::Iteration Feature Matrix,07_GERT_Analysis_Ready.xlsx,Iteration Feature Matrix,Activated_e34,bool,,Indicator that arc e34 was traversed at least once.,Directly exported value.,Fresh seeded simulation from authoritative Word inputs.,0; 1,Blank only when the field is not applicable to the record.,Candidate predictor or response for later analysis.,
07_GERT_Analysis_Ready::Iteration Feature Matrix,07_GERT_Analysis_Ready.xlsx,Iteration Feature Matrix,Activated_e33,bool,,Indicator that arc e33 was traversed at least once.,Directly exported value.,Fresh seeded simulation from authoritative Word inputs.,0; 1,Blank only when the field is not applicable to the record.,Candidate predictor or response for later analysis.,
07_GERT_Analysis_Ready::Iteration Feature Matrix,07_GERT_Analysis_Ready.xlsx,Iteration Feature Matrix,Activated_e32,bool,,Indicator that arc e32 was traversed at least once.,Directly exported value.,Fresh seeded simulation from authoritative Word inputs.,0; 1,Blank only when the field is not applicable to the record.,Candidate predictor or response for later analysis.,
07_GERT_Analysis_Ready::Iteration Feature Matrix,07_GERT_Analysis_Ready.xlsx,Iteration Feature Matrix,Activated_e3T,bool,,Indicator that arc e3T was traversed at least once.,Directly exported value.,Fresh seeded simulation from authoritative Word inputs.,0; 1,Blank only when the field is not applicable to the record.,Candidate predictor or response for later analysis.,
07_GERT_Analysis_Ready::Iteration Feature Matrix,07_GERT_Analysis_Ready.xlsx,Iteration Feature Matrix,Activated_e3D,bool,,Indicator that arc e3D was traversed at least once.,Directly exported value.,Fresh seeded simulation from authoritative Word inputs.,0; 1,Blank only when the field is not applicable to the record.,Candidate predictor or response for later analysis.,
07_GERT_Analysis_Ready::Iteration Feature Matrix,07_GERT_Analysis_Ready.xlsx,Iteration Feature Matrix,Activated_e45,bool,,Indicator that arc e45 was traversed at least once.,Directly exported value.,Fresh seeded simulation from authoritative Word inputs.,0; 1,Blank only when the field is not applicable to the record.,Candidate predictor or response for later analysis.,
07_GERT_Analysis_Ready::Iteration Feature Matrix,07_GERT_Analysis_Ready.xlsx,Iteration Feature Matrix,Activated_e46,bool,,Indicator that arc e46 was traversed at least once.,Directly exported value.,Fresh seeded simulation from authoritative Word inputs.,0; 1,Blank only when the field is not applicable to the record.,Candidate predictor or response for later analysis.,
07_GERT_Analysis_Ready::Iteration Feature Matrix,07_GERT_Analysis_Ready.xlsx,Iteration Feature Matrix,Activated_e43,bool,,Indicator that arc e43 was traversed at least once.,Directly exported value.,Fresh seeded simulation from authoritative Word inputs.,0; 1,Blank only when the field is not applicable to the record.,Candidate predictor or response for later analysis.,
07_GERT_Analysis_Ready::Iteration Feature Matrix,07_GERT_Analysis_Ready.xlsx,Iteration Feature Matrix,Activated_e42,bool,,Indicator that arc e42 was traversed at least once.,Directly exported value.,Fresh seeded simulation from authoritative Word inputs.,0; 1,Blank only when the field is not applicable to the record.,Candidate predictor or response for later analysis.,
07_GERT_Analysis_Ready::Iteration Feature Matrix,07_GERT_Analysis_Ready.xlsx,Iteration Feature Matrix,Activated_e4D,bool,,Indicator that arc e4D was traversed at least once.,Directly exported value.,Fresh seeded simulation from authoritative Word inputs.,0; 1,Blank only when the field is not applicable to the record.,Candidate predictor or response for later analysis.,
07_GERT_Analysis_Ready::Iteration Feature Matrix,07_GERT_Analysis_Ready.xlsx,Iteration Feature Matrix,Activated_e56,bool,,Indicator that arc e56 was traversed at least once.,Directly exported value.,Fresh seeded simulation from authoritative Word inputs.,0; 1,Blank only when the field is not applicable to the record.,Candidate predictor or response for later analysis.,
07_GERT_Analysis_Ready::Iteration Feature Matrix,07_GERT_Analysis_Ready.xlsx,Iteration Feature Matrix,Activated_e57,bool,,Indicator that arc e57 was traversed at least once.,Directly exported value.,Fresh seeded simulation from authoritative Word inputs.,0; 1,Blank only when the field is not applicable to the record.,Candidate predictor or response for later analysis.,
07_GERT_Analysis_Ready::Iteration Feature Matrix,07_GERT_Analysis_Ready.xlsx,Iteration Feature Matrix,Activated_e55,bool,,Indicator that arc e55 was traversed at least once.,Directly exported value.,Fresh seeded simulation from authoritative Word inputs.,0; 1,Blank only when the field is not applicable to the record.,Candidate predictor or response for later analysis.,
07_GERT_Analysis_Ready::Iteration Feature Matrix,07_GERT_Analysis_Ready.xlsx,Iteration Feature Matrix,Activated_e54,bool,,Indicator that arc e54 was traversed at least once.,Directly exported value.,Fresh seeded simulation from authoritative Word inputs.,0; 1,Blank only when the field is not applicable to the record.,Candidate predictor or response for later analysis.,
07_GERT_Analysis_Ready::Iteration Feature Matrix,07_GERT_Analysis_Ready.xlsx,Iteration Feature Matrix,Activated_e52,bool,,Indicator that arc e52 was traversed at least once.,Directly exported value.,Fresh seeded simulation from authoritative Word inputs.,0; 1,Blank only when the field is not applicable to the record.,Candidate predictor or response for later analysis.,
07_GERT_Analysis_Ready::Iteration Feature Matrix,07_GERT_Analysis_Ready.xlsx,Iteration Feature Matrix,Activated_e5D,bool,,Indicator that arc e5D was traversed at least once.,Directly exported value.,Fresh seeded simulation from authoritative Word inputs.,0; 1,Blank only when the field is not applicable to the record.,Candidate predictor or response for later analysis.,
07_GERT_Analysis_Ready::Iteration Feature Matrix,07_GERT_Analysis_Ready.xlsx,Iteration Feature Matrix,Activated_e67,bool,,Indicator that arc e67 was traversed at least once.,Directly exported value.,Fresh seeded simulation from authoritative Word inputs.,0; 1,Blank only when the field is not applicable to the record.,Candidate predictor or response for later analysis.,
07_GERT_Analysis_Ready::Iteration Feature Matrix,07_GERT_Analysis_Ready.xlsx,Iteration Feature Matrix,Activated_e66,bool,,Indicator that arc e66 was traversed at least once.,Directly exported value.,Fresh seeded simulation from authoritative Word inputs.,0; 1,Blank only when the field is not applicable to the record.,Candidate predictor or response for later analysis.,
07_GERT_Analysis_Ready::Iteration Feature Matrix,07_GERT_Analysis_Ready.xlsx,Iteration Feature Matrix,Activated_e6D,bool,,Indicator that arc e6D was traversed at least once.,Directly exported value.,Fresh seeded simulation from authoritative Word inputs.,0; 1,Blank only when the field is not applicable to the record.,Candidate predictor or response for later analysis.,
07_GERT_Analysis_Ready::Iteration Feature Matrix,07_GERT_Analysis_Ready.xlsx,Iteration Feature Matrix,Activated_eD3,bool,,Indicator that arc eD3 was traversed at least once.,Directly exported value.,Fresh seeded simulation from authoritative Word inputs.,0; 1,Blank only when the field is not applicable to the record.,Candidate predictor or response for later analysis.,
07_GERT_Analysis_Ready::Iteration Feature Matrix,07_GERT_Analysis_Ready.xlsx,Iteration Feature Matrix,Activated_eD7,bool,,Indicator that arc eD7 was traversed at least once.,Directly exported value.,Fresh seeded simulation from authoritative Word inputs.,0; 1,Blank only when the field is not applicable to the record.,Candidate predictor or response for later analysis.,
07_GERT_Analysis_Ready::Iteration Feature Matrix,07_GERT_Analysis_Ready.xlsx,Iteration Feature Matrix,Activated_eDT,bool,,Indicator that arc eDT was traversed at least once.,Directly exported value.,Fresh seeded simulation from authoritative Word inputs.,0; 1,Blank only when the field is not applicable to the record.,Candidate predictor or response for later analysis.,
07_GERT_Analysis_Ready::Iteration Feature Matrix,07_GERT_Analysis_Ready.xlsx,Iteration Feature Matrix,Traversals_e12,int64,,Number of traversals of arc e12 in the iteration.,Directly exported value.,Fresh seeded simulation from authoritative Word inputs.,,Blank only when the field is not applicable to the record.,Candidate predictor or response for later analysis.,
07_GERT_Analysis_Ready::Iteration Feature Matrix,07_GERT_Analysis_Ready.xlsx,Iteration Feature Matrix,Traversals_e1T,int64,,Number of traversals of arc e1T in the iteration.,Directly exported value.,Fresh seeded simulation from authoritative Word inputs.,,Blank only when the field is not applicable to the record.,Candidate predictor or response for later analysis.,
07_GERT_Analysis_Ready::Iteration Feature Matrix,07_GERT_Analysis_Ready.xlsx,Iteration Feature Matrix,Traversals_e23,int64,,Number of traversals of arc e23 in the iteration.,Directly exported value.,Fresh seeded simulation from authoritative Word inputs.,,Blank only when the field is not applicable to the record.,Candidate predictor or response for later analysis.,
07_GERT_Analysis_Ready::Iteration Feature Matrix,07_GERT_Analysis_Ready.xlsx,Iteration Feature Matrix,Traversals_e24,int64,,Number of traversals of arc e24 in the iteration.,Directly exported value.,Fresh seeded simulation from authoritative Word inputs.,,Blank only when the field is not applicable to the record.,Candidate predictor or response for later analysis.,
07_GERT_Analysis_Ready::Iteration Feature Matrix,07_GERT_Analysis_Ready.xlsx,Iteration Feature Matrix,Traversals_e22,int64,,Number of traversals of arc e22 in the iteration.,Directly exported value.,Fresh seeded simulation from authoritative Word inputs.,,Blank only when the field is not applicable to the record.,Candidate predictor or response for later analysis.,
07_GERT_Analysis_Ready::Iteration Feature Matrix,07_GERT_Analysis_Ready.xlsx,Iteration Feature Matrix,Traversals_e21,int64,,Number of traversals of arc e21 in the iteration.,Directly exported value.,Fresh seeded simulation from authoritative Word inputs.,,Blank only when the field is not applicable to the record.,Candidate predictor or response for later analysis.,
07_GERT_Analysis_Ready::Iteration Feature Matrix,07_GERT_Analysis_Ready.xlsx,Iteration Feature Matrix,Traversals_e2T,int64,,Number of traversals of arc e2T in the iteration.,Directly exported value.,Fresh seeded simulation from authoritative Word inputs.,,Blank only when the field is not applicable to the record.,Candidate predictor or response for later analysis.,
07_GERT_Analysis_Ready::Iteration Feature Matrix,07_GERT_Analysis_Ready.xlsx,Iteration Feature Matrix,Traversals_e34,int64,,Number of traversals of arc e34 in the iteration.,Directly exported value.,Fresh seeded simulation from authoritative Word inputs.,,Blank only when the field is not applicable to the record.,Candidate predictor or response for later analysis.,
07_GERT_Analysis_Ready::Iteration Feature Matrix,07_GERT_Analysis_Ready.xlsx,Iteration Feature Matrix,Traversals_e33,int64,,Number of traversals of arc e33 in the iteration.,Directly exported value.,Fresh seeded simulation from authoritative Word inputs.,,Blank only when the field is not applicable to the record.,Candidate predictor or response for later analysis.,
07_GERT_Analysis_Ready::Iteration Feature Matrix,07_GERT_Analysis_Ready.xlsx,Iteration Feature Matrix,Traversals_e32,int64,,Number of traversals of arc e32 in the iteration.,Directly exported value.,Fresh seeded simulation from authoritative Word inputs.,,Blank only when the field is not applicable to the record.,Candidate predictor or response for later analysis.,
07_GERT_Analysis_Ready::Iteration Feature Matrix,07_GERT_Analysis_Ready.xlsx,Iteration Feature Matrix,Traversals_e3T,int64,,Number of traversals of arc e3T in the iteration.,Directly exported value.,Fresh seeded simulation from authoritative Word inputs.,,Blank only when the field is not applicable to the record.,Candidate predictor or response for later analysis.,
07_GERT_Analysis_Ready::Iteration Feature Matrix,07_GERT_Analysis_Ready.xlsx,Iteration Feature Matrix,Traversals_e3D,int64,,Number of traversals of arc e3D in the iteration.,Directly exported value.,Fresh seeded simulation from authoritative Word inputs.,,Blank only when the field is not applicable to the record.,Candidate predictor or response for later analysis.,
07_GERT_Analysis_Ready::Iteration Feature Matrix,07_GERT_Analysis_Ready.xlsx,Iteration Feature Matrix,Traversals_e45,int64,,Number of traversals of arc e45 in the iteration.,Directly exported value.,Fresh seeded simulation from authoritative Word inputs.,,Blank only when the field is not applicable to the record.,Candidate predictor or response for later analysis.,
07_GERT_Analysis_Ready::Iteration Feature Matrix,07_GERT_Analysis_Ready.xlsx,Iteration Feature Matrix,Traversals_e46,int64,,Number of traversals of arc e46 in the iteration.,Directly exported value.,Fresh seeded simulation from authoritative Word inputs.,,Blank only when the field is not applicable to the record.,Candidate predictor or response for later analysis.,
07_GERT_Analysis_Ready::Iteration Feature Matrix,07_GERT_Analysis_Ready.xlsx,Iteration Feature Matrix,Traversals_e43,int64,,Number of traversals of arc e43 in the iteration.,Directly exported value.,Fresh seeded simulation from authoritative Word inputs.,,Blank only when the field is not applicable to the record.,Candidate predictor or response for later analysis.,
07_GERT_Analysis_Ready::Iteration Feature Matrix,07_GERT_Analysis_Ready.xlsx,Iteration Feature Matrix,Traversals_e42,int64,,Number of traversals of arc e42 in the iteration.,Directly exported value.,Fresh seeded simulation from authoritative Word inputs.,,Blank only when the field is not applicable to the record.,Candidate predictor or response for later analysis.,
07_GERT_Analysis_Ready::Iteration Feature Matrix,07_GERT_Analysis_Ready.xlsx,Iteration Feature Matrix,Traversals_e4D,int64,,Number of traversals of arc e4D in the iteration.,Directly exported value.,Fresh seeded simulation from authoritative Word inputs.,,Blank only when the field is not applicable to the record.,Candidate predictor or response for later analysis.,
07_GERT_Analysis_Ready::Iteration Feature Matrix,07_GERT_Analysis_Ready.xlsx,Iteration Feature Matrix,Traversals_e56,int64,,Number of traversals of arc e56 in the iteration.,Directly exported value.,Fresh seeded simulation from authoritative Word inputs.,,Blank only when the field is not applicable to the record.,Candidate predictor or response for later analysis.,
07_GERT_Analysis_Ready::Iteration Feature Matrix,07_GERT_Analysis_Ready.xlsx,Iteration Feature Matrix,Traversals_e57,int64,,Number of traversals of arc e57 in the iteration.,Directly exported value.,Fresh seeded simulation from authoritative Word inputs.,,Blank only when the field is not applicable to the record.,Candidate predictor or response for later analysis.,
07_GERT_Analysis_Ready::Iteration Feature Matrix,07_GERT_Analysis_Ready.xlsx,Iteration Feature Matrix,Traversals_e55,int64,,Number of traversals of arc e55 in the iteration.,Directly exported value.,Fresh seeded simulation from authoritative Word inputs.,,Blank only when the field is not applicable to the record.,Candidate predictor or response for later analysis.,
07_GERT_Analysis_Ready::Iteration Feature Matrix,07_GERT_Analysis_Ready.xlsx,Iteration Feature Matrix,Traversals_e54,int64,,Number of traversals of arc e54 in the iteration.,Directly exported value.,Fresh seeded simulation from authoritative Word inputs.,,Blank only when the field is not applicable to the record.,Candidate predictor or response for later analysis.,
07_GERT_Analysis_Ready::Iteration Feature Matrix,07_GERT_Analysis_Ready.xlsx,Iteration Feature Matrix,Traversals_e52,int64,,Number of traversals of arc e52 in the iteration.,Directly exported value.,Fresh seeded simulation from authoritative Word inputs.,,Blank only when the field is not applicable to the record.,Candidate predictor or response for later analysis.,
07_GERT_Analysis_Ready::Iteration Feature Matrix,07_GERT_Analysis_Ready.xlsx,Iteration Feature Matrix,Traversals_e5D,int64,,Number of traversals of arc e5D in the iteration.,Directly exported value.,Fresh seeded simulation from authoritative Word inputs.,,Blank only when the field is not applicable to the record.,Candidate predictor or response for later analysis.,
07_GERT_Analysis_Ready::Iteration Feature Matrix,07_GERT_Analysis_Ready.xlsx,Iteration Feature Matrix,Traversals_e67,int64,,Number of traversals of arc e67 in the iteration.,Directly exported value.,Fresh seeded simulation from authoritative Word inputs.,,Blank only when the field is not applicable to the record.,Candidate predictor or response for later analysis.,
07_GERT_Analysis_Ready::Iteration Feature Matrix,07_GERT_Analysis_Ready.xlsx,Iteration Feature Matrix,Traversals_e66,int64,,Number of traversals of arc e66 in the iteration.,Directly exported value.,Fresh seeded simulation from authoritative Word inputs.,,Blank only when the field is not applicable to the record.,Candidate predictor or response for later analysis.,
07_GERT_Analysis_Ready::Iteration Feature Matrix,07_GERT_Analysis_Ready.xlsx,Iteration Feature Matrix,Traversals_e6D,int64,,Number of traversals of arc e6D in the iteration.,Directly exported value.,Fresh seeded simulation from authoritative Word inputs.,,Blank only when the field is not applicable to the record.,Candidate predictor or response for later analysis.,
07_GERT_Analysis_Ready::Iteration Feature Matrix,07_GERT_Analysis_Ready.xlsx,Iteration Feature Matrix,Traversals_eD3,int64,,Number of traversals of arc eD3 in the iteration.,Directly exported value.,Fresh seeded simulation from authoritative Word inputs.,,Blank only when the field is not applicable to the record.,Candidate predictor or response for later analysis.,
07_GERT_Analysis_Ready::Iteration Feature Matrix,07_GERT_Analysis_Ready.xlsx,Iteration Feature Matrix,Traversals_eD7,int64,,Number of traversals of arc eD7 in the iteration.,Directly exported value.,Fresh seeded simulation from authoritative Word inputs.,,Blank only when the field is not applicable to the record.,Candidate predictor or response for later analysis.,
07_GERT_Analysis_Ready::Iteration Feature Matrix,07_GERT_Analysis_Ready.xlsx,Iteration Feature Matrix,Traversals_eDT,int64,,Number of traversals of arc eDT in the iteration.,Directly exported value.,Fresh seeded simulation from authoritative Word inputs.,,Blank only when the field is not applicable to the record.,Candidate predictor or response for later analysis.,
07_GERT_Analysis_Ready::Iteration Feature Matrix,07_GERT_Analysis_Ready.xlsx,Iteration Feature Matrix,Duration_e12,int64,days,Accumulated rounded duration contributed by arc e12.,Directly exported value.,Fresh seeded simulation from authoritative Word inputs.,,Blank only when the field is not applicable to the record.,Candidate predictor or response for later analysis.,
07_GERT_Analysis_Ready::Iteration Feature Matrix,07_GERT_Analysis_Ready.xlsx,Iteration Feature Matrix,Duration_e1T,int64,days,Accumulated rounded duration contributed by arc e1T.,Directly exported value.,Fresh seeded simulation from authoritative Word inputs.,,Blank only when the field is not applicable to the record.,Candidate predictor or response for later analysis.,
07_GERT_Analysis_Ready::Iteration Feature Matrix,07_GERT_Analysis_Ready.xlsx,Iteration Feature Matrix,Duration_e23,int64,days,Accumulated rounded duration contributed by arc e23.,Directly exported value.,Fresh seeded simulation from authoritative Word inputs.,,Blank only when the field is not applicable to the record.,Candidate predictor or response for later analysis.,
07_GERT_Analysis_Ready::Iteration Feature Matrix,07_GERT_Analysis_Ready.xlsx,Iteration Feature Matrix,Duration_e24,int64,days,Accumulated rounded duration contributed by arc e24.,Directly exported value.,Fresh seeded simulation from authoritative Word inputs.,,Blank only when the field is not applicable to the record.,Candidate predictor or response for later analysis.,
07_GERT_Analysis_Ready::Iteration Feature Matrix,07_GERT_Analysis_Ready.xlsx,Iteration Feature Matrix,Duration_e22,int64,days,Accumulated rounded duration contributed by arc e22.,Directly exported value.,Fresh seeded simulation from authoritative Word inputs.,,Blank only when the field is not applicable to the record.,Candidate predictor or response for later analysis.,
07_GERT_Analysis_Ready::Iteration Feature Matrix,07_GERT_Analysis_Ready.xlsx,Iteration Feature Matrix,Duration_e21,int64,days,Accumulated rounded duration contributed by arc e21.,Directly exported value.,Fresh seeded simulation from authoritative Word inputs.,,Blank only when the field is not applicable to the record.,Candidate predictor or response for later analysis.,
07_GERT_Analysis_Ready::Iteration Feature Matrix,07_GERT_Analysis_Ready.xlsx,Iteration Feature Matrix,Duration_e2T,int64,days,Accumulated rounded duration contributed by arc e2T.,Directly exported value.,Fresh seeded simulation from authoritative Word inputs.,,Blank only when the field is not applicable to the record.,Candidate predictor or response for later analysis.,
07_GERT_Analysis_Ready::Iteration Feature Matrix,07_GERT_Analysis_Ready.xlsx,Iteration Feature Matrix,Duration_e34,int64,days,Accumulated rounded duration contributed by arc e34.,Directly exported value.,Fresh seeded simulation from authoritative Word inputs.,,Blank only when the field is not applicable to the record.,Candidate predictor or response for later analysis.,
07_GERT_Analysis_Ready::Iteration Feature Matrix,07_GERT_Analysis_Ready.xlsx,Iteration Feature Matrix,Duration_e33,int64,days,Accumulated rounded duration contributed by arc e33.,Directly exported value.,Fresh seeded simulation from authoritative Word inputs.,,Blank only when the field is not applicable to the record.,Candidate predictor or response for later analysis.,
07_GERT_Analysis_Ready::Iteration Feature Matrix,07_GERT_Analysis_Ready.xlsx,Iteration Feature Matrix,Duration_e32,int64,days,Accumulated rounded duration contributed by arc e32.,Directly exported value.,Fresh seeded simulation from authoritative Word inputs.,,Blank only when the field is not applicable to the record.,Candidate predictor or response for later analysis.,
07_GERT_Analysis_Ready::Iteration Feature Matrix,07_GERT_Analysis_Ready.xlsx,Iteration Feature Matrix,Duration_e3T,int64,days,Accumulated rounded duration contributed by arc e3T.,Directly exported value.,Fresh seeded simulation from authoritative Word inputs.,,Blank only when the field is not applicable to the record.,Candidate predictor or response for later analysis.,
07_GERT_Analysis_Ready::Iteration Feature Matrix,07_GERT_Analysis_Ready.xlsx,Iteration Feature Matrix,Duration_e3D,int64,days,Accumulated rounded duration contributed by arc e3D.,Directly exported value.,Fresh seeded simulation from authoritative Word inputs.,,Blank only when the field is not applicable to the record.,Candidate predictor or response for later analysis.,
07_GERT_Analysis_Ready::Iteration Feature Matrix,07_GERT_Analysis_Ready.xlsx,Iteration Feature Matrix,Duration_e45,int64,days,Accumulated rounded duration contributed by arc e45.,Directly exported value.,Fresh seeded simulation from authoritative Word inputs.,,Blank only when the field is not applicable to the record.,Candidate predictor or response for later analysis.,
07_GERT_Analysis_Ready::Iteration Feature Matrix,07_GERT_Analysis_Ready.xlsx,Iteration Feature Matrix,Duration_e46,int64,days,Accumulated rounded duration contributed by arc e46.,Directly exported value.,Fresh seeded simulation from authoritative Word inputs.,,Blank only when the field is not applicable to the record.,Candidate predictor or response for later analysis.,
07_GERT_Analysis_Ready::Iteration Feature Matrix,07_GERT_Analysis_Ready.xlsx,Iteration Feature Matrix,Duration_e43,int64,days,Accumulated rounded duration contributed by arc e43.,Directly exported value.,Fresh seeded simulation from authoritative Word inputs.,,Blank only when the field is not applicable to the record.,Candidate predictor or response for later analysis.,
07_GERT_Analysis_Ready::Iteration Feature Matrix,07_GERT_Analysis_Ready.xlsx,Iteration Feature Matrix,Duration_e42,int64,days,Accumulated rounded duration contributed by arc e42.,Directly exported value.,Fresh seeded simulation from authoritative Word inputs.,,Blank only when the field is not applicable to the record.,Candidate predictor or response for later analysis.,
07_GERT_Analysis_Ready::Iteration Feature Matrix,07_GERT_Analysis_Ready.xlsx,Iteration Feature Matrix,Duration_e4D,int64,days,Accumulated rounded duration contributed by arc e4D.,Directly exported value.,Fresh seeded simulation from authoritative Word inputs.,,Blank only when the field is not applicable to the record.,Candidate predictor or response for later analysis.,
07_GERT_Analysis_Ready::Iteration Feature Matrix,07_GERT_Analysis_Ready.xlsx,Iteration Feature Matrix,Duration_e56,int64,days,Accumulated rounded duration contributed by arc e56.,Directly exported value.,Fresh seeded simulation from authoritative Word inputs.,,Blank only when the field is not applicable to the record.,Candidate predictor or response for later analysis.,
07_GERT_Analysis_Ready::Iteration Feature Matrix,07_GERT_Analysis_Ready.xlsx,Iteration Feature Matrix,Duration_e57,int64,days,Accumulated rounded duration contributed by arc e57.,Directly exported value.,Fresh seeded simulation from authoritative Word inputs.,,Blank only when the field is not applicable to the record.,Candidate predictor or response for later analysis.,
07_GERT_Analysis_Ready::Iteration Feature Matrix,07_GERT_Analysis_Ready.xlsx,Iteration Feature Matrix,Duration_e55,int64,days,Accumulated rounded duration contributed by arc e55.,Directly exported value.,Fresh seeded simulation from authoritative Word inputs.,,Blank only when the field is not applicable to the record.,Candidate predictor or response for later analysis.,
07_GERT_Analysis_Ready::Iteration Feature Matrix,07_GERT_Analysis_Ready.xlsx,Iteration Feature Matrix,Duration_e54,int64,days,Accumulated rounded duration contributed by arc e54.,Directly exported value.,Fresh seeded simulation from authoritative Word inputs.,,Blank only when the field is not applicable to the record.,Candidate predictor or response for later analysis.,
07_GERT_Analysis_Ready::Iteration Feature Matrix,07_GERT_Analysis_Ready.xlsx,Iteration Feature Matrix,Duration_e52,int64,days,Accumulated rounded duration contributed by arc e52.,Directly exported value.,Fresh seeded simulation from authoritative Word inputs.,,Blank only when the field is not applicable to the record.,Candidate predictor or response for later analysis.,
07_GERT_Analysis_Ready::Iteration Feature Matrix,07_GERT_Analysis_Ready.xlsx,Iteration Feature Matrix,Duration_e5D,int64,days,Accumulated rounded duration contributed by arc e5D.,Directly exported value.,Fresh seeded simulation from authoritative Word inputs.,,Blank only when the field is not applicable to the record.,Candidate predictor or response for later analysis.,
07_GERT_Analysis_Ready::Iteration Feature Matrix,07_GERT_Analysis_Ready.xlsx,Iteration Feature Matrix,Duration_e67,int64,days,Accumulated rounded duration contributed by arc e67.,Directly exported value.,Fresh seeded simulation from authoritative Word inputs.,,Blank only when the field is not applicable to the record.,Candidate predictor or response for later analysis.,
07_GERT_Analysis_Ready::Iteration Feature Matrix,07_GERT_Analysis_Ready.xlsx,Iteration Feature Matrix,Duration_e66,int64,days,Accumulated rounded duration contributed by arc e66.,Directly exported value.,Fresh seeded simulation from authoritative Word inputs.,,Blank only when the field is not applicable to the record.,Candidate predictor or response for later analysis.,
07_GERT_Analysis_Ready::Iteration Feature Matrix,07_GERT_Analysis_Ready.xlsx,Iteration Feature Matrix,Duration_e6D,int64,days,Accumulated rounded duration contributed by arc e6D.,Directly exported value.,Fresh seeded simulation from authoritative Word inputs.,,Blank only when the field is not applicable to the record.,Candidate predictor or response for later analysis.,
07_GERT_Analysis_Ready::Iteration Feature Matrix,07_GERT_Analysis_Ready.xlsx,Iteration Feature Matrix,Duration_eD3,int64,days,Accumulated rounded duration contributed by arc eD3.,Directly exported value.,Fresh seeded simulation from authoritative Word inputs.,,Blank only when the field is not applicable to the record.,Candidate predictor or response for later analysis.,
07_GERT_Analysis_Ready::Iteration Feature Matrix,07_GERT_Analysis_Ready.xlsx,Iteration Feature Matrix,Duration_eD7,int64,days,Accumulated rounded duration contributed by arc eD7.,Directly exported value.,Fresh seeded simulation from authoritative Word inputs.,,Blank only when the field is not applicable to the record.,Candidate predictor or response for later analysis.,
07_GERT_Analysis_Ready::Iteration Feature Matrix,07_GERT_Analysis_Ready.xlsx,Iteration Feature Matrix,Duration_eDT,int64,days,Accumulated rounded duration contributed by arc eDT.,Directly exported value.,Fresh seeded simulation from authoritative Word inputs.,,Blank only when the field is not applicable to the record.,Candidate predictor or response for later analysis.,
07_GERT_Analysis_Ready::Iteration Feature Matrix,07_GERT_Analysis_Ready.xlsx,Iteration Feature Matrix,Visited_S0,bool,,Indicator that node S0 was visited.,Directly exported value.,Fresh seeded simulation from authoritative Word inputs.,0; 1,Blank only when the field is not applicable to the record.,Candidate predictor or response for later analysis.,
07_GERT_Analysis_Ready::Iteration Feature Matrix,07_GERT_Analysis_Ready.xlsx,Iteration Feature Matrix,Visited_S1,bool,,Indicator that node S1 was visited.,Directly exported value.,Fresh seeded simulation from authoritative Word inputs.,0; 1,Blank only when the field is not applicable to the record.,Candidate predictor or response for later analysis.,
07_GERT_Analysis_Ready::Iteration Feature Matrix,07_GERT_Analysis_Ready.xlsx,Iteration Feature Matrix,Visited_S2,bool,,Indicator that node S2 was visited.,Directly exported value.,Fresh seeded simulation from authoritative Word inputs.,0; 1,Blank only when the field is not applicable to the record.,Candidate predictor or response for later analysis.,
07_GERT_Analysis_Ready::Iteration Feature Matrix,07_GERT_Analysis_Ready.xlsx,Iteration Feature Matrix,Visited_S3,bool,,Indicator that node S3 was visited.,Directly exported value.,Fresh seeded simulation from authoritative Word inputs.,0; 1,Blank only when the field is not applicable to the record.,Candidate predictor or response for later analysis.,
07_GERT_Analysis_Ready::Iteration Feature Matrix,07_GERT_Analysis_Ready.xlsx,Iteration Feature Matrix,Visited_S4,bool,,Indicator that node S4 was visited.,Directly exported value.,Fresh seeded simulation from authoritative Word inputs.,0; 1,Blank only when the field is not applicable to the record.,Candidate predictor or response for later analysis.,
07_GERT_Analysis_Ready::Iteration Feature Matrix,07_GERT_Analysis_Ready.xlsx,Iteration Feature Matrix,Visited_S5,bool,,Indicator that node S5 was visited.,Directly exported value.,Fresh seeded simulation from authoritative Word inputs.,0; 1,Blank only when the field is not applicable to the record.,Candidate predictor or response for later analysis.,
07_GERT_Analysis_Ready::Iteration Feature Matrix,07_GERT_Analysis_Ready.xlsx,Iteration Feature Matrix,Visited_S6,bool,,Indicator that node S6 was visited.,Directly exported value.,Fresh seeded simulation from authoritative Word inputs.,0; 1,Blank only when the field is not applicable to the record.,Candidate predictor or response for later analysis.,
07_GERT_Analysis_Ready::Iteration Feature Matrix,07_GERT_Analysis_Ready.xlsx,Iteration Feature Matrix,Visited_SD,bool,,Indicator that node SD was visited.,Directly exported value.,Fresh seeded simulation from authoritative Word inputs.,0; 1,Blank only when the field is not applicable to the record.,Candidate predictor or response for later analysis.,
07_GERT_Analysis_Ready::Iteration Feature Matrix,07_GERT_Analysis_Ready.xlsx,Iteration Feature Matrix,Visited_S7,bool,,Indicator that node S7 was visited.,Directly exported value.,Fresh seeded simulation from authoritative Word inputs.,0; 1,Blank only when the field is not applicable to the record.,Candidate predictor or response for later analysis.,
07_GERT_Analysis_Ready::Iteration Feature Matrix,07_GERT_Analysis_Ready.xlsx,Iteration Feature Matrix,Visited_ST,bool,,Indicator that node ST was visited.,Directly exported value.,Fresh seeded simulation from authoritative Word inputs.,0; 1,Blank only when the field is not applicable to the record.,Candidate predictor or response for later analysis.,
07_GERT_Analysis_Ready::Iteration Feature Matrix,07_GERT_Analysis_Ready.xlsx,Iteration Feature Matrix,Visits_S0,int64,,Number of visits to node S0.,Directly exported value.,Fresh seeded simulation from authoritative Word inputs.,,Blank only when the field is not applicable to the record.,Candidate predictor or response for later analysis.,
07_GERT_Analysis_Ready::Iteration Feature Matrix,07_GERT_Analysis_Ready.xlsx,Iteration Feature Matrix,Visits_S1,int64,,Number of visits to node S1.,Directly exported value.,Fresh seeded simulation from authoritative Word inputs.,,Blank only when the field is not applicable to the record.,Candidate predictor or response for later analysis.,
07_GERT_Analysis_Ready::Iteration Feature Matrix,07_GERT_Analysis_Ready.xlsx,Iteration Feature Matrix,Visits_S2,int64,,Number of visits to node S2.,Directly exported value.,Fresh seeded simulation from authoritative Word inputs.,,Blank only when the field is not applicable to the record.,Candidate predictor or response for later analysis.,
07_GERT_Analysis_Ready::Iteration Feature Matrix,07_GERT_Analysis_Ready.xlsx,Iteration Feature Matrix,Visits_S3,int64,,Number of visits to node S3.,Directly exported value.,Fresh seeded simulation from authoritative Word inputs.,,Blank only when the field is not applicable to the record.,Candidate predictor or response for later analysis.,
07_GERT_Analysis_Ready::Iteration Feature Matrix,07_GERT_Analysis_Ready.xlsx,Iteration Feature Matrix,Visits_S4,int64,,Number of visits to node S4.,Directly exported value.,Fresh seeded simulation from authoritative Word inputs.,,Blank only when the field is not applicable to the record.,Candidate predictor or response for later analysis.,
07_GERT_Analysis_Ready::Iteration Feature Matrix,07_GERT_Analysis_Ready.xlsx,Iteration Feature Matrix,Visits_S5,int64,,Number of visits to node S5.,Directly exported value.,Fresh seeded simulation from authoritative Word inputs.,,Blank only when the field is not applicable to the record.,Candidate predictor or response for later analysis.,
07_GERT_Analysis_Ready::Iteration Feature Matrix,07_GERT_Analysis_Ready.xlsx,Iteration Feature Matrix,Visits_S6,int64,,Number of visits to node S6.,Directly exported value.,Fresh seeded simulation from authoritative Word inputs.,,Blank only when the field is not applicable to the record.,Candidate predictor or response for later analysis.,
07_GERT_Analysis_Ready::Iteration Feature Matrix,07_GERT_Analysis_Ready.xlsx,Iteration Feature Matrix,Visits_SD,int64,,Number of visits to node SD.,Directly exported value.,Fresh seeded simulation from authoritative Word inputs.,,Blank only when the field is not applicable to the record.,Candidate predictor or response for later analysis.,
07_GERT_Analysis_Ready::Iteration Feature Matrix,07_GERT_Analysis_Ready.xlsx,Iteration Feature Matrix,Visits_S7,int64,,Number of visits to node S7.,Directly exported value.,Fresh seeded simulation from authoritative Word inputs.,,Blank only when the field is not applicable to the record.,Candidate predictor or response for later analysis.,
07_GERT_Analysis_Ready::Iteration Feature Matrix,07_GERT_Analysis_Ready.xlsx,Iteration Feature Matrix,Visits_ST,int64,,Number of visits to node ST.,Directly exported value.,Fresh seeded simulation from authoritative Word inputs.,,Blank only when the field is not applicable to the record.,Candidate predictor or response for later analysis.,
07_GERT_Analysis_Ready::Iteration Feature Matrix,07_GERT_Analysis_Ready.xlsx,Iteration Feature Matrix,LoopCount_e22,int64,count,Traversal count for capped return arc e22.,Directly exported value.,Fresh seeded simulation from authoritative Word inputs.,,Blank only when the field is not applicable to the record.,Candidate predictor or response for later analysis.,
07_GERT_Analysis_Ready::Iteration Feature Matrix,07_GERT_Analysis_Ready.xlsx,Iteration Feature Matrix,LoopCount_e21,int64,count,Traversal count for capped return arc e21.,Directly exported value.,Fresh seeded simulation from authoritative Word inputs.,,Blank only when the field is not applicable to the record.,Candidate predictor or response for later analysis.,
07_GERT_Analysis_Ready::Iteration Feature Matrix,07_GERT_Analysis_Ready.xlsx,Iteration Feature Matrix,LoopCount_e33,int64,count,Traversal count for capped return arc e33.,Directly exported value.,Fresh seeded simulation from authoritative Word inputs.,,Blank only when the field is not applicable to the record.,Candidate predictor or response for later analysis.,
07_GERT_Analysis_Ready::Iteration Feature Matrix,07_GERT_Analysis_Ready.xlsx,Iteration Feature Matrix,LoopCount_e32,int64,count,Traversal count for capped return arc e32.,Directly exported value.,Fresh seeded simulation from authoritative Word inputs.,,Blank only when the field is not applicable to the record.,Candidate predictor or response for later analysis.,
07_GERT_Analysis_Ready::Iteration Feature Matrix,07_GERT_Analysis_Ready.xlsx,Iteration Feature Matrix,LoopCount_e43,int64,count,Traversal count for capped return arc e43.,Directly exported value.,Fresh seeded simulation from authoritative Word inputs.,,Blank only when the field is not applicable to the record.,Candidate predictor or response for later analysis.,
07_GERT_Analysis_Ready::Iteration Feature Matrix,07_GERT_Analysis_Ready.xlsx,Iteration Feature Matrix,LoopCount_e42,int64,count,Traversal count for capped return arc e42.,Directly exported value.,Fresh seeded simulation from authoritative Word inputs.,,Blank only when the field is not applicable to the record.,Candidate predictor or response for later analysis.,
07_GERT_Analysis_Ready::Iteration Feature Matrix,07_GERT_Analysis_Ready.xlsx,Iteration Feature Matrix,LoopCount_e55,int64,count,Traversal count for capped return arc e55.,Directly exported value.,Fresh seeded simulation from authoritative Word inputs.,,Blank only when the field is not applicable to the record.,Candidate predictor or response for later analysis.,
07_GERT_Analysis_Ready::Iteration Feature Matrix,07_GERT_Analysis_Ready.xlsx,Iteration Feature Matrix,LoopCount_e54,int64,count,Traversal count for capped return arc e54.,Directly exported value.,Fresh seeded simulation from authoritative Word inputs.,,Blank only when the field is not applicable to the record.,Candidate predictor or response for later analysis.,
07_GERT_Analysis_Ready::Iteration Feature Matrix,07_GERT_Analysis_Ready.xlsx,Iteration Feature Matrix,LoopCount_e52,int64,count,Traversal count for capped return arc e52.,Directly exported value.,Fresh seeded simulation from authoritative Word inputs.,,Blank only when the field is not applicable to the record.,Candidate predictor or response for later analysis.,
07_GERT_Analysis_Ready::Iteration Feature Matrix,07_GERT_Analysis_Ready.xlsx,Iteration Feature Matrix,LoopCount_e66,int64,count,Traversal count for capped return arc e66.,Directly exported value.,Fresh seeded simulation from authoritative Word inputs.,,Blank only when the field is not applicable to the record.,Candidate predictor or response for later analysis.,
07_GERT_Analysis_Ready::Iteration Feature Matrix,07_GERT_Analysis_Ready.xlsx,Iteration Feature Matrix,CapReached_e22,bool,,Indicator that capped return arc e22 reached count 2.,Directly exported value.,Fresh seeded simulation from authoritative Word inputs.,0; 1,Blank only when the field is not applicable to the record.,Candidate predictor or response for later analysis.,
07_GERT_Analysis_Ready::Iteration Feature Matrix,07_GERT_Analysis_Ready.xlsx,Iteration Feature Matrix,CapReached_e21,bool,,Indicator that capped return arc e21 reached count 2.,Directly exported value.,Fresh seeded simulation from authoritative Word inputs.,0; 1,Blank only when the field is not applicable to the record.,Candidate predictor or response for later analysis.,
07_GERT_Analysis_Ready::Iteration Feature Matrix,07_GERT_Analysis_Ready.xlsx,Iteration Feature Matrix,CapReached_e33,bool,,Indicator that capped return arc e33 reached count 2.,Directly exported value.,Fresh seeded simulation from authoritative Word inputs.,0; 1,Blank only when the field is not applicable to the record.,Candidate predictor or response for later analysis.,
07_GERT_Analysis_Ready::Iteration Feature Matrix,07_GERT_Analysis_Ready.xlsx,Iteration Feature Matrix,CapReached_e32,bool,,Indicator that capped return arc e32 reached count 2.,Directly exported value.,Fresh seeded simulation from authoritative Word inputs.,0; 1,Blank only when the field is not applicable to the record.,Candidate predictor or response for later analysis.,
07_GERT_Analysis_Ready::Iteration Feature Matrix,07_GERT_Analysis_Ready.xlsx,Iteration Feature Matrix,CapReached_e43,bool,,Indicator that capped return arc e43 reached count 2.,Directly exported value.,Fresh seeded simulation from authoritative Word inputs.,0; 1,Blank only when the field is not applicable to the record.,Candidate predictor or response for later analysis.,
07_GERT_Analysis_Ready::Iteration Feature Matrix,07_GERT_Analysis_Ready.xlsx,Iteration Feature Matrix,CapReached_e42,bool,,Indicator that capped return arc e42 reached count 2.,Directly exported value.,Fresh seeded simulation from authoritative Word inputs.,0; 1,Blank only when the field is not applicable to the record.,Candidate predictor or response for later analysis.,
07_GERT_Analysis_Ready::Iteration Feature Matrix,07_GERT_Analysis_Ready.xlsx,Iteration Feature Matrix,CapReached_e55,bool,,Indicator that capped return arc e55 reached count 2.,Directly exported value.,Fresh seeded simulation from authoritative Word inputs.,0; 1,Blank only when the field is not applicable to the record.,Candidate predictor or response for later analysis.,
07_GERT_Analysis_Ready::Iteration Feature Matrix,07_GERT_Analysis_Ready.xlsx,Iteration Feature Matrix,CapReached_e54,bool,,Indicator that capped return arc e54 reached count 2.,Directly exported value.,Fresh seeded simulation from authoritative Word inputs.,0; 1,Blank only when the field is not applicable to the record.,Candidate predictor or response for later analysis.,
07_GERT_Analysis_Ready::Iteration Feature Matrix,07_GERT_Analysis_Ready.xlsx,Iteration Feature Matrix,CapReached_e52,bool,,Indicator that capped return arc e52 reached count 2.,Directly exported value.,Fresh seeded simulation from authoritative Word inputs.,0; 1,Blank only when the field is not applicable to the record.,Candidate predictor or response for later analysis.,
07_GERT_Analysis_Ready::Iteration Feature Matrix,07_GERT_Analysis_Ready.xlsx,Iteration Feature Matrix,CapReached_e66,bool,,Indicator that capped return arc e66 reached count 2.,Directly exported value.,Fresh seeded simulation from authoritative Word inputs.,0; 1,Blank only when the field is not applicable to the record.,Candidate predictor or response for later analysis.,
07_GERT_Analysis_Ready::Arc Activation Matrix,07_GERT_Analysis_Ready.xlsx,Arc Activation Matrix,Iteration_ID,int64,identifier,One-based Monte Carlo iteration identifier.,Directly exported value.,Fresh seeded simulation from authoritative Word inputs.,,Blank only when the field is not applicable to the record.,Candidate predictor or response for later analysis.,
07_GERT_Analysis_Ready::Arc Activation Matrix,07_GERT_Analysis_Ready.xlsx,Arc Activation Matrix,Activated_e12,bool,,Indicator that arc e12 was traversed at least once.,Directly exported value.,Fresh seeded simulation from authoritative Word inputs.,0; 1,Blank only when the field is not applicable to the record.,Candidate predictor or response for later analysis.,
07_GERT_Analysis_Ready::Arc Activation Matrix,07_GERT_Analysis_Ready.xlsx,Arc Activation Matrix,Activated_e1T,bool,,Indicator that arc e1T was traversed at least once.,Directly exported value.,Fresh seeded simulation from authoritative Word inputs.,0; 1,Blank only when the field is not applicable to the record.,Candidate predictor or response for later analysis.,
07_GERT_Analysis_Ready::Arc Activation Matrix,07_GERT_Analysis_Ready.xlsx,Arc Activation Matrix,Activated_e23,bool,,Indicator that arc e23 was traversed at least once.,Directly exported value.,Fresh seeded simulation from authoritative Word inputs.,0; 1,Blank only when the field is not applicable to the record.,Candidate predictor or response for later analysis.,
07_GERT_Analysis_Ready::Arc Activation Matrix,07_GERT_Analysis_Ready.xlsx,Arc Activation Matrix,Activated_e24,bool,,Indicator that arc e24 was traversed at least once.,Directly exported value.,Fresh seeded simulation from authoritative Word inputs.,0; 1,Blank only when the field is not applicable to the record.,Candidate predictor or response for later analysis.,
07_GERT_Analysis_Ready::Arc Activation Matrix,07_GERT_Analysis_Ready.xlsx,Arc Activation Matrix,Activated_e22,bool,,Indicator that arc e22 was traversed at least once.,Directly exported value.,Fresh seeded simulation from authoritative Word inputs.,0; 1,Blank only when the field is not applicable to the record.,Candidate predictor or response for later analysis.,
07_GERT_Analysis_Ready::Arc Activation Matrix,07_GERT_Analysis_Ready.xlsx,Arc Activation Matrix,Activated_e21,bool,,Indicator that arc e21 was traversed at least once.,Directly exported value.,Fresh seeded simulation from authoritative Word inputs.,0; 1,Blank only when the field is not applicable to the record.,Candidate predictor or response for later analysis.,
07_GERT_Analysis_Ready::Arc Activation Matrix,07_GERT_Analysis_Ready.xlsx,Arc Activation Matrix,Activated_e2T,bool,,Indicator that arc e2T was traversed at least once.,Directly exported value.,Fresh seeded simulation from authoritative Word inputs.,0; 1,Blank only when the field is not applicable to the record.,Candidate predictor or response for later analysis.,
07_GERT_Analysis_Ready::Arc Activation Matrix,07_GERT_Analysis_Ready.xlsx,Arc Activation Matrix,Activated_e34,bool,,Indicator that arc e34 was traversed at least once.,Directly exported value.,Fresh seeded simulation from authoritative Word inputs.,0; 1,Blank only when the field is not applicable to the record.,Candidate predictor or response for later analysis.,
07_GERT_Analysis_Ready::Arc Activation Matrix,07_GERT_Analysis_Ready.xlsx,Arc Activation Matrix,Activated_e33,bool,,Indicator that arc e33 was traversed at least once.,Directly exported value.,Fresh seeded simulation from authoritative Word inputs.,0; 1,Blank only when the field is not applicable to the record.,Candidate predictor or response for later analysis.,
07_GERT_Analysis_Ready::Arc Activation Matrix,07_GERT_Analysis_Ready.xlsx,Arc Activation Matrix,Activated_e32,bool,,Indicator that arc e32 was traversed at least once.,Directly exported value.,Fresh seeded simulation from authoritative Word inputs.,0; 1,Blank only when the field is not applicable to the record.,Candidate predictor or response for later analysis.,
07_GERT_Analysis_Ready::Arc Activation Matrix,07_GERT_Analysis_Ready.xlsx,Arc Activation Matrix,Activated_e3T,bool,,Indicator that arc e3T was traversed at least once.,Directly exported value.,Fresh seeded simulation from authoritative Word inputs.,0; 1,Blank only when the field is not applicable to the record.,Candidate predictor or response for later analysis.,
07_GERT_Analysis_Ready::Arc Activation Matrix,07_GERT_Analysis_Ready.xlsx,Arc Activation Matrix,Activated_e3D,bool,,Indicator that arc e3D was traversed at least once.,Directly exported value.,Fresh seeded simulation from authoritative Word inputs.,0; 1,Blank only when the field is not applicable to the record.,Candidate predictor or response for later analysis.,
07_GERT_Analysis_Ready::Arc Activation Matrix,07_GERT_Analysis_Ready.xlsx,Arc Activation Matrix,Activated_e45,bool,,Indicator that arc e45 was traversed at least once.,Directly exported value.,Fresh seeded simulation from authoritative Word inputs.,0; 1,Blank only when the field is not applicable to the record.,Candidate predictor or response for later analysis.,
07_GERT_Analysis_Ready::Arc Activation Matrix,07_GERT_Analysis_Ready.xlsx,Arc Activation Matrix,Activated_e46,bool,,Indicator that arc e46 was traversed at least once.,Directly exported value.,Fresh seeded simulation from authoritative Word inputs.,0; 1,Blank only when the field is not applicable to the record.,Candidate predictor or response for later analysis.,
07_GERT_Analysis_Ready::Arc Activation Matrix,07_GERT_Analysis_Ready.xlsx,Arc Activation Matrix,Activated_e43,bool,,Indicator that arc e43 was traversed at least once.,Directly exported value.,Fresh seeded simulation from authoritative Word inputs.,0; 1,Blank only when the field is not applicable to the record.,Candidate predictor or response for later analysis.,
07_GERT_Analysis_Ready::Arc Activation Matrix,07_GERT_Analysis_Ready.xlsx,Arc Activation Matrix,Activated_e42,bool,,Indicator that arc e42 was traversed at least once.,Directly exported value.,Fresh seeded simulation from authoritative Word inputs.,0; 1,Blank only when the field is not applicable to the record.,Candidate predictor or response for later analysis.,
07_GERT_Analysis_Ready::Arc Activation Matrix,07_GERT_Analysis_Ready.xlsx,Arc Activation Matrix,Activated_e4D,bool,,Indicator that arc e4D was traversed at least once.,Directly exported value.,Fresh seeded simulation from authoritative Word inputs.,0; 1,Blank only when the field is not applicable to the record.,Candidate predictor or response for later analysis.,
07_GERT_Analysis_Ready::Arc Activation Matrix,07_GERT_Analysis_Ready.xlsx,Arc Activation Matrix,Activated_e56,bool,,Indicator that arc e56 was traversed at least once.,Directly exported value.,Fresh seeded simulation from authoritative Word inputs.,0; 1,Blank only when the field is not applicable to the record.,Candidate predictor or response for later analysis.,
07_GERT_Analysis_Ready::Arc Activation Matrix,07_GERT_Analysis_Ready.xlsx,Arc Activation Matrix,Activated_e57,bool,,Indicator that arc e57 was traversed at least once.,Directly exported value.,Fresh seeded simulation from authoritative Word inputs.,0; 1,Blank only when the field is not applicable to the record.,Candidate predictor or response for later analysis.,
07_GERT_Analysis_Ready::Arc Activation Matrix,07_GERT_Analysis_Ready.xlsx,Arc Activation Matrix,Activated_e55,bool,,Indicator that arc e55 was traversed at least once.,Directly exported value.,Fresh seeded simulation from authoritative Word inputs.,0; 1,Blank only when the field is not applicable to the record.,Candidate predictor or response for later analysis.,
07_GERT_Analysis_Ready::Arc Activation Matrix,07_GERT_Analysis_Ready.xlsx,Arc Activation Matrix,Activated_e54,bool,,Indicator that arc e54 was traversed at least once.,Directly exported value.,Fresh seeded simulation from authoritative Word inputs.,0; 1,Blank only when the field is not applicable to the record.,Candidate predictor or response for later analysis.,
07_GERT_Analysis_Ready::Arc Activation Matrix,07_GERT_Analysis_Ready.xlsx,Arc Activation Matrix,Activated_e52,bool,,Indicator that arc e52 was traversed at least once.,Directly exported value.,Fresh seeded simulation from authoritative Word inputs.,0; 1,Blank only when the field is not applicable to the record.,Candidate predictor or response for later analysis.,
07_GERT_Analysis_Ready::Arc Activation Matrix,07_GERT_Analysis_Ready.xlsx,Arc Activation Matrix,Activated_e5D,bool,,Indicator that arc e5D was traversed at least once.,Directly exported value.,Fresh seeded simulation from authoritative Word inputs.,0; 1,Blank only when the field is not applicable to the record.,Candidate predictor or response for later analysis.,
07_GERT_Analysis_Ready::Arc Activation Matrix,07_GERT_Analysis_Ready.xlsx,Arc Activation Matrix,Activated_e67,bool,,Indicator that arc e67 was traversed at least once.,Directly exported value.,Fresh seeded simulation from authoritative Word inputs.,0; 1,Blank only when the field is not applicable to the record.,Candidate predictor or response for later analysis.,
07_GERT_Analysis_Ready::Arc Activation Matrix,07_GERT_Analysis_Ready.xlsx,Arc Activation Matrix,Activated_e66,bool,,Indicator that arc e66 was traversed at least once.,Directly exported value.,Fresh seeded simulation from authoritative Word inputs.,0; 1,Blank only when the field is not applicable to the record.,Candidate predictor or response for later analysis.,
07_GERT_Analysis_Ready::Arc Activation Matrix,07_GERT_Analysis_Ready.xlsx,Arc Activation Matrix,Activated_e6D,bool,,Indicator that arc e6D was traversed at least once.,Directly exported value.,Fresh seeded simulation from authoritative Word inputs.,0; 1,Blank only when the field is not applicable to the record.,Candidate predictor or response for later analysis.,
07_GERT_Analysis_Ready::Arc Activation Matrix,07_GERT_Analysis_Ready.xlsx,Arc Activation Matrix,Activated_eD3,bool,,Indicator that arc eD3 was traversed at least once.,Directly exported value.,Fresh seeded simulation from authoritative Word inputs.,0; 1,Blank only when the field is not applicable to the record.,Candidate predictor or response for later analysis.,
07_GERT_Analysis_Ready::Arc Activation Matrix,07_GERT_Analysis_Ready.xlsx,Arc Activation Matrix,Activated_eD7,bool,,Indicator that arc eD7 was traversed at least once.,Directly exported value.,Fresh seeded simulation from authoritative Word inputs.,0; 1,Blank only when the field is not applicable to the record.,Candidate predictor or response for later analysis.,
07_GERT_Analysis_Ready::Arc Activation Matrix,07_GERT_Analysis_Ready.xlsx,Arc Activation Matrix,Activated_eDT,bool,,Indicator that arc eDT was traversed at least once.,Directly exported value.,Fresh seeded simulation from authoritative Word inputs.,0; 1,Blank only when the field is not applicable to the record.,Candidate predictor or response for later analysis.,
07_GERT_Analysis_Ready::Arc Traversal Matrix,07_GERT_Analysis_Ready.xlsx,Arc Traversal Matrix,Iteration_ID,int64,identifier,One-based Monte Carlo iteration identifier.,Directly exported value.,Fresh seeded simulation from authoritative Word inputs.,,Blank only when the field is not applicable to the record.,Candidate predictor or response for later analysis.,
07_GERT_Analysis_Ready::Arc Traversal Matrix,07_GERT_Analysis_Ready.xlsx,Arc Traversal Matrix,Traversals_e12,int64,,Number of traversals of arc e12 in the iteration.,Directly exported value.,Fresh seeded simulation from authoritative Word inputs.,,Blank only when the field is not applicable to the record.,Candidate predictor or response for later analysis.,
07_GERT_Analysis_Ready::Arc Traversal Matrix,07_GERT_Analysis_Ready.xlsx,Arc Traversal Matrix,Traversals_e1T,int64,,Number of traversals of arc e1T in the iteration.,Directly exported value.,Fresh seeded simulation from authoritative Word inputs.,,Blank only when the field is not applicable to the record.,Candidate predictor or response for later analysis.,
07_GERT_Analysis_Ready::Arc Traversal Matrix,07_GERT_Analysis_Ready.xlsx,Arc Traversal Matrix,Traversals_e23,int64,,Number of traversals of arc e23 in the iteration.,Directly exported value.,Fresh seeded simulation from authoritative Word inputs.,,Blank only when the field is not applicable to the record.,Candidate predictor or response for later analysis.,
07_GERT_Analysis_Ready::Arc Traversal Matrix,07_GERT_Analysis_Ready.xlsx,Arc Traversal Matrix,Traversals_e24,int64,,Number of traversals of arc e24 in the iteration.,Directly exported value.,Fresh seeded simulation from authoritative Word inputs.,,Blank only when the field is not applicable to the record.,Candidate predictor or response for later analysis.,
07_GERT_Analysis_Ready::Arc Traversal Matrix,07_GERT_Analysis_Ready.xlsx,Arc Traversal Matrix,Traversals_e22,int64,,Number of traversals of arc e22 in the iteration.,Directly exported value.,Fresh seeded simulation from authoritative Word inputs.,,Blank only when the field is not applicable to the record.,Candidate predictor or response for later analysis.,
07_GERT_Analysis_Ready::Arc Traversal Matrix,07_GERT_Analysis_Ready.xlsx,Arc Traversal Matrix,Traversals_e21,int64,,Number of traversals of arc e21 in the iteration.,Directly exported value.,Fresh seeded simulation from authoritative Word inputs.,,Blank only when the field is not applicable to the record.,Candidate predictor or response for later analysis.,
07_GERT_Analysis_Ready::Arc Traversal Matrix,07_GERT_Analysis_Ready.xlsx,Arc Traversal Matrix,Traversals_e2T,int64,,Number of traversals of arc e2T in the iteration.,Directly exported value.,Fresh seeded simulation from authoritative Word inputs.,,Blank only when the field is not applicable to the record.,Candidate predictor or response for later analysis.,
07_GERT_Analysis_Ready::Arc Traversal Matrix,07_GERT_Analysis_Ready.xlsx,Arc Traversal Matrix,Traversals_e34,int64,,Number of traversals of arc e34 in the iteration.,Directly exported value.,Fresh seeded simulation from authoritative Word inputs.,,Blank only when the field is not applicable to the record.,Candidate predictor or response for later analysis.,
07_GERT_Analysis_Ready::Arc Traversal Matrix,07_GERT_Analysis_Ready.xlsx,Arc Traversal Matrix,Traversals_e33,int64,,Number of traversals of arc e33 in the iteration.,Directly exported value.,Fresh seeded simulation from authoritative Word inputs.,,Blank only when the field is not applicable to the record.,Candidate predictor or response for later analysis.,
07_GERT_Analysis_Ready::Arc Traversal Matrix,07_GERT_Analysis_Ready.xlsx,Arc Traversal Matrix,Traversals_e32,int64,,Number of traversals of arc e32 in the iteration.,Directly exported value.,Fresh seeded simulation from authoritative Word inputs.,,Blank only when the field is not applicable to the record.,Candidate predictor or response for later analysis.,
07_GERT_Analysis_Ready::Arc Traversal Matrix,07_GERT_Analysis_Ready.xlsx,Arc Traversal Matrix,Traversals_e3T,int64,,Number of traversals of arc e3T in the iteration.,Directly exported value.,Fresh seeded simulation from authoritative Word inputs.,,Blank only when the field is not applicable to the record.,Candidate predictor or response for later analysis.,
07_GERT_Analysis_Ready::Arc Traversal Matrix,07_GERT_Analysis_Ready.xlsx,Arc Traversal Matrix,Traversals_e3D,int64,,Number of traversals of arc e3D in the iteration.,Directly exported value.,Fresh seeded simulation from authoritative Word inputs.,,Blank only when the field is not applicable to the record.,Candidate predictor or response for later analysis.,
07_GERT_Analysis_Ready::Arc Traversal Matrix,07_GERT_Analysis_Ready.xlsx,Arc Traversal Matrix,Traversals_e45,int64,,Number of traversals of arc e45 in the iteration.,Directly exported value.,Fresh seeded simulation from authoritative Word inputs.,,Blank only when the field is not applicable to the record.,Candidate predictor or response for later analysis.,
07_GERT_Analysis_Ready::Arc Traversal Matrix,07_GERT_Analysis_Ready.xlsx,Arc Traversal Matrix,Traversals_e46,int64,,Number of traversals of arc e46 in the iteration.,Directly exported value.,Fresh seeded simulation from authoritative Word inputs.,,Blank only when the field is not applicable to the record.,Candidate predictor or response for later analysis.,
07_GERT_Analysis_Ready::Arc Traversal Matrix,07_GERT_Analysis_Ready.xlsx,Arc Traversal Matrix,Traversals_e43,int64,,Number of traversals of arc e43 in the iteration.,Directly exported value.,Fresh seeded simulation from authoritative Word inputs.,,Blank only when the field is not applicable to the record.,Candidate predictor or response for later analysis.,
07_GERT_Analysis_Ready::Arc Traversal Matrix,07_GERT_Analysis_Ready.xlsx,Arc Traversal Matrix,Traversals_e42,int64,,Number of traversals of arc e42 in the iteration.,Directly exported value.,Fresh seeded simulation from authoritative Word inputs.,,Blank only when the field is not applicable to the record.,Candidate predictor or response for later analysis.,
07_GERT_Analysis_Ready::Arc Traversal Matrix,07_GERT_Analysis_Ready.xlsx,Arc Traversal Matrix,Traversals_e4D,int64,,Number of traversals of arc e4D in the iteration.,Directly exported value.,Fresh seeded simulation from authoritative Word inputs.,,Blank only when the field is not applicable to the record.,Candidate predictor or response for later analysis.,
07_GERT_Analysis_Ready::Arc Traversal Matrix,07_GERT_Analysis_Ready.xlsx,Arc Traversal Matrix,Traversals_e56,int64,,Number of traversals of arc e56 in the iteration.,Directly exported value.,Fresh seeded simulation from authoritative Word inputs.,,Blank only when the field is not applicable to the record.,Candidate predictor or response for later analysis.,
07_GERT_Analysis_Ready::Arc Traversal Matrix,07_GERT_Analysis_Ready.xlsx,Arc Traversal Matrix,Traversals_e57,int64,,Number of traversals of arc e57 in the iteration.,Directly exported value.,Fresh seeded simulation from authoritative Word inputs.,,Blank only when the field is not applicable to the record.,Candidate predictor or response for later analysis.,
07_GERT_Analysis_Ready::Arc Traversal Matrix,07_GERT_Analysis_Ready.xlsx,Arc Traversal Matrix,Traversals_e55,int64,,Number of traversals of arc e55 in the iteration.,Directly exported value.,Fresh seeded simulation from authoritative Word inputs.,,Blank only when the field is not applicable to the record.,Candidate predictor or response for later analysis.,
07_GERT_Analysis_Ready::Arc Traversal Matrix,07_GERT_Analysis_Ready.xlsx,Arc Traversal Matrix,Traversals_e54,int64,,Number of traversals of arc e54 in the iteration.,Directly exported value.,Fresh seeded simulation from authoritative Word inputs.,,Blank only when the field is not applicable to the record.,Candidate predictor or response for later analysis.,
07_GERT_Analysis_Ready::Arc Traversal Matrix,07_GERT_Analysis_Ready.xlsx,Arc Traversal Matrix,Traversals_e52,int64,,Number of traversals of arc e52 in the iteration.,Directly exported value.,Fresh seeded simulation from authoritative Word inputs.,,Blank only when the field is not applicable to the record.,Candidate predictor or response for later analysis.,
07_GERT_Analysis_Ready::Arc Traversal Matrix,07_GERT_Analysis_Ready.xlsx,Arc Traversal Matrix,Traversals_e5D,int64,,Number of traversals of arc e5D in the iteration.,Directly exported value.,Fresh seeded simulation from authoritative Word inputs.,,Blank only when the field is not applicable to the record.,Candidate predictor or response for later analysis.,
07_GERT_Analysis_Ready::Arc Traversal Matrix,07_GERT_Analysis_Ready.xlsx,Arc Traversal Matrix,Traversals_e67,int64,,Number of traversals of arc e67 in the iteration.,Directly exported value.,Fresh seeded simulation from authoritative Word inputs.,,Blank only when the field is not applicable to the record.,Candidate predictor or response for later analysis.,
07_GERT_Analysis_Ready::Arc Traversal Matrix,07_GERT_Analysis_Ready.xlsx,Arc Traversal Matrix,Traversals_e66,int64,,Number of traversals of arc e66 in the iteration.,Directly exported value.,Fresh seeded simulation from authoritative Word inputs.,,Blank only when the field is not applicable to the record.,Candidate predictor or response for later analysis.,
07_GERT_Analysis_Ready::Arc Traversal Matrix,07_GERT_Analysis_Ready.xlsx,Arc Traversal Matrix,Traversals_e6D,int64,,Number of traversals of arc e6D in the iteration.,Directly exported value.,Fresh seeded simulation from authoritative Word inputs.,,Blank only when the field is not applicable to the record.,Candidate predictor or response for later analysis.,
07_GERT_Analysis_Ready::Arc Traversal Matrix,07_GERT_Analysis_Ready.xlsx,Arc Traversal Matrix,Traversals_eD3,int64,,Number of traversals of arc eD3 in the iteration.,Directly exported value.,Fresh seeded simulation from authoritative Word inputs.,,Blank only when the field is not applicable to the record.,Candidate predictor or response for later analysis.,
07_GERT_Analysis_Ready::Arc Traversal Matrix,07_GERT_Analysis_Ready.xlsx,Arc Traversal Matrix,Traversals_eD7,int64,,Number of traversals of arc eD7 in the iteration.,Directly exported value.,Fresh seeded simulation from authoritative Word inputs.,,Blank only when the field is not applicable to the record.,Candidate predictor or response for later analysis.,
07_GERT_Analysis_Ready::Arc Traversal Matrix,07_GERT_Analysis_Ready.xlsx,Arc Traversal Matrix,Traversals_eDT,int64,,Number of traversals of arc eDT in the iteration.,Directly exported value.,Fresh seeded simulation from authoritative Word inputs.,,Blank only when the field is not applicable to the record.,Candidate predictor or response for later analysis.,
07_GERT_Analysis_Ready::Arc Duration Matrix,07_GERT_Analysis_Ready.xlsx,Arc Duration Matrix,Iteration_ID,int64,identifier,One-based Monte Carlo iteration identifier.,Directly exported value.,Fresh seeded simulation from authoritative Word inputs.,,Blank only when the field is not applicable to the record.,Candidate predictor or response for later analysis.,
07_GERT_Analysis_Ready::Arc Duration Matrix,07_GERT_Analysis_Ready.xlsx,Arc Duration Matrix,Duration_e12,int64,days,Accumulated rounded duration contributed by arc e12.,Directly exported value.,Fresh seeded simulation from authoritative Word inputs.,,Blank only when the field is not applicable to the record.,Candidate predictor or response for later analysis.,
07_GERT_Analysis_Ready::Arc Duration Matrix,07_GERT_Analysis_Ready.xlsx,Arc Duration Matrix,Duration_e1T,int64,days,Accumulated rounded duration contributed by arc e1T.,Directly exported value.,Fresh seeded simulation from authoritative Word inputs.,,Blank only when the field is not applicable to the record.,Candidate predictor or response for later analysis.,
07_GERT_Analysis_Ready::Arc Duration Matrix,07_GERT_Analysis_Ready.xlsx,Arc Duration Matrix,Duration_e23,int64,days,Accumulated rounded duration contributed by arc e23.,Directly exported value.,Fresh seeded simulation from authoritative Word inputs.,,Blank only when the field is not applicable to the record.,Candidate predictor or response for later analysis.,
07_GERT_Analysis_Ready::Arc Duration Matrix,07_GERT_Analysis_Ready.xlsx,Arc Duration Matrix,Duration_e24,int64,days,Accumulated rounded duration contributed by arc e24.,Directly exported value.,Fresh seeded simulation from authoritative Word inputs.,,Blank only when the field is not applicable to the record.,Candidate predictor or response for later analysis.,
07_GERT_Analysis_Ready::Arc Duration Matrix,07_GERT_Analysis_Ready.xlsx,Arc Duration Matrix,Duration_e22,int64,days,Accumulated rounded duration contributed by arc e22.,Directly exported value.,Fresh seeded simulation from authoritative Word inputs.,,Blank only when the field is not applicable to the record.,Candidate predictor or response for later analysis.,
07_GERT_Analysis_Ready::Arc Duration Matrix,07_GERT_Analysis_Ready.xlsx,Arc Duration Matrix,Duration_e21,int64,days,Accumulated rounded duration contributed by arc e21.,Directly exported value.,Fresh seeded simulation from authoritative Word inputs.,,Blank only when the field is not applicable to the record.,Candidate predictor or response for later analysis.,
07_GERT_Analysis_Ready::Arc Duration Matrix,07_GERT_Analysis_Ready.xlsx,Arc Duration Matrix,Duration_e2T,int64,days,Accumulated rounded duration contributed by arc e2T.,Directly exported value.,Fresh seeded simulation from authoritative Word inputs.,,Blank only when the field is not applicable to the record.,Candidate predictor or response for later analysis.,
07_GERT_Analysis_Ready::Arc Duration Matrix,07_GERT_Analysis_Ready.xlsx,Arc Duration Matrix,Duration_e34,int64,days,Accumulated rounded duration contributed by arc e34.,Directly exported value.,Fresh seeded simulation from authoritative Word inputs.,,Blank only when the field is not applicable to the record.,Candidate predictor or response for later analysis.,
07_GERT_Analysis_Ready::Arc Duration Matrix,07_GERT_Analysis_Ready.xlsx,Arc Duration Matrix,Duration_e33,int64,days,Accumulated rounded duration contributed by arc e33.,Directly exported value.,Fresh seeded simulation from authoritative Word inputs.,,Blank only when the field is not applicable to the record.,Candidate predictor or response for later analysis.,
07_GERT_Analysis_Ready::Arc Duration Matrix,07_GERT_Analysis_Ready.xlsx,Arc Duration Matrix,Duration_e32,int64,days,Accumulated rounded duration contributed by arc e32.,Directly exported value.,Fresh seeded simulation from authoritative Word inputs.,,Blank only when the field is not applicable to the record.,Candidate predictor or response for later analysis.,
07_GERT_Analysis_Ready::Arc Duration Matrix,07_GERT_Analysis_Ready.xlsx,Arc Duration Matrix,Duration_e3T,int64,days,Accumulated rounded duration contributed by arc e3T.,Directly exported value.,Fresh seeded simulation from authoritative Word inputs.,,Blank only when the field is not applicable to the record.,Candidate predictor or response for later analysis.,
07_GERT_Analysis_Ready::Arc Duration Matrix,07_GERT_Analysis_Ready.xlsx,Arc Duration Matrix,Duration_e3D,int64,days,Accumulated rounded duration contributed by arc e3D.,Directly exported value.,Fresh seeded simulation from authoritative Word inputs.,,Blank only when the field is not applicable to the record.,Candidate predictor or response for later analysis.,
07_GERT_Analysis_Ready::Arc Duration Matrix,07_GERT_Analysis_Ready.xlsx,Arc Duration Matrix,Duration_e45,int64,days,Accumulated rounded duration contributed by arc e45.,Directly exported value.,Fresh seeded simulation from authoritative Word inputs.,,Blank only when the field is not applicable to the record.,Candidate predictor or response for later analysis.,
07_GERT_Analysis_Ready::Arc Duration Matrix,07_GERT_Analysis_Ready.xlsx,Arc Duration Matrix,Duration_e46,int64,days,Accumulated rounded duration contributed by arc e46.,Directly exported value.,Fresh seeded simulation from authoritative Word inputs.,,Blank only when the field is not applicable to the record.,Candidate predictor or response for later analysis.,
07_GERT_Analysis_Ready::Arc Duration Matrix,07_GERT_Analysis_Ready.xlsx,Arc Duration Matrix,Duration_e43,int64,days,Accumulated rounded duration contributed by arc e43.,Directly exported value.,Fresh seeded simulation from authoritative Word inputs.,,Blank only when the field is not applicable to the record.,Candidate predictor or response for later analysis.,
07_GERT_Analysis_Ready::Arc Duration Matrix,07_GERT_Analysis_Ready.xlsx,Arc Duration Matrix,Duration_e42,int64,days,Accumulated rounded duration contributed by arc e42.,Directly exported value.,Fresh seeded simulation from authoritative Word inputs.,,Blank only when the field is not applicable to the record.,Candidate predictor or response for later analysis.,
07_GERT_Analysis_Ready::Arc Duration Matrix,07_GERT_Analysis_Ready.xlsx,Arc Duration Matrix,Duration_e4D,int64,days,Accumulated rounded duration contributed by arc e4D.,Directly exported value.,Fresh seeded simulation from authoritative Word inputs.,,Blank only when the field is not applicable to the record.,Candidate predictor or response for later analysis.,
07_GERT_Analysis_Ready::Arc Duration Matrix,07_GERT_Analysis_Ready.xlsx,Arc Duration Matrix,Duration_e56,int64,days,Accumulated rounded duration contributed by arc e56.,Directly exported value.,Fresh seeded simulation from authoritative Word inputs.,,Blank only when the field is not applicable to the record.,Candidate predictor or response for later analysis.,
07_GERT_Analysis_Ready::Arc Duration Matrix,07_GERT_Analysis_Ready.xlsx,Arc Duration Matrix,Duration_e57,int64,days,Accumulated rounded duration contributed by arc e57.,Directly exported value.,Fresh seeded simulation from authoritative Word inputs.,,Blank only when the field is not applicable to the record.,Candidate predictor or response for later analysis.,
07_GERT_Analysis_Ready::Arc Duration Matrix,07_GERT_Analysis_Ready.xlsx,Arc Duration Matrix,Duration_e55,int64,days,Accumulated rounded duration contributed by arc e55.,Directly exported value.,Fresh seeded simulation from authoritative Word inputs.,,Blank only when the field is not applicable to the record.,Candidate predictor or response for later analysis.,
07_GERT_Analysis_Ready::Arc Duration Matrix,07_GERT_Analysis_Ready.xlsx,Arc Duration Matrix,Duration_e54,int64,days,Accumulated rounded duration contributed by arc e54.,Directly exported value.,Fresh seeded simulation from authoritative Word inputs.,,Blank only when the field is not applicable to the record.,Candidate predictor or response for later analysis.,
07_GERT_Analysis_Ready::Arc Duration Matrix,07_GERT_Analysis_Ready.xlsx,Arc Duration Matrix,Duration_e52,int64,days,Accumulated rounded duration contributed by arc e52.,Directly exported value.,Fresh seeded simulation from authoritative Word inputs.,,Blank only when the field is not applicable to the record.,Candidate predictor or response for later analysis.,
07_GERT_Analysis_Ready::Arc Duration Matrix,07_GERT_Analysis_Ready.xlsx,Arc Duration Matrix,Duration_e5D,int64,days,Accumulated rounded duration contributed by arc e5D.,Directly exported value.,Fresh seeded simulation from authoritative Word inputs.,,Blank only when the field is not applicable to the record.,Candidate predictor or response for later analysis.,
07_GERT_Analysis_Ready::Arc Duration Matrix,07_GERT_Analysis_Ready.xlsx,Arc Duration Matrix,Duration_e67,int64,days,Accumulated rounded duration contributed by arc e67.,Directly exported value.,Fresh seeded simulation from authoritative Word inputs.,,Blank only when the field is not applicable to the record.,Candidate predictor or response for later analysis.,
07_GERT_Analysis_Ready::Arc Duration Matrix,07_GERT_Analysis_Ready.xlsx,Arc Duration Matrix,Duration_e66,int64,days,Accumulated rounded duration contributed by arc e66.,Directly exported value.,Fresh seeded simulation from authoritative Word inputs.,,Blank only when the field is not applicable to the record.,Candidate predictor or response for later analysis.,
07_GERT_Analysis_Ready::Arc Duration Matrix,07_GERT_Analysis_Ready.xlsx,Arc Duration Matrix,Duration_e6D,int64,days,Accumulated rounded duration contributed by arc e6D.,Directly exported value.,Fresh seeded simulation from authoritative Word inputs.,,Blank only when the field is not applicable to the record.,Candidate predictor or response for later analysis.,
07_GERT_Analysis_Ready::Arc Duration Matrix,07_GERT_Analysis_Ready.xlsx,Arc Duration Matrix,Duration_eD3,int64,days,Accumulated rounded duration contributed by arc eD3.,Directly exported value.,Fresh seeded simulation from authoritative Word inputs.,,Blank only when the field is not applicable to the record.,Candidate predictor or response for later analysis.,
07_GERT_Analysis_Ready::Arc Duration Matrix,07_GERT_Analysis_Ready.xlsx,Arc Duration Matrix,Duration_eD7,int64,days,Accumulated rounded duration contributed by arc eD7.,Directly exported value.,Fresh seeded simulation from authoritative Word inputs.,,Blank only when the field is not applicable to the record.,Candidate predictor or response for later analysis.,
07_GERT_Analysis_Ready::Arc Duration Matrix,07_GERT_Analysis_Ready.xlsx,Arc Duration Matrix,Duration_eDT,int64,days,Accumulated rounded duration contributed by arc eDT.,Directly exported value.,Fresh seeded simulation from authoritative Word inputs.,,Blank only when the field is not applicable to the record.,Candidate predictor or response for later analysis.,
07_GERT_Analysis_Ready::Node Visit Matrix,07_GERT_Analysis_Ready.xlsx,Node Visit Matrix,Iteration_ID,int64,identifier,One-based Monte Carlo iteration identifier.,Directly exported value.,Fresh seeded simulation from authoritative Word inputs.,,Blank only when the field is not applicable to the record.,Candidate predictor or response for later analysis.,
07_GERT_Analysis_Ready::Node Visit Matrix,07_GERT_Analysis_Ready.xlsx,Node Visit Matrix,Visited_S0,bool,,Indicator that node S0 was visited.,Directly exported value.,Fresh seeded simulation from authoritative Word inputs.,0; 1,Blank only when the field is not applicable to the record.,Candidate predictor or response for later analysis.,
07_GERT_Analysis_Ready::Node Visit Matrix,07_GERT_Analysis_Ready.xlsx,Node Visit Matrix,Visited_S1,bool,,Indicator that node S1 was visited.,Directly exported value.,Fresh seeded simulation from authoritative Word inputs.,0; 1,Blank only when the field is not applicable to the record.,Candidate predictor or response for later analysis.,
07_GERT_Analysis_Ready::Node Visit Matrix,07_GERT_Analysis_Ready.xlsx,Node Visit Matrix,Visited_S2,bool,,Indicator that node S2 was visited.,Directly exported value.,Fresh seeded simulation from authoritative Word inputs.,0; 1,Blank only when the field is not applicable to the record.,Candidate predictor or response for later analysis.,
07_GERT_Analysis_Ready::Node Visit Matrix,07_GERT_Analysis_Ready.xlsx,Node Visit Matrix,Visited_S3,bool,,Indicator that node S3 was visited.,Directly exported value.,Fresh seeded simulation from authoritative Word inputs.,0; 1,Blank only when the field is not applicable to the record.,Candidate predictor or response for later analysis.,
07_GERT_Analysis_Ready::Node Visit Matrix,07_GERT_Analysis_Ready.xlsx,Node Visit Matrix,Visited_S4,bool,,Indicator that node S4 was visited.,Directly exported value.,Fresh seeded simulation from authoritative Word inputs.,0; 1,Blank only when the field is not applicable to the record.,Candidate predictor or response for later analysis.,
07_GERT_Analysis_Ready::Node Visit Matrix,07_GERT_Analysis_Ready.xlsx,Node Visit Matrix,Visited_S5,bool,,Indicator that node S5 was visited.,Directly exported value.,Fresh seeded simulation from authoritative Word inputs.,0; 1,Blank only when the field is not applicable to the record.,Candidate predictor or response for later analysis.,
07_GERT_Analysis_Ready::Node Visit Matrix,07_GERT_Analysis_Ready.xlsx,Node Visit Matrix,Visited_S6,bool,,Indicator that node S6 was visited.,Directly exported value.,Fresh seeded simulation from authoritative Word inputs.,0; 1,Blank only when the field is not applicable to the record.,Candidate predictor or response for later analysis.,
07_GERT_Analysis_Ready::Node Visit Matrix,07_GERT_Analysis_Ready.xlsx,Node Visit Matrix,Visited_SD,bool,,Indicator that node SD was visited.,Directly exported value.,Fresh seeded simulation from authoritative Word inputs.,0; 1,Blank only when the field is not applicable to the record.,Candidate predictor or response for later analysis.,
07_GERT_Analysis_Ready::Node Visit Matrix,07_GERT_Analysis_Ready.xlsx,Node Visit Matrix,Visited_S7,bool,,Indicator that node S7 was visited.,Directly exported value.,Fresh seeded simulation from authoritative Word inputs.,0; 1,Blank only when the field is not applicable to the record.,Candidate predictor or response for later analysis.,
07_GERT_Analysis_Ready::Node Visit Matrix,07_GERT_Analysis_Ready.xlsx,Node Visit Matrix,Visited_ST,bool,,Indicator that node ST was visited.,Directly exported value.,Fresh seeded simulation from authoritative Word inputs.,0; 1,Blank only when the field is not applicable to the record.,Candidate predictor or response for later analysis.,
07_GERT_Analysis_Ready::Node Visit Matrix,07_GERT_Analysis_Ready.xlsx,Node Visit Matrix,Visits_S0,int64,,Number of visits to node S0.,Directly exported value.,Fresh seeded simulation from authoritative Word inputs.,,Blank only when the field is not applicable to the record.,Candidate predictor or response for later analysis.,
07_GERT_Analysis_Ready::Node Visit Matrix,07_GERT_Analysis_Ready.xlsx,Node Visit Matrix,Visits_S1,int64,,Number of visits to node S1.,Directly exported value.,Fresh seeded simulation from authoritative Word inputs.,,Blank only when the field is not applicable to the record.,Candidate predictor or response for later analysis.,
07_GERT_Analysis_Ready::Node Visit Matrix,07_GERT_Analysis_Ready.xlsx,Node Visit Matrix,Visits_S2,int64,,Number of visits to node S2.,Directly exported value.,Fresh seeded simulation from authoritative Word inputs.,,Blank only when the field is not applicable to the record.,Candidate predictor or response for later analysis.,
07_GERT_Analysis_Ready::Node Visit Matrix,07_GERT_Analysis_Ready.xlsx,Node Visit Matrix,Visits_S3,int64,,Number of visits to node S3.,Directly exported value.,Fresh seeded simulation from authoritative Word inputs.,,Blank only when the field is not applicable to the record.,Candidate predictor or response for later analysis.,
07_GERT_Analysis_Ready::Node Visit Matrix,07_GERT_Analysis_Ready.xlsx,Node Visit Matrix,Visits_S4,int64,,Number of visits to node S4.,Directly exported value.,Fresh seeded simulation from authoritative Word inputs.,,Blank only when the field is not applicable to the record.,Candidate predictor or response for later analysis.,
07_GERT_Analysis_Ready::Node Visit Matrix,07_GERT_Analysis_Ready.xlsx,Node Visit Matrix,Visits_S5,int64,,Number of visits to node S5.,Directly exported value.,Fresh seeded simulation from authoritative Word inputs.,,Blank only when the field is not applicable to the record.,Candidate predictor or response for later analysis.,
07_GERT_Analysis_Ready::Node Visit Matrix,07_GERT_Analysis_Ready.xlsx,Node Visit Matrix,Visits_S6,int64,,Number of visits to node S6.,Directly exported value.,Fresh seeded simulation from authoritative Word inputs.,,Blank only when the field is not applicable to the record.,Candidate predictor or response for later analysis.,
07_GERT_Analysis_Ready::Node Visit Matrix,07_GERT_Analysis_Ready.xlsx,Node Visit Matrix,Visits_SD,int64,,Number of visits to node SD.,Directly exported value.,Fresh seeded simulation from authoritative Word inputs.,,Blank only when the field is not applicable to the record.,Candidate predictor or response for later analysis.,
07_GERT_Analysis_Ready::Node Visit Matrix,07_GERT_Analysis_Ready.xlsx,Node Visit Matrix,Visits_S7,int64,,Number of visits to node S7.,Directly exported value.,Fresh seeded simulation from authoritative Word inputs.,,Blank only when the field is not applicable to the record.,Candidate predictor or response for later analysis.,
07_GERT_Analysis_Ready::Node Visit Matrix,07_GERT_Analysis_Ready.xlsx,Node Visit Matrix,Visits_ST,int64,,Number of visits to node ST.,Directly exported value.,Fresh seeded simulation from authoritative Word inputs.,,Blank only when the field is not applicable to the record.,Candidate predictor or response for later analysis.,
07_GERT_Analysis_Ready::Loop Count Matrix,07_GERT_Analysis_Ready.xlsx,Loop Count Matrix,Iteration_ID,int64,identifier,One-based Monte Carlo iteration identifier.,Directly exported value.,Fresh seeded simulation from authoritative Word inputs.,,Blank only when the field is not applicable to the record.,Candidate predictor or response for later analysis.,
07_GERT_Analysis_Ready::Loop Count Matrix,07_GERT_Analysis_Ready.xlsx,Loop Count Matrix,LoopCount_e22,int64,count,Traversal count for capped return arc e22.,Directly exported value.,Fresh seeded simulation from authoritative Word inputs.,,Blank only when the field is not applicable to the record.,Candidate predictor or response for later analysis.,
07_GERT_Analysis_Ready::Loop Count Matrix,07_GERT_Analysis_Ready.xlsx,Loop Count Matrix,LoopCount_e21,int64,count,Traversal count for capped return arc e21.,Directly exported value.,Fresh seeded simulation from authoritative Word inputs.,,Blank only when the field is not applicable to the record.,Candidate predictor or response for later analysis.,
07_GERT_Analysis_Ready::Loop Count Matrix,07_GERT_Analysis_Ready.xlsx,Loop Count Matrix,LoopCount_e33,int64,count,Traversal count for capped return arc e33.,Directly exported value.,Fresh seeded simulation from authoritative Word inputs.,,Blank only when the field is not applicable to the record.,Candidate predictor or response for later analysis.,
07_GERT_Analysis_Ready::Loop Count Matrix,07_GERT_Analysis_Ready.xlsx,Loop Count Matrix,LoopCount_e32,int64,count,Traversal count for capped return arc e32.,Directly exported value.,Fresh seeded simulation from authoritative Word inputs.,,Blank only when the field is not applicable to the record.,Candidate predictor or response for later analysis.,
07_GERT_Analysis_Ready::Loop Count Matrix,07_GERT_Analysis_Ready.xlsx,Loop Count Matrix,LoopCount_e43,int64,count,Traversal count for capped return arc e43.,Directly exported value.,Fresh seeded simulation from authoritative Word inputs.,,Blank only when the field is not applicable to the record.,Candidate predictor or response for later analysis.,
07_GERT_Analysis_Ready::Loop Count Matrix,07_GERT_Analysis_Ready.xlsx,Loop Count Matrix,LoopCount_e42,int64,count,Traversal count for capped return arc e42.,Directly exported value.,Fresh seeded simulation from authoritative Word inputs.,,Blank only when the field is not applicable to the record.,Candidate predictor or response for later analysis.,
07_GERT_Analysis_Ready::Loop Count Matrix,07_GERT_Analysis_Ready.xlsx,Loop Count Matrix,LoopCount_e55,int64,count,Traversal count for capped return arc e55.,Directly exported value.,Fresh seeded simulation from authoritative Word inputs.,,Blank only when the field is not applicable to the record.,Candidate predictor or response for later analysis.,
07_GERT_Analysis_Ready::Loop Count Matrix,07_GERT_Analysis_Ready.xlsx,Loop Count Matrix,LoopCount_e54,int64,count,Traversal count for capped return arc e54.,Directly exported value.,Fresh seeded simulation from authoritative Word inputs.,,Blank only when the field is not applicable to the record.,Candidate predictor or response for later analysis.,
07_GERT_Analysis_Ready::Loop Count Matrix,07_GERT_Analysis_Ready.xlsx,Loop Count Matrix,LoopCount_e52,int64,count,Traversal count for capped return arc e52.,Directly exported value.,Fresh seeded simulation from authoritative Word inputs.,,Blank only when the field is not applicable to the record.,Candidate predictor or response for later analysis.,
07_GERT_Analysis_Ready::Loop Count Matrix,07_GERT_Analysis_Ready.xlsx,Loop Count Matrix,LoopCount_e66,int64,count,Traversal count for capped return arc e66.,Directly exported value.,Fresh seeded simulation from authoritative Word inputs.,,Blank only when the field is not applicable to the record.,Candidate predictor or response for later analysis.,
07_GERT_Analysis_Ready::Loop Count Matrix,07_GERT_Analysis_Ready.xlsx,Loop Count Matrix,CapReached_e22,bool,,Indicator that capped return arc e22 reached count 2.,Directly exported value.,Fresh seeded simulation from authoritative Word inputs.,0; 1,Blank only when the field is not applicable to the record.,Candidate predictor or response for later analysis.,
07_GERT_Analysis_Ready::Loop Count Matrix,07_GERT_Analysis_Ready.xlsx,Loop Count Matrix,CapReached_e21,bool,,Indicator that capped return arc e21 reached count 2.,Directly exported value.,Fresh seeded simulation from authoritative Word inputs.,0; 1,Blank only when the field is not applicable to the record.,Candidate predictor or response for later analysis.,
07_GERT_Analysis_Ready::Loop Count Matrix,07_GERT_Analysis_Ready.xlsx,Loop Count Matrix,CapReached_e33,bool,,Indicator that capped return arc e33 reached count 2.,Directly exported value.,Fresh seeded simulation from authoritative Word inputs.,0; 1,Blank only when the field is not applicable to the record.,Candidate predictor or response for later analysis.,
07_GERT_Analysis_Ready::Loop Count Matrix,07_GERT_Analysis_Ready.xlsx,Loop Count Matrix,CapReached_e32,bool,,Indicator that capped return arc e32 reached count 2.,Directly exported value.,Fresh seeded simulation from authoritative Word inputs.,0; 1,Blank only when the field is not applicable to the record.,Candidate predictor or response for later analysis.,
07_GERT_Analysis_Ready::Loop Count Matrix,07_GERT_Analysis_Ready.xlsx,Loop Count Matrix,CapReached_e43,bool,,Indicator that capped return arc e43 reached count 2.,Directly exported value.,Fresh seeded simulation from authoritative Word inputs.,0; 1,Blank only when the field is not applicable to the record.,Candidate predictor or response for later analysis.,
07_GERT_Analysis_Ready::Loop Count Matrix,07_GERT_Analysis_Ready.xlsx,Loop Count Matrix,CapReached_e42,bool,,Indicator that capped return arc e42 reached count 2.,Directly exported value.,Fresh seeded simulation from authoritative Word inputs.,0; 1,Blank only when the field is not applicable to the record.,Candidate predictor or response for later analysis.,
07_GERT_Analysis_Ready::Loop Count Matrix,07_GERT_Analysis_Ready.xlsx,Loop Count Matrix,CapReached_e55,bool,,Indicator that capped return arc e55 reached count 2.,Directly exported value.,Fresh seeded simulation from authoritative Word inputs.,0; 1,Blank only when the field is not applicable to the record.,Candidate predictor or response for later analysis.,
07_GERT_Analysis_Ready::Loop Count Matrix,07_GERT_Analysis_Ready.xlsx,Loop Count Matrix,CapReached_e54,bool,,Indicator that capped return arc e54 reached count 2.,Directly exported value.,Fresh seeded simulation from authoritative Word inputs.,0; 1,Blank only when the field is not applicable to the record.,Candidate predictor or response for later analysis.,
07_GERT_Analysis_Ready::Loop Count Matrix,07_GERT_Analysis_Ready.xlsx,Loop Count Matrix,CapReached_e52,bool,,Indicator that capped return arc e52 reached count 2.,Directly exported value.,Fresh seeded simulation from authoritative Word inputs.,0; 1,Blank only when the field is not applicable to the record.,Candidate predictor or response for later analysis.,
07_GERT_Analysis_Ready::Loop Count Matrix,07_GERT_Analysis_Ready.xlsx,Loop Count Matrix,CapReached_e66,bool,,Indicator that capped return arc e66 reached count 2.,Directly exported value.,Fresh seeded simulation from authoritative Word inputs.,0; 1,Blank only when the field is not applicable to the record.,Candidate predictor or response for later analysis.,
07_GERT_Analysis_Ready::Outcome Matrix,07_GERT_Analysis_Ready.xlsx,Outcome Matrix,Iteration_ID,int64,identifier,One-based Monte Carlo iteration identifier.,Directly exported value.,Fresh seeded simulation from authoritative Word inputs.,,Blank only when the field is not applicable to the record.,Candidate predictor or response for later analysis.,
07_GERT_Analysis_Ready::Outcome Matrix,07_GERT_Analysis_Ready.xlsx,Outcome Matrix,Outcome,string,,Final absorbing GERT outcome.,Directly exported value.,Fresh seeded simulation from authoritative Word inputs.,Successful; Terminated,Blank only when the field is not applicable to the record.,Candidate predictor or response for later analysis.,
07_GERT_Analysis_Ready::Outcome Matrix,07_GERT_Analysis_Ready.xlsx,Outcome Matrix,Successful_Binary,bool,,Successful Binary,Directly exported value.,Fresh seeded simulation from authoritative Word inputs.,0; 1,Blank only when the field is not applicable to the record.,"Supporting identifier, audit, or reconciliation field.",
07_GERT_Analysis_Ready::Outcome Matrix,07_GERT_Analysis_Ready.xlsx,Outcome Matrix,Terminated_Binary,bool,,Terminated Binary,Directly exported value.,Fresh seeded simulation from authoritative Word inputs.,0; 1,Blank only when the field is not applicable to the record.,"Supporting identifier, audit, or reconciliation field.",
07_GERT_Analysis_Ready::Outcome Matrix,07_GERT_Analysis_Ready.xlsx,Outcome Matrix,Final_Node,string,,Final Node,Directly exported value.,Fresh seeded simulation from authoritative Word inputs.,S7; ST,Blank only when the field is not applicable to the record.,Candidate predictor or response for later analysis.,
07_GERT_Analysis_Ready::Outcome Matrix,07_GERT_Analysis_Ready.xlsx,Outcome Matrix,Total_Duration,int64,days,Sum of individually ceiling-rounded stochastic durations for the iteration.,Directly exported value.,Fresh seeded simulation from authoritative Word inputs.,,Blank only when the field is not applicable to the record.,Candidate predictor or response for later analysis.,
07_GERT_Analysis_Ready::Outcome Matrix,07_GERT_Analysis_Ready.xlsx,Outcome Matrix,Transition_Count,int64,count,Transition Count,Directly exported value.,Fresh seeded simulation from authoritative Word inputs.,,Blank only when the field is not applicable to the record.,Candidate predictor or response for later analysis.,
07_GERT_Analysis_Ready::Outcome Matrix,07_GERT_Analysis_Ready.xlsx,Outcome Matrix,Dispute_Visited,bool,,Dispute Visited,Directly exported value.,Fresh seeded simulation from authoritative Word inputs.,0; 1,Blank only when the field is not applicable to the record.,Candidate predictor or response for later analysis.,
07_GERT_Analysis_Ready::Path Metrics,07_GERT_Analysis_Ready.xlsx,Path Metrics,Path_ID,int64,identifier,Path ID,Directly exported value.,Fresh seeded simulation from authoritative Word inputs.,,Blank only when the field is not applicable to the record.,Candidate predictor or response for later analysis.,
07_GERT_Analysis_Ready::Path Metrics,07_GERT_Analysis_Ready.xlsx,Path Metrics,Path_Hash,string,,Path Hash,Directly exported value.,Fresh seeded simulation from authoritative Word inputs.,,Blank only when the field is not applicable to the record.,Candidate predictor or response for later analysis.,
07_GERT_Analysis_Ready::Path Metrics,07_GERT_Analysis_Ready.xlsx,Path Metrics,Arc_Sequence,string,,Arc Sequence,Directly exported value.,Fresh seeded simulation from authoritative Word inputs.,,Blank only when the field is not applicable to the record.,"Supporting identifier, audit, or reconciliation field.",
07_GERT_Analysis_Ready::Path Metrics,07_GERT_Analysis_Ready.xlsx,Path Metrics,Node_Sequence,string,,Node Sequence,Directly exported value.,Fresh seeded simulation from authoritative Word inputs.,,Blank only when the field is not applicable to the record.,Candidate predictor or response for later analysis.,
07_GERT_Analysis_Ready::Path Metrics,07_GERT_Analysis_Ready.xlsx,Path Metrics,Outcome,string,,Final absorbing GERT outcome.,Directly exported value.,Fresh seeded simulation from authoritative Word inputs.,Successful; Terminated,Blank only when the field is not applicable to the record.,Candidate predictor or response for later analysis.,
07_GERT_Analysis_Ready::Path Metrics,07_GERT_Analysis_Ready.xlsx,Path Metrics,Frequency,int64,count,Frequency,Derived from the complete unsampled exported simulation records.,Fresh seeded simulation from authoritative Word inputs.,,Blank only when the field is not applicable to the record.,"Supporting identifier, audit, or reconciliation field.",
07_GERT_Analysis_Ready::Path Metrics,07_GERT_Analysis_Ready.xlsx,Path Metrics,Probability,double,dimensionless,Probability,Derived from the complete unsampled exported simulation records.,Fresh seeded simulation from authoritative Word inputs.,,Blank only when the field is not applicable to the record.,Candidate predictor or response for later analysis.,
07_GERT_Analysis_Ready::Path Metrics,07_GERT_Analysis_Ready.xlsx,Path Metrics,Mean_Duration,double,days,Mean Duration,Derived from the complete unsampled exported simulation records.,Fresh seeded simulation from authoritative Word inputs.,,Blank only when the field is not applicable to the record.,Candidate predictor or response for later analysis.,
07_GERT_Analysis_Ready::Path Metrics,07_GERT_Analysis_Ready.xlsx,Path Metrics,SD_Duration,double,days,SD Duration,Directly exported value.,Fresh seeded simulation from authoritative Word inputs.,,Blank only when the field is not applicable to the record.,Candidate predictor or response for later analysis.,
07_GERT_Analysis_Ready::Path Metrics,07_GERT_Analysis_Ready.xlsx,Path Metrics,Minimum,int64,,Minimum,Directly exported value.,Fresh seeded simulation from authoritative Word inputs.,,Blank only when the field is not applicable to the record.,"Supporting identifier, audit, or reconciliation field.",
07_GERT_Analysis_Ready::Path Metrics,07_GERT_Analysis_Ready.xlsx,Path Metrics,Maximum,int64,,Maximum,Directly exported value.,Fresh seeded simulation from authoritative Word inputs.,,Blank only when the field is not applicable to the record.,"Supporting identifier, audit, or reconciliation field.",
07_GERT_Analysis_Ready::Path Metrics,07_GERT_Analysis_Ready.xlsx,Path Metrics,P50,int64,,P50,Derived from the complete unsampled exported simulation records.,Fresh seeded simulation from authoritative Word inputs.,,Blank only when the field is not applicable to the record.,Candidate predictor or response for later analysis.,
07_GERT_Analysis_Ready::Path Metrics,07_GERT_Analysis_Ready.xlsx,Path Metrics,P80,int64,,P80,Derived from the complete unsampled exported simulation records.,Fresh seeded simulation from authoritative Word inputs.,,Blank only when the field is not applicable to the record.,Candidate predictor or response for later analysis.,
07_GERT_Analysis_Ready::Path Metrics,07_GERT_Analysis_Ready.xlsx,Path Metrics,P90,int64,,P90,Derived from the complete unsampled exported simulation records.,Fresh seeded simulation from authoritative Word inputs.,,Blank only when the field is not applicable to the record.,Candidate predictor or response for later analysis.,
07_GERT_Analysis_Ready::Path Metrics,07_GERT_Analysis_Ready.xlsx,Path Metrics,P95,int64,,P95,Derived from the complete unsampled exported simulation records.,Fresh seeded simulation from authoritative Word inputs.,,Blank only when the field is not applicable to the record.,Candidate predictor or response for later analysis.,
07_GERT_Analysis_Ready::Path Metrics,07_GERT_Analysis_Ready.xlsx,Path Metrics,Transition_Count,int64,count,Transition Count,Directly exported value.,Fresh seeded simulation from authoritative Word inputs.,,Blank only when the field is not applicable to the record.,Candidate predictor or response for later analysis.,
07_GERT_Analysis_Ready::Path Metrics,07_GERT_Analysis_Ready.xlsx,Path Metrics,Activated_Capped_Arcs,string,,Indicator that arc Capped_Arcs was traversed at least once.,Directly exported value.,Fresh seeded simulation from authoritative Word inputs.,,Blank only when the field is not applicable to the record.,Candidate predictor or response for later analysis.,
07_GERT_Analysis_Ready::Path Metrics,07_GERT_Analysis_Ready.xlsx,Path Metrics,Dispute_Visited,bool,,Dispute Visited,Directly exported value.,Fresh seeded simulation from authoritative Word inputs.,0; 1,Blank only when the field is not applicable to the record.,Candidate predictor or response for later analysis.,
07_GERT_Analysis_Ready::Summary Statistics,07_GERT_Analysis_Ready.xlsx,Summary Statistics,Entity_ID,string,identifier,Entity ID,Directly exported value.,Fresh seeded simulation from authoritative Word inputs.,,Blank only when the field is not applicable to the record.,"Supporting identifier, audit, or reconciliation field.",
07_GERT_Analysis_Ready::Summary Statistics,07_GERT_Analysis_Ready.xlsx,Summary Statistics,N,int64,,N,Directly exported value.,Fresh seeded simulation from authoritative Word inputs.,,Blank only when the field is not applicable to the record.,"Supporting identifier, audit, or reconciliation field.",
07_GERT_Analysis_Ready::Summary Statistics,07_GERT_Analysis_Ready.xlsx,Summary Statistics,Mean,double,,Mean,Derived from the complete unsampled exported simulation records.,Fresh seeded simulation from authoritative Word inputs.,,Blank only when the field is not applicable to the record.,"Supporting identifier, audit, or reconciliation field.",
07_GERT_Analysis_Ready::Summary Statistics,07_GERT_Analysis_Ready.xlsx,Summary Statistics,Variance,double,,Variance,Directly exported value.,Fresh seeded simulation from authoritative Word inputs.,,Blank only when the field is not applicable to the record.,"Supporting identifier, audit, or reconciliation field.",
07_GERT_Analysis_Ready::Summary Statistics,07_GERT_Analysis_Ready.xlsx,Summary Statistics,SD,double,,SD,Directly exported value.,Fresh seeded simulation from authoritative Word inputs.,,Blank only when the field is not applicable to the record.,"Supporting identifier, audit, or reconciliation field.",
07_GERT_Analysis_Ready::Summary Statistics,07_GERT_Analysis_Ready.xlsx,Summary Statistics,CV,double,dimensionless,CV,Directly exported value.,Fresh seeded simulation from authoritative Word inputs.,,Blank only when the field is not applicable to the record.,"Supporting identifier, audit, or reconciliation field.",
07_GERT_Analysis_Ready::Summary Statistics,07_GERT_Analysis_Ready.xlsx,Summary Statistics,Minimum,int64,,Minimum,Directly exported value.,Fresh seeded simulation from authoritative Word inputs.,,Blank only when the field is not applicable to the record.,"Supporting identifier, audit, or reconciliation field.",
07_GERT_Analysis_Ready::Summary Statistics,07_GERT_Analysis_Ready.xlsx,Summary Statistics,Maximum,int64,,Maximum,Directly exported value.,Fresh seeded simulation from authoritative Word inputs.,,Blank only when the field is not applicable to the record.,"Supporting identifier, audit, or reconciliation field.",
07_GERT_Analysis_Ready::Summary Statistics,07_GERT_Analysis_Ready.xlsx,Summary Statistics,P25,int64,,P25,Directly exported value.,Fresh seeded simulation from authoritative Word inputs.,,Blank only when the field is not applicable to the record.,Candidate predictor or response for later analysis.,
07_GERT_Analysis_Ready::Summary Statistics,07_GERT_Analysis_Ready.xlsx,Summary Statistics,P50,int64,,P50,Derived from the complete unsampled exported simulation records.,Fresh seeded simulation from authoritative Word inputs.,,Blank only when the field is not applicable to the record.,Candidate predictor or response for later analysis.,
07_GERT_Analysis_Ready::Summary Statistics,07_GERT_Analysis_Ready.xlsx,Summary Statistics,P75,int64,,P75,Directly exported value.,Fresh seeded simulation from authoritative Word inputs.,,Blank only when the field is not applicable to the record.,Candidate predictor or response for later analysis.,
07_GERT_Analysis_Ready::Summary Statistics,07_GERT_Analysis_Ready.xlsx,Summary Statistics,IQR,int64,,IQR,Directly exported value.,Fresh seeded simulation from authoritative Word inputs.,,Blank only when the field is not applicable to the record.,"Supporting identifier, audit, or reconciliation field.",
07_GERT_Analysis_Ready::Summary Statistics,07_GERT_Analysis_Ready.xlsx,Summary Statistics,P80,int64,,P80,Derived from the complete unsampled exported simulation records.,Fresh seeded simulation from authoritative Word inputs.,,Blank only when the field is not applicable to the record.,Candidate predictor or response for later analysis.,
07_GERT_Analysis_Ready::Summary Statistics,07_GERT_Analysis_Ready.xlsx,Summary Statistics,P90,int64,,P90,Derived from the complete unsampled exported simulation records.,Fresh seeded simulation from authoritative Word inputs.,,Blank only when the field is not applicable to the record.,Candidate predictor or response for later analysis.,
07_GERT_Analysis_Ready::Summary Statistics,07_GERT_Analysis_Ready.xlsx,Summary Statistics,P95,int64,,P95,Derived from the complete unsampled exported simulation records.,Fresh seeded simulation from authoritative Word inputs.,,Blank only when the field is not applicable to the record.,Candidate predictor or response for later analysis.,
07_GERT_Analysis_Ready::Summary Statistics,07_GERT_Analysis_Ready.xlsx,Summary Statistics,P99,int64,,P99,Derived from the complete unsampled exported simulation records.,Fresh seeded simulation from authoritative Word inputs.,,Blank only when the field is not applicable to the record.,Candidate predictor or response for later analysis.,
07_GERT_Analysis_Ready::P1-P99 by Outcome,07_GERT_Analysis_Ready.xlsx,P1-P99 by Outcome,Outcome,string,,Final absorbing GERT outcome.,Directly exported value.,Fresh seeded simulation from authoritative Word inputs.,Successful; Terminated,Blank only when the field is not applicable to the record.,Candidate predictor or response for later analysis.,
07_GERT_Analysis_Ready::P1-P99 by Outcome,07_GERT_Analysis_Ready.xlsx,P1-P99 by Outcome,Percentile,int64,,Percentile,Derived from the complete unsampled exported simulation records.,Fresh seeded simulation from authoritative Word inputs.,,Blank only when the field is not applicable to the record.,Candidate predictor or response for later analysis.,
07_GERT_Analysis_Ready::P1-P99 by Outcome,07_GERT_Analysis_Ready.xlsx,P1-P99 by Outcome,Nearest_Rank_Value,int64,,Nearest Rank Value,Derived from the complete unsampled exported simulation records.,Fresh seeded simulation from authoritative Word inputs.,,Blank only when the field is not applicable to the record.,"Supporting identifier, audit, or reconciliation field.",
07_GERT_Analysis_Ready::ECDF Data,07_GERT_Analysis_Ready.xlsx,ECDF Data,Outcome,string,,Final absorbing GERT outcome.,Directly exported value.,Fresh seeded simulation from authoritative Word inputs.,Successful; Terminated,Blank only when the field is not applicable to the record.,Candidate predictor or response for later analysis.,
07_GERT_Analysis_Ready::ECDF Data,07_GERT_Analysis_Ready.xlsx,ECDF Data,Duration,int64,days,Duration,Directly exported value.,Fresh seeded simulation from authoritative Word inputs.,,Blank only when the field is not applicable to the record.,Candidate predictor or response for later analysis.,
07_GERT_Analysis_Ready::ECDF Data,07_GERT_Analysis_Ready.xlsx,ECDF Data,Frequency,int64,count,Frequency,Derived from the complete unsampled exported simulation records.,Fresh seeded simulation from authoritative Word inputs.,,Blank only when the field is not applicable to the record.,"Supporting identifier, audit, or reconciliation field.",
07_GERT_Analysis_Ready::ECDF Data,07_GERT_Analysis_Ready.xlsx,ECDF Data,Cumulative_Frequency,int64,,Cumulative Frequency,Derived from the complete unsampled exported simulation records.,Fresh seeded simulation from authoritative Word inputs.,,Blank only when the field is not applicable to the record.,"Supporting identifier, audit, or reconciliation field.",
07_GERT_Analysis_Ready::ECDF Data,07_GERT_Analysis_Ready.xlsx,ECDF Data,ECDF,double,,ECDF,Directly exported value.,Fresh seeded simulation from authoritative Word inputs.,,Blank only when the field is not applicable to the record.,"Supporting identifier, audit, or reconciliation field.",
07_GERT_Analysis_Ready::Histogram Data,07_GERT_Analysis_Ready.xlsx,Histogram Data,Outcome,string,,Final absorbing GERT outcome.,Directly exported value.,Fresh seeded simulation from authoritative Word inputs.,Successful; Terminated,Blank only when the field is not applicable to the record.,Candidate predictor or response for later analysis.,
07_GERT_Analysis_Ready::Histogram Data,07_GERT_Analysis_Ready.xlsx,Histogram Data,Duration,int64,days,Duration,Directly exported value.,Fresh seeded simulation from authoritative Word inputs.,,Blank only when the field is not applicable to the record.,Candidate predictor or response for later analysis.,
07_GERT_Analysis_Ready::Histogram Data,07_GERT_Analysis_Ready.xlsx,Histogram Data,Frequency,int64,count,Frequency,Derived from the complete unsampled exported simulation records.,Fresh seeded simulation from authoritative Word inputs.,,Blank only when the field is not applicable to the record.,"Supporting identifier, audit, or reconciliation field.",
07_GERT_Analysis_Ready::Histogram Data,07_GERT_Analysis_Ready.xlsx,Histogram Data,Relative_Frequency,double,,Relative Frequency,Derived from the complete unsampled exported simulation records.,Fresh seeded simulation from authoritative Word inputs.,,Blank only when the field is not applicable to the record.,"Supporting identifier, audit, or reconciliation field.",
07_GERT_Analysis_Ready::Correlation Register,07_GERT_Analysis_Ready.xlsx,Correlation Register,Feature,string,,Feature,Directly exported value.,Fresh seeded simulation from authoritative Word inputs.,,Blank only when the field is not applicable to the record.,"Supporting identifier, audit, or reconciliation field.",
07_GERT_Analysis_Ready::Correlation Register,07_GERT_Analysis_Ready.xlsx,Correlation Register,Target,string,,Target,Directly exported value.,Fresh seeded simulation from authoritative Word inputs.,,Blank only when the field is not applicable to the record.,"Supporting identifier, audit, or reconciliation field.",
07_GERT_Analysis_Ready::Correlation Register,07_GERT_Analysis_Ready.xlsx,Correlation Register,Method,string,,Method,Directly exported value.,Fresh seeded simulation from authoritative Word inputs.,,Blank only when the field is not applicable to the record.,Candidate predictor or response for later analysis.,
07_GERT_Analysis_Ready::Correlation Register,07_GERT_Analysis_Ready.xlsx,Correlation Register,Coefficient,double,,Coefficient,Directly exported value.,Fresh seeded simulation from authoritative Word inputs.,,Blank only when the field is not applicable to the record.,Candidate predictor or response for later analysis.,
07_GERT_Analysis_Ready::Correlation Register,07_GERT_Analysis_Ready.xlsx,Correlation Register,P_Value,double,,P Value,Directly exported value.,Fresh seeded simulation from authoritative Word inputs.,,Blank only when the field is not applicable to the record.,Candidate predictor or response for later analysis.,
07_GERT_Analysis_Ready::Correlation Register,07_GERT_Analysis_Ready.xlsx,Correlation Register,Sample_Size,int64,count,Sample Size,Directly exported value.,Fresh seeded simulation from authoritative Word inputs.,,Blank only when the field is not applicable to the record.,Candidate predictor or response for later analysis.,
07_GERT_Analysis_Ready::Correlation Register,07_GERT_Analysis_Ready.xlsx,Correlation Register,Notes,string,,Notes,Directly exported value.,Fresh seeded simulation from authoritative Word inputs.,,Blank only when the field is not applicable to the record.,Candidate predictor or response for later analysis.,
07_GERT_Analysis_Ready::Data Dictionary,07_GERT_Analysis_Ready.xlsx,Data Dictionary,Dataset,string,,Dataset,Directly exported value.,Fresh seeded simulation from authoritative Word inputs.,,Blank only when the field is not applicable to the record.,"Supporting identifier, audit, or reconciliation field.",
07_GERT_Analysis_Ready::Data Dictionary,07_GERT_Analysis_Ready.xlsx,Data Dictionary,Workbook,string,,Workbook,Directly exported value.,Fresh seeded simulation from authoritative Word inputs.,,Blank only when the field is not applicable to the record.,Candidate predictor or response for later analysis.,
07_GERT_Analysis_Ready::Data Dictionary,07_GERT_Analysis_Ready.xlsx,Data Dictionary,Worksheet,string,,Worksheet,Directly exported value.,Fresh seeded simulation from authoritative Word inputs.,,Blank only when the field is not applicable to the record.,Candidate predictor or response for later analysis.,
07_GERT_Analysis_Ready::Data Dictionary,07_GERT_Analysis_Ready.xlsx,Data Dictionary,Column_Name,string,,Column Name,Directly exported value.,Fresh seeded simulation from authoritative Word inputs.,,Blank only when the field is not applicable to the record.,Candidate predictor or response for later analysis.,
07_GERT_Analysis_Ready::Data Dictionary,07_GERT_Analysis_Ready.xlsx,Data Dictionary,Data_Type,string,,Data Type,Directly exported value.,Fresh seeded simulation from authoritative Word inputs.,,Blank only when the field is not applicable to the record.,Candidate predictor or response for later analysis.,
07_GERT_Analysis_Ready::Data Dictionary,07_GERT_Analysis_Ready.xlsx,Data Dictionary,Unit,string,,Unit,Directly exported value.,Fresh seeded simulation from authoritative Word inputs.,,Blank only when the field is not applicable to the record.,"Supporting identifier, audit, or reconciliation field.",
07_GERT_Analysis_Ready::Data Dictionary,07_GERT_Analysis_Ready.xlsx,Data Dictionary,Definition,string,,Definition,Directly exported value.,Fresh seeded simulation from authoritative Word inputs.,,Blank only when the field is not applicable to the record.,Candidate predictor or response for later analysis.,
07_GERT_Analysis_Ready::Data Dictionary,07_GERT_Analysis_Ready.xlsx,Data Dictionary,Calculation,string,,Calculation,Directly exported value.,Fresh seeded simulation from authoritative Word inputs.,,Blank only when the field is not applicable to the record.,Candidate predictor or response for later analysis.,
07_GERT_Analysis_Ready::Data Dictionary,07_GERT_Analysis_Ready.xlsx,Data Dictionary,Source,string,,Source,Directly exported value.,Fresh seeded simulation from authoritative Word inputs.,,Blank only when the field is not applicable to the record.,Candidate predictor or response for later analysis.,
07_GERT_Analysis_Ready::Data Dictionary,07_GERT_Analysis_Ready.xlsx,Data Dictionary,Allowed_Values,string,,Allowed Values,Directly exported value.,Fresh seeded simulation from authoritative Word inputs.,,Blank only when the field is not applicable to the record.,Candidate predictor or response for later analysis.,
07_GERT_Analysis_Ready::Data Dictionary,07_GERT_Analysis_Ready.xlsx,Data Dictionary,Missing_Value_Rule,string,,Missing Value Rule,Directly exported value.,Fresh seeded simulation from authoritative Word inputs.,,Blank only when the field is not applicable to the record.,"Supporting identifier, audit, or reconciliation field.",
07_GERT_Analysis_Ready::Data Dictionary,07_GERT_Analysis_Ready.xlsx,Data Dictionary,Sensitivity_Use,string,,Sensitivity Use,Directly exported value.,Fresh seeded simulation from authoritative Word inputs.,,Blank only when the field is not applicable to the record.,"Supporting identifier, audit, or reconciliation field.",
07_GERT_Analysis_Ready::Data Dictionary,07_GERT_Analysis_Ready.xlsx,Data Dictionary,Notes,string,,Notes,Directly exported value.,Fresh seeded simulation from authoritative Word inputs.,,Blank only when the field is not applicable to the record.,Candidate predictor or response for later analysis.,
