Dataset,Workbook,Worksheet,Column_Name,Data_Type,Unit,Definition,Calculation,Source,Allowed_Values,Missing_Value_Rule,Sensitivity_Use,Notes
10_Sensitivity_Ready_Data::Sensitivity Overview,10_Sensitivity_Ready_Data.xlsx,Sensitivity Overview,Topic,string,,Topic,Directly exported value.,Fresh seeded simulation from authoritative Word inputs.,,Blank only when the field is not applicable to the record.,Candidate predictor or response for later analysis.,
10_Sensitivity_Ready_Data::Sensitivity Overview,10_Sensitivity_Ready_Data.xlsx,Sensitivity Overview,Statement,string,,Statement,Directly exported value.,Fresh seeded simulation from authoritative Word inputs.,,Blank only when the field is not applicable to the record.,"Supporting identifier, audit, or reconciliation field.",
10_Sensitivity_Ready_Data::Parameter Register,10_Sensitivity_Ready_Data.xlsx,Parameter Register,Parameter_ID,string,identifier,Parameter ID,Directly exported value.,Authoritative PERT Input.docx or GERT nput.docx.,,Blank only when the field is not applicable to the record.,Candidate predictor or response for later analysis.,
10_Sensitivity_Ready_Data::Parameter Register,10_Sensitivity_Ready_Data.xlsx,Parameter Register,Model,string,,Model,Directly exported value.,Authoritative PERT Input.docx or GERT nput.docx.,,Blank only when the field is not applicable to the record.,Candidate predictor or response for later analysis.,
10_Sensitivity_Ready_Data::Parameter Register,10_Sensitivity_Ready_Data.xlsx,Parameter Register,Entity_Type,string,,Entity Type,Directly exported value.,Authoritative PERT Input.docx or GERT nput.docx.,,Blank only when the field is not applicable to the record.,Candidate predictor or response for later analysis.,
10_Sensitivity_Ready_Data::Parameter Register,10_Sensitivity_Ready_Data.xlsx,Parameter Register,Entity_ID,string,identifier,Entity ID,Directly exported value.,Authoritative PERT Input.docx or GERT nput.docx.,,Blank only when the field is not applicable to the record.,"Supporting identifier, audit, or reconciliation field.",
10_Sensitivity_Ready_Data::Parameter Register,10_Sensitivity_Ready_Data.xlsx,Parameter Register,Parameter_Name,string,,Parameter Name,Directly exported value.,Authoritative PERT Input.docx or GERT nput.docx.,,Blank only when the field is not applicable to the record.,Candidate predictor or response for later analysis.,
10_Sensitivity_Ready_Data::Parameter Register,10_Sensitivity_Ready_Data.xlsx,Parameter Register,Baseline_Value,double,,Baseline Value,Directly exported value.,Authoritative PERT Input.docx or GERT nput.docx.,,Blank only when the field is not applicable to the record.,"Supporting identifier, audit, or reconciliation field.",
10_Sensitivity_Ready_Data::Parameter Register,10_Sensitivity_Ready_Data.xlsx,Parameter Register,Data_Type,string,,Data Type,Directly exported value.,Authoritative PERT Input.docx or GERT nput.docx.,,Blank only when the field is not applicable to the record.,Candidate predictor or response for later analysis.,
10_Sensitivity_Ready_Data::Parameter Register,10_Sensitivity_Ready_Data.xlsx,Parameter Register,Unit,string,,Unit,Directly exported value.,Authoritative PERT Input.docx or GERT nput.docx.,,Blank only when the field is not applicable to the record.,"Supporting identifier, audit, or reconciliation field.",
10_Sensitivity_Ready_Data::Parameter Register,10_Sensitivity_Ready_Data.xlsx,Parameter Register,Allowed_Minimum,double,,Allowed Minimum,Directly exported value.,Authoritative PERT Input.docx or GERT nput.docx.,,Blank only when the field is not applicable to the record.,Candidate predictor or response for later analysis.,
10_Sensitivity_Ready_Data::Parameter Register,10_Sensitivity_Ready_Data.xlsx,Parameter Register,Allowed_Maximum,double,,Allowed Maximum,Directly exported value.,Authoritative PERT Input.docx or GERT nput.docx.,,Blank only when the field is not applicable to the record.,Candidate predictor or response for later analysis.,
10_Sensitivity_Ready_Data::Parameter Register,10_Sensitivity_Ready_Data.xlsx,Parameter Register,Constraint_Group,string,,Constraint Group,Directly exported value.,Authoritative PERT Input.docx or GERT nput.docx.,,Blank only when the field is not applicable to the record.,Candidate predictor or response for later analysis.,
10_Sensitivity_Ready_Data::Parameter Register,10_Sensitivity_Ready_Data.xlsx,Parameter Register,Constraint_Rule,string,,Constraint Rule,Directly exported value.,Authoritative PERT Input.docx or GERT nput.docx.,,Blank only when the field is not applicable to the record.,Candidate predictor or response for later analysis.,
10_Sensitivity_Ready_Data::Parameter Register,10_Sensitivity_Ready_Data.xlsx,Parameter Register,Sensitivity_Eligible,bool,,Sensitivity Eligible,Directly exported value.,Authoritative PERT Input.docx or GERT nput.docx.,0; 1,Blank only when the field is not applicable to the record.,"Supporting identifier, audit, or reconciliation field.",
10_Sensitivity_Ready_Data::Parameter Register,10_Sensitivity_Ready_Data.xlsx,Parameter Register,Sensitivity_Method,string,,Sensitivity Method,Directly exported value.,Authoritative PERT Input.docx or GERT nput.docx.,,Blank only when the field is not applicable to the record.,Candidate predictor or response for later analysis.,
10_Sensitivity_Ready_Data::Parameter Register,10_Sensitivity_Ready_Data.xlsx,Parameter Register,Notes,string,,Notes,Directly exported value.,Authoritative PERT Input.docx or GERT nput.docx.,,Blank only when the field is not applicable to the record.,Candidate predictor or response for later analysis.,
10_Sensitivity_Ready_Data::Baseline Metrics,10_Sensitivity_Ready_Data.xlsx,Baseline Metrics,Metric,string,,Metric,Directly exported value.,Fresh seeded simulation from authoritative Word inputs.,,Blank only when the field is not applicable to the record.,"Supporting identifier, audit, or reconciliation field.",
10_Sensitivity_Ready_Data::Baseline Metrics,10_Sensitivity_Ready_Data.xlsx,Baseline Metrics,Value,double,,Value,Directly exported value.,Fresh seeded simulation from authoritative Word inputs.,,Blank only when the field is not applicable to the record.,"Supporting identifier, audit, or reconciliation field.",
10_Sensitivity_Ready_Data::Baseline Metrics,10_Sensitivity_Ready_Data.xlsx,Baseline Metrics,Unit,string,,Unit,Directly exported value.,Fresh seeded simulation from authoritative Word inputs.,,Blank only when the field is not applicable to the record.,"Supporting identifier, audit, or reconciliation field.",
10_Sensitivity_Ready_Data::PERT Sensitivity Matrix,10_Sensitivity_Ready_Data.xlsx,PERT Sensitivity Matrix,Iteration_ID,int64,identifier,One-based Monte Carlo iteration identifier.,Directly exported value.,Fresh seeded simulation from authoritative Word inputs.,,Blank only when the field is not applicable to the record.,Candidate predictor or response for later analysis.,
10_Sensitivity_Ready_Data::PERT Sensitivity Matrix,10_Sensitivity_Ready_Data.xlsx,PERT Sensitivity Matrix,e12_Rounded,int64,days,e12 Rounded,Directly exported value.,Fresh seeded simulation from authoritative Word inputs.,,Blank only when the field is not applicable to the record.,Candidate predictor or response for later analysis.,
10_Sensitivity_Ready_Data::PERT Sensitivity Matrix,10_Sensitivity_Ready_Data.xlsx,PERT Sensitivity Matrix,e23_Rounded,int64,days,e23 Rounded,Directly exported value.,Fresh seeded simulation from authoritative Word inputs.,,Blank only when the field is not applicable to the record.,Candidate predictor or response for later analysis.,
10_Sensitivity_Ready_Data::PERT Sensitivity Matrix,10_Sensitivity_Ready_Data.xlsx,PERT Sensitivity Matrix,e34_Rounded,int64,days,e34 Rounded,Directly exported value.,Fresh seeded simulation from authoritative Word inputs.,,Blank only when the field is not applicable to the record.,Candidate predictor or response for later analysis.,
10_Sensitivity_Ready_Data::PERT Sensitivity Matrix,10_Sensitivity_Ready_Data.xlsx,PERT Sensitivity Matrix,e45_Rounded,int64,days,e45 Rounded,Directly exported value.,Fresh seeded simulation from authoritative Word inputs.,,Blank only when the field is not applicable to the record.,Candidate predictor or response for later analysis.,
10_Sensitivity_Ready_Data::PERT Sensitivity Matrix,10_Sensitivity_Ready_Data.xlsx,PERT Sensitivity Matrix,e56_Rounded,int64,days,e56 Rounded,Directly exported value.,Fresh seeded simulation from authoritative Word inputs.,,Blank only when the field is not applicable to the record.,Candidate predictor or response for later analysis.,
10_Sensitivity_Ready_Data::PERT Sensitivity Matrix,10_Sensitivity_Ready_Data.xlsx,PERT Sensitivity Matrix,e67_Rounded,int64,days,e67 Rounded,Directly exported value.,Fresh seeded simulation from authoritative Word inputs.,,Blank only when the field is not applicable to the record.,Candidate predictor or response for later analysis.,
10_Sensitivity_Ready_Data::PERT Sensitivity Matrix,10_Sensitivity_Ready_Data.xlsx,PERT Sensitivity Matrix,e12_Raw,double,days,e12 Raw,Directly exported value.,Fresh seeded simulation from authoritative Word inputs.,,Blank only when the field is not applicable to the record.,"Supporting identifier, audit, or reconciliation field.",
10_Sensitivity_Ready_Data::PERT Sensitivity Matrix,10_Sensitivity_Ready_Data.xlsx,PERT Sensitivity Matrix,e23_Raw,double,days,e23 Raw,Directly exported value.,Fresh seeded simulation from authoritative Word inputs.,,Blank only when the field is not applicable to the record.,"Supporting identifier, audit, or reconciliation field.",
10_Sensitivity_Ready_Data::PERT Sensitivity Matrix,10_Sensitivity_Ready_Data.xlsx,PERT Sensitivity Matrix,e34_Raw,double,days,e34 Raw,Directly exported value.,Fresh seeded simulation from authoritative Word inputs.,,Blank only when the field is not applicable to the record.,"Supporting identifier, audit, or reconciliation field.",
10_Sensitivity_Ready_Data::PERT Sensitivity Matrix,10_Sensitivity_Ready_Data.xlsx,PERT Sensitivity Matrix,e45_Raw,double,days,e45 Raw,Directly exported value.,Fresh seeded simulation from authoritative Word inputs.,,Blank only when the field is not applicable to the record.,"Supporting identifier, audit, or reconciliation field.",
10_Sensitivity_Ready_Data::PERT Sensitivity Matrix,10_Sensitivity_Ready_Data.xlsx,PERT Sensitivity Matrix,e56_Raw,double,days,e56 Raw,Directly exported value.,Fresh seeded simulation from authoritative Word inputs.,,Blank only when the field is not applicable to the record.,"Supporting identifier, audit, or reconciliation field.",
10_Sensitivity_Ready_Data::PERT Sensitivity Matrix,10_Sensitivity_Ready_Data.xlsx,PERT Sensitivity Matrix,e67_Raw,double,days,e67 Raw,Directly exported value.,Fresh seeded simulation from authoritative Word inputs.,,Blank only when the field is not applicable to the record.,"Supporting identifier, audit, or reconciliation field.",
10_Sensitivity_Ready_Data::PERT Sensitivity Matrix,10_Sensitivity_Ready_Data.xlsx,PERT Sensitivity Matrix,Total_Duration,int64,days,Sum of individually ceiling-rounded stochastic durations for the iteration.,Directly exported value.,Fresh seeded simulation from authoritative Word inputs.,,Blank only when the field is not applicable to the record.,Candidate predictor or response for later analysis.,
10_Sensitivity_Ready_Data::PERT Sensitivity Matrix,10_Sensitivity_Ready_Data.xlsx,PERT Sensitivity Matrix,Above_P80,bool,,Above P80,Derived from the complete unsampled exported simulation records.,Fresh seeded simulation from authoritative Word inputs.,0; 1,Blank only when the field is not applicable to the record.,Candidate predictor or response for later analysis.,
10_Sensitivity_Ready_Data::PERT Sensitivity Matrix,10_Sensitivity_Ready_Data.xlsx,PERT Sensitivity Matrix,Above_P90,bool,,Above P90,Derived from the complete unsampled exported simulation records.,Fresh seeded simulation from authoritative Word inputs.,0; 1,Blank only when the field is not applicable to the record.,Candidate predictor or response for later analysis.,
10_Sensitivity_Ready_Data::PERT Sensitivity Matrix,10_Sensitivity_Ready_Data.xlsx,PERT Sensitivity Matrix,Above_P95,bool,,Above P95,Derived from the complete unsampled exported simulation records.,Fresh seeded simulation from authoritative Word inputs.,0; 1,Blank only when the field is not applicable to the record.,Candidate predictor or response for later analysis.,
10_Sensitivity_Ready_Data::PERT Sensitivity Matrix,10_Sensitivity_Ready_Data.xlsx,PERT Sensitivity Matrix,Above_P99,bool,,Above P99,Derived from the complete unsampled exported simulation records.,Fresh seeded simulation from authoritative Word inputs.,0; 1,Blank only when the field is not applicable to the record.,Candidate predictor or response for later analysis.,
10_Sensitivity_Ready_Data::GERT Sensitivity Matrix,10_Sensitivity_Ready_Data.xlsx,GERT Sensitivity Matrix,Iteration_ID,int64,identifier,One-based Monte Carlo iteration identifier.,Directly exported value.,Fresh seeded simulation from authoritative Word inputs.,,Blank only when the field is not applicable to the record.,Candidate predictor or response for later analysis.,
10_Sensitivity_Ready_Data::GERT Sensitivity Matrix,10_Sensitivity_Ready_Data.xlsx,GERT Sensitivity Matrix,Outcome,string,,Final absorbing GERT outcome.,Directly exported value.,Fresh seeded simulation from authoritative Word inputs.,Successful; Terminated,Blank only when the field is not applicable to the record.,Candidate predictor or response for later analysis.,
10_Sensitivity_Ready_Data::GERT Sensitivity Matrix,10_Sensitivity_Ready_Data.xlsx,GERT Sensitivity Matrix,Outcome_Successful_Binary,bool,,Outcome Successful Binary,Directly exported value.,Fresh seeded simulation from authoritative Word inputs.,0; 1,Blank only when the field is not applicable to the record.,Candidate predictor or response for later analysis.,
10_Sensitivity_Ready_Data::GERT Sensitivity Matrix,10_Sensitivity_Ready_Data.xlsx,GERT Sensitivity Matrix,Total_Duration,int64,days,Sum of individually ceiling-rounded stochastic durations for the iteration.,Directly exported value.,Fresh seeded simulation from authoritative Word inputs.,,Blank only when the field is not applicable to the record.,Candidate predictor or response for later analysis.,
10_Sensitivity_Ready_Data::GERT Sensitivity Matrix,10_Sensitivity_Ready_Data.xlsx,GERT Sensitivity Matrix,Transition_Count,int64,count,Transition Count,Directly exported value.,Fresh seeded simulation from authoritative Word inputs.,,Blank only when the field is not applicable to the record.,Candidate predictor or response for later analysis.,
10_Sensitivity_Ready_Data::GERT Sensitivity Matrix,10_Sensitivity_Ready_Data.xlsx,GERT Sensitivity Matrix,Dispute_Visited,bool,,Dispute Visited,Directly exported value.,Fresh seeded simulation from authoritative Word inputs.,0; 1,Blank only when the field is not applicable to the record.,Candidate predictor or response for later analysis.,
10_Sensitivity_Ready_Data::GERT Sensitivity Matrix,10_Sensitivity_Ready_Data.xlsx,GERT Sensitivity Matrix,Dispute_Visit_Count,int64,count,Dispute Visit Count,Directly exported value.,Fresh seeded simulation from authoritative Word inputs.,,Blank only when the field is not applicable to the record.,Candidate predictor or response for later analysis.,
10_Sensitivity_Ready_Data::GERT Sensitivity Matrix,10_Sensitivity_Ready_Data.xlsx,GERT Sensitivity Matrix,Path_ID,int64,identifier,Path ID,Directly exported value.,Fresh seeded simulation from authoritative Word inputs.,,Blank only when the field is not applicable to the record.,Candidate predictor or response for later analysis.,
10_Sensitivity_Ready_Data::GERT Sensitivity Matrix,10_Sensitivity_Ready_Data.xlsx,GERT Sensitivity Matrix,Any_Loop,bool,,Any Loop,Directly exported value.,Fresh seeded simulation from authoritative Word inputs.,0; 1,Blank only when the field is not applicable to the record.,Candidate predictor or response for later analysis.,
10_Sensitivity_Ready_Data::GERT Sensitivity Matrix,10_Sensitivity_Ready_Data.xlsx,GERT Sensitivity Matrix,Any_Cap_Reached,bool,,Any Cap Reached,Directly exported value.,Fresh seeded simulation from authoritative Word inputs.,0; 1,Blank only when the field is not applicable to the record.,Candidate predictor or response for later analysis.,
10_Sensitivity_Ready_Data::GERT Sensitivity Matrix,10_Sensitivity_Ready_Data.xlsx,GERT Sensitivity Matrix,Renormalisation_Count,int64,count,Renormalisation Count,Directly exported value.,Fresh seeded simulation from authoritative Word inputs.,,Blank only when the field is not applicable to the record.,Candidate predictor or response for later analysis.,
10_Sensitivity_Ready_Data::GERT Sensitivity Matrix,10_Sensitivity_Ready_Data.xlsx,GERT Sensitivity Matrix,Activated_e12,bool,,Indicator that arc e12 was traversed at least once.,Directly exported value.,Fresh seeded simulation from authoritative Word inputs.,0; 1,Blank only when the field is not applicable to the record.,Candidate predictor or response for later analysis.,
10_Sensitivity_Ready_Data::GERT Sensitivity Matrix,10_Sensitivity_Ready_Data.xlsx,GERT Sensitivity Matrix,Activated_e1T,bool,,Indicator that arc e1T was traversed at least once.,Directly exported value.,Fresh seeded simulation from authoritative Word inputs.,0; 1,Blank only when the field is not applicable to the record.,Candidate predictor or response for later analysis.,
10_Sensitivity_Ready_Data::GERT Sensitivity Matrix,10_Sensitivity_Ready_Data.xlsx,GERT Sensitivity Matrix,Activated_e23,bool,,Indicator that arc e23 was traversed at least once.,Directly exported value.,Fresh seeded simulation from authoritative Word inputs.,0; 1,Blank only when the field is not applicable to the record.,Candidate predictor or response for later analysis.,
10_Sensitivity_Ready_Data::GERT Sensitivity Matrix,10_Sensitivity_Ready_Data.xlsx,GERT Sensitivity Matrix,Activated_e24,bool,,Indicator that arc e24 was traversed at least once.,Directly exported value.,Fresh seeded simulation from authoritative Word inputs.,0; 1,Blank only when the field is not applicable to the record.,Candidate predictor or response for later analysis.,
10_Sensitivity_Ready_Data::GERT Sensitivity Matrix,10_Sensitivity_Ready_Data.xlsx,GERT Sensitivity Matrix,Activated_e22,bool,,Indicator that arc e22 was traversed at least once.,Directly exported value.,Fresh seeded simulation from authoritative Word inputs.,0; 1,Blank only when the field is not applicable to the record.,Candidate predictor or response for later analysis.,
10_Sensitivity_Ready_Data::GERT Sensitivity Matrix,10_Sensitivity_Ready_Data.xlsx,GERT Sensitivity Matrix,Activated_e21,bool,,Indicator that arc e21 was traversed at least once.,Directly exported value.,Fresh seeded simulation from authoritative Word inputs.,0; 1,Blank only when the field is not applicable to the record.,Candidate predictor or response for later analysis.,
10_Sensitivity_Ready_Data::GERT Sensitivity Matrix,10_Sensitivity_Ready_Data.xlsx,GERT Sensitivity Matrix,Activated_e2T,bool,,Indicator that arc e2T was traversed at least once.,Directly exported value.,Fresh seeded simulation from authoritative Word inputs.,0; 1,Blank only when the field is not applicable to the record.,Candidate predictor or response for later analysis.,
10_Sensitivity_Ready_Data::GERT Sensitivity Matrix,10_Sensitivity_Ready_Data.xlsx,GERT Sensitivity Matrix,Activated_e34,bool,,Indicator that arc e34 was traversed at least once.,Directly exported value.,Fresh seeded simulation from authoritative Word inputs.,0; 1,Blank only when the field is not applicable to the record.,Candidate predictor or response for later analysis.,
10_Sensitivity_Ready_Data::GERT Sensitivity Matrix,10_Sensitivity_Ready_Data.xlsx,GERT Sensitivity Matrix,Activated_e33,bool,,Indicator that arc e33 was traversed at least once.,Directly exported value.,Fresh seeded simulation from authoritative Word inputs.,0; 1,Blank only when the field is not applicable to the record.,Candidate predictor or response for later analysis.,
10_Sensitivity_Ready_Data::GERT Sensitivity Matrix,10_Sensitivity_Ready_Data.xlsx,GERT Sensitivity Matrix,Activated_e32,bool,,Indicator that arc e32 was traversed at least once.,Directly exported value.,Fresh seeded simulation from authoritative Word inputs.,0; 1,Blank only when the field is not applicable to the record.,Candidate predictor or response for later analysis.,
10_Sensitivity_Ready_Data::GERT Sensitivity Matrix,10_Sensitivity_Ready_Data.xlsx,GERT Sensitivity Matrix,Activated_e3T,bool,,Indicator that arc e3T was traversed at least once.,Directly exported value.,Fresh seeded simulation from authoritative Word inputs.,0; 1,Blank only when the field is not applicable to the record.,Candidate predictor or response for later analysis.,
10_Sensitivity_Ready_Data::GERT Sensitivity Matrix,10_Sensitivity_Ready_Data.xlsx,GERT Sensitivity Matrix,Activated_e3D,bool,,Indicator that arc e3D was traversed at least once.,Directly exported value.,Fresh seeded simulation from authoritative Word inputs.,0; 1,Blank only when the field is not applicable to the record.,Candidate predictor or response for later analysis.,
10_Sensitivity_Ready_Data::GERT Sensitivity Matrix,10_Sensitivity_Ready_Data.xlsx,GERT Sensitivity Matrix,Activated_e45,bool,,Indicator that arc e45 was traversed at least once.,Directly exported value.,Fresh seeded simulation from authoritative Word inputs.,0; 1,Blank only when the field is not applicable to the record.,Candidate predictor or response for later analysis.,
10_Sensitivity_Ready_Data::GERT Sensitivity Matrix,10_Sensitivity_Ready_Data.xlsx,GERT Sensitivity Matrix,Activated_e46,bool,,Indicator that arc e46 was traversed at least once.,Directly exported value.,Fresh seeded simulation from authoritative Word inputs.,0; 1,Blank only when the field is not applicable to the record.,Candidate predictor or response for later analysis.,
10_Sensitivity_Ready_Data::GERT Sensitivity Matrix,10_Sensitivity_Ready_Data.xlsx,GERT Sensitivity Matrix,Activated_e43,bool,,Indicator that arc e43 was traversed at least once.,Directly exported value.,Fresh seeded simulation from authoritative Word inputs.,0; 1,Blank only when the field is not applicable to the record.,Candidate predictor or response for later analysis.,
10_Sensitivity_Ready_Data::GERT Sensitivity Matrix,10_Sensitivity_Ready_Data.xlsx,GERT Sensitivity Matrix,Activated_e42,bool,,Indicator that arc e42 was traversed at least once.,Directly exported value.,Fresh seeded simulation from authoritative Word inputs.,0; 1,Blank only when the field is not applicable to the record.,Candidate predictor or response for later analysis.,
10_Sensitivity_Ready_Data::GERT Sensitivity Matrix,10_Sensitivity_Ready_Data.xlsx,GERT Sensitivity Matrix,Activated_e4D,bool,,Indicator that arc e4D was traversed at least once.,Directly exported value.,Fresh seeded simulation from authoritative Word inputs.,0; 1,Blank only when the field is not applicable to the record.,Candidate predictor or response for later analysis.,
10_Sensitivity_Ready_Data::GERT Sensitivity Matrix,10_Sensitivity_Ready_Data.xlsx,GERT Sensitivity Matrix,Activated_e56,bool,,Indicator that arc e56 was traversed at least once.,Directly exported value.,Fresh seeded simulation from authoritative Word inputs.,0; 1,Blank only when the field is not applicable to the record.,Candidate predictor or response for later analysis.,
10_Sensitivity_Ready_Data::GERT Sensitivity Matrix,10_Sensitivity_Ready_Data.xlsx,GERT Sensitivity Matrix,Activated_e57,bool,,Indicator that arc e57 was traversed at least once.,Directly exported value.,Fresh seeded simulation from authoritative Word inputs.,0; 1,Blank only when the field is not applicable to the record.,Candidate predictor or response for later analysis.,
10_Sensitivity_Ready_Data::GERT Sensitivity Matrix,10_Sensitivity_Ready_Data.xlsx,GERT Sensitivity Matrix,Activated_e55,bool,,Indicator that arc e55 was traversed at least once.,Directly exported value.,Fresh seeded simulation from authoritative Word inputs.,0; 1,Blank only when the field is not applicable to the record.,Candidate predictor or response for later analysis.,
10_Sensitivity_Ready_Data::GERT Sensitivity Matrix,10_Sensitivity_Ready_Data.xlsx,GERT Sensitivity Matrix,Activated_e54,bool,,Indicator that arc e54 was traversed at least once.,Directly exported value.,Fresh seeded simulation from authoritative Word inputs.,0; 1,Blank only when the field is not applicable to the record.,Candidate predictor or response for later analysis.,
10_Sensitivity_Ready_Data::GERT Sensitivity Matrix,10_Sensitivity_Ready_Data.xlsx,GERT Sensitivity Matrix,Activated_e52,bool,,Indicator that arc e52 was traversed at least once.,Directly exported value.,Fresh seeded simulation from authoritative Word inputs.,0; 1,Blank only when the field is not applicable to the record.,Candidate predictor or response for later analysis.,
10_Sensitivity_Ready_Data::GERT Sensitivity Matrix,10_Sensitivity_Ready_Data.xlsx,GERT Sensitivity Matrix,Activated_e5D,bool,,Indicator that arc e5D was traversed at least once.,Directly exported value.,Fresh seeded simulation from authoritative Word inputs.,0; 1,Blank only when the field is not applicable to the record.,Candidate predictor or response for later analysis.,
10_Sensitivity_Ready_Data::GERT Sensitivity Matrix,10_Sensitivity_Ready_Data.xlsx,GERT Sensitivity Matrix,Activated_e67,bool,,Indicator that arc e67 was traversed at least once.,Directly exported value.,Fresh seeded simulation from authoritative Word inputs.,0; 1,Blank only when the field is not applicable to the record.,Candidate predictor or response for later analysis.,
10_Sensitivity_Ready_Data::GERT Sensitivity Matrix,10_Sensitivity_Ready_Data.xlsx,GERT Sensitivity Matrix,Activated_e66,bool,,Indicator that arc e66 was traversed at least once.,Directly exported value.,Fresh seeded simulation from authoritative Word inputs.,0; 1,Blank only when the field is not applicable to the record.,Candidate predictor or response for later analysis.,
10_Sensitivity_Ready_Data::GERT Sensitivity Matrix,10_Sensitivity_Ready_Data.xlsx,GERT Sensitivity Matrix,Activated_e6D,bool,,Indicator that arc e6D was traversed at least once.,Directly exported value.,Fresh seeded simulation from authoritative Word inputs.,0; 1,Blank only when the field is not applicable to the record.,Candidate predictor or response for later analysis.,
10_Sensitivity_Ready_Data::GERT Sensitivity Matrix,10_Sensitivity_Ready_Data.xlsx,GERT Sensitivity Matrix,Activated_eD3,bool,,Indicator that arc eD3 was traversed at least once.,Directly exported value.,Fresh seeded simulation from authoritative Word inputs.,0; 1,Blank only when the field is not applicable to the record.,Candidate predictor or response for later analysis.,
10_Sensitivity_Ready_Data::GERT Sensitivity Matrix,10_Sensitivity_Ready_Data.xlsx,GERT Sensitivity Matrix,Activated_eD7,bool,,Indicator that arc eD7 was traversed at least once.,Directly exported value.,Fresh seeded simulation from authoritative Word inputs.,0; 1,Blank only when the field is not applicable to the record.,Candidate predictor or response for later analysis.,
10_Sensitivity_Ready_Data::GERT Sensitivity Matrix,10_Sensitivity_Ready_Data.xlsx,GERT Sensitivity Matrix,Activated_eDT,bool,,Indicator that arc eDT was traversed at least once.,Directly exported value.,Fresh seeded simulation from authoritative Word inputs.,0; 1,Blank only when the field is not applicable to the record.,Candidate predictor or response for later analysis.,
10_Sensitivity_Ready_Data::GERT Sensitivity Matrix,10_Sensitivity_Ready_Data.xlsx,GERT Sensitivity Matrix,Traversals_e12,int64,,Number of traversals of arc e12 in the iteration.,Directly exported value.,Fresh seeded simulation from authoritative Word inputs.,,Blank only when the field is not applicable to the record.,Candidate predictor or response for later analysis.,
10_Sensitivity_Ready_Data::GERT Sensitivity Matrix,10_Sensitivity_Ready_Data.xlsx,GERT Sensitivity Matrix,Traversals_e1T,int64,,Number of traversals of arc e1T in the iteration.,Directly exported value.,Fresh seeded simulation from authoritative Word inputs.,,Blank only when the field is not applicable to the record.,Candidate predictor or response for later analysis.,
10_Sensitivity_Ready_Data::GERT Sensitivity Matrix,10_Sensitivity_Ready_Data.xlsx,GERT Sensitivity Matrix,Traversals_e23,int64,,Number of traversals of arc e23 in the iteration.,Directly exported value.,Fresh seeded simulation from authoritative Word inputs.,,Blank only when the field is not applicable to the record.,Candidate predictor or response for later analysis.,
10_Sensitivity_Ready_Data::GERT Sensitivity Matrix,10_Sensitivity_Ready_Data.xlsx,GERT Sensitivity Matrix,Traversals_e24,int64,,Number of traversals of arc e24 in the iteration.,Directly exported value.,Fresh seeded simulation from authoritative Word inputs.,,Blank only when the field is not applicable to the record.,Candidate predictor or response for later analysis.,
10_Sensitivity_Ready_Data::GERT Sensitivity Matrix,10_Sensitivity_Ready_Data.xlsx,GERT Sensitivity Matrix,Traversals_e22,int64,,Number of traversals of arc e22 in the iteration.,Directly exported value.,Fresh seeded simulation from authoritative Word inputs.,,Blank only when the field is not applicable to the record.,Candidate predictor or response for later analysis.,
10_Sensitivity_Ready_Data::GERT Sensitivity Matrix,10_Sensitivity_Ready_Data.xlsx,GERT Sensitivity Matrix,Traversals_e21,int64,,Number of traversals of arc e21 in the iteration.,Directly exported value.,Fresh seeded simulation from authoritative Word inputs.,,Blank only when the field is not applicable to the record.,Candidate predictor or response for later analysis.,
10_Sensitivity_Ready_Data::GERT Sensitivity Matrix,10_Sensitivity_Ready_Data.xlsx,GERT Sensitivity Matrix,Traversals_e2T,int64,,Number of traversals of arc e2T in the iteration.,Directly exported value.,Fresh seeded simulation from authoritative Word inputs.,,Blank only when the field is not applicable to the record.,Candidate predictor or response for later analysis.,
10_Sensitivity_Ready_Data::GERT Sensitivity Matrix,10_Sensitivity_Ready_Data.xlsx,GERT Sensitivity Matrix,Traversals_e34,int64,,Number of traversals of arc e34 in the iteration.,Directly exported value.,Fresh seeded simulation from authoritative Word inputs.,,Blank only when the field is not applicable to the record.,Candidate predictor or response for later analysis.,
10_Sensitivity_Ready_Data::GERT Sensitivity Matrix,10_Sensitivity_Ready_Data.xlsx,GERT Sensitivity Matrix,Traversals_e33,int64,,Number of traversals of arc e33 in the iteration.,Directly exported value.,Fresh seeded simulation from authoritative Word inputs.,,Blank only when the field is not applicable to the record.,Candidate predictor or response for later analysis.,
10_Sensitivity_Ready_Data::GERT Sensitivity Matrix,10_Sensitivity_Ready_Data.xlsx,GERT Sensitivity Matrix,Traversals_e32,int64,,Number of traversals of arc e32 in the iteration.,Directly exported value.,Fresh seeded simulation from authoritative Word inputs.,,Blank only when the field is not applicable to the record.,Candidate predictor or response for later analysis.,
10_Sensitivity_Ready_Data::GERT Sensitivity Matrix,10_Sensitivity_Ready_Data.xlsx,GERT Sensitivity Matrix,Traversals_e3T,int64,,Number of traversals of arc e3T in the iteration.,Directly exported value.,Fresh seeded simulation from authoritative Word inputs.,,Blank only when the field is not applicable to the record.,Candidate predictor or response for later analysis.,
10_Sensitivity_Ready_Data::GERT Sensitivity Matrix,10_Sensitivity_Ready_Data.xlsx,GERT Sensitivity Matrix,Traversals_e3D,int64,,Number of traversals of arc e3D in the iteration.,Directly exported value.,Fresh seeded simulation from authoritative Word inputs.,,Blank only when the field is not applicable to the record.,Candidate predictor or response for later analysis.,
10_Sensitivity_Ready_Data::GERT Sensitivity Matrix,10_Sensitivity_Ready_Data.xlsx,GERT Sensitivity Matrix,Traversals_e45,int64,,Number of traversals of arc e45 in the iteration.,Directly exported value.,Fresh seeded simulation from authoritative Word inputs.,,Blank only when the field is not applicable to the record.,Candidate predictor or response for later analysis.,
10_Sensitivity_Ready_Data::GERT Sensitivity Matrix,10_Sensitivity_Ready_Data.xlsx,GERT Sensitivity Matrix,Traversals_e46,int64,,Number of traversals of arc e46 in the iteration.,Directly exported value.,Fresh seeded simulation from authoritative Word inputs.,,Blank only when the field is not applicable to the record.,Candidate predictor or response for later analysis.,
10_Sensitivity_Ready_Data::GERT Sensitivity Matrix,10_Sensitivity_Ready_Data.xlsx,GERT Sensitivity Matrix,Traversals_e43,int64,,Number of traversals of arc e43 in the iteration.,Directly exported value.,Fresh seeded simulation from authoritative Word inputs.,,Blank only when the field is not applicable to the record.,Candidate predictor or response for later analysis.,
10_Sensitivity_Ready_Data::GERT Sensitivity Matrix,10_Sensitivity_Ready_Data.xlsx,GERT Sensitivity Matrix,Traversals_e42,int64,,Number of traversals of arc e42 in the iteration.,Directly exported value.,Fresh seeded simulation from authoritative Word inputs.,,Blank only when the field is not applicable to the record.,Candidate predictor or response for later analysis.,
10_Sensitivity_Ready_Data::GERT Sensitivity Matrix,10_Sensitivity_Ready_Data.xlsx,GERT Sensitivity Matrix,Traversals_e4D,int64,,Number of traversals of arc e4D in the iteration.,Directly exported value.,Fresh seeded simulation from authoritative Word inputs.,,Blank only when the field is not applicable to the record.,Candidate predictor or response for later analysis.,
10_Sensitivity_Ready_Data::GERT Sensitivity Matrix,10_Sensitivity_Ready_Data.xlsx,GERT Sensitivity Matrix,Traversals_e56,int64,,Number of traversals of arc e56 in the iteration.,Directly exported value.,Fresh seeded simulation from authoritative Word inputs.,,Blank only when the field is not applicable to the record.,Candidate predictor or response for later analysis.,
10_Sensitivity_Ready_Data::GERT Sensitivity Matrix,10_Sensitivity_Ready_Data.xlsx,GERT Sensitivity Matrix,Traversals_e57,int64,,Number of traversals of arc e57 in the iteration.,Directly exported value.,Fresh seeded simulation from authoritative Word inputs.,,Blank only when the field is not applicable to the record.,Candidate predictor or response for later analysis.,
10_Sensitivity_Ready_Data::GERT Sensitivity Matrix,10_Sensitivity_Ready_Data.xlsx,GERT Sensitivity Matrix,Traversals_e55,int64,,Number of traversals of arc e55 in the iteration.,Directly exported value.,Fresh seeded simulation from authoritative Word inputs.,,Blank only when the field is not applicable to the record.,Candidate predictor or response for later analysis.,
10_Sensitivity_Ready_Data::GERT Sensitivity Matrix,10_Sensitivity_Ready_Data.xlsx,GERT Sensitivity Matrix,Traversals_e54,int64,,Number of traversals of arc e54 in the iteration.,Directly exported value.,Fresh seeded simulation from authoritative Word inputs.,,Blank only when the field is not applicable to the record.,Candidate predictor or response for later analysis.,
10_Sensitivity_Ready_Data::GERT Sensitivity Matrix,10_Sensitivity_Ready_Data.xlsx,GERT Sensitivity Matrix,Traversals_e52,int64,,Number of traversals of arc e52 in the iteration.,Directly exported value.,Fresh seeded simulation from authoritative Word inputs.,,Blank only when the field is not applicable to the record.,Candidate predictor or response for later analysis.,
10_Sensitivity_Ready_Data::GERT Sensitivity Matrix,10_Sensitivity_Ready_Data.xlsx,GERT Sensitivity Matrix,Traversals_e5D,int64,,Number of traversals of arc e5D in the iteration.,Directly exported value.,Fresh seeded simulation from authoritative Word inputs.,,Blank only when the field is not applicable to the record.,Candidate predictor or response for later analysis.,
10_Sensitivity_Ready_Data::GERT Sensitivity Matrix,10_Sensitivity_Ready_Data.xlsx,GERT Sensitivity Matrix,Traversals_e67,int64,,Number of traversals of arc e67 in the iteration.,Directly exported value.,Fresh seeded simulation from authoritative Word inputs.,,Blank only when the field is not applicable to the record.,Candidate predictor or response for later analysis.,
10_Sensitivity_Ready_Data::GERT Sensitivity Matrix,10_Sensitivity_Ready_Data.xlsx,GERT Sensitivity Matrix,Traversals_e66,int64,,Number of traversals of arc e66 in the iteration.,Directly exported value.,Fresh seeded simulation from authoritative Word inputs.,,Blank only when the field is not applicable to the record.,Candidate predictor or response for later analysis.,
10_Sensitivity_Ready_Data::GERT Sensitivity Matrix,10_Sensitivity_Ready_Data.xlsx,GERT Sensitivity Matrix,Traversals_e6D,int64,,Number of traversals of arc e6D in the iteration.,Directly exported value.,Fresh seeded simulation from authoritative Word inputs.,,Blank only when the field is not applicable to the record.,Candidate predictor or response for later analysis.,
10_Sensitivity_Ready_Data::GERT Sensitivity Matrix,10_Sensitivity_Ready_Data.xlsx,GERT Sensitivity Matrix,Traversals_eD3,int64,,Number of traversals of arc eD3 in the iteration.,Directly exported value.,Fresh seeded simulation from authoritative Word inputs.,,Blank only when the field is not applicable to the record.,Candidate predictor or response for later analysis.,
10_Sensitivity_Ready_Data::GERT Sensitivity Matrix,10_Sensitivity_Ready_Data.xlsx,GERT Sensitivity Matrix,Traversals_eD7,int64,,Number of traversals of arc eD7 in the iteration.,Directly exported value.,Fresh seeded simulation from authoritative Word inputs.,,Blank only when the field is not applicable to the record.,Candidate predictor or response for later analysis.,
10_Sensitivity_Ready_Data::GERT Sensitivity Matrix,10_Sensitivity_Ready_Data.xlsx,GERT Sensitivity Matrix,Traversals_eDT,int64,,Number of traversals of arc eDT in the iteration.,Directly exported value.,Fresh seeded simulation from authoritative Word inputs.,,Blank only when the field is not applicable to the record.,Candidate predictor or response for later analysis.,
10_Sensitivity_Ready_Data::GERT Sensitivity Matrix,10_Sensitivity_Ready_Data.xlsx,GERT Sensitivity Matrix,Duration_e12,int64,days,Accumulated rounded duration contributed by arc e12.,Directly exported value.,Fresh seeded simulation from authoritative Word inputs.,,Blank only when the field is not applicable to the record.,Candidate predictor or response for later analysis.,
10_Sensitivity_Ready_Data::GERT Sensitivity Matrix,10_Sensitivity_Ready_Data.xlsx,GERT Sensitivity Matrix,Duration_e1T,int64,days,Accumulated rounded duration contributed by arc e1T.,Directly exported value.,Fresh seeded simulation from authoritative Word inputs.,,Blank only when the field is not applicable to the record.,Candidate predictor or response for later analysis.,
10_Sensitivity_Ready_Data::GERT Sensitivity Matrix,10_Sensitivity_Ready_Data.xlsx,GERT Sensitivity Matrix,Duration_e23,int64,days,Accumulated rounded duration contributed by arc e23.,Directly exported value.,Fresh seeded simulation from authoritative Word inputs.,,Blank only when the field is not applicable to the record.,Candidate predictor or response for later analysis.,
10_Sensitivity_Ready_Data::GERT Sensitivity Matrix,10_Sensitivity_Ready_Data.xlsx,GERT Sensitivity Matrix,Duration_e24,int64,days,Accumulated rounded duration contributed by arc e24.,Directly exported value.,Fresh seeded simulation from authoritative Word inputs.,,Blank only when the field is not applicable to the record.,Candidate predictor or response for later analysis.,
10_Sensitivity_Ready_Data::GERT Sensitivity Matrix,10_Sensitivity_Ready_Data.xlsx,GERT Sensitivity Matrix,Duration_e22,int64,days,Accumulated rounded duration contributed by arc e22.,Directly exported value.,Fresh seeded simulation from authoritative Word inputs.,,Blank only when the field is not applicable to the record.,Candidate predictor or response for later analysis.,
10_Sensitivity_Ready_Data::GERT Sensitivity Matrix,10_Sensitivity_Ready_Data.xlsx,GERT Sensitivity Matrix,Duration_e21,int64,days,Accumulated rounded duration contributed by arc e21.,Directly exported value.,Fresh seeded simulation from authoritative Word inputs.,,Blank only when the field is not applicable to the record.,Candidate predictor or response for later analysis.,
10_Sensitivity_Ready_Data::GERT Sensitivity Matrix,10_Sensitivity_Ready_Data.xlsx,GERT Sensitivity Matrix,Duration_e2T,int64,days,Accumulated rounded duration contributed by arc e2T.,Directly exported value.,Fresh seeded simulation from authoritative Word inputs.,,Blank only when the field is not applicable to the record.,Candidate predictor or response for later analysis.,
10_Sensitivity_Ready_Data::GERT Sensitivity Matrix,10_Sensitivity_Ready_Data.xlsx,GERT Sensitivity Matrix,Duration_e34,int64,days,Accumulated rounded duration contributed by arc e34.,Directly exported value.,Fresh seeded simulation from authoritative Word inputs.,,Blank only when the field is not applicable to the record.,Candidate predictor or response for later analysis.,
10_Sensitivity_Ready_Data::GERT Sensitivity Matrix,10_Sensitivity_Ready_Data.xlsx,GERT Sensitivity Matrix,Duration_e33,int64,days,Accumulated rounded duration contributed by arc e33.,Directly exported value.,Fresh seeded simulation from authoritative Word inputs.,,Blank only when the field is not applicable to the record.,Candidate predictor or response for later analysis.,
10_Sensitivity_Ready_Data::GERT Sensitivity Matrix,10_Sensitivity_Ready_Data.xlsx,GERT Sensitivity Matrix,Duration_e32,int64,days,Accumulated rounded duration contributed by arc e32.,Directly exported value.,Fresh seeded simulation from authoritative Word inputs.,,Blank only when the field is not applicable to the record.,Candidate predictor or response for later analysis.,
10_Sensitivity_Ready_Data::GERT Sensitivity Matrix,10_Sensitivity_Ready_Data.xlsx,GERT Sensitivity Matrix,Duration_e3T,int64,days,Accumulated rounded duration contributed by arc e3T.,Directly exported value.,Fresh seeded simulation from authoritative Word inputs.,,Blank only when the field is not applicable to the record.,Candidate predictor or response for later analysis.,
10_Sensitivity_Ready_Data::GERT Sensitivity Matrix,10_Sensitivity_Ready_Data.xlsx,GERT Sensitivity Matrix,Duration_e3D,int64,days,Accumulated rounded duration contributed by arc e3D.,Directly exported value.,Fresh seeded simulation from authoritative Word inputs.,,Blank only when the field is not applicable to the record.,Candidate predictor or response for later analysis.,
10_Sensitivity_Ready_Data::GERT Sensitivity Matrix,10_Sensitivity_Ready_Data.xlsx,GERT Sensitivity Matrix,Duration_e45,int64,days,Accumulated rounded duration contributed by arc e45.,Directly exported value.,Fresh seeded simulation from authoritative Word inputs.,,Blank only when the field is not applicable to the record.,Candidate predictor or response for later analysis.,
10_Sensitivity_Ready_Data::GERT Sensitivity Matrix,10_Sensitivity_Ready_Data.xlsx,GERT Sensitivity Matrix,Duration_e46,int64,days,Accumulated rounded duration contributed by arc e46.,Directly exported value.,Fresh seeded simulation from authoritative Word inputs.,,Blank only when the field is not applicable to the record.,Candidate predictor or response for later analysis.,
10_Sensitivity_Ready_Data::GERT Sensitivity Matrix,10_Sensitivity_Ready_Data.xlsx,GERT Sensitivity Matrix,Duration_e43,int64,days,Accumulated rounded duration contributed by arc e43.,Directly exported value.,Fresh seeded simulation from authoritative Word inputs.,,Blank only when the field is not applicable to the record.,Candidate predictor or response for later analysis.,
10_Sensitivity_Ready_Data::GERT Sensitivity Matrix,10_Sensitivity_Ready_Data.xlsx,GERT Sensitivity Matrix,Duration_e42,int64,days,Accumulated rounded duration contributed by arc e42.,Directly exported value.,Fresh seeded simulation from authoritative Word inputs.,,Blank only when the field is not applicable to the record.,Candidate predictor or response for later analysis.,
10_Sensitivity_Ready_Data::GERT Sensitivity Matrix,10_Sensitivity_Ready_Data.xlsx,GERT Sensitivity Matrix,Duration_e4D,int64,days,Accumulated rounded duration contributed by arc e4D.,Directly exported value.,Fresh seeded simulation from authoritative Word inputs.,,Blank only when the field is not applicable to the record.,Candidate predictor or response for later analysis.,
10_Sensitivity_Ready_Data::GERT Sensitivity Matrix,10_Sensitivity_Ready_Data.xlsx,GERT Sensitivity Matrix,Duration_e56,int64,days,Accumulated rounded duration contributed by arc e56.,Directly exported value.,Fresh seeded simulation from authoritative Word inputs.,,Blank only when the field is not applicable to the record.,Candidate predictor or response for later analysis.,
10_Sensitivity_Ready_Data::GERT Sensitivity Matrix,10_Sensitivity_Ready_Data.xlsx,GERT Sensitivity Matrix,Duration_e57,int64,days,Accumulated rounded duration contributed by arc e57.,Directly exported value.,Fresh seeded simulation from authoritative Word inputs.,,Blank only when the field is not applicable to the record.,Candidate predictor or response for later analysis.,
10_Sensitivity_Ready_Data::GERT Sensitivity Matrix,10_Sensitivity_Ready_Data.xlsx,GERT Sensitivity Matrix,Duration_e55,int64,days,Accumulated rounded duration contributed by arc e55.,Directly exported value.,Fresh seeded simulation from authoritative Word inputs.,,Blank only when the field is not applicable to the record.,Candidate predictor or response for later analysis.,
10_Sensitivity_Ready_Data::GERT Sensitivity Matrix,10_Sensitivity_Ready_Data.xlsx,GERT Sensitivity Matrix,Duration_e54,int64,days,Accumulated rounded duration contributed by arc e54.,Directly exported value.,Fresh seeded simulation from authoritative Word inputs.,,Blank only when the field is not applicable to the record.,Candidate predictor or response for later analysis.,
10_Sensitivity_Ready_Data::GERT Sensitivity Matrix,10_Sensitivity_Ready_Data.xlsx,GERT Sensitivity Matrix,Duration_e52,int64,days,Accumulated rounded duration contributed by arc e52.,Directly exported value.,Fresh seeded simulation from authoritative Word inputs.,,Blank only when the field is not applicable to the record.,Candidate predictor or response for later analysis.,
10_Sensitivity_Ready_Data::GERT Sensitivity Matrix,10_Sensitivity_Ready_Data.xlsx,GERT Sensitivity Matrix,Duration_e5D,int64,days,Accumulated rounded duration contributed by arc e5D.,Directly exported value.,Fresh seeded simulation from authoritative Word inputs.,,Blank only when the field is not applicable to the record.,Candidate predictor or response for later analysis.,
10_Sensitivity_Ready_Data::GERT Sensitivity Matrix,10_Sensitivity_Ready_Data.xlsx,GERT Sensitivity Matrix,Duration_e67,int64,days,Accumulated rounded duration contributed by arc e67.,Directly exported value.,Fresh seeded simulation from authoritative Word inputs.,,Blank only when the field is not applicable to the record.,Candidate predictor or response for later analysis.,
10_Sensitivity_Ready_Data::GERT Sensitivity Matrix,10_Sensitivity_Ready_Data.xlsx,GERT Sensitivity Matrix,Duration_e66,int64,days,Accumulated rounded duration contributed by arc e66.,Directly exported value.,Fresh seeded simulation from authoritative Word inputs.,,Blank only when the field is not applicable to the record.,Candidate predictor or response for later analysis.,
10_Sensitivity_Ready_Data::GERT Sensitivity Matrix,10_Sensitivity_Ready_Data.xlsx,GERT Sensitivity Matrix,Duration_e6D,int64,days,Accumulated rounded duration contributed by arc e6D.,Directly exported value.,Fresh seeded simulation from authoritative Word inputs.,,Blank only when the field is not applicable to the record.,Candidate predictor or response for later analysis.,
10_Sensitivity_Ready_Data::GERT Sensitivity Matrix,10_Sensitivity_Ready_Data.xlsx,GERT Sensitivity Matrix,Duration_eD3,int64,days,Accumulated rounded duration contributed by arc eD3.,Directly exported value.,Fresh seeded simulation from authoritative Word inputs.,,Blank only when the field is not applicable to the record.,Candidate predictor or response for later analysis.,
10_Sensitivity_Ready_Data::GERT Sensitivity Matrix,10_Sensitivity_Ready_Data.xlsx,GERT Sensitivity Matrix,Duration_eD7,int64,days,Accumulated rounded duration contributed by arc eD7.,Directly exported value.,Fresh seeded simulation from authoritative Word inputs.,,Blank only when the field is not applicable to the record.,Candidate predictor or response for later analysis.,
10_Sensitivity_Ready_Data::GERT Sensitivity Matrix,10_Sensitivity_Ready_Data.xlsx,GERT Sensitivity Matrix,Duration_eDT,int64,days,Accumulated rounded duration contributed by arc eDT.,Directly exported value.,Fresh seeded simulation from authoritative Word inputs.,,Blank only when the field is not applicable to the record.,Candidate predictor or response for later analysis.,
10_Sensitivity_Ready_Data::GERT Sensitivity Matrix,10_Sensitivity_Ready_Data.xlsx,GERT Sensitivity Matrix,Visited_S0,bool,,Indicator that node S0 was visited.,Directly exported value.,Fresh seeded simulation from authoritative Word inputs.,0; 1,Blank only when the field is not applicable to the record.,Candidate predictor or response for later analysis.,
10_Sensitivity_Ready_Data::GERT Sensitivity Matrix,10_Sensitivity_Ready_Data.xlsx,GERT Sensitivity Matrix,Visited_S1,bool,,Indicator that node S1 was visited.,Directly exported value.,Fresh seeded simulation from authoritative Word inputs.,0; 1,Blank only when the field is not applicable to the record.,Candidate predictor or response for later analysis.,
10_Sensitivity_Ready_Data::GERT Sensitivity Matrix,10_Sensitivity_Ready_Data.xlsx,GERT Sensitivity Matrix,Visited_S2,bool,,Indicator that node S2 was visited.,Directly exported value.,Fresh seeded simulation from authoritative Word inputs.,0; 1,Blank only when the field is not applicable to the record.,Candidate predictor or response for later analysis.,
10_Sensitivity_Ready_Data::GERT Sensitivity Matrix,10_Sensitivity_Ready_Data.xlsx,GERT Sensitivity Matrix,Visited_S3,bool,,Indicator that node S3 was visited.,Directly exported value.,Fresh seeded simulation from authoritative Word inputs.,0; 1,Blank only when the field is not applicable to the record.,Candidate predictor or response for later analysis.,
10_Sensitivity_Ready_Data::GERT Sensitivity Matrix,10_Sensitivity_Ready_Data.xlsx,GERT Sensitivity Matrix,Visited_S4,bool,,Indicator that node S4 was visited.,Directly exported value.,Fresh seeded simulation from authoritative Word inputs.,0; 1,Blank only when the field is not applicable to the record.,Candidate predictor or response for later analysis.,
10_Sensitivity_Ready_Data::GERT Sensitivity Matrix,10_Sensitivity_Ready_Data.xlsx,GERT Sensitivity Matrix,Visited_S5,bool,,Indicator that node S5 was visited.,Directly exported value.,Fresh seeded simulation from authoritative Word inputs.,0; 1,Blank only when the field is not applicable to the record.,Candidate predictor or response for later analysis.,
10_Sensitivity_Ready_Data::GERT Sensitivity Matrix,10_Sensitivity_Ready_Data.xlsx,GERT Sensitivity Matrix,Visited_S6,bool,,Indicator that node S6 was visited.,Directly exported value.,Fresh seeded simulation from authoritative Word inputs.,0; 1,Blank only when the field is not applicable to the record.,Candidate predictor or response for later analysis.,
10_Sensitivity_Ready_Data::GERT Sensitivity Matrix,10_Sensitivity_Ready_Data.xlsx,GERT Sensitivity Matrix,Visited_SD,bool,,Indicator that node SD was visited.,Directly exported value.,Fresh seeded simulation from authoritative Word inputs.,0; 1,Blank only when the field is not applicable to the record.,Candidate predictor or response for later analysis.,
10_Sensitivity_Ready_Data::GERT Sensitivity Matrix,10_Sensitivity_Ready_Data.xlsx,GERT Sensitivity Matrix,Visited_S7,bool,,Indicator that node S7 was visited.,Directly exported value.,Fresh seeded simulation from authoritative Word inputs.,0; 1,Blank only when the field is not applicable to the record.,Candidate predictor or response for later analysis.,
10_Sensitivity_Ready_Data::GERT Sensitivity Matrix,10_Sensitivity_Ready_Data.xlsx,GERT Sensitivity Matrix,Visited_ST,bool,,Indicator that node ST was visited.,Directly exported value.,Fresh seeded simulation from authoritative Word inputs.,0; 1,Blank only when the field is not applicable to the record.,Candidate predictor or response for later analysis.,
10_Sensitivity_Ready_Data::GERT Sensitivity Matrix,10_Sensitivity_Ready_Data.xlsx,GERT Sensitivity Matrix,Visits_S0,int64,,Number of visits to node S0.,Directly exported value.,Fresh seeded simulation from authoritative Word inputs.,,Blank only when the field is not applicable to the record.,Candidate predictor or response for later analysis.,
10_Sensitivity_Ready_Data::GERT Sensitivity Matrix,10_Sensitivity_Ready_Data.xlsx,GERT Sensitivity Matrix,Visits_S1,int64,,Number of visits to node S1.,Directly exported value.,Fresh seeded simulation from authoritative Word inputs.,,Blank only when the field is not applicable to the record.,Candidate predictor or response for later analysis.,
10_Sensitivity_Ready_Data::GERT Sensitivity Matrix,10_Sensitivity_Ready_Data.xlsx,GERT Sensitivity Matrix,Visits_S2,int64,,Number of visits to node S2.,Directly exported value.,Fresh seeded simulation from authoritative Word inputs.,,Blank only when the field is not applicable to the record.,Candidate predictor or response for later analysis.,
10_Sensitivity_Ready_Data::GERT Sensitivity Matrix,10_Sensitivity_Ready_Data.xlsx,GERT Sensitivity Matrix,Visits_S3,int64,,Number of visits to node S3.,Directly exported value.,Fresh seeded simulation from authoritative Word inputs.,,Blank only when the field is not applicable to the record.,Candidate predictor or response for later analysis.,
10_Sensitivity_Ready_Data::GERT Sensitivity Matrix,10_Sensitivity_Ready_Data.xlsx,GERT Sensitivity Matrix,Visits_S4,int64,,Number of visits to node S4.,Directly exported value.,Fresh seeded simulation from authoritative Word inputs.,,Blank only when the field is not applicable to the record.,Candidate predictor or response for later analysis.,
10_Sensitivity_Ready_Data::GERT Sensitivity Matrix,10_Sensitivity_Ready_Data.xlsx,GERT Sensitivity Matrix,Visits_S5,int64,,Number of visits to node S5.,Directly exported value.,Fresh seeded simulation from authoritative Word inputs.,,Blank only when the field is not applicable to the record.,Candidate predictor or response for later analysis.,
10_Sensitivity_Ready_Data::GERT Sensitivity Matrix,10_Sensitivity_Ready_Data.xlsx,GERT Sensitivity Matrix,Visits_S6,int64,,Number of visits to node S6.,Directly exported value.,Fresh seeded simulation from authoritative Word inputs.,,Blank only when the field is not applicable to the record.,Candidate predictor or response for later analysis.,
10_Sensitivity_Ready_Data::GERT Sensitivity Matrix,10_Sensitivity_Ready_Data.xlsx,GERT Sensitivity Matrix,Visits_SD,int64,,Number of visits to node SD.,Directly exported value.,Fresh seeded simulation from authoritative Word inputs.,,Blank only when the field is not applicable to the record.,Candidate predictor or response for later analysis.,
10_Sensitivity_Ready_Data::GERT Sensitivity Matrix,10_Sensitivity_Ready_Data.xlsx,GERT Sensitivity Matrix,Visits_S7,int64,,Number of visits to node S7.,Directly exported value.,Fresh seeded simulation from authoritative Word inputs.,,Blank only when the field is not applicable to the record.,Candidate predictor or response for later analysis.,
10_Sensitivity_Ready_Data::GERT Sensitivity Matrix,10_Sensitivity_Ready_Data.xlsx,GERT Sensitivity Matrix,Visits_ST,int64,,Number of visits to node ST.,Directly exported value.,Fresh seeded simulation from authoritative Word inputs.,,Blank only when the field is not applicable to the record.,Candidate predictor or response for later analysis.,
10_Sensitivity_Ready_Data::GERT Sensitivity Matrix,10_Sensitivity_Ready_Data.xlsx,GERT Sensitivity Matrix,LoopCount_e22,int64,count,Traversal count for capped return arc e22.,Directly exported value.,Fresh seeded simulation from authoritative Word inputs.,,Blank only when the field is not applicable to the record.,Candidate predictor or response for later analysis.,
10_Sensitivity_Ready_Data::GERT Sensitivity Matrix,10_Sensitivity_Ready_Data.xlsx,GERT Sensitivity Matrix,LoopCount_e21,int64,count,Traversal count for capped return arc e21.,Directly exported value.,Fresh seeded simulation from authoritative Word inputs.,,Blank only when the field is not applicable to the record.,Candidate predictor or response for later analysis.,
10_Sensitivity_Ready_Data::GERT Sensitivity Matrix,10_Sensitivity_Ready_Data.xlsx,GERT Sensitivity Matrix,LoopCount_e33,int64,count,Traversal count for capped return arc e33.,Directly exported value.,Fresh seeded simulation from authoritative Word inputs.,,Blank only when the field is not applicable to the record.,Candidate predictor or response for later analysis.,
10_Sensitivity_Ready_Data::GERT Sensitivity Matrix,10_Sensitivity_Ready_Data.xlsx,GERT Sensitivity Matrix,LoopCount_e32,int64,count,Traversal count for capped return arc e32.,Directly exported value.,Fresh seeded simulation from authoritative Word inputs.,,Blank only when the field is not applicable to the record.,Candidate predictor or response for later analysis.,
10_Sensitivity_Ready_Data::GERT Sensitivity Matrix,10_Sensitivity_Ready_Data.xlsx,GERT Sensitivity Matrix,LoopCount_e43,int64,count,Traversal count for capped return arc e43.,Directly exported value.,Fresh seeded simulation from authoritative Word inputs.,,Blank only when the field is not applicable to the record.,Candidate predictor or response for later analysis.,
10_Sensitivity_Ready_Data::GERT Sensitivity Matrix,10_Sensitivity_Ready_Data.xlsx,GERT Sensitivity Matrix,LoopCount_e42,int64,count,Traversal count for capped return arc e42.,Directly exported value.,Fresh seeded simulation from authoritative Word inputs.,,Blank only when the field is not applicable to the record.,Candidate predictor or response for later analysis.,
10_Sensitivity_Ready_Data::GERT Sensitivity Matrix,10_Sensitivity_Ready_Data.xlsx,GERT Sensitivity Matrix,LoopCount_e55,int64,count,Traversal count for capped return arc e55.,Directly exported value.,Fresh seeded simulation from authoritative Word inputs.,,Blank only when the field is not applicable to the record.,Candidate predictor or response for later analysis.,
10_Sensitivity_Ready_Data::GERT Sensitivity Matrix,10_Sensitivity_Ready_Data.xlsx,GERT Sensitivity Matrix,LoopCount_e54,int64,count,Traversal count for capped return arc e54.,Directly exported value.,Fresh seeded simulation from authoritative Word inputs.,,Blank only when the field is not applicable to the record.,Candidate predictor or response for later analysis.,
10_Sensitivity_Ready_Data::GERT Sensitivity Matrix,10_Sensitivity_Ready_Data.xlsx,GERT Sensitivity Matrix,LoopCount_e52,int64,count,Traversal count for capped return arc e52.,Directly exported value.,Fresh seeded simulation from authoritative Word inputs.,,Blank only when the field is not applicable to the record.,Candidate predictor or response for later analysis.,
10_Sensitivity_Ready_Data::GERT Sensitivity Matrix,10_Sensitivity_Ready_Data.xlsx,GERT Sensitivity Matrix,LoopCount_e66,int64,count,Traversal count for capped return arc e66.,Directly exported value.,Fresh seeded simulation from authoritative Word inputs.,,Blank only when the field is not applicable to the record.,Candidate predictor or response for later analysis.,
10_Sensitivity_Ready_Data::GERT Sensitivity Matrix,10_Sensitivity_Ready_Data.xlsx,GERT Sensitivity Matrix,CapReached_e22,bool,,Indicator that capped return arc e22 reached count 2.,Directly exported value.,Fresh seeded simulation from authoritative Word inputs.,0; 1,Blank only when the field is not applicable to the record.,Candidate predictor or response for later analysis.,
10_Sensitivity_Ready_Data::GERT Sensitivity Matrix,10_Sensitivity_Ready_Data.xlsx,GERT Sensitivity Matrix,CapReached_e21,bool,,Indicator that capped return arc e21 reached count 2.,Directly exported value.,Fresh seeded simulation from authoritative Word inputs.,0; 1,Blank only when the field is not applicable to the record.,Candidate predictor or response for later analysis.,
10_Sensitivity_Ready_Data::GERT Sensitivity Matrix,10_Sensitivity_Ready_Data.xlsx,GERT Sensitivity Matrix,CapReached_e33,bool,,Indicator that capped return arc e33 reached count 2.,Directly exported value.,Fresh seeded simulation from authoritative Word inputs.,0; 1,Blank only when the field is not applicable to the record.,Candidate predictor or response for later analysis.,
10_Sensitivity_Ready_Data::GERT Sensitivity Matrix,10_Sensitivity_Ready_Data.xlsx,GERT Sensitivity Matrix,CapReached_e32,bool,,Indicator that capped return arc e32 reached count 2.,Directly exported value.,Fresh seeded simulation from authoritative Word inputs.,0; 1,Blank only when the field is not applicable to the record.,Candidate predictor or response for later analysis.,
10_Sensitivity_Ready_Data::GERT Sensitivity Matrix,10_Sensitivity_Ready_Data.xlsx,GERT Sensitivity Matrix,CapReached_e43,bool,,Indicator that capped return arc e43 reached count 2.,Directly exported value.,Fresh seeded simulation from authoritative Word inputs.,0; 1,Blank only when the field is not applicable to the record.,Candidate predictor or response for later analysis.,
10_Sensitivity_Ready_Data::GERT Sensitivity Matrix,10_Sensitivity_Ready_Data.xlsx,GERT Sensitivity Matrix,CapReached_e42,bool,,Indicator that capped return arc e42 reached count 2.,Directly exported value.,Fresh seeded simulation from authoritative Word inputs.,0; 1,Blank only when the field is not applicable to the record.,Candidate predictor or response for later analysis.,
10_Sensitivity_Ready_Data::GERT Sensitivity Matrix,10_Sensitivity_Ready_Data.xlsx,GERT Sensitivity Matrix,CapReached_e55,bool,,Indicator that capped return arc e55 reached count 2.,Directly exported value.,Fresh seeded simulation from authoritative Word inputs.,0; 1,Blank only when the field is not applicable to the record.,Candidate predictor or response for later analysis.,
10_Sensitivity_Ready_Data::GERT Sensitivity Matrix,10_Sensitivity_Ready_Data.xlsx,GERT Sensitivity Matrix,CapReached_e54,bool,,Indicator that capped return arc e54 reached count 2.,Directly exported value.,Fresh seeded simulation from authoritative Word inputs.,0; 1,Blank only when the field is not applicable to the record.,Candidate predictor or response for later analysis.,
10_Sensitivity_Ready_Data::GERT Sensitivity Matrix,10_Sensitivity_Ready_Data.xlsx,GERT Sensitivity Matrix,CapReached_e52,bool,,Indicator that capped return arc e52 reached count 2.,Directly exported value.,Fresh seeded simulation from authoritative Word inputs.,0; 1,Blank only when the field is not applicable to the record.,Candidate predictor or response for later analysis.,
10_Sensitivity_Ready_Data::GERT Sensitivity Matrix,10_Sensitivity_Ready_Data.xlsx,GERT Sensitivity Matrix,CapReached_e66,bool,,Indicator that capped return arc e66 reached count 2.,Directly exported value.,Fresh seeded simulation from authoritative Word inputs.,0; 1,Blank only when the field is not applicable to the record.,Candidate predictor or response for later analysis.,
10_Sensitivity_Ready_Data::GERT Sensitivity Matrix,10_Sensitivity_Ready_Data.xlsx,GERT Sensitivity Matrix,Successful_Above_P80,bool,,Successful Above P80,Derived from the complete unsampled exported simulation records.,Fresh seeded simulation from authoritative Word inputs.,0; 1,Blank only when the field is not applicable to the record.,Candidate predictor or response for later analysis.,
10_Sensitivity_Ready_Data::GERT Sensitivity Matrix,10_Sensitivity_Ready_Data.xlsx,GERT Sensitivity Matrix,Successful_Above_P90,bool,,Successful Above P90,Derived from the complete unsampled exported simulation records.,Fresh seeded simulation from authoritative Word inputs.,0; 1,Blank only when the field is not applicable to the record.,Candidate predictor or response for later analysis.,
10_Sensitivity_Ready_Data::GERT Sensitivity Matrix,10_Sensitivity_Ready_Data.xlsx,GERT Sensitivity Matrix,Successful_Above_P95,bool,,Successful Above P95,Derived from the complete unsampled exported simulation records.,Fresh seeded simulation from authoritative Word inputs.,0; 1,Blank only when the field is not applicable to the record.,Candidate predictor or response for later analysis.,
10_Sensitivity_Ready_Data::GERT Sensitivity Matrix,10_Sensitivity_Ready_Data.xlsx,GERT Sensitivity Matrix,Successful_Above_P99,bool,,Successful Above P99,Derived from the complete unsampled exported simulation records.,Fresh seeded simulation from authoritative Word inputs.,0; 1,Blank only when the field is not applicable to the record.,Candidate predictor or response for later analysis.,
10_Sensitivity_Ready_Data::GERT Sensitivity Matrix,10_Sensitivity_Ready_Data.xlsx,GERT Sensitivity Matrix,Terminated_Above_P80,bool,,Terminated Above P80,Derived from the complete unsampled exported simulation records.,Fresh seeded simulation from authoritative Word inputs.,0; 1,Blank only when the field is not applicable to the record.,Candidate predictor or response for later analysis.,
10_Sensitivity_Ready_Data::GERT Sensitivity Matrix,10_Sensitivity_Ready_Data.xlsx,GERT Sensitivity Matrix,Terminated_Above_P90,bool,,Terminated Above P90,Derived from the complete unsampled exported simulation records.,Fresh seeded simulation from authoritative Word inputs.,0; 1,Blank only when the field is not applicable to the record.,Candidate predictor or response for later analysis.,
10_Sensitivity_Ready_Data::GERT Sensitivity Matrix,10_Sensitivity_Ready_Data.xlsx,GERT Sensitivity Matrix,Terminated_Above_P95,bool,,Terminated Above P95,Derived from the complete unsampled exported simulation records.,Fresh seeded simulation from authoritative Word inputs.,0; 1,Blank only when the field is not applicable to the record.,Candidate predictor or response for later analysis.,
10_Sensitivity_Ready_Data::GERT Sensitivity Matrix,10_Sensitivity_Ready_Data.xlsx,GERT Sensitivity Matrix,Terminated_Above_P99,bool,,Terminated Above P99,Derived from the complete unsampled exported simulation records.,Fresh seeded simulation from authoritative Word inputs.,0; 1,Blank only when the field is not applicable to the record.,Candidate predictor or response for later analysis.,
10_Sensitivity_Ready_Data::Outcome Sensitivity Matrix,10_Sensitivity_Ready_Data.xlsx,Outcome Sensitivity Matrix,Iteration_ID,int64,identifier,One-based Monte Carlo iteration identifier.,Directly exported value.,Fresh seeded simulation from authoritative Word inputs.,,Blank only when the field is not applicable to the record.,Candidate predictor or response for later analysis.,
10_Sensitivity_Ready_Data::Outcome Sensitivity Matrix,10_Sensitivity_Ready_Data.xlsx,Outcome Sensitivity Matrix,Successful_Binary,bool,,Successful Binary,Directly exported value.,Fresh seeded simulation from authoritative Word inputs.,0; 1,Blank only when the field is not applicable to the record.,"Supporting identifier, audit, or reconciliation field.",
10_Sensitivity_Ready_Data::Outcome Sensitivity Matrix,10_Sensitivity_Ready_Data.xlsx,Outcome Sensitivity Matrix,Total_Duration,int64,days,Sum of individually ceiling-rounded stochastic durations for the iteration.,Directly exported value.,Fresh seeded simulation from authoritative Word inputs.,,Blank only when the field is not applicable to the record.,Candidate predictor or response for later analysis.,
10_Sensitivity_Ready_Data::Outcome Sensitivity Matrix,10_Sensitivity_Ready_Data.xlsx,Outcome Sensitivity Matrix,Transition_Count,int64,count,Transition Count,Directly exported value.,Fresh seeded simulation from authoritative Word inputs.,,Blank only when the field is not applicable to the record.,Candidate predictor or response for later analysis.,
10_Sensitivity_Ready_Data::Outcome Sensitivity Matrix,10_Sensitivity_Ready_Data.xlsx,Outcome Sensitivity Matrix,Dispute_Visited,bool,,Dispute Visited,Directly exported value.,Fresh seeded simulation from authoritative Word inputs.,0; 1,Blank only when the field is not applicable to the record.,Candidate predictor or response for later analysis.,
10_Sensitivity_Ready_Data::Outcome Sensitivity Matrix,10_Sensitivity_Ready_Data.xlsx,Outcome Sensitivity Matrix,Any_Loop,bool,,Any Loop,Directly exported value.,Fresh seeded simulation from authoritative Word inputs.,0; 1,Blank only when the field is not applicable to the record.,Candidate predictor or response for later analysis.,
10_Sensitivity_Ready_Data::Outcome Sensitivity Matrix,10_Sensitivity_Ready_Data.xlsx,Outcome Sensitivity Matrix,Any_Cap_Reached,bool,,Any Cap Reached,Directly exported value.,Fresh seeded simulation from authoritative Word inputs.,0; 1,Blank only when the field is not applicable to the record.,Candidate predictor or response for later analysis.,
10_Sensitivity_Ready_Data::Outcome Sensitivity Matrix,10_Sensitivity_Ready_Data.xlsx,Outcome Sensitivity Matrix,Activated_e12,bool,,Indicator that arc e12 was traversed at least once.,Directly exported value.,Fresh seeded simulation from authoritative Word inputs.,0; 1,Blank only when the field is not applicable to the record.,Candidate predictor or response for later analysis.,
10_Sensitivity_Ready_Data::Outcome Sensitivity Matrix,10_Sensitivity_Ready_Data.xlsx,Outcome Sensitivity Matrix,Activated_e1T,bool,,Indicator that arc e1T was traversed at least once.,Directly exported value.,Fresh seeded simulation from authoritative Word inputs.,0; 1,Blank only when the field is not applicable to the record.,Candidate predictor or response for later analysis.,
10_Sensitivity_Ready_Data::Outcome Sensitivity Matrix,10_Sensitivity_Ready_Data.xlsx,Outcome Sensitivity Matrix,Activated_e23,bool,,Indicator that arc e23 was traversed at least once.,Directly exported value.,Fresh seeded simulation from authoritative Word inputs.,0; 1,Blank only when the field is not applicable to the record.,Candidate predictor or response for later analysis.,
10_Sensitivity_Ready_Data::Outcome Sensitivity Matrix,10_Sensitivity_Ready_Data.xlsx,Outcome Sensitivity Matrix,Activated_e24,bool,,Indicator that arc e24 was traversed at least once.,Directly exported value.,Fresh seeded simulation from authoritative Word inputs.,0; 1,Blank only when the field is not applicable to the record.,Candidate predictor or response for later analysis.,
10_Sensitivity_Ready_Data::Outcome Sensitivity Matrix,10_Sensitivity_Ready_Data.xlsx,Outcome Sensitivity Matrix,Activated_e22,bool,,Indicator that arc e22 was traversed at least once.,Directly exported value.,Fresh seeded simulation from authoritative Word inputs.,0; 1,Blank only when the field is not applicable to the record.,Candidate predictor or response for later analysis.,
10_Sensitivity_Ready_Data::Outcome Sensitivity Matrix,10_Sensitivity_Ready_Data.xlsx,Outcome Sensitivity Matrix,Activated_e21,bool,,Indicator that arc e21 was traversed at least once.,Directly exported value.,Fresh seeded simulation from authoritative Word inputs.,0; 1,Blank only when the field is not applicable to the record.,Candidate predictor or response for later analysis.,
10_Sensitivity_Ready_Data::Outcome Sensitivity Matrix,10_Sensitivity_Ready_Data.xlsx,Outcome Sensitivity Matrix,Activated_e2T,bool,,Indicator that arc e2T was traversed at least once.,Directly exported value.,Fresh seeded simulation from authoritative Word inputs.,0; 1,Blank only when the field is not applicable to the record.,Candidate predictor or response for later analysis.,
10_Sensitivity_Ready_Data::Outcome Sensitivity Matrix,10_Sensitivity_Ready_Data.xlsx,Outcome Sensitivity Matrix,Activated_e34,bool,,Indicator that arc e34 was traversed at least once.,Directly exported value.,Fresh seeded simulation from authoritative Word inputs.,0; 1,Blank only when the field is not applicable to the record.,Candidate predictor or response for later analysis.,
10_Sensitivity_Ready_Data::Outcome Sensitivity Matrix,10_Sensitivity_Ready_Data.xlsx,Outcome Sensitivity Matrix,Activated_e33,bool,,Indicator that arc e33 was traversed at least once.,Directly exported value.,Fresh seeded simulation from authoritative Word inputs.,0; 1,Blank only when the field is not applicable to the record.,Candidate predictor or response for later analysis.,
10_Sensitivity_Ready_Data::Outcome Sensitivity Matrix,10_Sensitivity_Ready_Data.xlsx,Outcome Sensitivity Matrix,Activated_e32,bool,,Indicator that arc e32 was traversed at least once.,Directly exported value.,Fresh seeded simulation from authoritative Word inputs.,0; 1,Blank only when the field is not applicable to the record.,Candidate predictor or response for later analysis.,
10_Sensitivity_Ready_Data::Outcome Sensitivity Matrix,10_Sensitivity_Ready_Data.xlsx,Outcome Sensitivity Matrix,Activated_e3T,bool,,Indicator that arc e3T was traversed at least once.,Directly exported value.,Fresh seeded simulation from authoritative Word inputs.,0; 1,Blank only when the field is not applicable to the record.,Candidate predictor or response for later analysis.,
10_Sensitivity_Ready_Data::Outcome Sensitivity Matrix,10_Sensitivity_Ready_Data.xlsx,Outcome Sensitivity Matrix,Activated_e3D,bool,,Indicator that arc e3D was traversed at least once.,Directly exported value.,Fresh seeded simulation from authoritative Word inputs.,0; 1,Blank only when the field is not applicable to the record.,Candidate predictor or response for later analysis.,
10_Sensitivity_Ready_Data::Outcome Sensitivity Matrix,10_Sensitivity_Ready_Data.xlsx,Outcome Sensitivity Matrix,Activated_e45,bool,,Indicator that arc e45 was traversed at least once.,Directly exported value.,Fresh seeded simulation from authoritative Word inputs.,0; 1,Blank only when the field is not applicable to the record.,Candidate predictor or response for later analysis.,
10_Sensitivity_Ready_Data::Outcome Sensitivity Matrix,10_Sensitivity_Ready_Data.xlsx,Outcome Sensitivity Matrix,Activated_e46,bool,,Indicator that arc e46 was traversed at least once.,Directly exported value.,Fresh seeded simulation from authoritative Word inputs.,0; 1,Blank only when the field is not applicable to the record.,Candidate predictor or response for later analysis.,
10_Sensitivity_Ready_Data::Outcome Sensitivity Matrix,10_Sensitivity_Ready_Data.xlsx,Outcome Sensitivity Matrix,Activated_e43,bool,,Indicator that arc e43 was traversed at least once.,Directly exported value.,Fresh seeded simulation from authoritative Word inputs.,0; 1,Blank only when the field is not applicable to the record.,Candidate predictor or response for later analysis.,
10_Sensitivity_Ready_Data::Outcome Sensitivity Matrix,10_Sensitivity_Ready_Data.xlsx,Outcome Sensitivity Matrix,Activated_e42,bool,,Indicator that arc e42 was traversed at least once.,Directly exported value.,Fresh seeded simulation from authoritative Word inputs.,0; 1,Blank only when the field is not applicable to the record.,Candidate predictor or response for later analysis.,
10_Sensitivity_Ready_Data::Outcome Sensitivity Matrix,10_Sensitivity_Ready_Data.xlsx,Outcome Sensitivity Matrix,Activated_e4D,bool,,Indicator that arc e4D was traversed at least once.,Directly exported value.,Fresh seeded simulation from authoritative Word inputs.,0; 1,Blank only when the field is not applicable to the record.,Candidate predictor or response for later analysis.,
10_Sensitivity_Ready_Data::Outcome Sensitivity Matrix,10_Sensitivity_Ready_Data.xlsx,Outcome Sensitivity Matrix,Activated_e56,bool,,Indicator that arc e56 was traversed at least once.,Directly exported value.,Fresh seeded simulation from authoritative Word inputs.,0; 1,Blank only when the field is not applicable to the record.,Candidate predictor or response for later analysis.,
10_Sensitivity_Ready_Data::Outcome Sensitivity Matrix,10_Sensitivity_Ready_Data.xlsx,Outcome Sensitivity Matrix,Activated_e57,bool,,Indicator that arc e57 was traversed at least once.,Directly exported value.,Fresh seeded simulation from authoritative Word inputs.,0; 1,Blank only when the field is not applicable to the record.,Candidate predictor or response for later analysis.,
10_Sensitivity_Ready_Data::Outcome Sensitivity Matrix,10_Sensitivity_Ready_Data.xlsx,Outcome Sensitivity Matrix,Activated_e55,bool,,Indicator that arc e55 was traversed at least once.,Directly exported value.,Fresh seeded simulation from authoritative Word inputs.,0; 1,Blank only when the field is not applicable to the record.,Candidate predictor or response for later analysis.,
10_Sensitivity_Ready_Data::Outcome Sensitivity Matrix,10_Sensitivity_Ready_Data.xlsx,Outcome Sensitivity Matrix,Activated_e54,bool,,Indicator that arc e54 was traversed at least once.,Directly exported value.,Fresh seeded simulation from authoritative Word inputs.,0; 1,Blank only when the field is not applicable to the record.,Candidate predictor or response for later analysis.,
10_Sensitivity_Ready_Data::Outcome Sensitivity Matrix,10_Sensitivity_Ready_Data.xlsx,Outcome Sensitivity Matrix,Activated_e52,bool,,Indicator that arc e52 was traversed at least once.,Directly exported value.,Fresh seeded simulation from authoritative Word inputs.,0; 1,Blank only when the field is not applicable to the record.,Candidate predictor or response for later analysis.,
10_Sensitivity_Ready_Data::Outcome Sensitivity Matrix,10_Sensitivity_Ready_Data.xlsx,Outcome Sensitivity Matrix,Activated_e5D,bool,,Indicator that arc e5D was traversed at least once.,Directly exported value.,Fresh seeded simulation from authoritative Word inputs.,0; 1,Blank only when the field is not applicable to the record.,Candidate predictor or response for later analysis.,
10_Sensitivity_Ready_Data::Outcome Sensitivity Matrix,10_Sensitivity_Ready_Data.xlsx,Outcome Sensitivity Matrix,Activated_e67,bool,,Indicator that arc e67 was traversed at least once.,Directly exported value.,Fresh seeded simulation from authoritative Word inputs.,0; 1,Blank only when the field is not applicable to the record.,Candidate predictor or response for later analysis.,
10_Sensitivity_Ready_Data::Outcome Sensitivity Matrix,10_Sensitivity_Ready_Data.xlsx,Outcome Sensitivity Matrix,Activated_e66,bool,,Indicator that arc e66 was traversed at least once.,Directly exported value.,Fresh seeded simulation from authoritative Word inputs.,0; 1,Blank only when the field is not applicable to the record.,Candidate predictor or response for later analysis.,
10_Sensitivity_Ready_Data::Outcome Sensitivity Matrix,10_Sensitivity_Ready_Data.xlsx,Outcome Sensitivity Matrix,Activated_e6D,bool,,Indicator that arc e6D was traversed at least once.,Directly exported value.,Fresh seeded simulation from authoritative Word inputs.,0; 1,Blank only when the field is not applicable to the record.,Candidate predictor or response for later analysis.,
10_Sensitivity_Ready_Data::Outcome Sensitivity Matrix,10_Sensitivity_Ready_Data.xlsx,Outcome Sensitivity Matrix,Activated_eD3,bool,,Indicator that arc eD3 was traversed at least once.,Directly exported value.,Fresh seeded simulation from authoritative Word inputs.,0; 1,Blank only when the field is not applicable to the record.,Candidate predictor or response for later analysis.,
10_Sensitivity_Ready_Data::Outcome Sensitivity Matrix,10_Sensitivity_Ready_Data.xlsx,Outcome Sensitivity Matrix,Activated_eD7,bool,,Indicator that arc eD7 was traversed at least once.,Directly exported value.,Fresh seeded simulation from authoritative Word inputs.,0; 1,Blank only when the field is not applicable to the record.,Candidate predictor or response for later analysis.,
10_Sensitivity_Ready_Data::Outcome Sensitivity Matrix,10_Sensitivity_Ready_Data.xlsx,Outcome Sensitivity Matrix,Activated_eDT,bool,,Indicator that arc eDT was traversed at least once.,Directly exported value.,Fresh seeded simulation from authoritative Word inputs.,0; 1,Blank only when the field is not applicable to the record.,Candidate predictor or response for later analysis.,
10_Sensitivity_Ready_Data::Tail Sensitivity Matrix,10_Sensitivity_Ready_Data.xlsx,Tail Sensitivity Matrix,Iteration_ID,int64,identifier,One-based Monte Carlo iteration identifier.,Directly exported value.,Fresh seeded simulation from authoritative Word inputs.,,Blank only when the field is not applicable to the record.,Candidate predictor or response for later analysis.,
10_Sensitivity_Ready_Data::Tail Sensitivity Matrix,10_Sensitivity_Ready_Data.xlsx,Tail Sensitivity Matrix,Outcome,string,,Final absorbing GERT outcome.,Directly exported value.,Fresh seeded simulation from authoritative Word inputs.,Successful; Terminated,Blank only when the field is not applicable to the record.,Candidate predictor or response for later analysis.,
10_Sensitivity_Ready_Data::Tail Sensitivity Matrix,10_Sensitivity_Ready_Data.xlsx,Tail Sensitivity Matrix,Total_Duration,int64,days,Sum of individually ceiling-rounded stochastic durations for the iteration.,Directly exported value.,Fresh seeded simulation from authoritative Word inputs.,,Blank only when the field is not applicable to the record.,Candidate predictor or response for later analysis.,
10_Sensitivity_Ready_Data::Tail Sensitivity Matrix,10_Sensitivity_Ready_Data.xlsx,Tail Sensitivity Matrix,Above_Outcome_P80,bool,,Above Outcome P80,Derived from the complete unsampled exported simulation records.,Fresh seeded simulation from authoritative Word inputs.,0; 1,Blank only when the field is not applicable to the record.,Candidate predictor or response for later analysis.,
10_Sensitivity_Ready_Data::Tail Sensitivity Matrix,10_Sensitivity_Ready_Data.xlsx,Tail Sensitivity Matrix,Above_Outcome_P90,bool,,Above Outcome P90,Derived from the complete unsampled exported simulation records.,Fresh seeded simulation from authoritative Word inputs.,0; 1,Blank only when the field is not applicable to the record.,Candidate predictor or response for later analysis.,
10_Sensitivity_Ready_Data::Tail Sensitivity Matrix,10_Sensitivity_Ready_Data.xlsx,Tail Sensitivity Matrix,Above_Outcome_P95,bool,,Above Outcome P95,Derived from the complete unsampled exported simulation records.,Fresh seeded simulation from authoritative Word inputs.,0; 1,Blank only when the field is not applicable to the record.,Candidate predictor or response for later analysis.,
10_Sensitivity_Ready_Data::Tail Sensitivity Matrix,10_Sensitivity_Ready_Data.xlsx,Tail Sensitivity Matrix,Above_Outcome_P99,bool,,Above Outcome P99,Derived from the complete unsampled exported simulation records.,Fresh seeded simulation from authoritative Word inputs.,0; 1,Blank only when the field is not applicable to the record.,Candidate predictor or response for later analysis.,
10_Sensitivity_Ready_Data::Tail Sensitivity Matrix,10_Sensitivity_Ready_Data.xlsx,Tail Sensitivity Matrix,Transition_Count,int64,count,Transition Count,Directly exported value.,Fresh seeded simulation from authoritative Word inputs.,,Blank only when the field is not applicable to the record.,Candidate predictor or response for later analysis.,
10_Sensitivity_Ready_Data::Tail Sensitivity Matrix,10_Sensitivity_Ready_Data.xlsx,Tail Sensitivity Matrix,Dispute_Visited,bool,,Dispute Visited,Directly exported value.,Fresh seeded simulation from authoritative Word inputs.,0; 1,Blank only when the field is not applicable to the record.,Candidate predictor or response for later analysis.,
10_Sensitivity_Ready_Data::Tail Sensitivity Matrix,10_Sensitivity_Ready_Data.xlsx,Tail Sensitivity Matrix,Any_Loop,bool,,Any Loop,Directly exported value.,Fresh seeded simulation from authoritative Word inputs.,0; 1,Blank only when the field is not applicable to the record.,Candidate predictor or response for later analysis.,
10_Sensitivity_Ready_Data::Tail Sensitivity Matrix,10_Sensitivity_Ready_Data.xlsx,Tail Sensitivity Matrix,Any_Cap_Reached,bool,,Any Cap Reached,Directly exported value.,Fresh seeded simulation from authoritative Word inputs.,0; 1,Blank only when the field is not applicable to the record.,Candidate predictor or response for later analysis.,
10_Sensitivity_Ready_Data::Scenario Design Template,10_Sensitivity_Ready_Data.xlsx,Scenario Design Template,Scenario_ID,string,identifier,Scenario ID,Directly exported value.,Fresh seeded simulation from authoritative Word inputs.,,Blank only when the field is not applicable to the record.,Candidate predictor or response for later analysis.,
10_Sensitivity_Ready_Data::Scenario Design Template,10_Sensitivity_Ready_Data.xlsx,Scenario Design Template,Parameter_ID,string,identifier,Parameter ID,Directly exported value.,Fresh seeded simulation from authoritative Word inputs.,,Blank only when the field is not applicable to the record.,Candidate predictor or response for later analysis.,
10_Sensitivity_Ready_Data::Scenario Design Template,10_Sensitivity_Ready_Data.xlsx,Scenario Design Template,Parameter_Type,string,,Parameter Type,Directly exported value.,Fresh seeded simulation from authoritative Word inputs.,,Blank only when the field is not applicable to the record.,Candidate predictor or response for later analysis.,
10_Sensitivity_Ready_Data::Scenario Design Template,10_Sensitivity_Ready_Data.xlsx,Scenario Design Template,Entity_ID,string,identifier,Entity ID,Directly exported value.,Fresh seeded simulation from authoritative Word inputs.,,Blank only when the field is not applicable to the record.,"Supporting identifier, audit, or reconciliation field.",
10_Sensitivity_Ready_Data::Scenario Design Template,10_Sensitivity_Ready_Data.xlsx,Scenario Design Template,Baseline_Value,double,,Baseline Value,Directly exported value.,Fresh seeded simulation from authoritative Word inputs.,,Blank only when the field is not applicable to the record.,"Supporting identifier, audit, or reconciliation field.",
10_Sensitivity_Ready_Data::Scenario Design Template,10_Sensitivity_Ready_Data.xlsx,Scenario Design Template,Proposed_Value,double,,Proposed Value,Directly exported value.,Fresh seeded simulation from authoritative Word inputs.,,Blank only when the field is not applicable to the record.,Candidate predictor or response for later analysis.,
10_Sensitivity_Ready_Data::Scenario Design Template,10_Sensitivity_Ready_Data.xlsx,Scenario Design Template,Relative_Change,double,,Relative Change,Directly exported value.,Fresh seeded simulation from authoritative Word inputs.,,Blank only when the field is not applicable to the record.,"Supporting identifier, audit, or reconciliation field.",
10_Sensitivity_Ready_Data::Scenario Design Template,10_Sensitivity_Ready_Data.xlsx,Scenario Design Template,Perturbation_Method,string,,Perturbation Method,Directly exported value.,Fresh seeded simulation from authoritative Word inputs.,,Blank only when the field is not applicable to the record.,Candidate predictor or response for later analysis.,
10_Sensitivity_Ready_Data::Scenario Design Template,10_Sensitivity_Ready_Data.xlsx,Scenario Design Template,Probability_Group,string,dimensionless,Probability Group,Derived from the complete unsampled exported simulation records.,Fresh seeded simulation from authoritative Word inputs.,,Blank only when the field is not applicable to the record.,Candidate predictor or response for later analysis.,
10_Sensitivity_Ready_Data::Scenario Design Template,10_Sensitivity_Ready_Data.xlsx,Scenario Design Template,Renormalisation_Method,string,,Renormalisation Method,Directly exported value.,Fresh seeded simulation from authoritative Word inputs.,,Blank only when the field is not applicable to the record.,Candidate predictor or response for later analysis.,
10_Sensitivity_Ready_Data::Scenario Design Template,10_Sensitivity_Ready_Data.xlsx,Scenario Design Template,Seed_Set_ID,string,identifier,Seed Set ID,Directly exported value.,Fresh seeded simulation from authoritative Word inputs.,,Blank only when the field is not applicable to the record.,"Supporting identifier, audit, or reconciliation field.",
10_Sensitivity_Ready_Data::Scenario Design Template,10_Sensitivity_Ready_Data.xlsx,Scenario Design Template,Approved,bool,,Approved,Directly exported value.,Fresh seeded simulation from authoritative Word inputs.,0; 1,Blank only when the field is not applicable to the record.,Candidate predictor or response for later analysis.,
10_Sensitivity_Ready_Data::Scenario Design Template,10_Sensitivity_Ready_Data.xlsx,Scenario Design Template,Notes,string,,Notes,Directly exported value.,Fresh seeded simulation from authoritative Word inputs.,,Blank only when the field is not applicable to the record.,Candidate predictor or response for later analysis.,
10_Sensitivity_Ready_Data::Common Random Numbers,10_Sensitivity_Ready_Data.xlsx,Common Random Numbers,Seed_Set_ID,string,identifier,Seed Set ID,Directly exported value.,Fresh seeded simulation from authoritative Word inputs.,,Blank only when the field is not applicable to the record.,"Supporting identifier, audit, or reconciliation field.",
10_Sensitivity_Ready_Data::Common Random Numbers,10_Sensitivity_Ready_Data.xlsx,Common Random Numbers,Root_Seed,int64,,Root Seed,Directly exported value.,Fresh seeded simulation from authoritative Word inputs.,,Blank only when the field is not applicable to the record.,Candidate predictor or response for later analysis.,
10_Sensitivity_Ready_Data::Common Random Numbers,10_Sensitivity_Ready_Data.xlsx,Common Random Numbers,PERT_Stream_ID,string,identifier,PERT Stream ID,Directly exported value.,Fresh seeded simulation from authoritative Word inputs.,,Blank only when the field is not applicable to the record.,Candidate predictor or response for later analysis.,
10_Sensitivity_Ready_Data::Common Random Numbers,10_Sensitivity_Ready_Data.xlsx,Common Random Numbers,GERT_Routing_Stream_ID,string,identifier,GERT Routing Stream ID,Directly exported value.,Fresh seeded simulation from authoritative Word inputs.,,Blank only when the field is not applicable to the record.,Candidate predictor or response for later analysis.,
10_Sensitivity_Ready_Data::Common Random Numbers,10_Sensitivity_Ready_Data.xlsx,Common Random Numbers,GERT_Duration_Stream_ID,string,identifier,GERT Duration Stream ID,Directly exported value.,Fresh seeded simulation from authoritative Word inputs.,,Blank only when the field is not applicable to the record.,Candidate predictor or response for later analysis.,
10_Sensitivity_Ready_Data::Common Random Numbers,10_Sensitivity_Ready_Data.xlsx,Common Random Numbers,Intended_Use,string,,Intended Use,Directly exported value.,Fresh seeded simulation from authoritative Word inputs.,,Blank only when the field is not applicable to the record.,"Supporting identifier, audit, or reconciliation field.",
10_Sensitivity_Ready_Data::Probability Constraints,10_Sensitivity_Ready_Data.xlsx,Probability Constraints,Probability_Group,string,dimensionless,Probability Group,Derived from the complete unsampled exported simulation records.,Fresh seeded simulation from authoritative Word inputs.,,Blank only when the field is not applicable to the record.,Candidate predictor or response for later analysis.,
10_Sensitivity_Ready_Data::Probability Constraints,10_Sensitivity_Ready_Data.xlsx,Probability Constraints,Arc_Tags,string,,Arc Tags,Directly exported value.,Fresh seeded simulation from authoritative Word inputs.,,Blank only when the field is not applicable to the record.,"Supporting identifier, audit, or reconciliation field.",
10_Sensitivity_Ready_Data::Probability Constraints,10_Sensitivity_Ready_Data.xlsx,Probability Constraints,Baseline_Sum,double,,Baseline Sum,Directly exported value.,Fresh seeded simulation from authoritative Word inputs.,,Blank only when the field is not applicable to the record.,"Supporting identifier, audit, or reconciliation field.",
10_Sensitivity_Ready_Data::Probability Constraints,10_Sensitivity_Ready_Data.xlsx,Probability Constraints,Constraint,string,,Constraint,Directly exported value.,Fresh seeded simulation from authoritative Word inputs.,,Blank only when the field is not applicable to the record.,Candidate predictor or response for later analysis.,
10_Sensitivity_Ready_Data::Probability Constraints,10_Sensitivity_Ready_Data.xlsx,Probability Constraints,Approval_Status,string,,Approval Status,Directly exported value.,Fresh seeded simulation from authoritative Word inputs.,,Blank only when the field is not applicable to the record.,Candidate predictor or response for later analysis.,
10_Sensitivity_Ready_Data::Duration Constraints,10_Sensitivity_Ready_Data.xlsx,Duration Constraints,Model,string,,Model,Directly exported value.,Fresh seeded simulation from authoritative Word inputs.,,Blank only when the field is not applicable to the record.,Candidate predictor or response for later analysis.,
10_Sensitivity_Ready_Data::Duration Constraints,10_Sensitivity_Ready_Data.xlsx,Duration Constraints,Entity_ID,string,identifier,Entity ID,Directly exported value.,Fresh seeded simulation from authoritative Word inputs.,,Blank only when the field is not applicable to the record.,"Supporting identifier, audit, or reconciliation field.",
10_Sensitivity_Ready_Data::Duration Constraints,10_Sensitivity_Ready_Data.xlsx,Duration Constraints,Baseline_O,double,,Baseline O,Directly exported value.,Fresh seeded simulation from authoritative Word inputs.,,Blank only when the field is not applicable to the record.,Candidate predictor or response for later analysis.,
10_Sensitivity_Ready_Data::Duration Constraints,10_Sensitivity_Ready_Data.xlsx,Duration Constraints,Baseline_ML,double,,Baseline ML,Directly exported value.,Fresh seeded simulation from authoritative Word inputs.,,Blank only when the field is not applicable to the record.,Candidate predictor or response for later analysis.,
10_Sensitivity_Ready_Data::Duration Constraints,10_Sensitivity_Ready_Data.xlsx,Duration Constraints,Baseline_P,double,,Baseline P,Directly exported value.,Fresh seeded simulation from authoritative Word inputs.,,Blank only when the field is not applicable to the record.,Candidate predictor or response for later analysis.,
10_Sensitivity_Ready_Data::Duration Constraints,10_Sensitivity_Ready_Data.xlsx,Duration Constraints,Constraint,string,,Constraint,Directly exported value.,Fresh seeded simulation from authoritative Word inputs.,,Blank only when the field is not applicable to the record.,Candidate predictor or response for later analysis.,
10_Sensitivity_Ready_Data::Duration Constraints,10_Sensitivity_Ready_Data.xlsx,Duration Constraints,Approval_Status,string,,Approval Status,Directly exported value.,Fresh seeded simulation from authoritative Word inputs.,,Blank only when the field is not applicable to the record.,Candidate predictor or response for later analysis.,
10_Sensitivity_Ready_Data::Loop Cap Alternatives,10_Sensitivity_Ready_Data.xlsx,Loop Cap Alternatives,Loop_ID,string,identifier,Loop ID,Directly exported value.,Fresh seeded simulation from authoritative Word inputs.,,Blank only when the field is not applicable to the record.,Candidate predictor or response for later analysis.,
10_Sensitivity_Ready_Data::Loop Cap Alternatives,10_Sensitivity_Ready_Data.xlsx,Loop Cap Alternatives,Baseline_Cap,int64,,Baseline Cap,Directly exported value.,Fresh seeded simulation from authoritative Word inputs.,,Blank only when the field is not applicable to the record.,Candidate predictor or response for later analysis.,
10_Sensitivity_Ready_Data::Loop Cap Alternatives,10_Sensitivity_Ready_Data.xlsx,Loop Cap Alternatives,Proposed_Cap,int64,,Proposed Cap,Directly exported value.,Fresh seeded simulation from authoritative Word inputs.,,Blank only when the field is not applicable to the record.,Candidate predictor or response for later analysis.,
10_Sensitivity_Ready_Data::Loop Cap Alternatives,10_Sensitivity_Ready_Data.xlsx,Loop Cap Alternatives,Approval_Status,string,,Approval Status,Directly exported value.,Fresh seeded simulation from authoritative Word inputs.,,Blank only when the field is not applicable to the record.,Candidate predictor or response for later analysis.,
10_Sensitivity_Ready_Data::Loop Cap Alternatives,10_Sensitivity_Ready_Data.xlsx,Loop Cap Alternatives,Notes,string,,Notes,Directly exported value.,Fresh seeded simulation from authoritative Word inputs.,,Blank only when the field is not applicable to the record.,Candidate predictor or response for later analysis.,
10_Sensitivity_Ready_Data::Analysis Method Register,10_Sensitivity_Ready_Data.xlsx,Analysis Method Register,Method,string,,Method,Directly exported value.,Fresh seeded simulation from authoritative Word inputs.,,Blank only when the field is not applicable to the record.,Candidate predictor or response for later analysis.,
10_Sensitivity_Ready_Data::Analysis Method Register,10_Sensitivity_Ready_Data.xlsx,Analysis Method Register,Data_Requirements,string,,Data Requirements,Directly exported value.,Fresh seeded simulation from authoritative Word inputs.,,Blank only when the field is not applicable to the record.,"Supporting identifier, audit, or reconciliation field.",
10_Sensitivity_Ready_Data::Analysis Method Register,10_Sensitivity_Ready_Data.xlsx,Analysis Method Register,Appropriate_Use,string,,Appropriate Use,Directly exported value.,Fresh seeded simulation from authoritative Word inputs.,,Blank only when the field is not applicable to the record.,Candidate predictor or response for later analysis.,
10_Sensitivity_Ready_Data::Analysis Method Register,10_Sensitivity_Ready_Data.xlsx,Analysis Method Register,Limitations,string,,Limitations,Directly exported value.,Fresh seeded simulation from authoritative Word inputs.,,Blank only when the field is not applicable to the record.,Candidate predictor or response for later analysis.,
10_Sensitivity_Ready_Data::Data Dictionary,10_Sensitivity_Ready_Data.xlsx,Data Dictionary,Dataset,string,,Dataset,Directly exported value.,Fresh seeded simulation from authoritative Word inputs.,,Blank only when the field is not applicable to the record.,"Supporting identifier, audit, or reconciliation field.",
10_Sensitivity_Ready_Data::Data Dictionary,10_Sensitivity_Ready_Data.xlsx,Data Dictionary,Workbook,string,,Workbook,Directly exported value.,Fresh seeded simulation from authoritative Word inputs.,,Blank only when the field is not applicable to the record.,Candidate predictor or response for later analysis.,
10_Sensitivity_Ready_Data::Data Dictionary,10_Sensitivity_Ready_Data.xlsx,Data Dictionary,Worksheet,string,,Worksheet,Directly exported value.,Fresh seeded simulation from authoritative Word inputs.,,Blank only when the field is not applicable to the record.,Candidate predictor or response for later analysis.,
10_Sensitivity_Ready_Data::Data Dictionary,10_Sensitivity_Ready_Data.xlsx,Data Dictionary,Column_Name,string,,Column Name,Directly exported value.,Fresh seeded simulation from authoritative Word inputs.,,Blank only when the field is not applicable to the record.,Candidate predictor or response for later analysis.,
10_Sensitivity_Ready_Data::Data Dictionary,10_Sensitivity_Ready_Data.xlsx,Data Dictionary,Data_Type,string,,Data Type,Directly exported value.,Fresh seeded simulation from authoritative Word inputs.,,Blank only when the field is not applicable to the record.,Candidate predictor or response for later analysis.,
10_Sensitivity_Ready_Data::Data Dictionary,10_Sensitivity_Ready_Data.xlsx,Data Dictionary,Unit,string,,Unit,Directly exported value.,Fresh seeded simulation from authoritative Word inputs.,,Blank only when the field is not applicable to the record.,"Supporting identifier, audit, or reconciliation field.",
10_Sensitivity_Ready_Data::Data Dictionary,10_Sensitivity_Ready_Data.xlsx,Data Dictionary,Definition,string,,Definition,Directly exported value.,Fresh seeded simulation from authoritative Word inputs.,,Blank only when the field is not applicable to the record.,Candidate predictor or response for later analysis.,
10_Sensitivity_Ready_Data::Data Dictionary,10_Sensitivity_Ready_Data.xlsx,Data Dictionary,Calculation,string,,Calculation,Directly exported value.,Fresh seeded simulation from authoritative Word inputs.,,Blank only when the field is not applicable to the record.,Candidate predictor or response for later analysis.,
10_Sensitivity_Ready_Data::Data Dictionary,10_Sensitivity_Ready_Data.xlsx,Data Dictionary,Source,string,,Source,Directly exported value.,Fresh seeded simulation from authoritative Word inputs.,,Blank only when the field is not applicable to the record.,Candidate predictor or response for later analysis.,
10_Sensitivity_Ready_Data::Data Dictionary,10_Sensitivity_Ready_Data.xlsx,Data Dictionary,Allowed_Values,string,,Allowed Values,Directly exported value.,Fresh seeded simulation from authoritative Word inputs.,,Blank only when the field is not applicable to the record.,Candidate predictor or response for later analysis.,
10_Sensitivity_Ready_Data::Data Dictionary,10_Sensitivity_Ready_Data.xlsx,Data Dictionary,Missing_Value_Rule,string,,Missing Value Rule,Directly exported value.,Fresh seeded simulation from authoritative Word inputs.,,Blank only when the field is not applicable to the record.,"Supporting identifier, audit, or reconciliation field.",
10_Sensitivity_Ready_Data::Data Dictionary,10_Sensitivity_Ready_Data.xlsx,Data Dictionary,Sensitivity_Use,string,,Sensitivity Use,Directly exported value.,Fresh seeded simulation from authoritative Word inputs.,,Blank only when the field is not applicable to the record.,"Supporting identifier, audit, or reconciliation field.",
10_Sensitivity_Ready_Data::Data Dictionary,10_Sensitivity_Ready_Data.xlsx,Data Dictionary,Notes,string,,Notes,Directly exported value.,Fresh seeded simulation from authoritative Word inputs.,,Blank only when the field is not applicable to the record.,Candidate predictor or response for later analysis.,
