Package_Relative_Path,File_Name,Category,Description,File_Size_Bytes,SHA256,Original_Source_Path,Required_or_Optional,Integrity_Status,Open_Test_Status,Dataset_Row_Count,Dataset_Column_Count
00_START_HERE/checksums.sha256,checksums.sha256,"Package orientation, inventories, checksums, and validation evidence.","Package orientation, inventories, checksums, and validation evidence.",72391,SELF-REFERENTIAL; see checksums.sha256,Generated during release packaging,Required,PASS,N/A,,
00_START_HERE/PACKAGE_CONTENTS.csv,PACKAGE_CONTENTS.csv,"Package orientation, inventories, checksums, and validation evidence.",Verified CSV dataset or report for universal access.,244130,SELF-REFERENTIAL; see checksums.sha256,Generated during release packaging,Required,PASS,N/A,,
00_START_HERE/PACKAGE_CONTENTS.xlsx,PACKAGE_CONTENTS.xlsx,"Package orientation, inventories, checksums, and validation evidence.","Excel workbook for review, analysis, audit, or package inventory.",198855,SELF-REFERENTIAL; see checksums.sha256,Generated during release packaging,Required,PASS,N/A,,
00_START_HERE/PACKAGE_VALIDATION_REPORT.md,PACKAGE_VALIDATION_REPORT.md,"Package orientation, inventories, checksums, and validation evidence.","Package orientation, inventories, checksums, and validation evidence.",2821,0fc6b6adb2a1e12cc99c1ed2c2a45519437fb4d8e384b775f78f0e18d0b86cb8,Generated during release packaging,Required,PASS,N/A,,
00_START_HERE/RAW_DATA_EXPORT_MANIFEST.csv,RAW_DATA_EXPORT_MANIFEST.csv,"Package orientation, inventories, checksums, and validation evidence.",Verified CSV dataset or report for universal access.,70479,4c2eaffcfd6ba6bf9d0307c2e68fc9c5aaa12d4269fd500598f6f10fe7ca6af8,C:\Users\moham\Documents\Codex\2026-07-28\build\outputs\Simulation_Data\RAW_DATA_EXPORT_MANIFEST.csv,Required,PASS,N/A,,
00_START_HERE/RAW_DATA_EXPORT_REPORT.md,RAW_DATA_EXPORT_REPORT.md,"Package orientation, inventories, checksums, and validation evidence.","Package orientation, inventories, checksums, and validation evidence.",51250,668629377315117e24ecb6ec0597895a1ca185e4916ea0c005e39a4a0d1b3c21,C:\Users\moham\Documents\Codex\2026-07-28\build\outputs\Simulation_Data\RAW_DATA_EXPORT_REPORT.md,Required,PASS,N/A,,
00_START_HERE/README_FIRST.txt,README_FIRST.txt,"Package orientation, inventories, checksums, and validation evidence.","Package orientation, inventories, checksums, and validation evidence.",1429,cdcbed566b305d85fd9ab8ea15d772caa88ddee857fc620148173f996c33d88a,Generated during release packaging,Required,PASS,N/A,,
01_AUTHORITATIVE_INPUTS/GERT nput.docx,GERT nput.docx,Exact authoritative Word inputs and input validation evidence.,Authoritative model input document.,24820,dc34b00fcd3988146da0760ac18499eeca9d8596601c09445ca5d956c4ae6387,C:\Users\moham\OneDrive\Desktop\GERT nput.docx,Required,PASS,N/A,,
01_AUTHORITATIVE_INPUTS/input_hashes.txt,input_hashes.txt,Exact authoritative Word inputs and input validation evidence.,Exact authoritative Word inputs and input validation evidence.,163,95b8e3d39c67250b0c27b9d1694bddc80137f82ca29547ef0e48a5bb6a0dbc98,Generated during release packaging,Required,PASS,N/A,,
01_AUTHORITATIVE_INPUTS/Input_Validation_Report.xlsx,Input_Validation_Report.xlsx,Exact authoritative Word inputs and input validation evidence.,"Excel workbook for review, analysis, audit, or package inventory.",6465,8bde9d81e76cfea4bd3afe553cf756e68ef600c31459fdeb0201b2d799cb4b78,C:\Users\moham\Documents\Codex\2026-07-28\build\outputs\Input_Validation_Report.xlsx,Required,PASS,PASS,,
01_AUTHORITATIVE_INPUTS/PERT Input.docx,PERT Input.docx,Exact authoritative Word inputs and input validation evidence.,Authoritative model input document.,14641,7984b5b2e29928345772f0110ea1fa1c9ceb4121dc2e3aed4737112a98bc1f58,C:\Users\moham\OneDrive\Desktop\PERT Input.docx,Required,PASS,N/A,,
02_MASTER_AND_METADATA/00_Master_Index.xlsx,00_Master_Index.xlsx,"Master index, input metadata, data dictionary, and related datasets.","Excel workbook for review, analysis, audit, or package inventory.",45154,b75159e63f7e89950723a452c93703d4d350fa1bd713893749cb952624c9fdc3,C:\Users\moham\Documents\Codex\2026-07-28\build\outputs\Simulation_Data\00_Master_Index.xlsx,Required,PASS,PASS,,
02_MASTER_AND_METADATA/01_Input_and_Metadata.xlsx,01_Input_and_Metadata.xlsx,"Master index, input metadata, data dictionary, and related datasets.","Excel workbook for review, analysis, audit, or package inventory.",31216,a14b3d9528a13ee7ee78b119094422613984160c6ca1a1d1fa42e0eb43fddd26,C:\Users\moham\Documents\Codex\2026-07-28\build\outputs\Simulation_Data\01_Input_and_Metadata.xlsx,Required,PASS,PASS,,
02_MASTER_AND_METADATA/CSV/00_Master_Index__Column_Counts.csv,00_Master_Index__Column_Counts.csv,"Master index, input metadata, data dictionary, and related datasets.",Verified CSV dataset or report for universal access.,11409,498fa4ea2a6f524a3542cf059dd8877b4a05c7a05871957eb739dffd4374617a,C:\Users\moham\Documents\Codex\2026-07-28\build\outputs\Simulation_Data\CSV\00_Master_Index__Column_Counts.csv,Required,PASS,N/A,115,5
02_MASTER_AND_METADATA/CSV/00_Master_Index__Data_Dictionary_Index.csv,00_Master_Index__Data_Dictionary_Index.csv,"Master index, input metadata, data dictionary, and related datasets.",Verified CSV dataset or report for universal access.,797,b77e1dbb2321912a5aa17684ba27e7f0776ec6e7b8fe4ff844b320934c1cb292,C:\Users\moham\Documents\Codex\2026-07-28\build\outputs\Simulation_Data\CSV\00_Master_Index__Data_Dictionary_Index.csv,Required,PASS,N/A,11,3
02_MASTER_AND_METADATA/CSV/00_Master_Index__Dataset_Register.csv,00_Master_Index__Dataset_Register.csv,"Master index, input metadata, data dictionary, and related datasets.",Verified CSV dataset or report for universal access.,40637,877513c9f3bdf563b4daa9a74904f2a2b0cf3d64e1c57edddc4fd28521751844,C:\Users\moham\Documents\Codex\2026-07-28\build\outputs\Simulation_Data\CSV\00_Master_Index__Dataset_Register.csv,Required,PASS,N/A,115,12
02_MASTER_AND_METADATA/CSV/00_Master_Index__Exact_Verification_Status.csv,00_Master_Index__Exact_Verification_Status.csv,"Master index, input metadata, data dictionary, and related datasets.",Verified CSV dataset or report for universal access.,263,22476959e449009c57802cb148b66103961bfef81e7ab379315e520980cf39dd,C:\Users\moham\Documents\Codex\2026-07-28\build\outputs\Simulation_Data\CSV\00_Master_Index__Exact_Verification_Status.csv,Required,PASS,N/A,7,2
02_MASTER_AND_METADATA/CSV/00_Master_Index__File_Manifest.csv,00_Master_Index__File_Manifest.csv,"Master index, input metadata, data dictionary, and related datasets.",Verified CSV dataset or report for universal access.,5532,3d1c42c977cb9d24562d14ac02a137995c35f9d7a3e87a36e88056af59a6bc42,C:\Users\moham\Documents\Codex\2026-07-28\build\outputs\Simulation_Data\CSV\00_Master_Index__File_Manifest.csv,Required,PASS,N/A,14,12
02_MASTER_AND_METADATA/CSV/00_Master_Index__Input_Hashes.csv,00_Master_Index__Input_Hashes.csv,"Master index, input metadata, data dictionary, and related datasets.",Verified CSV dataset or report for universal access.,269,e02629dc68c788fba8fc5dccd81bbedae0fe69b0ba2fa1d8937f957537ceb893,C:\Users\moham\Documents\Codex\2026-07-28\build\outputs\Simulation_Data\CSV\00_Master_Index__Input_Hashes.csv,Required,PASS,N/A,2,3
02_MASTER_AND_METADATA/CSV/00_Master_Index__Limitations.csv,00_Master_Index__Limitations.csv,"Master index, input metadata, data dictionary, and related datasets.",Verified CSV dataset or report for universal access.,478,8592dd6e292fcb85b1a5261d664c751921c1069a458162e827ea464312a161fd,C:\Users\moham\Documents\Codex\2026-07-28\build\outputs\Simulation_Data\CSV\00_Master_Index__Limitations.csv,Required,PASS,N/A,3,2
02_MASTER_AND_METADATA/CSV/00_Master_Index__Reproducibility_Status.csv,00_Master_Index__Reproducibility_Status.csv,"Master index, input metadata, data dictionary, and related datasets.",Verified CSV dataset or report for universal access.,97,ba3cd99b51626d4163d287a91e2e8d4a0cb1dd648e558fe8721372ae7f9598a5,C:\Users\moham\Documents\Codex\2026-07-28\build\outputs\Simulation_Data\CSV\00_Master_Index__Reproducibility_Status.csv,Required,PASS,N/A,2,4
02_MASTER_AND_METADATA/CSV/00_Master_Index__Row_Counts.csv,00_Master_Index__Row_Counts.csv,"Master index, input metadata, data dictionary, and related datasets.",Verified CSV dataset or report for universal access.,12500,3ed095e7bd9170a74af1b21b5b74a65cadd4d0d6c6ddda7cac830506ff9768dc,C:\Users\moham\Documents\Codex\2026-07-28\build\outputs\Simulation_Data\CSV\00_Master_Index__Row_Counts.csv,Required,PASS,N/A,115,7
02_MASTER_AND_METADATA/CSV/00_Master_Index__Sensitivity_Readiness.csv,00_Master_Index__Sensitivity_Readiness.csv,"Master index, input metadata, data dictionary, and related datasets.",Verified CSV dataset or report for universal access.,489,9f1df1a1459c289af8eebf8cc171d0a9604fae4b375648c7aa1115afedd1159a,C:\Users\moham\Documents\Codex\2026-07-28\build\outputs\Simulation_Data\CSV\00_Master_Index__Sensitivity_Readiness.csv,Required,PASS,N/A,3,3
02_MASTER_AND_METADATA/CSV/00_Master_Index__Simulation_Summary.csv,00_Master_Index__Simulation_Summary.csv,"Master index, input metadata, data dictionary, and related datasets.",Verified CSV dataset or report for universal access.,293,46f820b1449995fe69f8b9330734b209a0f786e321946580ebd4e9f63eb09b1e,C:\Users\moham\Documents\Codex\2026-07-28\build\outputs\Simulation_Data\CSV\00_Master_Index__Simulation_Summary.csv,Required,PASS,N/A,10,2
02_MASTER_AND_METADATA/CSV/00_Master_Index__Validation_Status.csv,00_Master_Index__Validation_Status.csv,"Master index, input metadata, data dictionary, and related datasets.",Verified CSV dataset or report for universal access.,748,2054616a2eb49fe049ceee016dc292ef180cb0abb45f9ca79f21a5c098a4f6b5,C:\Users\moham\Documents\Codex\2026-07-28\build\outputs\Simulation_Data\CSV\00_Master_Index__Validation_Status.csv,Required,PASS,N/A,24,3
02_MASTER_AND_METADATA/CSV/01_Input_and_Metadata__Data_Dictionary.csv,01_Input_and_Metadata__Data_Dictionary.csv,"Master index, input metadata, data dictionary, and related datasets.",Verified CSV dataset or report for universal access.,24430,1d60a079567c8fbcebf942c3da7b48c67a4193fe8b814906b04af519f2bb6153,C:\Users\moham\Documents\Codex\2026-07-28\build\outputs\Simulation_Data\CSV\01_Input_and_Metadata__Data_Dictionary.csv,Required,PASS,N/A,81,13
02_MASTER_AND_METADATA/CSV/01_Input_and_Metadata__GERT_Arcs.csv,01_Input_and_Metadata__GERT_Arcs.csv,"Master index, input metadata, data dictionary, and related datasets.",Verified CSV dataset or report for universal access.,2060,9c7ef3e0bf93c1b086f993b310ad8809dea187764c5dcf7170a5a0b1c9fd1757,C:\Users\moham\Documents\Codex\2026-07-28\build\outputs\Simulation_Data\CSV\01_Input_and_Metadata__GERT_Arcs.csv,Required,PASS,N/A,30,11
02_MASTER_AND_METADATA/CSV/01_Input_and_Metadata__GERT_Nodes.csv,01_Input_and_Metadata__GERT_Nodes.csv,"Master index, input metadata, data dictionary, and related datasets.",Verified CSV dataset or report for universal access.,538,d9a2b16947a7ac3ef518455f45d94d1b17592d987edc4b7db03510f4e5978095,C:\Users\moham\Documents\Codex\2026-07-28\build\outputs\Simulation_Data\CSV\01_Input_and_Metadata__GERT_Nodes.csv,Required,PASS,N/A,10,6
02_MASTER_AND_METADATA/CSV/01_Input_and_Metadata__Input_Audit.csv,01_Input_and_Metadata__Input_Audit.csv,"Master index, input metadata, data dictionary, and related datasets.",Verified CSV dataset or report for universal access.,601,672185c403b6e1158948f140f2b06cb2939333e42369b715330f04c02ca5b8bd,C:\Users\moham\Documents\Codex\2026-07-28\build\outputs\Simulation_Data\CSV\01_Input_and_Metadata__Input_Audit.csv,Required,PASS,N/A,20,3
02_MASTER_AND_METADATA/CSV/01_Input_and_Metadata__Loop_Register.csv,01_Input_and_Metadata__Loop_Register.csv,"Master index, input metadata, data dictionary, and related datasets.",Verified CSV dataset or report for universal access.,534,cd8d99a5dba136627f5d0275b231c4ddce3ea8020f8fb7da50ef1a423c395901,C:\Users\moham\Documents\Codex\2026-07-28\build\outputs\Simulation_Data\CSV\01_Input_and_Metadata__Loop_Register.csv,Required,PASS,N/A,10,7
02_MASTER_AND_METADATA/CSV/01_Input_and_Metadata__Parameter_Register.csv,01_Input_and_Metadata__Parameter_Register.csv,"Master index, input metadata, data dictionary, and related datasets.",Verified CSV dataset or report for universal access.,27470,7371ff15361c728542c1cbf8370478ce3e2ff8134f5347817d6936c90f8c873c,C:\Users\moham\Documents\Codex\2026-07-28\build\outputs\Simulation_Data\CSV\01_Input_and_Metadata__Parameter_Register.csv,Required,PASS,N/A,146,15
02_MASTER_AND_METADATA/CSV/01_Input_and_Metadata__PERT_Input.csv,01_Input_and_Metadata__PERT_Input.csv,"Master index, input metadata, data dictionary, and related datasets.",Verified CSV dataset or report for universal access.,751,abb2f0463a6a4fb319e652ade52b8a0dd16c4d2408e2dfdae0bf9e9b5bdeee71,C:\Users\moham\Documents\Codex\2026-07-28\build\outputs\Simulation_Data\CSV\01_Input_and_Metadata__PERT_Input.csv,Required,PASS,N/A,6,10
02_MASTER_AND_METADATA/CSV/01_Input_and_Metadata__Probability_Groups.csv,01_Input_and_Metadata__Probability_Groups.csv,"Master index, input metadata, data dictionary, and related datasets.",Verified CSV dataset or report for universal access.,291,9a38a221cae3fe33096ecb532f7ac138ef3bc05cfbaccd550560dc1c459c2cca,C:\Users\moham\Documents\Codex\2026-07-28\build\outputs\Simulation_Data\CSV\01_Input_and_Metadata__Probability_Groups.csv,Required,PASS,N/A,7,7
02_MASTER_AND_METADATA/CSV/01_Input_and_Metadata__Random_Streams.csv,01_Input_and_Metadata__Random_Streams.csv,"Master index, input metadata, data dictionary, and related datasets.",Verified CSV dataset or report for universal access.,214,b98adc9185bab7a703ed5dd8f391286e1f22035e6f7aba14ced4bab96f8b9947,C:\Users\moham\Documents\Codex\2026-07-28\build\outputs\Simulation_Data\CSV\01_Input_and_Metadata__Random_Streams.csv,Required,PASS,N/A,3,5
02_MASTER_AND_METADATA/CSV/01_Input_and_Metadata__Run_Metadata.csv,01_Input_and_Metadata__Run_Metadata.csv,"Master index, input metadata, data dictionary, and related datasets.",Verified CSV dataset or report for universal access.,644,47131e018cafdfa5470b00481ef68c50661e80612e34f2ebb04af2861ee865ca,C:\Users\moham\Documents\Codex\2026-07-28\build\outputs\Simulation_Data\CSV\01_Input_and_Metadata__Run_Metadata.csv,Required,PASS,N/A,18,2
02_MASTER_AND_METADATA/CSV/01_Input_and_Metadata__Software_Versions.csv,01_Input_and_Metadata__Software_Versions.csv,"Master index, input metadata, data dictionary, and related datasets.",Verified CSV dataset or report for universal access.,164,366c6f2002269524ed805a0796d74fac37f46395b9e8451b71ff01a67a34056c,C:\Users\moham\Documents\Codex\2026-07-28\build\outputs\Simulation_Data\CSV\01_Input_and_Metadata__Software_Versions.csv,Required,PASS,N/A,6,2
02_MASTER_AND_METADATA/CSV/Data_Dictionary__Data_Dictionary.csv,Data_Dictionary__Data_Dictionary.csv,"Master index, input metadata, data dictionary, and related datasets.",Verified CSV dataset or report for universal access.,499824,5595093335a9809407fe13b573752585f3d4cd1f9bb516bec6fb27871997f805,C:\Users\moham\Documents\Codex\2026-07-28\build\outputs\Simulation_Data\CSV\Data_Dictionary__Data_Dictionary.csv,Required,PASS,N/A,1482,13
02_MASTER_AND_METADATA/Data_Dictionary.xlsx,Data_Dictionary.xlsx,"Master index, input metadata, data dictionary, and related datasets.","Excel workbook for review, analysis, audit, or package inventory.",92833,c28f0e42a45d02d499b4b7614666d52b6df8679ae77e3981aaea3565056a7592,C:\Users\moham\Documents\Codex\2026-07-28\build\outputs\Simulation_Data\Data_Dictionary.xlsx,Required,PASS,PASS,,
02_MASTER_AND_METADATA/Parquet/00_Master_Index__Column_Counts.parquet,00_Master_Index__Column_Counts.parquet,"Master index, input metadata, data dictionary, and related datasets.",Verified Parquet dataset for programmatic analysis.,6142,3e299100506bd3d58b8df0df8a791fdbefce341984dd4e6720e73ad26c24b6c9,C:\Users\moham\Documents\Codex\2026-07-28\build\outputs\Simulation_Data\Parquet\00_Master_Index__Column_Counts.parquet,Required,PASS,N/A,115,5
02_MASTER_AND_METADATA/Parquet/00_Master_Index__Data_Dictionary_Index.parquet,00_Master_Index__Data_Dictionary_Index.parquet,"Master index, input metadata, data dictionary, and related datasets.",Verified Parquet dataset for programmatic analysis.,1932,3be741a8e1071bfe75b62c3948fa91e4679b8a0d93618c8e9ee69fdf1cf7d3ce,C:\Users\moham\Documents\Codex\2026-07-28\build\outputs\Simulation_Data\Parquet\00_Master_Index__Data_Dictionary_Index.parquet,Required,PASS,N/A,11,3
02_MASTER_AND_METADATA/Parquet/00_Master_Index__Dataset_Register.parquet,00_Master_Index__Dataset_Register.parquet,"Master index, input metadata, data dictionary, and related datasets.",Verified Parquet dataset for programmatic analysis.,30196,fe428f2fd88b5a0dfbf85349a4c7232ede443589ce095f2d3dd14e0967a98e2d,C:\Users\moham\Documents\Codex\2026-07-28\build\outputs\Simulation_Data\Parquet\00_Master_Index__Dataset_Register.parquet,Required,PASS,N/A,115,12
02_MASTER_AND_METADATA/Parquet/00_Master_Index__Exact_Verification_Status.parquet,00_Master_Index__Exact_Verification_Status.parquet,"Master index, input metadata, data dictionary, and related datasets.",Verified Parquet dataset for programmatic analysis.,1224,1f22734434382d02e2d8758624d4d951a42a65c2fd3a118fdc8a458741b02d7f,C:\Users\moham\Documents\Codex\2026-07-28\build\outputs\Simulation_Data\Parquet\00_Master_Index__Exact_Verification_Status.parquet,Required,PASS,N/A,7,2
02_MASTER_AND_METADATA/Parquet/00_Master_Index__File_Manifest.parquet,00_Master_Index__File_Manifest.parquet,"Master index, input metadata, data dictionary, and related datasets.",Verified Parquet dataset for programmatic analysis.,9234,41d238454ed094ca2c74f5724b85088a7dc1697bf767853b41da99be4254cca7,C:\Users\moham\Documents\Codex\2026-07-28\build\outputs\Simulation_Data\Parquet\00_Master_Index__File_Manifest.parquet,Required,PASS,N/A,14,12
02_MASTER_AND_METADATA/Parquet/00_Master_Index__Input_Hashes.parquet,00_Master_Index__Input_Hashes.parquet,"Master index, input metadata, data dictionary, and related datasets.",Verified Parquet dataset for programmatic analysis.,2087,557355fec9563f6efc08b30109ad2184a42d59b72161351f7598b76b666748c6,C:\Users\moham\Documents\Codex\2026-07-28\build\outputs\Simulation_Data\Parquet\00_Master_Index__Input_Hashes.parquet,Required,PASS,N/A,2,3
02_MASTER_AND_METADATA/Parquet/00_Master_Index__Limitations.parquet,00_Master_Index__Limitations.parquet,"Master index, input metadata, data dictionary, and related datasets.",Verified Parquet dataset for programmatic analysis.,1942,93f4349a294b8b69bb120e2d9604d8dcea61314cb9fb8b88c4e36c7441958b0f,C:\Users\moham\Documents\Codex\2026-07-28\build\outputs\Simulation_Data\Parquet\00_Master_Index__Limitations.parquet,Required,PASS,N/A,3,2
02_MASTER_AND_METADATA/Parquet/00_Master_Index__Reproducibility_Status.parquet,00_Master_Index__Reproducibility_Status.parquet,"Master index, input metadata, data dictionary, and related datasets.",Verified Parquet dataset for programmatic analysis.,1546,d2b92f4accd439d268d81fb1558934ec112a8b467bd51b7be338676f77f62f58,C:\Users\moham\Documents\Codex\2026-07-28\build\outputs\Simulation_Data\Parquet\00_Master_Index__Reproducibility_Status.parquet,Required,PASS,N/A,2,4
02_MASTER_AND_METADATA/Parquet/00_Master_Index__Row_Counts.parquet,00_Master_Index__Row_Counts.parquet,"Master index, input metadata, data dictionary, and related datasets.",Verified Parquet dataset for programmatic analysis.,7755,3b8660d7dfa65a321d302a48a2672d9ca4c1d2343bd93b2720ae79b06150c7b2,C:\Users\moham\Documents\Codex\2026-07-28\build\outputs\Simulation_Data\Parquet\00_Master_Index__Row_Counts.parquet,Required,PASS,N/A,115,7
02_MASTER_AND_METADATA/Parquet/00_Master_Index__Sensitivity_Readiness.parquet,00_Master_Index__Sensitivity_Readiness.parquet,"Master index, input metadata, data dictionary, and related datasets.",Verified Parquet dataset for programmatic analysis.,2678,41f8731a1ba241df28e4a66caeca5f6a24b934af1a11b7cc5e994b29f69045c6,C:\Users\moham\Documents\Codex\2026-07-28\build\outputs\Simulation_Data\Parquet\00_Master_Index__Sensitivity_Readiness.parquet,Required,PASS,N/A,3,3
02_MASTER_AND_METADATA/Parquet/00_Master_Index__Simulation_Summary.parquet,00_Master_Index__Simulation_Summary.parquet,"Master index, input metadata, data dictionary, and related datasets.",Verified Parquet dataset for programmatic analysis.,1189,d5d2d36573b8e15e241582e2d8804ba6dcc574d5dee1484f2d8fb0caecf21c53,C:\Users\moham\Documents\Codex\2026-07-28\build\outputs\Simulation_Data\Parquet\00_Master_Index__Simulation_Summary.parquet,Required,PASS,N/A,10,2
02_MASTER_AND_METADATA/Parquet/00_Master_Index__Validation_Status.parquet,00_Master_Index__Validation_Status.parquet,"Master index, input metadata, data dictionary, and related datasets.",Verified Parquet dataset for programmatic analysis.,1906,de817b25ba60858a01a93d62f7c1836e3a67ab57c645ad1ab3a66e5da77d2f18,C:\Users\moham\Documents\Codex\2026-07-28\build\outputs\Simulation_Data\Parquet\00_Master_Index__Validation_Status.parquet,Required,PASS,N/A,24,3
02_MASTER_AND_METADATA/Parquet/01_Input_and_Metadata__Data_Dictionary.parquet,01_Input_and_Metadata__Data_Dictionary.parquet,"Master index, input metadata, data dictionary, and related datasets.",Verified Parquet dataset for programmatic analysis.,9054,32181528db7bc2e92e34dd55389bbaa00be6f533774ac8bfd587844396ca49b9,C:\Users\moham\Documents\Codex\2026-07-28\build\outputs\Simulation_Data\Parquet\01_Input_and_Metadata__Data_Dictionary.parquet,Required,PASS,N/A,81,13
02_MASTER_AND_METADATA/Parquet/01_Input_and_Metadata__GERT_Arcs.parquet,01_Input_and_Metadata__GERT_Arcs.parquet,"Master index, input metadata, data dictionary, and related datasets.",Verified Parquet dataset for programmatic analysis.,4199,4c2a7b184af94000a037f3890241dfe213f75d12347a8e8a582b1d1fd44e0669,C:\Users\moham\Documents\Codex\2026-07-28\build\outputs\Simulation_Data\Parquet\01_Input_and_Metadata__GERT_Arcs.parquet,Required,PASS,N/A,30,11
02_MASTER_AND_METADATA/Parquet/01_Input_and_Metadata__GERT_Nodes.parquet,01_Input_and_Metadata__GERT_Nodes.parquet,"Master index, input metadata, data dictionary, and related datasets.",Verified Parquet dataset for programmatic analysis.,2917,c3d6fa965640a397ba67db3007ed462d5249cc4d74808fb0f14ab105870aba31,C:\Users\moham\Documents\Codex\2026-07-28\build\outputs\Simulation_Data\Parquet\01_Input_and_Metadata__GERT_Nodes.parquet,Required,PASS,N/A,10,6
02_MASTER_AND_METADATA/Parquet/01_Input_and_Metadata__Input_Audit.parquet,01_Input_and_Metadata__Input_Audit.parquet,"Master index, input metadata, data dictionary, and related datasets.",Verified Parquet dataset for programmatic analysis.,1650,4681453a5722917eeb71729c38be0499579f29b5defefe095443ed3c8251ccd5,C:\Users\moham\Documents\Codex\2026-07-28\build\outputs\Simulation_Data\Parquet\01_Input_and_Metadata__Input_Audit.parquet,Required,PASS,N/A,20,3
02_MASTER_AND_METADATA/Parquet/01_Input_and_Metadata__Loop_Register.parquet,01_Input_and_Metadata__Loop_Register.parquet,"Master index, input metadata, data dictionary, and related datasets.",Verified Parquet dataset for programmatic analysis.,2814,9f2fc621d72482915883c67aad26121eb2b9d8dc885b5482ab15df4015c34d99,C:\Users\moham\Documents\Codex\2026-07-28\build\outputs\Simulation_Data\Parquet\01_Input_and_Metadata__Loop_Register.parquet,Required,PASS,N/A,10,7
02_MASTER_AND_METADATA/Parquet/01_Input_and_Metadata__Parameter_Register.parquet,01_Input_and_Metadata__Parameter_Register.parquet,"Master index, input metadata, data dictionary, and related datasets.",Verified Parquet dataset for programmatic analysis.,8723,2285278b87d3143aee3c569a71e38695df8d13874c63bc48173e5429427e255a,C:\Users\moham\Documents\Codex\2026-07-28\build\outputs\Simulation_Data\Parquet\01_Input_and_Metadata__Parameter_Register.parquet,Required,PASS,N/A,146,15
02_MASTER_AND_METADATA/Parquet/01_Input_and_Metadata__PERT_Input.parquet,01_Input_and_Metadata__PERT_Input.parquet,"Master index, input metadata, data dictionary, and related datasets.",Verified Parquet dataset for programmatic analysis.,4462,850c7fb415079bd7c7ca34add89b54dc178b603b9a307ffdbc30c778db108543,C:\Users\moham\Documents\Codex\2026-07-28\build\outputs\Simulation_Data\Parquet\01_Input_and_Metadata__PERT_Input.parquet,Required,PASS,N/A,6,10
02_MASTER_AND_METADATA/Parquet/01_Input_and_Metadata__Probability_Groups.parquet,01_Input_and_Metadata__Probability_Groups.parquet,"Master index, input metadata, data dictionary, and related datasets.",Verified Parquet dataset for programmatic analysis.,2596,76b5be42b83435fc416a6decc7fbe07be799fa1bdc0a08af62b7d4dd53f2d070,C:\Users\moham\Documents\Codex\2026-07-28\build\outputs\Simulation_Data\Parquet\01_Input_and_Metadata__Probability_Groups.parquet,Required,PASS,N/A,7,7
02_MASTER_AND_METADATA/Parquet/01_Input_and_Metadata__Random_Streams.parquet,01_Input_and_Metadata__Random_Streams.parquet,"Master index, input metadata, data dictionary, and related datasets.",Verified Parquet dataset for programmatic analysis.,2369,6ac1200895c726a33c787f23eaad9fa45f27d4786a4565cb08488f29d4fb7fc4,C:\Users\moham\Documents\Codex\2026-07-28\build\outputs\Simulation_Data\Parquet\01_Input_and_Metadata__Random_Streams.parquet,Required,PASS,N/A,3,5
02_MASTER_AND_METADATA/Parquet/01_Input_and_Metadata__Run_Metadata.parquet,01_Input_and_Metadata__Run_Metadata.parquet,"Master index, input metadata, data dictionary, and related datasets.",Verified Parquet dataset for programmatic analysis.,1644,774c7090157385396bf045900ffd2fee371f5f5f92e0399f8a07fa0e841f7649,C:\Users\moham\Documents\Codex\2026-07-28\build\outputs\Simulation_Data\Parquet\01_Input_and_Metadata__Run_Metadata.parquet,Required,PASS,N/A,18,2
02_MASTER_AND_METADATA/Parquet/01_Input_and_Metadata__Software_Versions.parquet,01_Input_and_Metadata__Software_Versions.parquet,"Master index, input metadata, data dictionary, and related datasets.",Verified Parquet dataset for programmatic analysis.,1103,ee22a401a6d3ed847519131b4a338835709b303017549f2f82cfd84338d58334,C:\Users\moham\Documents\Codex\2026-07-28\build\outputs\Simulation_Data\Parquet\01_Input_and_Metadata__Software_Versions.parquet,Required,PASS,N/A,6,2
02_MASTER_AND_METADATA/Parquet/Data_Dictionary__Data_Dictionary.parquet,Data_Dictionary__Data_Dictionary.parquet,"Master index, input metadata, data dictionary, and related datasets.",Verified Parquet dataset for programmatic analysis.,24399,0156357f130baa9aaf4d3173e89abcff99ac84822463e12322c720fd2b659b7c,C:\Users\moham\Documents\Codex\2026-07-28\build\outputs\Simulation_Data\Parquet\Data_Dictionary__Data_Dictionary.parquet,Required,PASS,N/A,1482,13
03_PERT_RESULTS/02_PERT_Raw_Data.xlsx,02_PERT_Raw_Data.xlsx,PERT raw and analysis-ready workbooks and datasets.,"Excel workbook for review, analysis, audit, or package inventory.",47905385,cbb5b366a9a5b017ca018c588507c34c0bbdd43c6f10d30cc75b6f0547cf4a1c,C:\Users\moham\Documents\Codex\2026-07-28\build\outputs\Simulation_Data\02_PERT_Raw_Data.xlsx,Required,PASS,PASS,,
03_PERT_RESULTS/03_PERT_Analysis_Ready.xlsx,03_PERT_Analysis_Ready.xlsx,PERT raw and analysis-ready workbooks and datasets.,"Excel workbook for review, analysis, audit, or package inventory.",8262446,c4bc9b7d35828da9d56f1323822f11f3fdbcaf7d5c664d672e0c49afb0b6e7f3,C:\Users\moham\Documents\Codex\2026-07-28\build\outputs\Simulation_Data\03_PERT_Analysis_Ready.xlsx,Required,PASS,PASS,,
03_PERT_RESULTS/CSV/02_PERT_Raw_Data__PERT_Analytical_PMFs.csv,02_PERT_Raw_Data__PERT_Analytical_PMFs.csv,PERT raw and analysis-ready workbooks and datasets.,Verified CSV dataset or report for universal access.,4749,30ae53beaca83211f732fe4c1aa8fd9e7f74e56dce001f716254bafb17df90da,C:\Users\moham\Documents\Codex\2026-07-28\build\outputs\Simulation_Data\CSV\02_PERT_Raw_Data__PERT_Analytical_PMFs.csv,Required,PASS,N/A,125,4
03_PERT_RESULTS/CSV/02_PERT_Raw_Data__PERT_Durations_Long.csv.gz,02_PERT_Raw_Data__PERT_Durations_Long.csv.gz,PERT raw and analysis-ready workbooks and datasets.,Verified CSV dataset or report for universal access.,8670752,d680c5cd4dda977c5ad92232e32bac37c574999bebf2eeaa9f1934103cb94280,C:\Users\moham\Documents\Codex\2026-07-28\build\outputs\Simulation_Data\CSV\02_PERT_Raw_Data__PERT_Durations_Long.csv.gz,Required,PASS,N/A,300000,14
03_PERT_RESULTS/CSV/02_PERT_Raw_Data__PERT_Exact_Moments.csv,02_PERT_Raw_Data__PERT_Exact_Moments.csv,PERT raw and analysis-ready workbooks and datasets.,Verified CSV dataset or report for universal access.,613,dd5a9ead4a634a11774524d9e8b579749ca16945aeba401b52485e80720dd4d1,C:\Users\moham\Documents\Codex\2026-07-28\build\outputs\Simulation_Data\CSV\02_PERT_Raw_Data__PERT_Exact_Moments.csv,Required,PASS,N/A,7,7
03_PERT_RESULTS/CSV/02_PERT_Raw_Data__PERT_Iterations_Wide.csv,02_PERT_Raw_Data__PERT_Iterations_Wide.csv,PERT raw and analysis-ready workbooks and datasets.,Verified CSV dataset or report for universal access.,15015887,89cccc14d3dc9e591b268f56a19063973c9b87bdf5a6b8050618fd976a60e0b7,C:\Users\moham\Documents\Codex\2026-07-28\build\outputs\Simulation_Data\CSV\02_PERT_Raw_Data__PERT_Iterations_Wide.csv,Required,PASS,N/A,50000,25
03_PERT_RESULTS/CSV/02_PERT_Raw_Data__PERT_Raw_Beta_Samples.csv.gz,02_PERT_Raw_Data__PERT_Raw_Beta_Samples.csv.gz,PERT raw and analysis-ready workbooks and datasets.,Verified CSV dataset or report for universal access.,4068982,aa5fc636d8dfe75698203aef4e22ea84188a62ec0b404e82b01b08f1e14f4499,C:\Users\moham\Documents\Codex\2026-07-28\build\outputs\Simulation_Data\CSV\02_PERT_Raw_Data__PERT_Raw_Beta_Samples.csv.gz,Required,PASS,N/A,300000,6
03_PERT_RESULTS/CSV/02_PERT_Raw_Data__PERT_Reconciliation.csv,02_PERT_Raw_Data__PERT_Reconciliation.csv,PERT raw and analysis-ready workbooks and datasets.,Verified CSV dataset or report for universal access.,938945,7d62670a0cd415b4db5b1df31a7e65eb527b83cff49e214a1d058446ab93c97b,C:\Users\moham\Documents\Codex\2026-07-28\build\outputs\Simulation_Data\CSV\02_PERT_Raw_Data__PERT_Reconciliation.csv,Required,PASS,N/A,50000,6
03_PERT_RESULTS/CSV/03_PERT_Analysis_Ready__Activity_Statistics.csv,03_PERT_Analysis_Ready__Activity_Statistics.csv,PERT raw and analysis-ready workbooks and datasets.,Verified CSV dataset or report for universal access.,861,5336bc510994cb9d659e0b2398bddda13b5634ae282a2b01075483c4d375567e,C:\Users\moham\Documents\Codex\2026-07-28\build\outputs\Simulation_Data\CSV\03_PERT_Analysis_Ready__Activity_Statistics.csv,Required,PASS,N/A,6,12
03_PERT_RESULTS/CSV/03_PERT_Analysis_Ready__Analytical_Comparison.csv,03_PERT_Analysis_Ready__Analytical_Comparison.csv,PERT raw and analysis-ready workbooks and datasets.,Verified CSV dataset or report for universal access.,207,d8e6abffa0889b24b57d16eacc57a1384def09dc992fdf25146f3674af063b9a,C:\Users\moham\Documents\Codex\2026-07-28\build\outputs\Simulation_Data\CSV\03_PERT_Analysis_Ready__Analytical_Comparison.csv,Required,PASS,N/A,1,7
03_PERT_RESULTS/CSV/03_PERT_Analysis_Ready__Convergence.csv,03_PERT_Analysis_Ready__Convergence.csv,PERT raw and analysis-ready workbooks and datasets.,Verified CSV dataset or report for universal access.,6214,36a579ff9ed66a8ade7007363c39ba2ff2acd916d3619161ff576e3beb15cbb5,C:\Users\moham\Documents\Codex\2026-07-28\build\outputs\Simulation_Data\CSV\03_PERT_Analysis_Ready__Convergence.csv,Required,PASS,N/A,100,8
03_PERT_RESULTS/CSV/03_PERT_Analysis_Ready__Correlation_Matrix.csv,03_PERT_Analysis_Ready__Correlation_Matrix.csv,PERT raw and analysis-ready workbooks and datasets.,Verified CSV dataset or report for universal access.,1088,87a3b1a186c620a6137c3a90a11ee7535f09424c96d7ef8ccd3d5c6b81886247,C:\Users\moham\Documents\Codex\2026-07-28\build\outputs\Simulation_Data\CSV\03_PERT_Analysis_Ready__Correlation_Matrix.csv,Required,PASS,N/A,7,8
03_PERT_RESULTS/CSV/03_PERT_Analysis_Ready__Data_Dictionary.csv,03_PERT_Analysis_Ready__Data_Dictionary.csv,PERT raw and analysis-ready workbooks and datasets.,Verified CSV dataset or report for universal access.,33046,5b61b7934dcd744d5a739f4ab085ab4029db366e1d7d7f81ea43231a4e87163b,C:\Users\moham\Documents\Codex\2026-07-28\build\outputs\Simulation_Data\CSV\03_PERT_Analysis_Ready__Data_Dictionary.csv,Required,PASS,N/A,102,13
03_PERT_RESULTS/CSV/03_PERT_Analysis_Ready__ECDF.csv,03_PERT_Analysis_Ready__ECDF.csv,PERT raw and analysis-ready workbooks and datasets.,Verified CSV dataset or report for universal access.,1387,1769adf667e2a29ee1cfc38a2d3b24af9221092ef771c83ef9c2aeb88541148c,C:\Users\moham\Documents\Codex\2026-07-28\build\outputs\Simulation_Data\CSV\03_PERT_Analysis_Ready__ECDF.csv,Required,PASS,N/A,42,4
03_PERT_RESULTS/CSV/03_PERT_Analysis_Ready__Histogram_Data.csv,03_PERT_Analysis_Ready__Histogram_Data.csv,PERT raw and analysis-ready workbooks and datasets.,Verified CSV dataset or report for universal access.,1170,4433e8df6ddc34467aa04d6947cc1b3b3be18aca93d26484678e7f5f583cba9a,C:\Users\moham\Documents\Codex\2026-07-28\build\outputs\Simulation_Data\CSV\03_PERT_Analysis_Ready__Histogram_Data.csv,Required,PASS,N/A,42,3
03_PERT_RESULTS/CSV/03_PERT_Analysis_Ready__Iteration_Matrix.csv,03_PERT_Analysis_Ready__Iteration_Matrix.csv,PERT raw and analysis-ready workbooks and datasets.,Verified CSV dataset or report for universal access.,1281454,57c612872df356743759a7473f1ac2ecaf8d20cd57b576b090b8e17354e53b8a,C:\Users\moham\Documents\Codex\2026-07-28\build\outputs\Simulation_Data\CSV\03_PERT_Analysis_Ready__Iteration_Matrix.csv,Required,PASS,N/A,50000,8
03_PERT_RESULTS/CSV/03_PERT_Analysis_Ready__P1_P99.csv,03_PERT_Analysis_Ready__P1_P99.csv,PERT raw and analysis-ready workbooks and datasets.,Verified CSV dataset or report for universal access.,714,40f897832f1d0e4b1236dc355d1bcf2cfd7ffa5b3bc4711d91a51c7cfc59d0e9,C:\Users\moham\Documents\Codex\2026-07-28\build\outputs\Simulation_Data\CSV\03_PERT_Analysis_Ready__P1_P99.csv,Required,PASS,N/A,99,2
03_PERT_RESULTS/CSV/03_PERT_Analysis_Ready__Regression_Matrix.csv,03_PERT_Analysis_Ready__Regression_Matrix.csv,PERT raw and analysis-ready workbooks and datasets.,Verified CSV dataset or report for universal access.,7893179,2989914d9503ecf449c58eec16fb860c0698e2674165100c720a5b5498f7e6ab,C:\Users\moham\Documents\Codex\2026-07-28\build\outputs\Simulation_Data\CSV\03_PERT_Analysis_Ready__Regression_Matrix.csv,Required,PASS,N/A,50000,15
03_PERT_RESULTS/CSV/03_PERT_Analysis_Ready__Spearman_Sensitivity.csv,03_PERT_Analysis_Ready__Spearman_Sensitivity.csv,PERT raw and analysis-ready workbooks and datasets.,Verified CSV dataset or report for universal access.,731,426b92c98be506f0727835218f838a227faf176208b276b46449cc9a00815a75,C:\Users\moham\Documents\Codex\2026-07-28\build\outputs\Simulation_Data\CSV\03_PERT_Analysis_Ready__Spearman_Sensitivity.csv,Required,PASS,N/A,6,6
03_PERT_RESULTS/CSV/03_PERT_Analysis_Ready__Summary_Statistics.csv,03_PERT_Analysis_Ready__Summary_Statistics.csv,PERT raw and analysis-ready workbooks and datasets.,Verified CSV dataset or report for universal access.,871,c723ac15b55b0579948b13ec5ac402781b52782532a871fe5109bc31eaa35f56,C:\Users\moham\Documents\Codex\2026-07-28\build\outputs\Simulation_Data\CSV\03_PERT_Analysis_Ready__Summary_Statistics.csv,Required,PASS,N/A,7,16
03_PERT_RESULTS/Parquet/02_PERT_Raw_Data__PERT_Analytical_PMFs.parquet,02_PERT_Raw_Data__PERT_Analytical_PMFs.parquet,PERT raw and analysis-ready workbooks and datasets.,Verified Parquet dataset for programmatic analysis.,3279,10cc2b7708e5a325765969e11936945112287e2abce49491441a2e332b771233,C:\Users\moham\Documents\Codex\2026-07-28\build\outputs\Simulation_Data\Parquet\02_PERT_Raw_Data__PERT_Analytical_PMFs.parquet,Required,PASS,N/A,125,4
03_PERT_RESULTS/Parquet/02_PERT_Raw_Data__PERT_Durations_Long.parquet,02_PERT_Raw_Data__PERT_Durations_Long.parquet,PERT raw and analysis-ready workbooks and datasets.,Verified Parquet dataset for programmatic analysis.,7378969,ecb787069b5e334ce940a2ffbaad3a3d2a432efb0b53dc1280ff038c9232c4ab,C:\Users\moham\Documents\Codex\2026-07-28\build\outputs\Simulation_Data\Parquet\02_PERT_Raw_Data__PERT_Durations_Long.parquet,Required,PASS,N/A,300000,14
03_PERT_RESULTS/Parquet/02_PERT_Raw_Data__PERT_Exact_Moments.parquet,02_PERT_Raw_Data__PERT_Exact_Moments.parquet,PERT raw and analysis-ready workbooks and datasets.,Verified Parquet dataset for programmatic analysis.,2947,f23c2363ef63430573a74f7725b3c27645b2a8fe6d2160dc908b5c3bfec0867f,C:\Users\moham\Documents\Codex\2026-07-28\build\outputs\Simulation_Data\Parquet\02_PERT_Raw_Data__PERT_Exact_Moments.parquet,Required,PASS,N/A,7,7
03_PERT_RESULTS/Parquet/02_PERT_Raw_Data__PERT_Iterations_Wide.parquet,02_PERT_Raw_Data__PERT_Iterations_Wide.parquet,PERT raw and analysis-ready workbooks and datasets.,Verified Parquet dataset for programmatic analysis.,6838859,986422e02e409187c022953f3372d64e7b540a485fc4ec1141d582171ef2f902,C:\Users\moham\Documents\Codex\2026-07-28\build\outputs\Simulation_Data\Parquet\02_PERT_Raw_Data__PERT_Iterations_Wide.parquet,Required,PASS,N/A,50000,25
03_PERT_RESULTS/Parquet/02_PERT_Raw_Data__PERT_Raw_Beta_Samples.parquet,02_PERT_Raw_Data__PERT_Raw_Beta_Samples.parquet,PERT raw and analysis-ready workbooks and datasets.,Verified Parquet dataset for programmatic analysis.,3473316,ab5e350244101648f0f1ec21002c82461affbf7d5f2fe8157dad49f8eb4b06a3,C:\Users\moham\Documents\Codex\2026-07-28\build\outputs\Simulation_Data\Parquet\02_PERT_Raw_Data__PERT_Raw_Beta_Samples.parquet,Required,PASS,N/A,300000,6
03_PERT_RESULTS/Parquet/02_PERT_Raw_Data__PERT_Reconciliation.parquet,02_PERT_Raw_Data__PERT_Reconciliation.parquet,PERT raw and analysis-ready workbooks and datasets.,Verified Parquet dataset for programmatic analysis.,376346,503587b17a612b6dd0f944aa9b1cbad0591b0d3099dc2a74fde079cc0cd4020d,C:\Users\moham\Documents\Codex\2026-07-28\build\outputs\Simulation_Data\Parquet\02_PERT_Raw_Data__PERT_Reconciliation.parquet,Required,PASS,N/A,50000,6
03_PERT_RESULTS/Parquet/03_PERT_Analysis_Ready__Activity_Statistics.parquet,03_PERT_Analysis_Ready__Activity_Statistics.parquet,PERT raw and analysis-ready workbooks and datasets.,Verified Parquet dataset for programmatic analysis.,4846,2cb10306e9d97407043984458dfef6b7925e9f134320d6abeafc01a979cbd38e,C:\Users\moham\Documents\Codex\2026-07-28\build\outputs\Simulation_Data\Parquet\03_PERT_Analysis_Ready__Activity_Statistics.parquet,Required,PASS,N/A,6,12
03_PERT_RESULTS/Parquet/03_PERT_Analysis_Ready__Analytical_Comparison.parquet,03_PERT_Analysis_Ready__Analytical_Comparison.parquet,PERT raw and analysis-ready workbooks and datasets.,Verified Parquet dataset for programmatic analysis.,2640,c5b969bbed33e29c3967dbe0bea53e58e67213cd22432e863435bbe5e67490bc,C:\Users\moham\Documents\Codex\2026-07-28\build\outputs\Simulation_Data\Parquet\03_PERT_Analysis_Ready__Analytical_Comparison.parquet,Required,PASS,N/A,1,7
03_PERT_RESULTS/Parquet/03_PERT_Analysis_Ready__Convergence.parquet,03_PERT_Analysis_Ready__Convergence.parquet,PERT raw and analysis-ready workbooks and datasets.,Verified Parquet dataset for programmatic analysis.,5658,2fcb0149b83f6eaf31515227425646bf871973fdad24e031b8f2ac298941e10a,C:\Users\moham\Documents\Codex\2026-07-28\build\outputs\Simulation_Data\Parquet\03_PERT_Analysis_Ready__Convergence.parquet,Required,PASS,N/A,100,8
03_PERT_RESULTS/Parquet/03_PERT_Analysis_Ready__Correlation_Matrix.parquet,03_PERT_Analysis_Ready__Correlation_Matrix.parquet,PERT raw and analysis-ready workbooks and datasets.,Verified Parquet dataset for programmatic analysis.,3082,3c3a47e6f40389085ceed400099605b0ee3c4b42e4f8b431738329a9c2f52586,C:\Users\moham\Documents\Codex\2026-07-28\build\outputs\Simulation_Data\Parquet\03_PERT_Analysis_Ready__Correlation_Matrix.parquet,Required,PASS,N/A,7,8
03_PERT_RESULTS/Parquet/03_PERT_Analysis_Ready__Data_Dictionary.parquet,03_PERT_Analysis_Ready__Data_Dictionary.parquet,PERT raw and analysis-ready workbooks and datasets.,Verified Parquet dataset for programmatic analysis.,9312,759fe6ebf12b931262fa6cb826db75bf681e361935a270248352b910cc66065f,C:\Users\moham\Documents\Codex\2026-07-28\build\outputs\Simulation_Data\Parquet\03_PERT_Analysis_Ready__Data_Dictionary.parquet,Required,PASS,N/A,102,13
03_PERT_RESULTS/Parquet/03_PERT_Analysis_Ready__ECDF.parquet,03_PERT_Analysis_Ready__ECDF.parquet,PERT raw and analysis-ready workbooks and datasets.,Verified Parquet dataset for programmatic analysis.,2756,8d53f627ac5d729509ea551565231cce6af6d7c21fec40fc06f4f4a1e33e073c,C:\Users\moham\Documents\Codex\2026-07-28\build\outputs\Simulation_Data\Parquet\03_PERT_Analysis_Ready__ECDF.parquet,Required,PASS,N/A,42,4
03_PERT_RESULTS/Parquet/03_PERT_Analysis_Ready__Histogram_Data.parquet,03_PERT_Analysis_Ready__Histogram_Data.parquet,PERT raw and analysis-ready workbooks and datasets.,Verified Parquet dataset for programmatic analysis.,2084,72c63e041b72b71acbc406787e06fd5b5319581dbcea7a535549781a2c556b9c,C:\Users\moham\Documents\Codex\2026-07-28\build\outputs\Simulation_Data\Parquet\03_PERT_Analysis_Ready__Histogram_Data.parquet,Required,PASS,N/A,42,3
03_PERT_RESULTS/Parquet/03_PERT_Analysis_Ready__Iteration_Matrix.parquet,03_PERT_Analysis_Ready__Iteration_Matrix.parquet,PERT raw and analysis-ready workbooks and datasets.,Verified Parquet dataset for programmatic analysis.,470109,a68929093a14b469be6a1669d08a1393ffa737d587cdfd8291adc748614c6817,C:\Users\moham\Documents\Codex\2026-07-28\build\outputs\Simulation_Data\Parquet\03_PERT_Analysis_Ready__Iteration_Matrix.parquet,Required,PASS,N/A,50000,8
03_PERT_RESULTS/Parquet/03_PERT_Analysis_Ready__P1_P99.parquet,03_PERT_Analysis_Ready__P1_P99.parquet,PERT raw and analysis-ready workbooks and datasets.,Verified Parquet dataset for programmatic analysis.,1698,8bef377bf4cd8c02ae8b17e686c90c1b65fec75dfa5b6fe1fe830e90b8fe6b1c,C:\Users\moham\Documents\Codex\2026-07-28\build\outputs\Simulation_Data\Parquet\03_PERT_Analysis_Ready__P1_P99.parquet,Required,PASS,N/A,99,2
03_PERT_RESULTS/Parquet/03_PERT_Analysis_Ready__Regression_Matrix.parquet,03_PERT_Analysis_Ready__Regression_Matrix.parquet,PERT raw and analysis-ready workbooks and datasets.,Verified Parquet dataset for programmatic analysis.,3895712,85f4f85697267b112eb029e0cc50519612965162ebd4dab43dda3e49f929919a,C:\Users\moham\Documents\Codex\2026-07-28\build\outputs\Simulation_Data\Parquet\03_PERT_Analysis_Ready__Regression_Matrix.parquet,Required,PASS,N/A,50000,15
03_PERT_RESULTS/Parquet/03_PERT_Analysis_Ready__Spearman_Sensitivity.parquet,03_PERT_Analysis_Ready__Spearman_Sensitivity.parquet,PERT raw and analysis-ready workbooks and datasets.,Verified Parquet dataset for programmatic analysis.,2903,bb8cb043641ffacc9c52dfc4fd2fd4d3cbd00673e70cb4ca78b568879dc1b238,C:\Users\moham\Documents\Codex\2026-07-28\build\outputs\Simulation_Data\Parquet\03_PERT_Analysis_Ready__Spearman_Sensitivity.parquet,Required,PASS,N/A,6,6
03_PERT_RESULTS/Parquet/03_PERT_Analysis_Ready__Summary_Statistics.parquet,03_PERT_Analysis_Ready__Summary_Statistics.parquet,PERT raw and analysis-ready workbooks and datasets.,Verified Parquet dataset for programmatic analysis.,6700,e45152a9e013c992800c6c33bb3dc3863450d02aa0319aa055b1948564b929fa,C:\Users\moham\Documents\Codex\2026-07-28\build\outputs\Simulation_Data\Parquet\03_PERT_Analysis_Ready__Summary_Statistics.parquet,Required,PASS,N/A,7,16
04_GERT_RESULTS/04_GERT_Iteration_Data.xlsx,04_GERT_Iteration_Data.xlsx,"GERT iteration, traversal, structure-event, and analysis-ready data.","Excel workbook for review, analysis, audit, or package inventory.",14421228,e3c63ee8645691e470296680c1e3b1eb64fcee48acbdf23b16dbeb8843883d46,C:\Users\moham\Documents\Codex\2026-07-28\build\outputs\Simulation_Data\04_GERT_Iteration_Data.xlsx,Required,PASS,PASS,,
04_GERT_RESULTS/05_GERT_Traversal_Data.xlsx,05_GERT_Traversal_Data.xlsx,"GERT iteration, traversal, structure-event, and analysis-ready data.","Excel workbook for review, analysis, audit, or package inventory.",36198502,19fe5905c445ab0cea866f67cc8fffbb55dd165ace427c729f82f81236b5c478,C:\Users\moham\Documents\Codex\2026-07-28\build\outputs\Simulation_Data\05_GERT_Traversal_Data.xlsx,Required,PASS,PASS,,
04_GERT_RESULTS/06_GERT_Structure_Events.xlsx,06_GERT_Structure_Events.xlsx,"GERT iteration, traversal, structure-event, and analysis-ready data.","Excel workbook for review, analysis, audit, or package inventory.",36629083,75e433581151f45e6978ce05f9140bdbce8353f7b01f8b5cb202603e7e49e8bb,C:\Users\moham\Documents\Codex\2026-07-28\build\outputs\Simulation_Data\06_GERT_Structure_Events.xlsx,Required,PASS,PASS,,
04_GERT_RESULTS/07_GERT_Analysis_Ready.xlsx,07_GERT_Analysis_Ready.xlsx,"GERT iteration, traversal, structure-event, and analysis-ready data.","Excel workbook for review, analysis, audit, or package inventory.",37923616,932ba8d1b3dc19c02c5955130c19050861082f6a4fb0154b43b157b311d54d62,C:\Users\moham\Documents\Codex\2026-07-28\build\outputs\Simulation_Data\07_GERT_Analysis_Ready.xlsx,Required,PASS,PASS,,
04_GERT_RESULTS/CSV/04_GERT_Iteration_Data__Data_Dictionary.csv,04_GERT_Iteration_Data__Data_Dictionary.csv,"GERT iteration, traversal, structure-event, and analysis-ready data.",Verified CSV dataset or report for universal access.,49809,a23a249a33ade4b5c1ccf7775bc4b7a2c24105b643c2b9b0466f14af293d2689,C:\Users\moham\Documents\Codex\2026-07-28\build\outputs\Simulation_Data\CSV\04_GERT_Iteration_Data__Data_Dictionary.csv,Required,PASS,N/A,151,13
04_GERT_RESULTS/CSV/04_GERT_Iteration_Data__Invalid_Iterations.csv,04_GERT_Iteration_Data__Invalid_Iterations.csv,"GERT iteration, traversal, structure-event, and analysis-ready data.",Verified CSV dataset or report for universal access.,115,f09260ecdf4c570d1445db71fc32db6e6dd9757dd195d9b29454c5aaa0df24ba,C:\Users\moham\Documents\Codex\2026-07-28\build\outputs\Simulation_Data\CSV\04_GERT_Iteration_Data__Invalid_Iterations.csv,Required,PASS,N/A,1,4
04_GERT_RESULTS/CSV/04_GERT_Iteration_Data__Iteration_Summary.csv,04_GERT_Iteration_Data__Iteration_Summary.csv,"GERT iteration, traversal, structure-event, and analysis-ready data.",Verified CSV dataset or report for universal access.,10733368,e8cbd4b711bacce0b2d9b953c19f4e68ab751081966582e69156e18c0be0a906,C:\Users\moham\Documents\Codex\2026-07-28\build\outputs\Simulation_Data\CSV\04_GERT_Iteration_Data__Iteration_Summary.csv,Required,PASS,N/A,50000,37
04_GERT_RESULTS/CSV/04_GERT_Iteration_Data__Outcome_Summary.csv,04_GERT_Iteration_Data__Outcome_Summary.csv,"GERT iteration, traversal, structure-event, and analysis-ready data.",Verified CSV dataset or report for universal access.,268,523fd03d132d3ed2927c126a0c1840645354de91b40967c5815bedbc129ab79d,C:\Users\moham\Documents\Codex\2026-07-28\build\outputs\Simulation_Data\CSV\04_GERT_Iteration_Data__Outcome_Summary.csv,Required,PASS,N/A,4,5
04_GERT_RESULTS/CSV/04_GERT_Iteration_Data__Path_Register.csv,04_GERT_Iteration_Data__Path_Register.csv,"GERT iteration, traversal, structure-event, and analysis-ready data.",Verified CSV dataset or report for universal access.,87335,e63f0e9803bde6a0de220b5aa159d9e5eec08bc18ba1480e57a862483d52dd90,C:\Users\moham\Documents\Codex\2026-07-28\build\outputs\Simulation_Data\CSV\04_GERT_Iteration_Data__Path_Register.csv,Required,PASS,N/A,380,18
04_GERT_RESULTS/CSV/04_GERT_Iteration_Data__Successful_Iterations.csv,04_GERT_Iteration_Data__Successful_Iterations.csv,"GERT iteration, traversal, structure-event, and analysis-ready data.",Verified CSV dataset or report for universal access.,6584998,1298d2954fb309d8bc9aa02566014772ba44e37786a68752ab67fa50d58f1605,C:\Users\moham\Documents\Codex\2026-07-28\build\outputs\Simulation_Data\CSV\04_GERT_Iteration_Data__Successful_Iterations.csv,Required,PASS,N/A,28871,37
04_GERT_RESULTS/CSV/04_GERT_Iteration_Data__Terminated_Iterations.csv,04_GERT_Iteration_Data__Terminated_Iterations.csv,"GERT iteration, traversal, structure-event, and analysis-ready data.",Verified CSV dataset or report for universal access.,4148896,fbde2e55b217e62690065012299fe7d414981cac019d3c00ab16b452f68b00b4,C:\Users\moham\Documents\Codex\2026-07-28\build\outputs\Simulation_Data\CSV\04_GERT_Iteration_Data__Terminated_Iterations.csv,Required,PASS,N/A,21129,37
04_GERT_RESULTS/CSV/05_GERT_Traversal_Data__Traversal_Data_Dictionary.csv,05_GERT_Traversal_Data__Traversal_Data_Dictionary.csv,"GERT iteration, traversal, structure-event, and analysis-ready data.",Verified CSV dataset or report for universal access.,27504,da1be0dd66549112f3c6306be50953ce5d4bd79a93fbba205324ff750f905a75,C:\Users\moham\Documents\Codex\2026-07-28\build\outputs\Simulation_Data\CSV\05_GERT_Traversal_Data__Traversal_Data_Dictionary.csv,Required,PASS,N/A,83,13
04_GERT_RESULTS/CSV/05_GERT_Traversal_Data__Traversals_Part_01.csv.gz,05_GERT_Traversal_Data__Traversals_Part_01.csv.gz,"GERT iteration, traversal, structure-event, and analysis-ready data.",Verified CSV dataset or report for universal access.,4484989,9b94096c20931865a5ac63c7844ca04da6792d4a4dc9468bfec8690d0e19c244,C:\Users\moham\Documents\Codex\2026-07-28\build\outputs\Simulation_Data\CSV\05_GERT_Traversal_Data__Traversals_Part_01.csv.gz,Required,PASS,N/A,113403,35
04_GERT_RESULTS/CSV/05_GERT_Traversal_Data__Traversals_Part_02.csv.gz,05_GERT_Traversal_Data__Traversals_Part_02.csv.gz,"GERT iteration, traversal, structure-event, and analysis-ready data.",Verified CSV dataset or report for universal access.,4487039,ac9fb02687fe84ca33aa01dcbf1bffbaffcf2026f82770c5bc72b482adc589d2,C:\Users\moham\Documents\Codex\2026-07-28\build\outputs\Simulation_Data\CSV\05_GERT_Traversal_Data__Traversals_Part_02.csv.gz,Required,PASS,N/A,113429,35
04_GERT_RESULTS/CSV/06_GERT_Structure_Events__Arc_Activations.csv.gz,06_GERT_Structure_Events__Arc_Activations.csv.gz,"GERT iteration, traversal, structure-event, and analysis-ready data.",Verified CSV dataset or report for universal access.,2619765,0192032c6b76442ae40b155e8e61bea65d027516c7fe7f8cf91974efd975128c,C:\Users\moham\Documents\Codex\2026-07-28\build\outputs\Simulation_Data\CSV\06_GERT_Structure_Events__Arc_Activations.csv.gz,Required,PASS,N/A,223606,8
04_GERT_RESULTS/CSV/06_GERT_Structure_Events__Arc_Duration_Records.csv.gz,06_GERT_Structure_Events__Arc_Duration_Records.csv.gz,"GERT iteration, traversal, structure-event, and analysis-ready data.",Verified CSV dataset or report for universal access.,4458379,43e4a3bbb32ae3303424f9bdaaa7ba2fd288ad4cadbfe171b347a99809f32bf3,C:\Users\moham\Documents\Codex\2026-07-28\build\outputs\Simulation_Data\CSV\06_GERT_Structure_Events__Arc_Duration_Records.csv.gz,Required,PASS,N/A,226832,12
04_GERT_RESULTS/CSV/06_GERT_Structure_Events__Arc_Traversal_Counts.csv,06_GERT_Structure_Events__Arc_Traversal_Counts.csv,"GERT iteration, traversal, structure-event, and analysis-ready data.",Verified CSV dataset or report for universal access.,1419,d488fbe6bf3ec521894705c74fd48b4d5f40442146f23c8b562131fd5d7642ad,C:\Users\moham\Documents\Codex\2026-07-28\build\outputs\Simulation_Data\CSV\06_GERT_Structure_Events__Arc_Traversal_Counts.csv,Required,PASS,N/A,30,5
04_GERT_RESULTS/CSV/06_GERT_Structure_Events__Cap_Events.csv,06_GERT_Structure_Events__Cap_Events.csv,"GERT iteration, traversal, structure-event, and analysis-ready data.",Verified CSV dataset or report for universal access.,4608,cd923a7d9223de4b447172c18eab9ea150b8fb614c3955ae216aa4f4b3c72e8e,C:\Users\moham\Documents\Codex\2026-07-28\build\outputs\Simulation_Data\CSV\06_GERT_Structure_Events__Cap_Events.csv,Required,PASS,N/A,147,7
04_GERT_RESULTS/CSV/06_GERT_Structure_Events__Data_Dictionary.csv,06_GERT_Structure_Events__Data_Dictionary.csv,"GERT iteration, traversal, structure-event, and analysis-ready data.",Verified CSV dataset or report for universal access.,34683,29380a21fee0cd8900dd368b65e45e2a71447603e32804c417fee4defdd9ef33,C:\Users\moham\Documents\Codex\2026-07-28\build\outputs\Simulation_Data\CSV\06_GERT_Structure_Events__Data_Dictionary.csv,Required,PASS,N/A,105,13
04_GERT_RESULTS/CSV/06_GERT_Structure_Events__Dispute_Visits.csv,06_GERT_Structure_Events__Dispute_Visits.csv,"GERT iteration, traversal, structure-event, and analysis-ready data.",Verified CSV dataset or report for universal access.,39020,85ec65a31b7b04f0a84d83306ed42b30ba84683f071fad26e75546f9959bd017,C:\Users\moham\Documents\Codex\2026-07-28\build\outputs\Simulation_Data\CSV\06_GERT_Structure_Events__Dispute_Visits.csv,Required,PASS,N/A,1188,8
04_GERT_RESULTS/CSV/06_GERT_Structure_Events__Loop_Counts_by_Iteration.csv,06_GERT_Structure_Events__Loop_Counts_by_Iteration.csv,"GERT iteration, traversal, structure-event, and analysis-ready data.",Verified CSV dataset or report for universal access.,1489032,de9759f71e069c784746296ac77d9fb07e52afccebba5a3da3f32194dcc10737,C:\Users\moham\Documents\Codex\2026-07-28\build\outputs\Simulation_Data\CSV\06_GERT_Structure_Events__Loop_Counts_by_Iteration.csv,Required,PASS,N/A,50000,13
04_GERT_RESULTS/CSV/06_GERT_Structure_Events__Loop_Events.csv,06_GERT_Structure_Events__Loop_Events.csv,"GERT iteration, traversal, structure-event, and analysis-ready data.",Verified CSV dataset or report for universal access.,377111,67d8b09554ab5a3befe33bff01e6fc97dfd13479c19301b96f5c8b2b3d828193,C:\Users\moham\Documents\Codex\2026-07-28\build\outputs\Simulation_Data\CSV\06_GERT_Structure_Events__Loop_Events.csv,Required,PASS,N/A,6082,13
04_GERT_RESULTS/CSV/06_GERT_Structure_Events__Node_Visits.csv.gz,06_GERT_Structure_Events__Node_Visits.csv.gz,"GERT iteration, traversal, structure-event, and analysis-ready data.",Verified CSV dataset or report for universal access.,925162,2a8c4ad5b7fa395c6840b658332c82b98cc47863898efed4c5dc1cb9c7f3ae31,C:\Users\moham\Documents\Codex\2026-07-28\build\outputs\Simulation_Data\CSV\06_GERT_Structure_Events__Node_Visits.csv.gz,Required,PASS,N/A,276832,10
04_GERT_RESULTS/CSV/06_GERT_Structure_Events__Renormalisation_Events.csv,06_GERT_Structure_Events__Renormalisation_Events.csv,"GERT iteration, traversal, structure-event, and analysis-ready data.",Verified CSV dataset or report for universal access.,43331,4911cb073727c0f3fbb1742276913d3814e0e3bca818772b8f749a0c938b213c,C:\Users\moham\Documents\Codex\2026-07-28\build\outputs\Simulation_Data\CSV\06_GERT_Structure_Events__Renormalisation_Events.csv,Required,PASS,N/A,138,13
04_GERT_RESULTS/CSV/06_GERT_Structure_Events__Transition_Counts.csv,06_GERT_Structure_Events__Transition_Counts.csv,"GERT iteration, traversal, structure-event, and analysis-ready data.",Verified CSV dataset or report for universal access.,491,75052021b95c568515f47bafde9b9f84f61b3d068c657f1f616856d5ee7e0961,C:\Users\moham\Documents\Codex\2026-07-28\build\outputs\Simulation_Data\CSV\06_GERT_Structure_Events__Transition_Counts.csv,Required,PASS,N/A,18,3
04_GERT_RESULTS/CSV/07_GERT_Analysis_Ready__Arc_Activation_Matrix.csv,07_GERT_Analysis_Ready__Arc_Activation_Matrix.csv,"GERT iteration, traversal, structure-event, and analysis-ready data.",Verified CSV dataset or report for universal access.,3189313,31f25eb49969d895f9956c355b7f4f1b237d648b98dcbc840a8e4db5a38dd01e,C:\Users\moham\Documents\Codex\2026-07-28\build\outputs\Simulation_Data\CSV\07_GERT_Analysis_Ready__Arc_Activation_Matrix.csv,Required,PASS,N/A,50000,30
04_GERT_RESULTS/CSV/07_GERT_Analysis_Ready__Arc_Duration_Matrix.csv,07_GERT_Analysis_Ready__Arc_Duration_Matrix.csv,"GERT iteration, traversal, structure-event, and analysis-ready data.",Verified CSV dataset or report for universal access.,3303686,eca4dad511d05e935295b3b6993d1e1b520dd913a604d791ff13e6b7d4c168e8,C:\Users\moham\Documents\Codex\2026-07-28\build\outputs\Simulation_Data\CSV\07_GERT_Analysis_Ready__Arc_Duration_Matrix.csv,Required,PASS,N/A,50000,30
04_GERT_RESULTS/CSV/07_GERT_Analysis_Ready__Arc_Traversal_Matrix.csv,07_GERT_Analysis_Ready__Arc_Traversal_Matrix.csv,"GERT iteration, traversal, structure-event, and analysis-ready data.",Verified CSV dataset or report for universal access.,3189342,214f5391917fffdd3b84a34a0beeedc077d4d65685d3563d6b62c1543ab9a468,C:\Users\moham\Documents\Codex\2026-07-28\build\outputs\Simulation_Data\CSV\07_GERT_Analysis_Ready__Arc_Traversal_Matrix.csv,Required,PASS,N/A,50000,30
04_GERT_RESULTS/CSV/07_GERT_Analysis_Ready__Correlation_Register.csv,07_GERT_Analysis_Ready__Correlation_Register.csv,"GERT iteration, traversal, structure-event, and analysis-ready data.",Verified CSV dataset or report for universal access.,31250,06891042f46d487fe3b5fd88c613c27071d4ceb10db906ac6caa9e34a51e1bc3,C:\Users\moham\Documents\Codex\2026-07-28\build\outputs\Simulation_Data\CSV\07_GERT_Analysis_Ready__Correlation_Register.csv,Required,PASS,N/A,260,7
04_GERT_RESULTS/CSV/07_GERT_Analysis_Ready__Data_Dictionary.csv,07_GERT_Analysis_Ready__Data_Dictionary.csv,"GERT iteration, traversal, structure-event, and analysis-ready data.",Verified CSV dataset or report for universal access.,121723,53246a8892f4e9d42a050cdf3091462f6d2fe3dca708901e858bfddd6d48c80f,C:\Users\moham\Documents\Codex\2026-07-28\build\outputs\Simulation_Data\CSV\07_GERT_Analysis_Ready__Data_Dictionary.csv,Required,PASS,N/A,344,13
04_GERT_RESULTS/CSV/07_GERT_Analysis_Ready__ECDF_Data.csv,07_GERT_Analysis_Ready__ECDF_Data.csv,"GERT iteration, traversal, structure-event, and analysis-ready data.",Verified CSV dataset or report for universal access.,13033,88cdb3e7f5704cd0ad89a97a8e3615b0c57081efa51dd2223e5e3f5c7223a2d4,C:\Users\moham\Documents\Codex\2026-07-28\build\outputs\Simulation_Data\CSV\07_GERT_Analysis_Ready__ECDF_Data.csv,Required,PASS,N/A,301,5
04_GERT_RESULTS/CSV/07_GERT_Analysis_Ready__Histogram_Data.csv,07_GERT_Analysis_Ready__Histogram_Data.csv,"GERT iteration, traversal, structure-event, and analysis-ready data.",Verified CSV dataset or report for universal access.,12072,6c0b88dfa1f051e88e2dc603d5c99085c740ed47efbb47d7fdd74d887b4fd706,C:\Users\moham\Documents\Codex\2026-07-28\build\outputs\Simulation_Data\CSV\07_GERT_Analysis_Ready__Histogram_Data.csv,Required,PASS,N/A,301,4
04_GERT_RESULTS/CSV/07_GERT_Analysis_Ready__Iteration_Feature_Matrix.csv,07_GERT_Analysis_Ready__Iteration_Feature_Matrix.csv,"GERT iteration, traversal, structure-event, and analysis-ready data.",Verified CSV dataset or report for universal access.,14615064,f132be8664f06caa453e8be5305b18d02084bcba1efd585769ae537bc2d8961f,C:\Users\moham\Documents\Codex\2026-07-28\build\outputs\Simulation_Data\CSV\07_GERT_Analysis_Ready__Iteration_Feature_Matrix.csv,Required,PASS,N/A,50000,138
04_GERT_RESULTS/CSV/07_GERT_Analysis_Ready__Loop_Count_Matrix.csv,07_GERT_Analysis_Ready__Loop_Count_Matrix.csv,"GERT iteration, traversal, structure-event, and analysis-ready data.",Verified CSV dataset or report for universal access.,2289197,d321bde31f44cc2e9181e731d05065ac652e621d18ab5375eead34e447efe3a7,C:\Users\moham\Documents\Codex\2026-07-28\build\outputs\Simulation_Data\CSV\07_GERT_Analysis_Ready__Loop_Count_Matrix.csv,Required,PASS,N/A,50000,21
04_GERT_RESULTS/CSV/07_GERT_Analysis_Ready__Node_Visit_Matrix.csv,07_GERT_Analysis_Ready__Node_Visit_Matrix.csv,"GERT iteration, traversal, structure-event, and analysis-ready data.",Verified CSV dataset or report for universal access.,2289117,1e7528d3376216fddab3e9fb2c187bbfd047110e371430a1550a636db2f824a7,C:\Users\moham\Documents\Codex\2026-07-28\build\outputs\Simulation_Data\CSV\07_GERT_Analysis_Ready__Node_Visit_Matrix.csv,Required,PASS,N/A,50000,21
04_GERT_RESULTS/CSV/07_GERT_Analysis_Ready__Outcome_Matrix.csv,07_GERT_Analysis_Ready__Outcome_Matrix.csv,"GERT iteration, traversal, structure-event, and analysis-ready data.",Verified CSV dataset or report for universal access.,1544848,653c4ab5c6e61677cd60eed64be3230f38a91661588f0f33ed7017959a46570d,C:\Users\moham\Documents\Codex\2026-07-28\build\outputs\Simulation_Data\CSV\07_GERT_Analysis_Ready__Outcome_Matrix.csv,Required,PASS,N/A,50000,8
04_GERT_RESULTS/CSV/07_GERT_Analysis_Ready__P1_P99_by_Outcome.csv,07_GERT_Analysis_Ready__P1_P99_by_Outcome.csv,"GERT iteration, traversal, structure-event, and analysis-ready data.",Verified CSV dataset or report for universal access.,3378,b4885f867a3222ab3a98addece9fed0d60dba754ef7bfd1d5706caea516c8ba4,C:\Users\moham\Documents\Codex\2026-07-28\build\outputs\Simulation_Data\CSV\07_GERT_Analysis_Ready__P1_P99_by_Outcome.csv,Required,PASS,N/A,198,3
04_GERT_RESULTS/CSV/07_GERT_Analysis_Ready__Path_Metrics.csv,07_GERT_Analysis_Ready__Path_Metrics.csv,"GERT iteration, traversal, structure-event, and analysis-ready data.",Verified CSV dataset or report for universal access.,87335,e63f0e9803bde6a0de220b5aa159d9e5eec08bc18ba1480e57a862483d52dd90,C:\Users\moham\Documents\Codex\2026-07-28\build\outputs\Simulation_Data\CSV\07_GERT_Analysis_Ready__Path_Metrics.csv,Required,PASS,N/A,380,18
04_GERT_RESULTS/CSV/07_GERT_Analysis_Ready__Summary_Statistics.csv,07_GERT_Analysis_Ready__Summary_Statistics.csv,"GERT iteration, traversal, structure-event, and analysis-ready data.",Verified CSV dataset or report for universal access.,577,4118b11b48d932e50d24bfb4c2cbad54c9e1273551f3800682dc6b3cebf99704,C:\Users\moham\Documents\Codex\2026-07-28\build\outputs\Simulation_Data\CSV\07_GERT_Analysis_Ready__Summary_Statistics.csv,Required,PASS,N/A,4,16
04_GERT_RESULTS/Parquet/04_GERT_Iteration_Data__Data_Dictionary.parquet,04_GERT_Iteration_Data__Data_Dictionary.parquet,"GERT iteration, traversal, structure-event, and analysis-ready data.",Verified Parquet dataset for programmatic analysis.,9391,df0dc08e57e33d7be21db87997e3adc3d0b39b15702ee53227c4807bdd334703,C:\Users\moham\Documents\Codex\2026-07-28\build\outputs\Simulation_Data\Parquet\04_GERT_Iteration_Data__Data_Dictionary.parquet,Required,PASS,N/A,151,13
04_GERT_RESULTS/Parquet/04_GERT_Iteration_Data__Invalid_Iterations.parquet,04_GERT_Iteration_Data__Invalid_Iterations.parquet,"GERT iteration, traversal, structure-event, and analysis-ready data.",Verified Parquet dataset for programmatic analysis.,2119,cbcafda63416d88d13baa08062da69edce45e9fbb1f0d570c664dea180200b0e,C:\Users\moham\Documents\Codex\2026-07-28\build\outputs\Simulation_Data\Parquet\04_GERT_Iteration_Data__Invalid_Iterations.parquet,Required,PASS,N/A,1,4
04_GERT_RESULTS/Parquet/04_GERT_Iteration_Data__Iteration_Summary.parquet,04_GERT_Iteration_Data__Iteration_Summary.parquet,"GERT iteration, traversal, structure-event, and analysis-ready data.",Verified Parquet dataset for programmatic analysis.,1257985,5e8ab7f850f6b3ce5c36de53dc5bb894bddd4749d77a5eda487ffdafb2e77732,C:\Users\moham\Documents\Codex\2026-07-28\build\outputs\Simulation_Data\Parquet\04_GERT_Iteration_Data__Iteration_Summary.parquet,Required,PASS,N/A,50000,37
04_GERT_RESULTS/Parquet/04_GERT_Iteration_Data__Outcome_Summary.parquet,04_GERT_Iteration_Data__Outcome_Summary.parquet,"GERT iteration, traversal, structure-event, and analysis-ready data.",Verified Parquet dataset for programmatic analysis.,2030,6894d48233bdeb1b04567621fa5a58e7b363e00629354ffa6eb36fc26447ef1a,C:\Users\moham\Documents\Codex\2026-07-28\build\outputs\Simulation_Data\Parquet\04_GERT_Iteration_Data__Outcome_Summary.parquet,Required,PASS,N/A,4,5
04_GERT_RESULTS/Parquet/04_GERT_Iteration_Data__Path_Register.parquet,04_GERT_Iteration_Data__Path_Register.parquet,"GERT iteration, traversal, structure-event, and analysis-ready data.",Verified Parquet dataset for programmatic analysis.,55500,7b2b7c3e8087cbb814022ad123dca1607ca41c75ab72fe7fbf89de0a505b54ee,C:\Users\moham\Documents\Codex\2026-07-28\build\outputs\Simulation_Data\Parquet\04_GERT_Iteration_Data__Path_Register.parquet,Required,PASS,N/A,380,18
04_GERT_RESULTS/Parquet/04_GERT_Iteration_Data__Successful_Iterations.parquet,04_GERT_Iteration_Data__Successful_Iterations.parquet,"GERT iteration, traversal, structure-event, and analysis-ready data.",Verified Parquet dataset for programmatic analysis.,723162,f8ff70251352620e2fa4d9c489edfedd89ec245297293b27ca1ab7c74bb864da,C:\Users\moham\Documents\Codex\2026-07-28\build\outputs\Simulation_Data\Parquet\04_GERT_Iteration_Data__Successful_Iterations.parquet,Required,PASS,N/A,28871,37
04_GERT_RESULTS/Parquet/04_GERT_Iteration_Data__Terminated_Iterations.parquet,04_GERT_Iteration_Data__Terminated_Iterations.parquet,"GERT iteration, traversal, structure-event, and analysis-ready data.",Verified Parquet dataset for programmatic analysis.,416999,314a0fd30e393e99f852a8887ec4abe420d7733b838d850c4044bd1dd35a3272,C:\Users\moham\Documents\Codex\2026-07-28\build\outputs\Simulation_Data\Parquet\04_GERT_Iteration_Data__Terminated_Iterations.parquet,Required,PASS,N/A,21129,37
04_GERT_RESULTS/Parquet/05_GERT_Traversal_Data__Traversal_Data_Dictionary.parquet,05_GERT_Traversal_Data__Traversal_Data_Dictionary.parquet,"GERT iteration, traversal, structure-event, and analysis-ready data.",Verified Parquet dataset for programmatic analysis.,8644,f056f6d083c4d156c84f4dce1915bf3df92e6cf80b28f42511eeea6432e5df2a,C:\Users\moham\Documents\Codex\2026-07-28\build\outputs\Simulation_Data\Parquet\05_GERT_Traversal_Data__Traversal_Data_Dictionary.parquet,Required,PASS,N/A,83,13
04_GERT_RESULTS/Parquet/05_GERT_Traversal_Data__Traversals_Part_01.parquet,05_GERT_Traversal_Data__Traversals_Part_01.parquet,"GERT iteration, traversal, structure-event, and analysis-ready data.",Verified Parquet dataset for programmatic analysis.,4563684,13b3d4df438ecd55ed1b87498b1ffeb82b998381d56c981c6654cda8461293bb,C:\Users\moham\Documents\Codex\2026-07-28\build\outputs\Simulation_Data\Parquet\05_GERT_Traversal_Data__Traversals_Part_01.parquet,Required,PASS,N/A,113403,35
04_GERT_RESULTS/Parquet/05_GERT_Traversal_Data__Traversals_Part_02.parquet,05_GERT_Traversal_Data__Traversals_Part_02.parquet,"GERT iteration, traversal, structure-event, and analysis-ready data.",Verified Parquet dataset for programmatic analysis.,4556233,d080b2b53062fb4b6937ef67519fdfb347f50bc5942bda89436370a5655e81d0,C:\Users\moham\Documents\Codex\2026-07-28\build\outputs\Simulation_Data\Parquet\05_GERT_Traversal_Data__Traversals_Part_02.parquet,Required,PASS,N/A,113429,35
04_GERT_RESULTS/Parquet/06_GERT_Structure_Events__Arc_Activations.parquet,06_GERT_Structure_Events__Arc_Activations.parquet,"GERT iteration, traversal, structure-event, and analysis-ready data.",Verified Parquet dataset for programmatic analysis.,2598154,87a4050a58d94f4943f519ca140c2b2bdabf6438a419288233bf58b1888112f7,C:\Users\moham\Documents\Codex\2026-07-28\build\outputs\Simulation_Data\Parquet\06_GERT_Structure_Events__Arc_Activations.parquet,Required,PASS,N/A,223606,8
04_GERT_RESULTS/Parquet/06_GERT_Structure_Events__Arc_Duration_Records.parquet,06_GERT_Structure_Events__Arc_Duration_Records.parquet,"GERT iteration, traversal, structure-event, and analysis-ready data.",Verified Parquet dataset for programmatic analysis.,4621852,c38fe0ee22b153b7a421d78d7bdef49808c3c3b1d158a296bb0945290ef7dc04,C:\Users\moham\Documents\Codex\2026-07-28\build\outputs\Simulation_Data\Parquet\06_GERT_Structure_Events__Arc_Duration_Records.parquet,Required,PASS,N/A,226832,12
04_GERT_RESULTS/Parquet/06_GERT_Structure_Events__Arc_Traversal_Counts.parquet,06_GERT_Structure_Events__Arc_Traversal_Counts.parquet,"GERT iteration, traversal, structure-event, and analysis-ready data.",Verified Parquet dataset for programmatic analysis.,2916,41ccfc5fbd21e2415bf6eaf3531c227cef34ebccba15c54a8c90df4b01b7cba5,C:\Users\moham\Documents\Codex\2026-07-28\build\outputs\Simulation_Data\Parquet\06_GERT_Structure_Events__Arc_Traversal_Counts.parquet,Required,PASS,N/A,30,5
04_GERT_RESULTS/Parquet/06_GERT_Structure_Events__Cap_Events.parquet,06_GERT_Structure_Events__Cap_Events.parquet,"GERT iteration, traversal, structure-event, and analysis-ready data.",Verified Parquet dataset for programmatic analysis.,4223,c766ab84cc74e4db3e4a660a89a39baf6fd51ec24a19260848b950d43650aebd,C:\Users\moham\Documents\Codex\2026-07-28\build\outputs\Simulation_Data\Parquet\06_GERT_Structure_Events__Cap_Events.parquet,Required,PASS,N/A,147,7
04_GERT_RESULTS/Parquet/06_GERT_Structure_Events__Data_Dictionary.parquet,06_GERT_Structure_Events__Data_Dictionary.parquet,"GERT iteration, traversal, structure-event, and analysis-ready data.",Verified Parquet dataset for programmatic analysis.,9668,1aa63e6e01fc8dc154b1defc2fa8576b2f1e979eac847757b6c59f192da50cda,C:\Users\moham\Documents\Codex\2026-07-28\build\outputs\Simulation_Data\Parquet\06_GERT_Structure_Events__Data_Dictionary.parquet,Required,PASS,N/A,105,13
04_GERT_RESULTS/Parquet/06_GERT_Structure_Events__Dispute_Visits.parquet,06_GERT_Structure_Events__Dispute_Visits.parquet,"GERT iteration, traversal, structure-event, and analysis-ready data.",Verified Parquet dataset for programmatic analysis.,14130,0199df6bcc86c3d6846db11f713d43aa2fc845b4818622fa161be182ab56ac19,C:\Users\moham\Documents\Codex\2026-07-28\build\outputs\Simulation_Data\Parquet\06_GERT_Structure_Events__Dispute_Visits.parquet,Required,PASS,N/A,1188,8
04_GERT_RESULTS/Parquet/06_GERT_Structure_Events__Loop_Counts_by_Iteration.parquet,06_GERT_Structure_Events__Loop_Counts_by_Iteration.parquet,"GERT iteration, traversal, structure-event, and analysis-ready data.",Verified Parquet dataset for programmatic analysis.,338869,f17b94a34a2819e83654fb38599af996882a4ccf019b47baff005b1442be6e02,C:\Users\moham\Documents\Codex\2026-07-28\build\outputs\Simulation_Data\Parquet\06_GERT_Structure_Events__Loop_Counts_by_Iteration.parquet,Required,PASS,N/A,50000,13
04_GERT_RESULTS/Parquet/06_GERT_Structure_Events__Loop_Events.parquet,06_GERT_Structure_Events__Loop_Events.parquet,"GERT iteration, traversal, structure-event, and analysis-ready data.",Verified Parquet dataset for programmatic analysis.,115427,b3d946ad9819f62108f3789c8cb1636aa4afe7aef2ff6a2e24d5f1380dcab253,C:\Users\moham\Documents\Codex\2026-07-28\build\outputs\Simulation_Data\Parquet\06_GERT_Structure_Events__Loop_Events.parquet,Required,PASS,N/A,6082,13
04_GERT_RESULTS/Parquet/06_GERT_Structure_Events__Node_Visits.parquet,06_GERT_Structure_Events__Node_Visits.parquet,"GERT iteration, traversal, structure-event, and analysis-ready data.",Verified Parquet dataset for programmatic analysis.,958500,ed176c991035343f78c115385589d05f990842b9954877775b93760657e2ae8c,C:\Users\moham\Documents\Codex\2026-07-28\build\outputs\Simulation_Data\Parquet\06_GERT_Structure_Events__Node_Visits.parquet,Required,PASS,N/A,276832,10
04_GERT_RESULTS/Parquet/06_GERT_Structure_Events__Renormalisation_Events.parquet,06_GERT_Structure_Events__Renormalisation_Events.parquet,"GERT iteration, traversal, structure-event, and analysis-ready data.",Verified Parquet dataset for programmatic analysis.,9132,e305a6ee3ec296fadcc12a51e3ce19e2d4a74b774e67d09b142fd3156b535f38,C:\Users\moham\Documents\Codex\2026-07-28\build\outputs\Simulation_Data\Parquet\06_GERT_Structure_Events__Renormalisation_Events.parquet,Required,PASS,N/A,138,13
04_GERT_RESULTS/Parquet/06_GERT_Structure_Events__Transition_Counts.parquet,06_GERT_Structure_Events__Transition_Counts.parquet,"GERT iteration, traversal, structure-event, and analysis-ready data.",Verified Parquet dataset for programmatic analysis.,1643,925c0e0970f0031adc05c619705bd1f37c2351ecf04305c3d7f66b2eb4b4ff74,C:\Users\moham\Documents\Codex\2026-07-28\build\outputs\Simulation_Data\Parquet\06_GERT_Structure_Events__Transition_Counts.parquet,Required,PASS,N/A,18,3
04_GERT_RESULTS/Parquet/07_GERT_Analysis_Ready__Arc_Activation_Matrix.parquet,07_GERT_Analysis_Ready__Arc_Activation_Matrix.parquet,"GERT iteration, traversal, structure-event, and analysis-ready data.",Verified Parquet dataset for programmatic analysis.,393540,b1eec1e35400b317c66909a9f8a1ebe504df9aa3d264ad002f5aff70cd663af7,C:\Users\moham\Documents\Codex\2026-07-28\build\outputs\Simulation_Data\Parquet\07_GERT_Analysis_Ready__Arc_Activation_Matrix.parquet,Required,PASS,N/A,50000,30
04_GERT_RESULTS/Parquet/07_GERT_Analysis_Ready__Arc_Duration_Matrix.parquet,07_GERT_Analysis_Ready__Arc_Duration_Matrix.parquet,"GERT iteration, traversal, structure-event, and analysis-ready data.",Verified Parquet dataset for programmatic analysis.,561555,a5d2f59b7ba92eaefa47e986751417ee81579651e09d69b7517cc18510947cb2,C:\Users\moham\Documents\Codex\2026-07-28\build\outputs\Simulation_Data\Parquet\07_GERT_Analysis_Ready__Arc_Duration_Matrix.parquet,Required,PASS,N/A,50000,30
04_GERT_RESULTS/Parquet/07_GERT_Analysis_Ready__Arc_Traversal_Matrix.parquet,07_GERT_Analysis_Ready__Arc_Traversal_Matrix.parquet,"GERT iteration, traversal, structure-event, and analysis-ready data.",Verified Parquet dataset for programmatic analysis.,461383,f00a240a44d8a25f56bf70cf34d493f5397a17a7991f3c8187e8a5308d6c130b,C:\Users\moham\Documents\Codex\2026-07-28\build\outputs\Simulation_Data\Parquet\07_GERT_Analysis_Ready__Arc_Traversal_Matrix.parquet,Required,PASS,N/A,50000,30
04_GERT_RESULTS/Parquet/07_GERT_Analysis_Ready__Correlation_Register.parquet,07_GERT_Analysis_Ready__Correlation_Register.parquet,"GERT iteration, traversal, structure-event, and analysis-ready data.",Verified Parquet dataset for programmatic analysis.,7290,fdd78fa6790bc536d7c2881ab5683bf5f3b06fe0d6ce0cab20985d8ad7946399,C:\Users\moham\Documents\Codex\2026-07-28\build\outputs\Simulation_Data\Parquet\07_GERT_Analysis_Ready__Correlation_Register.parquet,Required,PASS,N/A,260,7
04_GERT_RESULTS/Parquet/07_GERT_Analysis_Ready__Data_Dictionary.parquet,07_GERT_Analysis_Ready__Data_Dictionary.parquet,"GERT iteration, traversal, structure-event, and analysis-ready data.",Verified Parquet dataset for programmatic analysis.,11507,dbe5850929c5c44e76849a1710e02cfe1d14abc0e2d3a146fcc11011967a71aa,C:\Users\moham\Documents\Codex\2026-07-28\build\outputs\Simulation_Data\Parquet\07_GERT_Analysis_Ready__Data_Dictionary.parquet,Required,PASS,N/A,344,13
04_GERT_RESULTS/Parquet/07_GERT_Analysis_Ready__ECDF_Data.parquet,07_GERT_Analysis_Ready__ECDF_Data.parquet,"GERT iteration, traversal, structure-event, and analysis-ready data.",Verified Parquet dataset for programmatic analysis.,8602,4cb730aa4779e73e2637c7ca087dc9e74dafe0c89085990c91ab944a7afde323,C:\Users\moham\Documents\Codex\2026-07-28\build\outputs\Simulation_Data\Parquet\07_GERT_Analysis_Ready__ECDF_Data.parquet,Required,PASS,N/A,301,5
04_GERT_RESULTS/Parquet/07_GERT_Analysis_Ready__Histogram_Data.parquet,07_GERT_Analysis_Ready__Histogram_Data.parquet,"GERT iteration, traversal, structure-event, and analysis-ready data.",Verified Parquet dataset for programmatic analysis.,4896,7544d10893877e7a8fec0f8a3f78b1eabb15cf09e245d9da761946ccb28147b6,C:\Users\moham\Documents\Codex\2026-07-28\build\outputs\Simulation_Data\Parquet\07_GERT_Analysis_Ready__Histogram_Data.parquet,Required,PASS,N/A,301,4
04_GERT_RESULTS/Parquet/07_GERT_Analysis_Ready__Iteration_Feature_Matrix.parquet,07_GERT_Analysis_Ready__Iteration_Feature_Matrix.parquet,"GERT iteration, traversal, structure-event, and analysis-ready data.",Verified Parquet dataset for programmatic analysis.,1211212,87cddcf77fc3cc0b2414ed47a42c1c377b93bbfa4c8a6e6ca1016a2955ad4ce8,C:\Users\moham\Documents\Codex\2026-07-28\build\outputs\Simulation_Data\Parquet\07_GERT_Analysis_Ready__Iteration_Feature_Matrix.parquet,Required,PASS,N/A,50000,138
04_GERT_RESULTS/Parquet/07_GERT_Analysis_Ready__Loop_Count_Matrix.parquet,07_GERT_Analysis_Ready__Loop_Count_Matrix.parquet,"GERT iteration, traversal, structure-event, and analysis-ready data.",Verified Parquet dataset for programmatic analysis.,344360,e0b6c390b3aabd8823ecf5a5ed9444daa48acfd07ca16a865c83f5a5eac1e4fd,C:\Users\moham\Documents\Codex\2026-07-28\build\outputs\Simulation_Data\Parquet\07_GERT_Analysis_Ready__Loop_Count_Matrix.parquet,Required,PASS,N/A,50000,21
04_GERT_RESULTS/Parquet/07_GERT_Analysis_Ready__Node_Visit_Matrix.parquet,07_GERT_Analysis_Ready__Node_Visit_Matrix.parquet,"GERT iteration, traversal, structure-event, and analysis-ready data.",Verified Parquet dataset for programmatic analysis.,455681,9d6c3d2ed71b864542a833983e98c24d5c94f10f873a31632122c4ffc6f1bd44,C:\Users\moham\Documents\Codex\2026-07-28\build\outputs\Simulation_Data\Parquet\07_GERT_Analysis_Ready__Node_Visit_Matrix.parquet,Required,PASS,N/A,50000,21
04_GERT_RESULTS/Parquet/07_GERT_Analysis_Ready__Outcome_Matrix.parquet,07_GERT_Analysis_Ready__Outcome_Matrix.parquet,"GERT iteration, traversal, structure-event, and analysis-ready data.",Verified Parquet dataset for programmatic analysis.,406922,0055da95801ed59e2bf403f06e51832a9af4df666a54e1f67b2b6b2d60bf80b9,C:\Users\moham\Documents\Codex\2026-07-28\build\outputs\Simulation_Data\Parquet\07_GERT_Analysis_Ready__Outcome_Matrix.parquet,Required,PASS,N/A,50000,8
04_GERT_RESULTS/Parquet/07_GERT_Analysis_Ready__P1_P99_by_Outcome.parquet,07_GERT_Analysis_Ready__P1_P99_by_Outcome.parquet,"GERT iteration, traversal, structure-event, and analysis-ready data.",Verified Parquet dataset for programmatic analysis.,2324,b088c163a4db7fb39004bfbe705d5e3a5ead1bd62ebc4bec168eaa62e971307a,C:\Users\moham\Documents\Codex\2026-07-28\build\outputs\Simulation_Data\Parquet\07_GERT_Analysis_Ready__P1_P99_by_Outcome.parquet,Required,PASS,N/A,198,3
04_GERT_RESULTS/Parquet/07_GERT_Analysis_Ready__Path_Metrics.parquet,07_GERT_Analysis_Ready__Path_Metrics.parquet,"GERT iteration, traversal, structure-event, and analysis-ready data.",Verified Parquet dataset for programmatic analysis.,55500,7b2b7c3e8087cbb814022ad123dca1607ca41c75ab72fe7fbf89de0a505b54ee,C:\Users\moham\Documents\Codex\2026-07-28\build\outputs\Simulation_Data\Parquet\07_GERT_Analysis_Ready__Path_Metrics.parquet,Required,PASS,N/A,380,18
04_GERT_RESULTS/Parquet/07_GERT_Analysis_Ready__Summary_Statistics.parquet,07_GERT_Analysis_Ready__Summary_Statistics.parquet,"GERT iteration, traversal, structure-event, and analysis-ready data.",Verified Parquet dataset for programmatic analysis.,6571,1a68f850a566a2115e0442b223cff86a4ef211be706e373d0c7d6b3bf5f142f1,C:\Users\moham\Documents\Codex\2026-07-28\build\outputs\Simulation_Data\Parquet\07_GERT_Analysis_Ready__Summary_Statistics.parquet,Required,PASS,N/A,4,16
05_EXACT_VERIFICATION/08_Exact_Verification.xlsx,08_Exact_Verification.xlsx,"Finite-state solver outputs, residual diagnostics, and acceptance records.","Excel workbook for review, analysis, audit, or package inventory.",24349,995c3ba8065bc56d4f121b0aad76f8699ee2c7aea632dd3975e8dbe57957efdf,C:\Users\moham\Documents\Codex\2026-07-28\build\outputs\Simulation_Data\08_Exact_Verification.xlsx,Required,PASS,PASS,,
05_EXACT_VERIFICATION/CSV/08_Exact_Verification__Acceptance_Limits.csv,08_Exact_Verification__Acceptance_Limits.csv,"Finite-state solver outputs, residual diagnostics, and acceptance records.",Verified CSV dataset or report for universal access.,5705,06747557a69aa27c7a7dd39ab65b09e2945869e78cd76438656393b48e04bb35,C:\Users\moham\Documents\Codex\2026-07-28\build\outputs\Simulation_Data\CSV\08_Exact_Verification__Acceptance_Limits.csv,Required,PASS,N/A,28,10
05_EXACT_VERIFICATION/CSV/08_Exact_Verification__Data_Dictionary.csv,08_Exact_Verification__Data_Dictionary.csv,"Finite-state solver outputs, residual diagnostics, and acceptance records.",Verified CSV dataset or report for universal access.,19232,306da60981bf5a2233886c84c5ba9c2582deff708506589cd1cadcab84a946d3,C:\Users\moham\Documents\Codex\2026-07-28\build\outputs\Simulation_Data\CSV\08_Exact_Verification__Data_Dictionary.csv,Required,PASS,N/A,59,13
05_EXACT_VERIFICATION/CSV/08_Exact_Verification__Exact_Cap_Probabilities.csv,08_Exact_Verification__Exact_Cap_Probabilities.csv,"Finite-state solver outputs, residual diagnostics, and acceptance records.",Verified CSV dataset or report for universal access.,534,d08dd7af6f48147a27ce096c35b8cf58e74f947056995c0d9ba0233a3a99c1e6,C:\Users\moham\Documents\Codex\2026-07-28\build\outputs\Simulation_Data\CSV\08_Exact_Verification__Exact_Cap_Probabilities.csv,Required,PASS,N/A,10,3
05_EXACT_VERIFICATION/CSV/08_Exact_Verification__Exact_Dispute_Metrics.csv,08_Exact_Verification__Exact_Dispute_Metrics.csv,"Finite-state solver outputs, residual diagnostics, and acceptance records.",Verified CSV dataset or report for universal access.,117,99734fd02e78e73a412a95a3acb9e694bccf42e26b271ecd3321e4c9105d3a66,C:\Users\moham\Documents\Codex\2026-07-28\build\outputs\Simulation_Data\CSV\08_Exact_Verification__Exact_Dispute_Metrics.csv,Required,PASS,N/A,2,2
05_EXACT_VERIFICATION/CSV/08_Exact_Verification__Exact_Duration_Metrics.csv,08_Exact_Verification__Exact_Duration_Metrics.csv,"Finite-state solver outputs, residual diagnostics, and acceptance records.",Verified CSV dataset or report for universal access.,176,66f0164a8d7770bd7c615e0bb89ae8eda46bee8f551744af7476e1dd9d557c96,C:\Users\moham\Documents\Codex\2026-07-28\build\outputs\Simulation_Data\CSV\08_Exact_Verification__Exact_Duration_Metrics.csv,Required,PASS,N/A,3,2
05_EXACT_VERIFICATION/CSV/08_Exact_Verification__Exact_Loop_Activation.csv,08_Exact_Verification__Exact_Loop_Activation.csv,"Finite-state solver outputs, residual diagnostics, and acceptance records.",Verified CSV dataset or report for universal access.,444,bce05ca6b6c66eafd12b0758957c9cb8ed3b60247819eb196a614eda127cbb6e,C:\Users\moham\Documents\Codex\2026-07-28\build\outputs\Simulation_Data\CSV\08_Exact_Verification__Exact_Loop_Activation.csv,Required,PASS,N/A,10,3
05_EXACT_VERIFICATION/CSV/08_Exact_Verification__Exact_Outcomes.csv,08_Exact_Verification__Exact_Outcomes.csv,"Finite-state solver outputs, residual diagnostics, and acceptance records.",Verified CSV dataset or report for universal access.,124,82c7d57859e418800a146b35175a8f3e8dc7674a23dddb4c2ca568b7bfabb46c,C:\Users\moham\Documents\Codex\2026-07-28\build\outputs\Simulation_Data\CSV\08_Exact_Verification__Exact_Outcomes.csv,Required,PASS,N/A,3,2
05_EXACT_VERIFICATION/CSV/08_Exact_Verification__Exact_Transition_Metrics.csv,08_Exact_Verification__Exact_Transition_Metrics.csv,"Finite-state solver outputs, residual diagnostics, and acceptance records.",Verified CSV dataset or report for universal access.,78,fde13b6aaa7801ecee84143a234f3da659f75979444a987d92341cfbbb378bd0,C:\Users\moham\Documents\Codex\2026-07-28\build\outputs\Simulation_Data\CSV\08_Exact_Verification__Exact_Transition_Metrics.csv,Required,PASS,N/A,1,2
05_EXACT_VERIFICATION/CSV/08_Exact_Verification__Monte_Carlo_Comparison.csv,08_Exact_Verification__Monte_Carlo_Comparison.csv,"Finite-state solver outputs, residual diagnostics, and acceptance records.",Verified CSV dataset or report for universal access.,5705,06747557a69aa27c7a7dd39ab65b09e2945869e78cd76438656393b48e04bb35,C:\Users\moham\Documents\Codex\2026-07-28\build\outputs\Simulation_Data\CSV\08_Exact_Verification__Monte_Carlo_Comparison.csv,Required,PASS,N/A,28,10
05_EXACT_VERIFICATION/CSV/08_Exact_Verification__Residual_Diagnostics.csv,08_Exact_Verification__Residual_Diagnostics.csv,"Finite-state solver outputs, residual diagnostics, and acceptance records.",Verified CSV dataset or report for universal access.,370,de13313d3f43263ef4cc38b416b5fd9b1087cfcc8a881d6306ee50d5495b051e,C:\Users\moham\Documents\Codex\2026-07-28\build\outputs\Simulation_Data\CSV\08_Exact_Verification__Residual_Diagnostics.csv,Required,PASS,N/A,3,4
05_EXACT_VERIFICATION/CSV/08_Exact_Verification__Solver_Diagnostics.csv,08_Exact_Verification__Solver_Diagnostics.csv,"Finite-state solver outputs, residual diagnostics, and acceptance records.",Verified CSV dataset or report for universal access.,231,0c6c7c687b8dc7e7ea45a3dd995c98c893dcc0c6c8e1dff32308bf30c95961bd,C:\Users\moham\Documents\Codex\2026-07-28\build\outputs\Simulation_Data\CSV\08_Exact_Verification__Solver_Diagnostics.csv,Required,PASS,N/A,3,5
05_EXACT_VERIFICATION/CSV/08_Exact_Verification__State_Space_Summary.csv,08_Exact_Verification__State_Space_Summary.csv,"Finite-state solver outputs, residual diagnostics, and acceptance records.",Verified CSV dataset or report for universal access.,466,f702f45d2c56d936a2096ac233433b01231f918e81b919e49cb52f497deb2502,C:\Users\moham\Documents\Codex\2026-07-28\build\outputs\Simulation_Data\CSV\08_Exact_Verification__State_Space_Summary.csv,Required,PASS,N/A,7,3
05_EXACT_VERIFICATION/Parquet/08_Exact_Verification__Acceptance_Limits.parquet,08_Exact_Verification__Acceptance_Limits.parquet,"Finite-state solver outputs, residual diagnostics, and acceptance records.",Verified Parquet dataset for programmatic analysis.,5772,a175b567a1ce686dc25675ab62b0588edfcc898d29f1c41d5fa05307d7b1b176,C:\Users\moham\Documents\Codex\2026-07-28\build\outputs\Simulation_Data\Parquet\08_Exact_Verification__Acceptance_Limits.parquet,Required,PASS,N/A,28,10
05_EXACT_VERIFICATION/Parquet/08_Exact_Verification__Data_Dictionary.parquet,08_Exact_Verification__Data_Dictionary.parquet,"Finite-state solver outputs, residual diagnostics, and acceptance records.",Verified Parquet dataset for programmatic analysis.,8687,769527bddd51a8112d6697caa5c8eac6f0e3f83425fd3eb15d4443fb1099d925,C:\Users\moham\Documents\Codex\2026-07-28\build\outputs\Simulation_Data\Parquet\08_Exact_Verification__Data_Dictionary.parquet,Required,PASS,N/A,59,13
05_EXACT_VERIFICATION/Parquet/08_Exact_Verification__Exact_Cap_Probabilities.parquet,08_Exact_Verification__Exact_Cap_Probabilities.parquet,"Finite-state solver outputs, residual diagnostics, and acceptance records.",Verified Parquet dataset for programmatic analysis.,1413,481b1d5a4a87eed7e943373ec4a118126baaeeb5235de490ddb40d703e63c70d,C:\Users\moham\Documents\Codex\2026-07-28\build\outputs\Simulation_Data\Parquet\08_Exact_Verification__Exact_Cap_Probabilities.parquet,Required,PASS,N/A,10,3
05_EXACT_VERIFICATION/Parquet/08_Exact_Verification__Exact_Dispute_Metrics.parquet,08_Exact_Verification__Exact_Dispute_Metrics.parquet,"Finite-state solver outputs, residual diagnostics, and acceptance records.",Verified Parquet dataset for programmatic analysis.,1027,9136a43a119e656b89fb107308e1c32482f5a9a649ad9f24643ac032617ef855,C:\Users\moham\Documents\Codex\2026-07-28\build\outputs\Simulation_Data\Parquet\08_Exact_Verification__Exact_Dispute_Metrics.parquet,Required,PASS,N/A,2,2
05_EXACT_VERIFICATION/Parquet/08_Exact_Verification__Exact_Duration_Metrics.parquet,08_Exact_Verification__Exact_Duration_Metrics.parquet,"Finite-state solver outputs, residual diagnostics, and acceptance records.",Verified Parquet dataset for programmatic analysis.,1086,b366d4c871c1e876aba2e8e79698e892dcd7b14fedc24f20d8ac22702e76b983,C:\Users\moham\Documents\Codex\2026-07-28\build\outputs\Simulation_Data\Parquet\08_Exact_Verification__Exact_Duration_Metrics.parquet,Required,PASS,N/A,3,2
05_EXACT_VERIFICATION/Parquet/08_Exact_Verification__Exact_Loop_Activation.parquet,08_Exact_Verification__Exact_Loop_Activation.parquet,"Finite-state solver outputs, residual diagnostics, and acceptance records.",Verified Parquet dataset for programmatic analysis.,1479,36d0cf028daafa1474d4874841b5fc2ac77523ef6e156b50b485d8f15f9ea4f8,C:\Users\moham\Documents\Codex\2026-07-28\build\outputs\Simulation_Data\Parquet\08_Exact_Verification__Exact_Loop_Activation.parquet,Required,PASS,N/A,10,3
05_EXACT_VERIFICATION/Parquet/08_Exact_Verification__Exact_Outcomes.parquet,08_Exact_Verification__Exact_Outcomes.parquet,"Finite-state solver outputs, residual diagnostics, and acceptance records.",Verified Parquet dataset for programmatic analysis.,957,c3554d84107dd750d32301492b2f43c0afaa306f248cc0ee1802d3e4efe28777,C:\Users\moham\Documents\Codex\2026-07-28\build\outputs\Simulation_Data\Parquet\08_Exact_Verification__Exact_Outcomes.parquet,Required,PASS,N/A,3,2
05_EXACT_VERIFICATION/Parquet/08_Exact_Verification__Exact_Transition_Metrics.parquet,08_Exact_Verification__Exact_Transition_Metrics.parquet,"Finite-state solver outputs, residual diagnostics, and acceptance records.",Verified Parquet dataset for programmatic analysis.,1068,c63a1e11befb247c116ef9d14dce8d05414bd177dc572d6ec0c9ccd00709c7a5,C:\Users\moham\Documents\Codex\2026-07-28\build\outputs\Simulation_Data\Parquet\08_Exact_Verification__Exact_Transition_Metrics.parquet,Required,PASS,N/A,1,2
05_EXACT_VERIFICATION/Parquet/08_Exact_Verification__Monte_Carlo_Comparison.parquet,08_Exact_Verification__Monte_Carlo_Comparison.parquet,"Finite-state solver outputs, residual diagnostics, and acceptance records.",Verified Parquet dataset for programmatic analysis.,5772,a175b567a1ce686dc25675ab62b0588edfcc898d29f1c41d5fa05307d7b1b176,C:\Users\moham\Documents\Codex\2026-07-28\build\outputs\Simulation_Data\Parquet\08_Exact_Verification__Monte_Carlo_Comparison.parquet,Required,PASS,N/A,28,10
05_EXACT_VERIFICATION/Parquet/08_Exact_Verification__Residual_Diagnostics.parquet,08_Exact_Verification__Residual_Diagnostics.parquet,"Finite-state solver outputs, residual diagnostics, and acceptance records.",Verified Parquet dataset for programmatic analysis.,2155,fdb840e672095741444d99faa2f06267c8fb7e57d9be1496b8ce1cf25da35d59,C:\Users\moham\Documents\Codex\2026-07-28\build\outputs\Simulation_Data\Parquet\08_Exact_Verification__Residual_Diagnostics.parquet,Required,PASS,N/A,3,4
05_EXACT_VERIFICATION/Parquet/08_Exact_Verification__Solver_Diagnostics.parquet,08_Exact_Verification__Solver_Diagnostics.parquet,"Finite-state solver outputs, residual diagnostics, and acceptance records.",Verified Parquet dataset for programmatic analysis.,2221,da39df643116c55c955313a6289e897759a99b0bbdb8432e53a6ab11d6235e53,C:\Users\moham\Documents\Codex\2026-07-28\build\outputs\Simulation_Data\Parquet\08_Exact_Verification__Solver_Diagnostics.parquet,Required,PASS,N/A,3,5
05_EXACT_VERIFICATION/Parquet/08_Exact_Verification__State_Space_Summary.parquet,08_Exact_Verification__State_Space_Summary.parquet,"Finite-state solver outputs, residual diagnostics, and acceptance records.",Verified Parquet dataset for programmatic analysis.,1943,dff540e0dad127ef142f0b86c95dfd3b8e4e7a891f77404d3469a9acbd737ec0,C:\Users\moham\Documents\Codex\2026-07-28\build\outputs\Simulation_Data\Parquet\08_Exact_Verification__State_Space_Summary.parquet,Required,PASS,N/A,7,3
06_CONVERGENCE/09_Convergence_Data.xlsx,09_Convergence_Data.xlsx,PERT and GERT convergence checkpoints and stability tests.,"Excel workbook for review, analysis, audit, or package inventory.",71477,aca2391268f2b170e55aa91aa9a47cf3cc96d0c7c712aa7fc50fb105488d3027,C:\Users\moham\Documents\Codex\2026-07-28\build\outputs\Simulation_Data\09_Convergence_Data.xlsx,Required,PASS,PASS,,
06_CONVERGENCE/CSV/09_Convergence_Data__Cap_Checkpoints.csv,09_Convergence_Data__Cap_Checkpoints.csv,PERT and GERT convergence checkpoints and stability tests.,Verified CSV dataset or report for universal access.,26456,bcf05e18b57957b9209c59f9605ec878fd990b225c5c0da17fa40ff78a8b40e8,C:\Users\moham\Documents\Codex\2026-07-28\build\outputs\Simulation_Data\CSV\09_Convergence_Data__Cap_Checkpoints.csv,Required,PASS,N/A,1000,3
06_CONVERGENCE/CSV/09_Convergence_Data__Data_Dictionary.csv,09_Convergence_Data__Data_Dictionary.csv,PERT and GERT convergence checkpoints and stability tests.,Verified CSV dataset or report for universal access.,18459,3fb22a25a59ca9d1ddd85f956ea35f58c7a11537f34e37589c3ebfe9cfd6495f,C:\Users\moham\Documents\Codex\2026-07-28\build\outputs\Simulation_Data\CSV\09_Convergence_Data__Data_Dictionary.csv,Required,PASS,N/A,55,13
06_CONVERGENCE/CSV/09_Convergence_Data__Dispute_Checkpoints.csv,09_Convergence_Data__Dispute_Checkpoints.csv,PERT and GERT convergence checkpoints and stability tests.,Verified CSV dataset or report for universal access.,2501,09348a165266a29082bd1cbd174dd349dcd570f0676492bbe373e59780172753,C:\Users\moham\Documents\Codex\2026-07-28\build\outputs\Simulation_Data\CSV\09_Convergence_Data__Dispute_Checkpoints.csv,Required,PASS,N/A,100,2
06_CONVERGENCE/CSV/09_Convergence_Data__Final_Status.csv,09_Convergence_Data__Final_Status.csv,PERT and GERT convergence checkpoints and stability tests.,Verified CSV dataset or report for universal access.,103,15dd8d8f8e49a1dc02e923d905b1d9c8c6461445abfb7325c1aa60bc4d58c633,C:\Users\moham\Documents\Codex\2026-07-28\build\outputs\Simulation_Data\CSV\09_Convergence_Data__Final_Status.csv,Required,PASS,N/A,2,4
06_CONVERGENCE/CSV/09_Convergence_Data__GERT_Duration_Checkpoints.csv,09_Convergence_Data__GERT_Duration_Checkpoints.csv,PERT and GERT convergence checkpoints and stability tests.,Verified CSV dataset or report for universal access.,9543,a3fc17bf9823102ed21891c11b84bcbb616ee05a2cd4a4bed009e0d0126fe9ff,C:\Users\moham\Documents\Codex\2026-07-28\build\outputs\Simulation_Data\CSV\09_Convergence_Data__GERT_Duration_Checkpoints.csv,Required,PASS,N/A,100,14
06_CONVERGENCE/CSV/09_Convergence_Data__GERT_Outcome_Checkpoints.csv,09_Convergence_Data__GERT_Outcome_Checkpoints.csv,PERT and GERT convergence checkpoints and stability tests.,Verified CSV dataset or report for universal access.,4558,4dd7f5be776e483593b0601b921c53d4aa3123be1b77874ba6b017335cd9077f,C:\Users\moham\Documents\Codex\2026-07-28\build\outputs\Simulation_Data\CSV\09_Convergence_Data__GERT_Outcome_Checkpoints.csv,Required,PASS,N/A,100,3
06_CONVERGENCE/CSV/09_Convergence_Data__Loop_Checkpoints.csv,09_Convergence_Data__Loop_Checkpoints.csv,PERT and GERT convergence checkpoints and stability tests.,Verified CSV dataset or report for universal access.,30294,b7c9fa6c54e48ac0a3a9198b6dae740e4598f1138b1c6e41028447239807ac8c,C:\Users\moham\Documents\Codex\2026-07-28\build\outputs\Simulation_Data\CSV\09_Convergence_Data__Loop_Checkpoints.csv,Required,PASS,N/A,1000,3
06_CONVERGENCE/CSV/09_Convergence_Data__PERT_Checkpoints.csv,09_Convergence_Data__PERT_Checkpoints.csv,PERT and GERT convergence checkpoints and stability tests.,Verified CSV dataset or report for universal access.,6214,36a579ff9ed66a8ade7007363c39ba2ff2acd916d3619161ff576e3beb15cbb5,C:\Users\moham\Documents\Codex\2026-07-28\build\outputs\Simulation_Data\CSV\09_Convergence_Data__PERT_Checkpoints.csv,Required,PASS,N/A,100,8
06_CONVERGENCE/CSV/09_Convergence_Data__Stability_Tests.csv,09_Convergence_Data__Stability_Tests.csv,PERT and GERT convergence checkpoints and stability tests.,Verified CSV dataset or report for universal access.,9339,ad73d573d325e8e558f323c083bff97f1bbf80514188657e3b4cf89fc42aa1ab,C:\Users\moham\Documents\Codex\2026-07-28\build\outputs\Simulation_Data\CSV\09_Convergence_Data__Stability_Tests.csv,Required,PASS,N/A,198,5
06_CONVERGENCE/Parquet/09_Convergence_Data__Cap_Checkpoints.parquet,09_Convergence_Data__Cap_Checkpoints.parquet,PERT and GERT convergence checkpoints and stability tests.,Verified Parquet dataset for programmatic analysis.,6248,1857990ee25baeba43067c12e4e730f97946e0149830aad8f9157841e1fb8a4d,C:\Users\moham\Documents\Codex\2026-07-28\build\outputs\Simulation_Data\Parquet\09_Convergence_Data__Cap_Checkpoints.parquet,Required,PASS,N/A,1000,3
06_CONVERGENCE/Parquet/09_Convergence_Data__Data_Dictionary.parquet,09_Convergence_Data__Data_Dictionary.parquet,PERT and GERT convergence checkpoints and stability tests.,Verified Parquet dataset for programmatic analysis.,8404,6ae26ec9ccb3526222914afa29eec797bd374cb5b6ed5be40068b58aa015b415,C:\Users\moham\Documents\Codex\2026-07-28\build\outputs\Simulation_Data\Parquet\09_Convergence_Data__Data_Dictionary.parquet,Required,PASS,N/A,55,13
06_CONVERGENCE/Parquet/09_Convergence_Data__Dispute_Checkpoints.parquet,09_Convergence_Data__Dispute_Checkpoints.parquet,PERT and GERT convergence checkpoints and stability tests.,Verified Parquet dataset for programmatic analysis.,2346,222ccacea3f5b9aa454f6709298ef99e6922ef9f238f35f5b4134f9d9b695bef,C:\Users\moham\Documents\Codex\2026-07-28\build\outputs\Simulation_Data\Parquet\09_Convergence_Data__Dispute_Checkpoints.parquet,Required,PASS,N/A,100,2
06_CONVERGENCE/Parquet/09_Convergence_Data__Final_Status.parquet,09_Convergence_Data__Final_Status.parquet,PERT and GERT convergence checkpoints and stability tests.,Verified Parquet dataset for programmatic analysis.,1581,7cb20b1e62853d822f3588600573873863e156749ba8d6b449c6d969ef685482,C:\Users\moham\Documents\Codex\2026-07-28\build\outputs\Simulation_Data\Parquet\09_Convergence_Data__Final_Status.parquet,Required,PASS,N/A,2,4
06_CONVERGENCE/Parquet/09_Convergence_Data__GERT_Duration_Checkpoints.parquet,09_Convergence_Data__GERT_Duration_Checkpoints.parquet,PERT and GERT convergence checkpoints and stability tests.,Verified Parquet dataset for programmatic analysis.,9549,8bcf684fe1f36f0ce5a0fc5b40b629909f850b90ab5c520b61dd3ee434accc69,C:\Users\moham\Documents\Codex\2026-07-28\build\outputs\Simulation_Data\Parquet\09_Convergence_Data__GERT_Duration_Checkpoints.parquet,Required,PASS,N/A,100,14
06_CONVERGENCE/Parquet/09_Convergence_Data__GERT_Outcome_Checkpoints.parquet,09_Convergence_Data__GERT_Outcome_Checkpoints.parquet,PERT and GERT convergence checkpoints and stability tests.,Verified Parquet dataset for programmatic analysis.,3679,8643f268a4b8185ef2dcf40add93ec76bcd05e818e3c1d62c33276d7e90ae720,C:\Users\moham\Documents\Codex\2026-07-28\build\outputs\Simulation_Data\Parquet\09_Convergence_Data__GERT_Outcome_Checkpoints.parquet,Required,PASS,N/A,100,3
06_CONVERGENCE/Parquet/09_Convergence_Data__Loop_Checkpoints.parquet,09_Convergence_Data__Loop_Checkpoints.parquet,PERT and GERT convergence checkpoints and stability tests.,Verified Parquet dataset for programmatic analysis.,9817,a220e875226d51f519ac6f80822fa4751d1e311b0b848852dd9b1699d2fff36b,C:\Users\moham\Documents\Codex\2026-07-28\build\outputs\Simulation_Data\Parquet\09_Convergence_Data__Loop_Checkpoints.parquet,Required,PASS,N/A,1000,3
06_CONVERGENCE/Parquet/09_Convergence_Data__PERT_Checkpoints.parquet,09_Convergence_Data__PERT_Checkpoints.parquet,PERT and GERT convergence checkpoints and stability tests.,Verified Parquet dataset for programmatic analysis.,5658,2fcb0149b83f6eaf31515227425646bf871973fdad24e031b8f2ac298941e10a,C:\Users\moham\Documents\Codex\2026-07-28\build\outputs\Simulation_Data\Parquet\09_Convergence_Data__PERT_Checkpoints.parquet,Required,PASS,N/A,100,8
06_CONVERGENCE/Parquet/09_Convergence_Data__Stability_Tests.parquet,09_Convergence_Data__Stability_Tests.parquet,PERT and GERT convergence checkpoints and stability tests.,Verified Parquet dataset for programmatic analysis.,5103,29a97212977a16e0d7263163a6868ec58792f9425b3ccdf773b34d579581421f,C:\Users\moham\Documents\Codex\2026-07-28\build\outputs\Simulation_Data\Parquet\09_Convergence_Data__Stability_Tests.parquet,Required,PASS,N/A,198,5
07_SENSITIVITY_READY/10_Sensitivity_Ready_Data.xlsx,10_Sensitivity_Ready_Data.xlsx,Baseline matrices and approved-design templates for future sensitivity analyses.,"Excel workbook for review, analysis, audit, or package inventory.",34066913,3eec4816e4e24aabb3ffce78fc9a610f9697a7c6331e6fa078eef7def63d9ede,C:\Users\moham\Documents\Codex\2026-07-28\build\outputs\Simulation_Data\10_Sensitivity_Ready_Data.xlsx,Required,PASS,PASS,,
07_SENSITIVITY_READY/CSV/10_Sensitivity_Ready_Data__Analysis_Method_Register.csv,10_Sensitivity_Ready_Data__Analysis_Method_Register.csv,Baseline matrices and approved-design templates for future sensitivity analyses.,Verified CSV dataset or report for universal access.,1085,907f4f949e269e17409736d1f11cde96e6562972569aa68b60103ad91baf61de,C:\Users\moham\Documents\Codex\2026-07-28\build\outputs\Simulation_Data\CSV\10_Sensitivity_Ready_Data__Analysis_Method_Register.csv,Required,PASS,N/A,8,4
07_SENSITIVITY_READY/CSV/10_Sensitivity_Ready_Data__Baseline_Metrics.csv,10_Sensitivity_Ready_Data__Baseline_Metrics.csv,Baseline matrices and approved-design templates for future sensitivity analyses.,Verified CSV dataset or report for universal access.,278,9cf8d6f6213781bdf40e4341df832c11e33b1ce205169b3034e02e9f185af14a,C:\Users\moham\Documents\Codex\2026-07-28\build\outputs\Simulation_Data\CSV\10_Sensitivity_Ready_Data__Baseline_Metrics.csv,Required,PASS,N/A,6,3
07_SENSITIVITY_READY/CSV/10_Sensitivity_Ready_Data__Common_Random_Numbers.csv,10_Sensitivity_Ready_Data__Common_Random_Numbers.csv,Baseline matrices and approved-design templates for future sensitivity analyses.,Verified CSV dataset or report for universal access.,2281,951a69f3b981ec68da32224ea25dc022c11cd1358bd71dd7352e2b5796b33407,C:\Users\moham\Documents\Codex\2026-07-28\build\outputs\Simulation_Data\CSV\10_Sensitivity_Ready_Data__Common_Random_Numbers.csv,Required,PASS,N/A,20,6
07_SENSITIVITY_READY/CSV/10_Sensitivity_Ready_Data__Data_Dictionary.csv,10_Sensitivity_Ready_Data__Data_Dictionary.csv,Baseline matrices and approved-design templates for future sensitivity analyses.,Verified CSV dataset or report for universal access.,102293,83fafeb9cd5920472cb6178f296aed0d65e6711f8c1d0a37a026028da55e886e,C:\Users\moham\Documents\Codex\2026-07-28\build\outputs\Simulation_Data\CSV\10_Sensitivity_Ready_Data__Data_Dictionary.csv,Required,PASS,N/A,284,13
07_SENSITIVITY_READY/CSV/10_Sensitivity_Ready_Data__Duration_Constraints.csv,10_Sensitivity_Ready_Data__Duration_Constraints.csv,Baseline matrices and approved-design templates for future sensitivity analyses.,Verified CSV dataset or report for universal access.,2696,4500a4a5dc2fb0828b21ee61fab95fe5db9a8d4852de36c2c34f633478d326e6,C:\Users\moham\Documents\Codex\2026-07-28\build\outputs\Simulation_Data\CSV\10_Sensitivity_Ready_Data__Duration_Constraints.csv,Required,PASS,N/A,35,7
07_SENSITIVITY_READY/CSV/10_Sensitivity_Ready_Data__GERT_Sensitivity_Matrix.csv,10_Sensitivity_Ready_Data__GERT_Sensitivity_Matrix.csv,Baseline matrices and approved-design templates for future sensitivity analyses.,Verified CSV dataset or report for universal access.,15415232,dfb661c2f54f85f46be853c03bce47dcc29b4fbd65960a13aea79c754c23fa19,C:\Users\moham\Documents\Codex\2026-07-28\build\outputs\Simulation_Data\CSV\10_Sensitivity_Ready_Data__GERT_Sensitivity_Matrix.csv,Required,PASS,N/A,50000,146
07_SENSITIVITY_READY/CSV/10_Sensitivity_Ready_Data__Loop_Cap_Alternatives.csv,10_Sensitivity_Ready_Data__Loop_Cap_Alternatives.csv,Baseline matrices and approved-design templates for future sensitivity analyses.,Verified CSV dataset or report for universal access.,776,f4607e7e53d2580e2d3f960840973f6c2393b67e4e581c52bacd670877463fd7,C:\Users\moham\Documents\Codex\2026-07-28\build\outputs\Simulation_Data\CSV\10_Sensitivity_Ready_Data__Loop_Cap_Alternatives.csv,Required,PASS,N/A,10,5
07_SENSITIVITY_READY/CSV/10_Sensitivity_Ready_Data__Outcome_Sensitivity_Matrix.csv,10_Sensitivity_Ready_Data__Outcome_Sensitivity_Matrix.csv,Baseline matrices and approved-design templates for future sensitivity analyses.,Verified CSV dataset or report for universal access.,3845242,8d0770dedbf8263b1ba153c527506b2999f74e26f524d2f1b9fb45725da10200,C:\Users\moham\Documents\Codex\2026-07-28\build\outputs\Simulation_Data\CSV\10_Sensitivity_Ready_Data__Outcome_Sensitivity_Matrix.csv,Required,PASS,N/A,50000,36
07_SENSITIVITY_READY/CSV/10_Sensitivity_Ready_Data__Parameter_Register.csv,10_Sensitivity_Ready_Data__Parameter_Register.csv,Baseline matrices and approved-design templates for future sensitivity analyses.,Verified CSV dataset or report for universal access.,27470,7371ff15361c728542c1cbf8370478ce3e2ff8134f5347817d6936c90f8c873c,C:\Users\moham\Documents\Codex\2026-07-28\build\outputs\Simulation_Data\CSV\10_Sensitivity_Ready_Data__Parameter_Register.csv,Required,PASS,N/A,146,15
07_SENSITIVITY_READY/CSV/10_Sensitivity_Ready_Data__PERT_Sensitivity_Matrix.csv,10_Sensitivity_Ready_Data__PERT_Sensitivity_Matrix.csv,Baseline matrices and approved-design templates for future sensitivity analyses.,Verified CSV dataset or report for universal access.,7348698,532c9231c0f2733103403a06a3f3aad395e5cec68de557852d6d8b801ebde6c5,C:\Users\moham\Documents\Codex\2026-07-28\build\outputs\Simulation_Data\CSV\10_Sensitivity_Ready_Data__PERT_Sensitivity_Matrix.csv,Required,PASS,N/A,50000,18
07_SENSITIVITY_READY/CSV/10_Sensitivity_Ready_Data__Probability_Constraints.csv,10_Sensitivity_Ready_Data__Probability_Constraints.csv,Baseline matrices and approved-design templates for future sensitivity analyses.,Verified CSV dataset or report for universal access.,841,53a5cab0e11556a32005d087da439a5cc37bd4b5633f3c53b8db668c3f6a1553,C:\Users\moham\Documents\Codex\2026-07-28\build\outputs\Simulation_Data\CSV\10_Sensitivity_Ready_Data__Probability_Constraints.csv,Required,PASS,N/A,7,5
07_SENSITIVITY_READY/CSV/10_Sensitivity_Ready_Data__Scenario_Design_Template.csv,10_Sensitivity_Ready_Data__Scenario_Design_Template.csv,Baseline matrices and approved-design templates for future sensitivity analyses.,Verified CSV dataset or report for universal access.,268,315a3fbe85a8507b18b8ff7b6e0027f8c383b3ea3abc19f9be860c68a5fcce4c,C:\Users\moham\Documents\Codex\2026-07-28\build\outputs\Simulation_Data\CSV\10_Sensitivity_Ready_Data__Scenario_Design_Template.csv,Required,PASS,N/A,1,13
07_SENSITIVITY_READY/CSV/10_Sensitivity_Ready_Data__Sensitivity_Overview.csv,10_Sensitivity_Ready_Data__Sensitivity_Overview.csv,Baseline matrices and approved-design templates for future sensitivity analyses.,Verified CSV dataset or report for universal access.,519,8e1b10b5bc93ef5801ac36bc7134f9940d6cb849859927c553252c8d2d2060bf,C:\Users\moham\Documents\Codex\2026-07-28\build\outputs\Simulation_Data\CSV\10_Sensitivity_Ready_Data__Sensitivity_Overview.csv,Required,PASS,N/A,4,2
07_SENSITIVITY_READY/CSV/10_Sensitivity_Ready_Data__Tail_Sensitivity_Matrix.csv,10_Sensitivity_Ready_Data__Tail_Sensitivity_Matrix.csv,Baseline matrices and approved-design templates for future sensitivity analyses.,Verified CSV dataset or report for universal access.,1794898,03b6e59e10b4a2cb18c37b76d496a7d06c00c05db76ff3c7b487a2433310ec16,C:\Users\moham\Documents\Codex\2026-07-28\build\outputs\Simulation_Data\CSV\10_Sensitivity_Ready_Data__Tail_Sensitivity_Matrix.csv,Required,PASS,N/A,50000,11
07_SENSITIVITY_READY/Parquet/10_Sensitivity_Ready_Data__Analysis_Method_Register.parquet,10_Sensitivity_Ready_Data__Analysis_Method_Register.parquet,Baseline matrices and approved-design templates for future sensitivity analyses.,Verified Parquet dataset for programmatic analysis.,3236,08afd1a6ab7ad0573cc755efc75f9a02e7641943474d45257c9def5a8488ad47,C:\Users\moham\Documents\Codex\2026-07-28\build\outputs\Simulation_Data\Parquet\10_Sensitivity_Ready_Data__Analysis_Method_Register.parquet,Required,PASS,N/A,8,4
07_SENSITIVITY_READY/Parquet/10_Sensitivity_Ready_Data__Baseline_Metrics.parquet,10_Sensitivity_Ready_Data__Baseline_Metrics.parquet,Baseline matrices and approved-design templates for future sensitivity analyses.,Verified Parquet dataset for programmatic analysis.,1400,8dd383f1bcc847fc2a8289246cf275c95c0c385cab2efb6bf8579a86845fc157,C:\Users\moham\Documents\Codex\2026-07-28\build\outputs\Simulation_Data\Parquet\10_Sensitivity_Ready_Data__Baseline_Metrics.parquet,Required,PASS,N/A,6,3
07_SENSITIVITY_READY/Parquet/10_Sensitivity_Ready_Data__Common_Random_Numbers.parquet,10_Sensitivity_Ready_Data__Common_Random_Numbers.parquet,Baseline matrices and approved-design templates for future sensitivity analyses.,Verified Parquet dataset for programmatic analysis.,3537,44e15262bdbc68e5121abf059e94c142e36ac6eddd0c9c83d1c418dd3738e91c,C:\Users\moham\Documents\Codex\2026-07-28\build\outputs\Simulation_Data\Parquet\10_Sensitivity_Ready_Data__Common_Random_Numbers.parquet,Required,PASS,N/A,20,6
07_SENSITIVITY_READY/Parquet/10_Sensitivity_Ready_Data__Data_Dictionary.parquet,10_Sensitivity_Ready_Data__Data_Dictionary.parquet,Baseline matrices and approved-design templates for future sensitivity analyses.,Verified Parquet dataset for programmatic analysis.,12297,6c22fc7c32c719d57bb3b2a0e9720716ef82611ab22ac0b69ce41ea07fb86fc3,C:\Users\moham\Documents\Codex\2026-07-28\build\outputs\Simulation_Data\Parquet\10_Sensitivity_Ready_Data__Data_Dictionary.parquet,Required,PASS,N/A,284,13
07_SENSITIVITY_READY/Parquet/10_Sensitivity_Ready_Data__Duration_Constraints.parquet,10_Sensitivity_Ready_Data__Duration_Constraints.parquet,Baseline matrices and approved-design templates for future sensitivity analyses.,Verified Parquet dataset for programmatic analysis.,3247,6972b59d98d9e6bb5472120738241fc060f711c36dfefb0a00947799d4cd687a,C:\Users\moham\Documents\Codex\2026-07-28\build\outputs\Simulation_Data\Parquet\10_Sensitivity_Ready_Data__Duration_Constraints.parquet,Required,PASS,N/A,35,7
07_SENSITIVITY_READY/Parquet/10_Sensitivity_Ready_Data__GERT_Sensitivity_Matrix.parquet,10_Sensitivity_Ready_Data__GERT_Sensitivity_Matrix.parquet,Baseline matrices and approved-design templates for future sensitivity analyses.,Verified Parquet dataset for programmatic analysis.,1242433,b3a14236908d37f6d678dbe726c538cd5df8321a4a7e709a6c84ce53b3a17a10,C:\Users\moham\Documents\Codex\2026-07-28\build\outputs\Simulation_Data\Parquet\10_Sensitivity_Ready_Data__GERT_Sensitivity_Matrix.parquet,Required,PASS,N/A,50000,146
07_SENSITIVITY_READY/Parquet/10_Sensitivity_Ready_Data__Loop_Cap_Alternatives.parquet,10_Sensitivity_Ready_Data__Loop_Cap_Alternatives.parquet,Baseline matrices and approved-design templates for future sensitivity analyses.,Verified Parquet dataset for programmatic analysis.,2299,bd5b75999c2c399af80752cfbfb638c5266582beedda6ab84e5febf2dee0701f,C:\Users\moham\Documents\Codex\2026-07-28\build\outputs\Simulation_Data\Parquet\10_Sensitivity_Ready_Data__Loop_Cap_Alternatives.parquet,Required,PASS,N/A,10,5
07_SENSITIVITY_READY/Parquet/10_Sensitivity_Ready_Data__Outcome_Sensitivity_Matrix.parquet,10_Sensitivity_Ready_Data__Outcome_Sensitivity_Matrix.parquet,Baseline matrices and approved-design templates for future sensitivity analyses.,Verified Parquet dataset for programmatic analysis.,494785,a46f299f6abab425857c9434d8cf5e0b4a9af6273abf819cf873ef1a61ef728b,C:\Users\moham\Documents\Codex\2026-07-28\build\outputs\Simulation_Data\Parquet\10_Sensitivity_Ready_Data__Outcome_Sensitivity_Matrix.parquet,Required,PASS,N/A,50000,36
07_SENSITIVITY_READY/Parquet/10_Sensitivity_Ready_Data__Parameter_Register.parquet,10_Sensitivity_Ready_Data__Parameter_Register.parquet,Baseline matrices and approved-design templates for future sensitivity analyses.,Verified Parquet dataset for programmatic analysis.,8723,2285278b87d3143aee3c569a71e38695df8d13874c63bc48173e5429427e255a,C:\Users\moham\Documents\Codex\2026-07-28\build\outputs\Simulation_Data\Parquet\10_Sensitivity_Ready_Data__Parameter_Register.parquet,Required,PASS,N/A,146,15
07_SENSITIVITY_READY/Parquet/10_Sensitivity_Ready_Data__PERT_Sensitivity_Matrix.parquet,10_Sensitivity_Ready_Data__PERT_Sensitivity_Matrix.parquet,Baseline matrices and approved-design templates for future sensitivity analyses.,Verified Parquet dataset for programmatic analysis.,3426334,057cd86965b8f71a4a1604440af094ec92e348b682018686773bc500c442b98b,C:\Users\moham\Documents\Codex\2026-07-28\build\outputs\Simulation_Data\Parquet\10_Sensitivity_Ready_Data__PERT_Sensitivity_Matrix.parquet,Required,PASS,N/A,50000,18
07_SENSITIVITY_READY/Parquet/10_Sensitivity_Ready_Data__Probability_Constraints.parquet,10_Sensitivity_Ready_Data__Probability_Constraints.parquet,Baseline matrices and approved-design templates for future sensitivity analyses.,Verified Parquet dataset for programmatic analysis.,2681,444b444a2ff8c5dd59bad380f35acba8d75b21065ff94e30fea05f8a68cc923a,C:\Users\moham\Documents\Codex\2026-07-28\build\outputs\Simulation_Data\Parquet\10_Sensitivity_Ready_Data__Probability_Constraints.parquet,Required,PASS,N/A,7,5
07_SENSITIVITY_READY/Parquet/10_Sensitivity_Ready_Data__Scenario_Design_Template.parquet,10_Sensitivity_Ready_Data__Scenario_Design_Template.parquet,Baseline matrices and approved-design templates for future sensitivity analyses.,Verified Parquet dataset for programmatic analysis.,4416,8057c42e031d994991cfc6f9183b6f8b095b5c414b6c5f76c29ff2551a68ac8d,C:\Users\moham\Documents\Codex\2026-07-28\build\outputs\Simulation_Data\Parquet\10_Sensitivity_Ready_Data__Scenario_Design_Template.parquet,Required,PASS,N/A,1,13
07_SENSITIVITY_READY/Parquet/10_Sensitivity_Ready_Data__Sensitivity_Overview.parquet,10_Sensitivity_Ready_Data__Sensitivity_Overview.parquet,Baseline matrices and approved-design templates for future sensitivity analyses.,Verified Parquet dataset for programmatic analysis.,1690,f1f352759a1fc2311f31f1eed7408802149a16914b8e111ca29dca89658a2f2a,C:\Users\moham\Documents\Codex\2026-07-28\build\outputs\Simulation_Data\Parquet\10_Sensitivity_Ready_Data__Sensitivity_Overview.parquet,Required,PASS,N/A,4,2
07_SENSITIVITY_READY/Parquet/10_Sensitivity_Ready_Data__Tail_Sensitivity_Matrix.parquet,10_Sensitivity_Ready_Data__Tail_Sensitivity_Matrix.parquet,Baseline matrices and approved-design templates for future sensitivity analyses.,Verified Parquet dataset for programmatic analysis.,413674,b05999f528dd391b85e8386c34177c2cdf518db4992cffd38a1a94d5c052dd8d,C:\Users\moham\Documents\Codex\2026-07-28\build\outputs\Simulation_Data\Parquet\10_Sensitivity_Ready_Data__Tail_Sensitivity_Matrix.parquet,Required,PASS,N/A,50000,11
08_VALIDATION_AND_RECONCILIATION/11_Validation_and_Reconciliation.xlsx,11_Validation_and_Reconciliation.xlsx,"Reconciliation, probability, loop, cap, path, reproducibility, and workbook checks.","Excel workbook for review, analysis, audit, or package inventory.",12637282,dae6019f49ecf94bc3d1eb6de3e6f2febb7f8945c55338cc9f268210744a44c0,C:\Users\moham\Documents\Codex\2026-07-28\build\outputs\Simulation_Data\11_Validation_and_Reconciliation.xlsx,Required,PASS,PASS,,
08_VALIDATION_AND_RECONCILIATION/CSV/11_Validation_and_Reconciliation__Cap_Validation.csv,11_Validation_and_Reconciliation__Cap_Validation.csv,"Reconciliation, probability, loop, cap, path, reproducibility, and workbook checks.",Verified CSV dataset or report for universal access.,230,7fd9434f9c9fc0e8c3de749e203bdcd52fedcbf429d3baef864795d24ad04905,C:\Users\moham\Documents\Codex\2026-07-28\build\outputs\Simulation_Data\CSV\11_Validation_and_Reconciliation__Cap_Validation.csv,Required,PASS,N/A,10,5
08_VALIDATION_AND_RECONCILIATION/CSV/11_Validation_and_Reconciliation__Cross_File_Reconciliation.csv,11_Validation_and_Reconciliation__Cross_File_Reconciliation.csv,"Reconciliation, probability, loop, cap, path, reproducibility, and workbook checks.",Verified CSV dataset or report for universal access.,509,f51c34ce70b5e4a03345f087a743c8cd2b43435358d6d94ccf972296bb1c5933,C:\Users\moham\Documents\Codex\2026-07-28\build\outputs\Simulation_Data\CSV\11_Validation_and_Reconciliation__Cross_File_Reconciliation.csv,Required,PASS,N/A,12,3
08_VALIDATION_AND_RECONCILIATION/CSV/11_Validation_and_Reconciliation__Data_Dictionary.csv,11_Validation_and_Reconciliation__Data_Dictionary.csv,"Reconciliation, probability, loop, cap, path, reproducibility, and workbook checks.",Verified CSV dataset or report for universal access.,28409,df5d66ea1e5b8fb734771f70a5d70c0ab051430185e9853eeeac3e2ac5aa67ec,C:\Users\moham\Documents\Codex\2026-07-28\build\outputs\Simulation_Data\CSV\11_Validation_and_Reconciliation__Data_Dictionary.csv,Required,PASS,N/A,82,13
08_VALIDATION_AND_RECONCILIATION/CSV/11_Validation_and_Reconciliation__Duration_Reconciliation.csv.gz,11_Validation_and_Reconciliation__Duration_Reconciliation.csv.gz,"Reconciliation, probability, loop, cap, path, reproducibility, and workbook checks.",Verified CSV dataset or report for universal access.,357525,16a54eba0398bf55efd0e4c56ab92c3bffdc6184af03eddc7cca69c55c6e77e0,C:\Users\moham\Documents\Codex\2026-07-28\build\outputs\Simulation_Data\CSV\11_Validation_and_Reconciliation__Duration_Reconciliation.csv.gz,Required,PASS,N/A,100000,6
08_VALIDATION_AND_RECONCILIATION/CSV/11_Validation_and_Reconciliation__Exact_Verification_Status.csv,11_Validation_and_Reconciliation__Exact_Verification_Status.csv,"Reconciliation, probability, loop, cap, path, reproducibility, and workbook checks.",Verified CSV dataset or report for universal access.,226,2860ad2434f48dcc406b1486aa88514455697fbd26e5dbf29009d33904847002,C:\Users\moham\Documents\Codex\2026-07-28\build\outputs\Simulation_Data\CSV\11_Validation_and_Reconciliation__Exact_Verification_Status.csv,Required,PASS,N/A,3,4
08_VALIDATION_AND_RECONCILIATION/CSV/11_Validation_and_Reconciliation__GERT_Reconciliation.csv,11_Validation_and_Reconciliation__GERT_Reconciliation.csv,"Reconciliation, probability, loop, cap, path, reproducibility, and workbook checks.",Verified CSV dataset or report for universal access.,1544817,7b8f3df0ff20c9753a85731be4367a9d23ae1f6e61df35acb35f040ce942da19,C:\Users\moham\Documents\Codex\2026-07-28\build\outputs\Simulation_Data\CSV\11_Validation_and_Reconciliation__GERT_Reconciliation.csv,Required,PASS,N/A,50000,7
08_VALIDATION_AND_RECONCILIATION/CSV/11_Validation_and_Reconciliation__Input_Validation.csv,11_Validation_and_Reconciliation__Input_Validation.csv,"Reconciliation, probability, loop, cap, path, reproducibility, and workbook checks.",Verified CSV dataset or report for universal access.,601,672185c403b6e1158948f140f2b06cb2939333e42369b715330f04c02ca5b8bd,C:\Users\moham\Documents\Codex\2026-07-28\build\outputs\Simulation_Data\CSV\11_Validation_and_Reconciliation__Input_Validation.csv,Required,PASS,N/A,20,3
08_VALIDATION_AND_RECONCILIATION/CSV/11_Validation_and_Reconciliation__Loop_Validation.csv,11_Validation_and_Reconciliation__Loop_Validation.csv,"Reconciliation, probability, loop, cap, path, reproducibility, and workbook checks.",Verified CSV dataset or report for universal access.,208,8e6ea212d07b26c0918e3cd4a715dbd9eafeaec55f88fdae7d387f027758dc3a,C:\Users\moham\Documents\Codex\2026-07-28\build\outputs\Simulation_Data\CSV\11_Validation_and_Reconciliation__Loop_Validation.csv,Required,PASS,N/A,10,5
08_VALIDATION_AND_RECONCILIATION/CSV/11_Validation_and_Reconciliation__Path_Continuity.csv,11_Validation_and_Reconciliation__Path_Continuity.csv,"Reconciliation, probability, loop, cap, path, reproducibility, and workbook checks.",Verified CSV dataset or report for universal access.,1341344,48dca491e8a6b9f81fbc693dee7bba721bbc1a416b1da5462bb8b904cf055036,C:\Users\moham\Documents\Codex\2026-07-28\build\outputs\Simulation_Data\CSV\11_Validation_and_Reconciliation__Path_Continuity.csv,Required,PASS,N/A,50000,8
08_VALIDATION_AND_RECONCILIATION/CSV/11_Validation_and_Reconciliation__PERT_Reconciliation.csv,11_Validation_and_Reconciliation__PERT_Reconciliation.csv,"Reconciliation, probability, loop, cap, path, reproducibility, and workbook checks.",Verified CSV dataset or report for universal access.,1038912,832ca8e88def2923cc413931899f9a24e5c0a827ab6ad86770eed7ae63b0d8b6,C:\Users\moham\Documents\Codex\2026-07-28\build\outputs\Simulation_Data\CSV\11_Validation_and_Reconciliation__PERT_Reconciliation.csv,Required,PASS,N/A,50000,5
08_VALIDATION_AND_RECONCILIATION/CSV/11_Validation_and_Reconciliation__Probability_Validation.csv,11_Validation_and_Reconciliation__Probability_Validation.csv,"Reconciliation, probability, loop, cap, path, reproducibility, and workbook checks.",Verified CSV dataset or report for universal access.,323,13f21a38e7ad8fd2950bb440c0e563c20a8290c764a6d70c6fb0b0efe8404ae9,C:\Users\moham\Documents\Codex\2026-07-28\build\outputs\Simulation_Data\CSV\11_Validation_and_Reconciliation__Probability_Validation.csv,Required,PASS,N/A,7,6
08_VALIDATION_AND_RECONCILIATION/CSV/11_Validation_and_Reconciliation__Reproducibility_Comparison.csv.gz,11_Validation_and_Reconciliation__Reproducibility_Comparison.csv.gz,"Reconciliation, probability, loop, cap, path, reproducibility, and workbook checks.",Verified CSV dataset or report for universal access.,4442223,25b15135e080fe31190568f685862986c1f6f63ffd737e7aa374a0fee03eba80,C:\Users\moham\Documents\Codex\2026-07-28\build\outputs\Simulation_Data\CSV\11_Validation_and_Reconciliation__Reproducibility_Comparison.csv.gz,Required,PASS,N/A,100000,5
08_VALIDATION_AND_RECONCILIATION/CSV/11_Validation_and_Reconciliation__Row_Count_Reconciliation.csv,11_Validation_and_Reconciliation__Row_Count_Reconciliation.csv,"Reconciliation, probability, loop, cap, path, reproducibility, and workbook checks.",Verified CSV dataset or report for universal access.,329,df56ac130cbb1f819833da71471176ea4212845c1253a815adbd880b7095d969,C:\Users\moham\Documents\Codex\2026-07-28\build\outputs\Simulation_Data\CSV\11_Validation_and_Reconciliation__Row_Count_Reconciliation.csv,Required,PASS,N/A,7,5
08_VALIDATION_AND_RECONCILIATION/CSV/11_Validation_and_Reconciliation__Workbook_Integrity.csv,11_Validation_and_Reconciliation__Workbook_Integrity.csv,"Reconciliation, probability, loop, cap, path, reproducibility, and workbook checks.",Verified CSV dataset or report for universal access.,1882,cf30a19e12527334f77830d6211e32fb9407eab5394f8d588861244a9c335b5a,C:\Users\moham\Documents\Codex\2026-07-28\build\outputs\Simulation_Data\CSV\11_Validation_and_Reconciliation__Workbook_Integrity.csv,Required,PASS,N/A,12,7
08_VALIDATION_AND_RECONCILIATION/CSV/Input_Validation_Report__Input_Validation.csv,Input_Validation_Report__Input_Validation.csv,"Reconciliation, probability, loop, cap, path, reproducibility, and workbook checks.",Verified CSV dataset or report for universal access.,601,672185c403b6e1158948f140f2b06cb2939333e42369b715330f04c02ca5b8bd,C:\Users\moham\Documents\Codex\2026-07-28\build\outputs\Simulation_Data\CSV\Input_Validation_Report__Input_Validation.csv,Required,PASS,N/A,20,3
08_VALIDATION_AND_RECONCILIATION/Parquet/11_Validation_and_Reconciliation__Cap_Validation.parquet,11_Validation_and_Reconciliation__Cap_Validation.parquet,"Reconciliation, probability, loop, cap, path, reproducibility, and workbook checks.",Verified Parquet dataset for programmatic analysis.,2322,ba28147a0ed6b530fb482b90521530a626ae5d3fa7a24714ed1bd20efc9903ba,C:\Users\moham\Documents\Codex\2026-07-28\build\outputs\Simulation_Data\Parquet\11_Validation_and_Reconciliation__Cap_Validation.parquet,Required,PASS,N/A,10,5
08_VALIDATION_AND_RECONCILIATION/Parquet/11_Validation_and_Reconciliation__Cross_File_Reconciliation.parquet,11_Validation_and_Reconciliation__Cross_File_Reconciliation.parquet,"Reconciliation, probability, loop, cap, path, reproducibility, and workbook checks.",Verified Parquet dataset for programmatic analysis.,1801,1174b7da42a42ad04f2e78040b9a0876b218c90ad13570336472a43f6fd502f2,C:\Users\moham\Documents\Codex\2026-07-28\build\outputs\Simulation_Data\Parquet\11_Validation_and_Reconciliation__Cross_File_Reconciliation.parquet,Required,PASS,N/A,12,3
08_VALIDATION_AND_RECONCILIATION/Parquet/11_Validation_and_Reconciliation__Data_Dictionary.parquet,11_Validation_and_Reconciliation__Data_Dictionary.parquet,"Reconciliation, probability, loop, cap, path, reproducibility, and workbook checks.",Verified Parquet dataset for programmatic analysis.,9533,0ba19c4997584243b7b7d975cefd107ccd03b3687d2b9e0f272b97a96b871e39,C:\Users\moham\Documents\Codex\2026-07-28\build\outputs\Simulation_Data\Parquet\11_Validation_and_Reconciliation__Data_Dictionary.parquet,Required,PASS,N/A,82,13
08_VALIDATION_AND_RECONCILIATION/Parquet/11_Validation_and_Reconciliation__Duration_Reconciliation.parquet,11_Validation_and_Reconciliation__Duration_Reconciliation.parquet,"Reconciliation, probability, loop, cap, path, reproducibility, and workbook checks.",Verified Parquet dataset for programmatic analysis.,783871,3d0570462a1549faeff95b22dfb9ce36f6e70da93c4089c4defefed6b6cf27c4,C:\Users\moham\Documents\Codex\2026-07-28\build\outputs\Simulation_Data\Parquet\11_Validation_and_Reconciliation__Duration_Reconciliation.parquet,Required,PASS,N/A,100000,6
08_VALIDATION_AND_RECONCILIATION/Parquet/11_Validation_and_Reconciliation__Exact_Verification_Status.parquet,11_Validation_and_Reconciliation__Exact_Verification_Status.parquet,"Reconciliation, probability, loop, cap, path, reproducibility, and workbook checks.",Verified Parquet dataset for programmatic analysis.,1944,fc7a0f34124dfa4d66fd5b4e19d318277216b5b02d28d53b9abbecd958591dd1,C:\Users\moham\Documents\Codex\2026-07-28\build\outputs\Simulation_Data\Parquet\11_Validation_and_Reconciliation__Exact_Verification_Status.parquet,Required,PASS,N/A,3,4
08_VALIDATION_AND_RECONCILIATION/Parquet/11_Validation_and_Reconciliation__GERT_Reconciliation.parquet,11_Validation_and_Reconciliation__GERT_Reconciliation.parquet,"Reconciliation, probability, loop, cap, path, reproducibility, and workbook checks.",Verified Parquet dataset for programmatic analysis.,392052,457014e6027fdbc8d61f5f81b3a072649f3a2f3c7ebd28de8b7422f9b30c11e0,C:\Users\moham\Documents\Codex\2026-07-28\build\outputs\Simulation_Data\Parquet\11_Validation_and_Reconciliation__GERT_Reconciliation.parquet,Required,PASS,N/A,50000,7
08_VALIDATION_AND_RECONCILIATION/Parquet/11_Validation_and_Reconciliation__Input_Validation.parquet,11_Validation_and_Reconciliation__Input_Validation.parquet,"Reconciliation, probability, loop, cap, path, reproducibility, and workbook checks.",Verified Parquet dataset for programmatic analysis.,1650,4681453a5722917eeb71729c38be0499579f29b5defefe095443ed3c8251ccd5,C:\Users\moham\Documents\Codex\2026-07-28\build\outputs\Simulation_Data\Parquet\11_Validation_and_Reconciliation__Input_Validation.parquet,Required,PASS,N/A,20,3
08_VALIDATION_AND_RECONCILIATION/Parquet/11_Validation_and_Reconciliation__Loop_Validation.parquet,11_Validation_and_Reconciliation__Loop_Validation.parquet,"Reconciliation, probability, loop, cap, path, reproducibility, and workbook checks.",Verified Parquet dataset for programmatic analysis.,1975,332f0f2e6d7c6e5011d89622fcdcaff5ade5be346996d2df0b24fc0d557e8e88,C:\Users\moham\Documents\Codex\2026-07-28\build\outputs\Simulation_Data\Parquet\11_Validation_and_Reconciliation__Loop_Validation.parquet,Required,PASS,N/A,10,5
08_VALIDATION_AND_RECONCILIATION/Parquet/11_Validation_and_Reconciliation__Path_Continuity.parquet,11_Validation_and_Reconciliation__Path_Continuity.parquet,"Reconciliation, probability, loop, cap, path, reproducibility, and workbook checks.",Verified Parquet dataset for programmatic analysis.,357516,04381f62f44bd74da05a2ab529fb25cb624e6bc3d8ea8704d483150c2ebdd86b,C:\Users\moham\Documents\Codex\2026-07-28\build\outputs\Simulation_Data\Parquet\11_Validation_and_Reconciliation__Path_Continuity.parquet,Required,PASS,N/A,50000,8
08_VALIDATION_AND_RECONCILIATION/Parquet/11_Validation_and_Reconciliation__PERT_Reconciliation.parquet,11_Validation_and_Reconciliation__PERT_Reconciliation.parquet,"Reconciliation, probability, loop, cap, path, reproducibility, and workbook checks.",Verified Parquet dataset for programmatic analysis.,375074,17ef6bef0b0efeae277b0a0cd298733eb48652d5d420dc7b0084539c3cb55ab7,C:\Users\moham\Documents\Codex\2026-07-28\build\outputs\Simulation_Data\Parquet\11_Validation_and_Reconciliation__PERT_Reconciliation.parquet,Required,PASS,N/A,50000,5
08_VALIDATION_AND_RECONCILIATION/Parquet/11_Validation_and_Reconciliation__Probability_Validation.parquet,11_Validation_and_Reconciliation__Probability_Validation.parquet,"Reconciliation, probability, loop, cap, path, reproducibility, and workbook checks.",Verified Parquet dataset for programmatic analysis.,2304,9a3304218eca5be63fca42fe05ff74f7d549d885c46c4c8559577f10efd0380e,C:\Users\moham\Documents\Codex\2026-07-28\build\outputs\Simulation_Data\Parquet\11_Validation_and_Reconciliation__Probability_Validation.parquet,Required,PASS,N/A,7,6
08_VALIDATION_AND_RECONCILIATION/Parquet/11_Validation_and_Reconciliation__Reproducibility_Comparison.parquet,11_Validation_and_Reconciliation__Reproducibility_Comparison.parquet,"Reconciliation, probability, loop, cap, path, reproducibility, and workbook checks.",Verified Parquet dataset for programmatic analysis.,14173039,50280b517e750213cb2eb0fec6027ce8fa6ba6587add28684b99c81381530b1c,C:\Users\moham\Documents\Codex\2026-07-28\build\outputs\Simulation_Data\Parquet\11_Validation_and_Reconciliation__Reproducibility_Comparison.parquet,Required,PASS,N/A,100000,5
08_VALIDATION_AND_RECONCILIATION/Parquet/11_Validation_and_Reconciliation__Row_Count_Reconciliation.parquet,11_Validation_and_Reconciliation__Row_Count_Reconciliation.parquet,"Reconciliation, probability, loop, cap, path, reproducibility, and workbook checks.",Verified Parquet dataset for programmatic analysis.,2413,489c793be19d45d0fa1e09e9e8a776eaf9e49b522f491a50903e296cc346c5ca,C:\Users\moham\Documents\Codex\2026-07-28\build\outputs\Simulation_Data\Parquet\11_Validation_and_Reconciliation__Row_Count_Reconciliation.parquet,Required,PASS,N/A,7,5
08_VALIDATION_AND_RECONCILIATION/Parquet/11_Validation_and_Reconciliation__Workbook_Integrity.parquet,11_Validation_and_Reconciliation__Workbook_Integrity.parquet,"Reconciliation, probability, loop, cap, path, reproducibility, and workbook checks.",Verified Parquet dataset for programmatic analysis.,4698,945a04252a1bd4027d302cb50aa0b43ddc83a9c49f8c6244fd89ee91f4156f59,C:\Users\moham\Documents\Codex\2026-07-28\build\outputs\Simulation_Data\Parquet\11_Validation_and_Reconciliation__Workbook_Integrity.parquet,Required,PASS,N/A,12,7
08_VALIDATION_AND_RECONCILIATION/Parquet/Input_Validation_Report__Input_Validation.parquet,Input_Validation_Report__Input_Validation.parquet,"Reconciliation, probability, loop, cap, path, reproducibility, and workbook checks.",Verified Parquet dataset for programmatic analysis.,1650,4681453a5722917eeb71729c38be0499579f29b5defefe095443ed3c8251ccd5,C:\Users\moham\Documents\Codex\2026-07-28\build\outputs\Simulation_Data\Parquet\Input_Validation_Report__Input_Validation.parquet,Required,PASS,N/A,20,3
09_ALL_CSV/00_Master_Index__Column_Counts.csv,00_Master_Index__Column_Counts.csv,Exact copy of the complete verified CSV directory.,Verified CSV dataset or report for universal access.,11409,498fa4ea2a6f524a3542cf059dd8877b4a05c7a05871957eb739dffd4374617a,C:\Users\moham\Documents\Codex\2026-07-28\build\outputs\Simulation_Data\CSV\00_Master_Index__Column_Counts.csv,Required,PASS,N/A,115,5
09_ALL_CSV/00_Master_Index__Data_Dictionary_Index.csv,00_Master_Index__Data_Dictionary_Index.csv,Exact copy of the complete verified CSV directory.,Verified CSV dataset or report for universal access.,797,b77e1dbb2321912a5aa17684ba27e7f0776ec6e7b8fe4ff844b320934c1cb292,C:\Users\moham\Documents\Codex\2026-07-28\build\outputs\Simulation_Data\CSV\00_Master_Index__Data_Dictionary_Index.csv,Required,PASS,N/A,11,3
09_ALL_CSV/00_Master_Index__Dataset_Register.csv,00_Master_Index__Dataset_Register.csv,Exact copy of the complete verified CSV directory.,Verified CSV dataset or report for universal access.,40637,877513c9f3bdf563b4daa9a74904f2a2b0cf3d64e1c57edddc4fd28521751844,C:\Users\moham\Documents\Codex\2026-07-28\build\outputs\Simulation_Data\CSV\00_Master_Index__Dataset_Register.csv,Required,PASS,N/A,115,12
09_ALL_CSV/00_Master_Index__Exact_Verification_Status.csv,00_Master_Index__Exact_Verification_Status.csv,Exact copy of the complete verified CSV directory.,Verified CSV dataset or report for universal access.,263,22476959e449009c57802cb148b66103961bfef81e7ab379315e520980cf39dd,C:\Users\moham\Documents\Codex\2026-07-28\build\outputs\Simulation_Data\CSV\00_Master_Index__Exact_Verification_Status.csv,Required,PASS,N/A,7,2
09_ALL_CSV/00_Master_Index__File_Manifest.csv,00_Master_Index__File_Manifest.csv,Exact copy of the complete verified CSV directory.,Verified CSV dataset or report for universal access.,5532,3d1c42c977cb9d24562d14ac02a137995c35f9d7a3e87a36e88056af59a6bc42,C:\Users\moham\Documents\Codex\2026-07-28\build\outputs\Simulation_Data\CSV\00_Master_Index__File_Manifest.csv,Required,PASS,N/A,14,12
09_ALL_CSV/00_Master_Index__Input_Hashes.csv,00_Master_Index__Input_Hashes.csv,Exact copy of the complete verified CSV directory.,Verified CSV dataset or report for universal access.,269,e02629dc68c788fba8fc5dccd81bbedae0fe69b0ba2fa1d8937f957537ceb893,C:\Users\moham\Documents\Codex\2026-07-28\build\outputs\Simulation_Data\CSV\00_Master_Index__Input_Hashes.csv,Required,PASS,N/A,2,3
09_ALL_CSV/00_Master_Index__Limitations.csv,00_Master_Index__Limitations.csv,Exact copy of the complete verified CSV directory.,Verified CSV dataset or report for universal access.,478,8592dd6e292fcb85b1a5261d664c751921c1069a458162e827ea464312a161fd,C:\Users\moham\Documents\Codex\2026-07-28\build\outputs\Simulation_Data\CSV\00_Master_Index__Limitations.csv,Required,PASS,N/A,3,2
09_ALL_CSV/00_Master_Index__Reproducibility_Status.csv,00_Master_Index__Reproducibility_Status.csv,Exact copy of the complete verified CSV directory.,Verified CSV dataset or report for universal access.,97,ba3cd99b51626d4163d287a91e2e8d4a0cb1dd648e558fe8721372ae7f9598a5,C:\Users\moham\Documents\Codex\2026-07-28\build\outputs\Simulation_Data\CSV\00_Master_Index__Reproducibility_Status.csv,Required,PASS,N/A,2,4
09_ALL_CSV/00_Master_Index__Row_Counts.csv,00_Master_Index__Row_Counts.csv,Exact copy of the complete verified CSV directory.,Verified CSV dataset or report for universal access.,12500,3ed095e7bd9170a74af1b21b5b74a65cadd4d0d6c6ddda7cac830506ff9768dc,C:\Users\moham\Documents\Codex\2026-07-28\build\outputs\Simulation_Data\CSV\00_Master_Index__Row_Counts.csv,Required,PASS,N/A,115,7
09_ALL_CSV/00_Master_Index__Sensitivity_Readiness.csv,00_Master_Index__Sensitivity_Readiness.csv,Exact copy of the complete verified CSV directory.,Verified CSV dataset or report for universal access.,489,9f1df1a1459c289af8eebf8cc171d0a9604fae4b375648c7aa1115afedd1159a,C:\Users\moham\Documents\Codex\2026-07-28\build\outputs\Simulation_Data\CSV\00_Master_Index__Sensitivity_Readiness.csv,Required,PASS,N/A,3,3
09_ALL_CSV/00_Master_Index__Simulation_Summary.csv,00_Master_Index__Simulation_Summary.csv,Exact copy of the complete verified CSV directory.,Verified CSV dataset or report for universal access.,293,46f820b1449995fe69f8b9330734b209a0f786e321946580ebd4e9f63eb09b1e,C:\Users\moham\Documents\Codex\2026-07-28\build\outputs\Simulation_Data\CSV\00_Master_Index__Simulation_Summary.csv,Required,PASS,N/A,10,2
09_ALL_CSV/00_Master_Index__Validation_Status.csv,00_Master_Index__Validation_Status.csv,Exact copy of the complete verified CSV directory.,Verified CSV dataset or report for universal access.,748,2054616a2eb49fe049ceee016dc292ef180cb0abb45f9ca79f21a5c098a4f6b5,C:\Users\moham\Documents\Codex\2026-07-28\build\outputs\Simulation_Data\CSV\00_Master_Index__Validation_Status.csv,Required,PASS,N/A,24,3
09_ALL_CSV/01_Input_and_Metadata__Data_Dictionary.csv,01_Input_and_Metadata__Data_Dictionary.csv,Exact copy of the complete verified CSV directory.,Verified CSV dataset or report for universal access.,24430,1d60a079567c8fbcebf942c3da7b48c67a4193fe8b814906b04af519f2bb6153,C:\Users\moham\Documents\Codex\2026-07-28\build\outputs\Simulation_Data\CSV\01_Input_and_Metadata__Data_Dictionary.csv,Required,PASS,N/A,81,13
09_ALL_CSV/01_Input_and_Metadata__GERT_Arcs.csv,01_Input_and_Metadata__GERT_Arcs.csv,Exact copy of the complete verified CSV directory.,Verified CSV dataset or report for universal access.,2060,9c7ef3e0bf93c1b086f993b310ad8809dea187764c5dcf7170a5a0b1c9fd1757,C:\Users\moham\Documents\Codex\2026-07-28\build\outputs\Simulation_Data\CSV\01_Input_and_Metadata__GERT_Arcs.csv,Required,PASS,N/A,30,11
09_ALL_CSV/01_Input_and_Metadata__GERT_Nodes.csv,01_Input_and_Metadata__GERT_Nodes.csv,Exact copy of the complete verified CSV directory.,Verified CSV dataset or report for universal access.,538,d9a2b16947a7ac3ef518455f45d94d1b17592d987edc4b7db03510f4e5978095,C:\Users\moham\Documents\Codex\2026-07-28\build\outputs\Simulation_Data\CSV\01_Input_and_Metadata__GERT_Nodes.csv,Required,PASS,N/A,10,6
09_ALL_CSV/01_Input_and_Metadata__Input_Audit.csv,01_Input_and_Metadata__Input_Audit.csv,Exact copy of the complete verified CSV directory.,Verified CSV dataset or report for universal access.,601,672185c403b6e1158948f140f2b06cb2939333e42369b715330f04c02ca5b8bd,C:\Users\moham\Documents\Codex\2026-07-28\build\outputs\Simulation_Data\CSV\01_Input_and_Metadata__Input_Audit.csv,Required,PASS,N/A,20,3
09_ALL_CSV/01_Input_and_Metadata__Loop_Register.csv,01_Input_and_Metadata__Loop_Register.csv,Exact copy of the complete verified CSV directory.,Verified CSV dataset or report for universal access.,534,cd8d99a5dba136627f5d0275b231c4ddce3ea8020f8fb7da50ef1a423c395901,C:\Users\moham\Documents\Codex\2026-07-28\build\outputs\Simulation_Data\CSV\01_Input_and_Metadata__Loop_Register.csv,Required,PASS,N/A,10,7
09_ALL_CSV/01_Input_and_Metadata__Parameter_Register.csv,01_Input_and_Metadata__Parameter_Register.csv,Exact copy of the complete verified CSV directory.,Verified CSV dataset or report for universal access.,27470,7371ff15361c728542c1cbf8370478ce3e2ff8134f5347817d6936c90f8c873c,C:\Users\moham\Documents\Codex\2026-07-28\build\outputs\Simulation_Data\CSV\01_Input_and_Metadata__Parameter_Register.csv,Required,PASS,N/A,146,15
09_ALL_CSV/01_Input_and_Metadata__PERT_Input.csv,01_Input_and_Metadata__PERT_Input.csv,Exact copy of the complete verified CSV directory.,Verified CSV dataset or report for universal access.,751,abb2f0463a6a4fb319e652ade52b8a0dd16c4d2408e2dfdae0bf9e9b5bdeee71,C:\Users\moham\Documents\Codex\2026-07-28\build\outputs\Simulation_Data\CSV\01_Input_and_Metadata__PERT_Input.csv,Required,PASS,N/A,6,10
09_ALL_CSV/01_Input_and_Metadata__Probability_Groups.csv,01_Input_and_Metadata__Probability_Groups.csv,Exact copy of the complete verified CSV directory.,Verified CSV dataset or report for universal access.,291,9a38a221cae3fe33096ecb532f7ac138ef3bc05cfbaccd550560dc1c459c2cca,C:\Users\moham\Documents\Codex\2026-07-28\build\outputs\Simulation_Data\CSV\01_Input_and_Metadata__Probability_Groups.csv,Required,PASS,N/A,7,7
09_ALL_CSV/01_Input_and_Metadata__Random_Streams.csv,01_Input_and_Metadata__Random_Streams.csv,Exact copy of the complete verified CSV directory.,Verified CSV dataset or report for universal access.,214,b98adc9185bab7a703ed5dd8f391286e1f22035e6f7aba14ced4bab96f8b9947,C:\Users\moham\Documents\Codex\2026-07-28\build\outputs\Simulation_Data\CSV\01_Input_and_Metadata__Random_Streams.csv,Required,PASS,N/A,3,5
09_ALL_CSV/01_Input_and_Metadata__Run_Metadata.csv,01_Input_and_Metadata__Run_Metadata.csv,Exact copy of the complete verified CSV directory.,Verified CSV dataset or report for universal access.,644,47131e018cafdfa5470b00481ef68c50661e80612e34f2ebb04af2861ee865ca,C:\Users\moham\Documents\Codex\2026-07-28\build\outputs\Simulation_Data\CSV\01_Input_and_Metadata__Run_Metadata.csv,Required,PASS,N/A,18,2
09_ALL_CSV/01_Input_and_Metadata__Software_Versions.csv,01_Input_and_Metadata__Software_Versions.csv,Exact copy of the complete verified CSV directory.,Verified CSV dataset or report for universal access.,164,366c6f2002269524ed805a0796d74fac37f46395b9e8451b71ff01a67a34056c,C:\Users\moham\Documents\Codex\2026-07-28\build\outputs\Simulation_Data\CSV\01_Input_and_Metadata__Software_Versions.csv,Required,PASS,N/A,6,2
09_ALL_CSV/02_PERT_Raw_Data__PERT_Analytical_PMFs.csv,02_PERT_Raw_Data__PERT_Analytical_PMFs.csv,Exact copy of the complete verified CSV directory.,Verified CSV dataset or report for universal access.,4749,30ae53beaca83211f732fe4c1aa8fd9e7f74e56dce001f716254bafb17df90da,C:\Users\moham\Documents\Codex\2026-07-28\build\outputs\Simulation_Data\CSV\02_PERT_Raw_Data__PERT_Analytical_PMFs.csv,Required,PASS,N/A,125,4
09_ALL_CSV/02_PERT_Raw_Data__PERT_Durations_Long.csv.gz,02_PERT_Raw_Data__PERT_Durations_Long.csv.gz,Exact copy of the complete verified CSV directory.,Verified CSV dataset or report for universal access.,8670752,d680c5cd4dda977c5ad92232e32bac37c574999bebf2eeaa9f1934103cb94280,C:\Users\moham\Documents\Codex\2026-07-28\build\outputs\Simulation_Data\CSV\02_PERT_Raw_Data__PERT_Durations_Long.csv.gz,Required,PASS,N/A,300000,14
09_ALL_CSV/02_PERT_Raw_Data__PERT_Exact_Moments.csv,02_PERT_Raw_Data__PERT_Exact_Moments.csv,Exact copy of the complete verified CSV directory.,Verified CSV dataset or report for universal access.,613,dd5a9ead4a634a11774524d9e8b579749ca16945aeba401b52485e80720dd4d1,C:\Users\moham\Documents\Codex\2026-07-28\build\outputs\Simulation_Data\CSV\02_PERT_Raw_Data__PERT_Exact_Moments.csv,Required,PASS,N/A,7,7
09_ALL_CSV/02_PERT_Raw_Data__PERT_Iterations_Wide.csv,02_PERT_Raw_Data__PERT_Iterations_Wide.csv,Exact copy of the complete verified CSV directory.,Verified CSV dataset or report for universal access.,15015887,89cccc14d3dc9e591b268f56a19063973c9b87bdf5a6b8050618fd976a60e0b7,C:\Users\moham\Documents\Codex\2026-07-28\build\outputs\Simulation_Data\CSV\02_PERT_Raw_Data__PERT_Iterations_Wide.csv,Required,PASS,N/A,50000,25
09_ALL_CSV/02_PERT_Raw_Data__PERT_Raw_Beta_Samples.csv.gz,02_PERT_Raw_Data__PERT_Raw_Beta_Samples.csv.gz,Exact copy of the complete verified CSV directory.,Verified CSV dataset or report for universal access.,4068982,aa5fc636d8dfe75698203aef4e22ea84188a62ec0b404e82b01b08f1e14f4499,C:\Users\moham\Documents\Codex\2026-07-28\build\outputs\Simulation_Data\CSV\02_PERT_Raw_Data__PERT_Raw_Beta_Samples.csv.gz,Required,PASS,N/A,300000,6
09_ALL_CSV/02_PERT_Raw_Data__PERT_Reconciliation.csv,02_PERT_Raw_Data__PERT_Reconciliation.csv,Exact copy of the complete verified CSV directory.,Verified CSV dataset or report for universal access.,938945,7d62670a0cd415b4db5b1df31a7e65eb527b83cff49e214a1d058446ab93c97b,C:\Users\moham\Documents\Codex\2026-07-28\build\outputs\Simulation_Data\CSV\02_PERT_Raw_Data__PERT_Reconciliation.csv,Required,PASS,N/A,50000,6
09_ALL_CSV/03_PERT_Analysis_Ready__Activity_Statistics.csv,03_PERT_Analysis_Ready__Activity_Statistics.csv,Exact copy of the complete verified CSV directory.,Verified CSV dataset or report for universal access.,861,5336bc510994cb9d659e0b2398bddda13b5634ae282a2b01075483c4d375567e,C:\Users\moham\Documents\Codex\2026-07-28\build\outputs\Simulation_Data\CSV\03_PERT_Analysis_Ready__Activity_Statistics.csv,Required,PASS,N/A,6,12
09_ALL_CSV/03_PERT_Analysis_Ready__Analytical_Comparison.csv,03_PERT_Analysis_Ready__Analytical_Comparison.csv,Exact copy of the complete verified CSV directory.,Verified CSV dataset or report for universal access.,207,d8e6abffa0889b24b57d16eacc57a1384def09dc992fdf25146f3674af063b9a,C:\Users\moham\Documents\Codex\2026-07-28\build\outputs\Simulation_Data\CSV\03_PERT_Analysis_Ready__Analytical_Comparison.csv,Required,PASS,N/A,1,7
09_ALL_CSV/03_PERT_Analysis_Ready__Convergence.csv,03_PERT_Analysis_Ready__Convergence.csv,Exact copy of the complete verified CSV directory.,Verified CSV dataset or report for universal access.,6214,36a579ff9ed66a8ade7007363c39ba2ff2acd916d3619161ff576e3beb15cbb5,C:\Users\moham\Documents\Codex\2026-07-28\build\outputs\Simulation_Data\CSV\03_PERT_Analysis_Ready__Convergence.csv,Required,PASS,N/A,100,8
09_ALL_CSV/03_PERT_Analysis_Ready__Correlation_Matrix.csv,03_PERT_Analysis_Ready__Correlation_Matrix.csv,Exact copy of the complete verified CSV directory.,Verified CSV dataset or report for universal access.,1088,87a3b1a186c620a6137c3a90a11ee7535f09424c96d7ef8ccd3d5c6b81886247,C:\Users\moham\Documents\Codex\2026-07-28\build\outputs\Simulation_Data\CSV\03_PERT_Analysis_Ready__Correlation_Matrix.csv,Required,PASS,N/A,7,8
09_ALL_CSV/03_PERT_Analysis_Ready__Data_Dictionary.csv,03_PERT_Analysis_Ready__Data_Dictionary.csv,Exact copy of the complete verified CSV directory.,Verified CSV dataset or report for universal access.,33046,5b61b7934dcd744d5a739f4ab085ab4029db366e1d7d7f81ea43231a4e87163b,C:\Users\moham\Documents\Codex\2026-07-28\build\outputs\Simulation_Data\CSV\03_PERT_Analysis_Ready__Data_Dictionary.csv,Required,PASS,N/A,102,13
09_ALL_CSV/03_PERT_Analysis_Ready__ECDF.csv,03_PERT_Analysis_Ready__ECDF.csv,Exact copy of the complete verified CSV directory.,Verified CSV dataset or report for universal access.,1387,1769adf667e2a29ee1cfc38a2d3b24af9221092ef771c83ef9c2aeb88541148c,C:\Users\moham\Documents\Codex\2026-07-28\build\outputs\Simulation_Data\CSV\03_PERT_Analysis_Ready__ECDF.csv,Required,PASS,N/A,42,4
09_ALL_CSV/03_PERT_Analysis_Ready__Histogram_Data.csv,03_PERT_Analysis_Ready__Histogram_Data.csv,Exact copy of the complete verified CSV directory.,Verified CSV dataset or report for universal access.,1170,4433e8df6ddc34467aa04d6947cc1b3b3be18aca93d26484678e7f5f583cba9a,C:\Users\moham\Documents\Codex\2026-07-28\build\outputs\Simulation_Data\CSV\03_PERT_Analysis_Ready__Histogram_Data.csv,Required,PASS,N/A,42,3
09_ALL_CSV/03_PERT_Analysis_Ready__Iteration_Matrix.csv,03_PERT_Analysis_Ready__Iteration_Matrix.csv,Exact copy of the complete verified CSV directory.,Verified CSV dataset or report for universal access.,1281454,57c612872df356743759a7473f1ac2ecaf8d20cd57b576b090b8e17354e53b8a,C:\Users\moham\Documents\Codex\2026-07-28\build\outputs\Simulation_Data\CSV\03_PERT_Analysis_Ready__Iteration_Matrix.csv,Required,PASS,N/A,50000,8
09_ALL_CSV/03_PERT_Analysis_Ready__P1_P99.csv,03_PERT_Analysis_Ready__P1_P99.csv,Exact copy of the complete verified CSV directory.,Verified CSV dataset or report for universal access.,714,40f897832f1d0e4b1236dc355d1bcf2cfd7ffa5b3bc4711d91a51c7cfc59d0e9,C:\Users\moham\Documents\Codex\2026-07-28\build\outputs\Simulation_Data\CSV\03_PERT_Analysis_Ready__P1_P99.csv,Required,PASS,N/A,99,2
09_ALL_CSV/03_PERT_Analysis_Ready__Regression_Matrix.csv,03_PERT_Analysis_Ready__Regression_Matrix.csv,Exact copy of the complete verified CSV directory.,Verified CSV dataset or report for universal access.,7893179,2989914d9503ecf449c58eec16fb860c0698e2674165100c720a5b5498f7e6ab,C:\Users\moham\Documents\Codex\2026-07-28\build\outputs\Simulation_Data\CSV\03_PERT_Analysis_Ready__Regression_Matrix.csv,Required,PASS,N/A,50000,15
09_ALL_CSV/03_PERT_Analysis_Ready__Spearman_Sensitivity.csv,03_PERT_Analysis_Ready__Spearman_Sensitivity.csv,Exact copy of the complete verified CSV directory.,Verified CSV dataset or report for universal access.,731,426b92c98be506f0727835218f838a227faf176208b276b46449cc9a00815a75,C:\Users\moham\Documents\Codex\2026-07-28\build\outputs\Simulation_Data\CSV\03_PERT_Analysis_Ready__Spearman_Sensitivity.csv,Required,PASS,N/A,6,6
09_ALL_CSV/03_PERT_Analysis_Ready__Summary_Statistics.csv,03_PERT_Analysis_Ready__Summary_Statistics.csv,Exact copy of the complete verified CSV directory.,Verified CSV dataset or report for universal access.,871,c723ac15b55b0579948b13ec5ac402781b52782532a871fe5109bc31eaa35f56,C:\Users\moham\Documents\Codex\2026-07-28\build\outputs\Simulation_Data\CSV\03_PERT_Analysis_Ready__Summary_Statistics.csv,Required,PASS,N/A,7,16
09_ALL_CSV/04_GERT_Iteration_Data__Data_Dictionary.csv,04_GERT_Iteration_Data__Data_Dictionary.csv,Exact copy of the complete verified CSV directory.,Verified CSV dataset or report for universal access.,49809,a23a249a33ade4b5c1ccf7775bc4b7a2c24105b643c2b9b0466f14af293d2689,C:\Users\moham\Documents\Codex\2026-07-28\build\outputs\Simulation_Data\CSV\04_GERT_Iteration_Data__Data_Dictionary.csv,Required,PASS,N/A,151,13
09_ALL_CSV/04_GERT_Iteration_Data__Invalid_Iterations.csv,04_GERT_Iteration_Data__Invalid_Iterations.csv,Exact copy of the complete verified CSV directory.,Verified CSV dataset or report for universal access.,115,f09260ecdf4c570d1445db71fc32db6e6dd9757dd195d9b29454c5aaa0df24ba,C:\Users\moham\Documents\Codex\2026-07-28\build\outputs\Simulation_Data\CSV\04_GERT_Iteration_Data__Invalid_Iterations.csv,Required,PASS,N/A,1,4
09_ALL_CSV/04_GERT_Iteration_Data__Iteration_Summary.csv,04_GERT_Iteration_Data__Iteration_Summary.csv,Exact copy of the complete verified CSV directory.,Verified CSV dataset or report for universal access.,10733368,e8cbd4b711bacce0b2d9b953c19f4e68ab751081966582e69156e18c0be0a906,C:\Users\moham\Documents\Codex\2026-07-28\build\outputs\Simulation_Data\CSV\04_GERT_Iteration_Data__Iteration_Summary.csv,Required,PASS,N/A,50000,37
09_ALL_CSV/04_GERT_Iteration_Data__Outcome_Summary.csv,04_GERT_Iteration_Data__Outcome_Summary.csv,Exact copy of the complete verified CSV directory.,Verified CSV dataset or report for universal access.,268,523fd03d132d3ed2927c126a0c1840645354de91b40967c5815bedbc129ab79d,C:\Users\moham\Documents\Codex\2026-07-28\build\outputs\Simulation_Data\CSV\04_GERT_Iteration_Data__Outcome_Summary.csv,Required,PASS,N/A,4,5
09_ALL_CSV/04_GERT_Iteration_Data__Path_Register.csv,04_GERT_Iteration_Data__Path_Register.csv,Exact copy of the complete verified CSV directory.,Verified CSV dataset or report for universal access.,87335,e63f0e9803bde6a0de220b5aa159d9e5eec08bc18ba1480e57a862483d52dd90,C:\Users\moham\Documents\Codex\2026-07-28\build\outputs\Simulation_Data\CSV\04_GERT_Iteration_Data__Path_Register.csv,Required,PASS,N/A,380,18
09_ALL_CSV/04_GERT_Iteration_Data__Successful_Iterations.csv,04_GERT_Iteration_Data__Successful_Iterations.csv,Exact copy of the complete verified CSV directory.,Verified CSV dataset or report for universal access.,6584998,1298d2954fb309d8bc9aa02566014772ba44e37786a68752ab67fa50d58f1605,C:\Users\moham\Documents\Codex\2026-07-28\build\outputs\Simulation_Data\CSV\04_GERT_Iteration_Data__Successful_Iterations.csv,Required,PASS,N/A,28871,37
09_ALL_CSV/04_GERT_Iteration_Data__Terminated_Iterations.csv,04_GERT_Iteration_Data__Terminated_Iterations.csv,Exact copy of the complete verified CSV directory.,Verified CSV dataset or report for universal access.,4148896,fbde2e55b217e62690065012299fe7d414981cac019d3c00ab16b452f68b00b4,C:\Users\moham\Documents\Codex\2026-07-28\build\outputs\Simulation_Data\CSV\04_GERT_Iteration_Data__Terminated_Iterations.csv,Required,PASS,N/A,21129,37
09_ALL_CSV/05_GERT_Traversal_Data__Traversal_Data_Dictionary.csv,05_GERT_Traversal_Data__Traversal_Data_Dictionary.csv,Exact copy of the complete verified CSV directory.,Verified CSV dataset or report for universal access.,27504,da1be0dd66549112f3c6306be50953ce5d4bd79a93fbba205324ff750f905a75,C:\Users\moham\Documents\Codex\2026-07-28\build\outputs\Simulation_Data\CSV\05_GERT_Traversal_Data__Traversal_Data_Dictionary.csv,Required,PASS,N/A,83,13
09_ALL_CSV/05_GERT_Traversal_Data__Traversals_Part_01.csv.gz,05_GERT_Traversal_Data__Traversals_Part_01.csv.gz,Exact copy of the complete verified CSV directory.,Verified CSV dataset or report for universal access.,4484989,9b94096c20931865a5ac63c7844ca04da6792d4a4dc9468bfec8690d0e19c244,C:\Users\moham\Documents\Codex\2026-07-28\build\outputs\Simulation_Data\CSV\05_GERT_Traversal_Data__Traversals_Part_01.csv.gz,Required,PASS,N/A,113403,35
09_ALL_CSV/05_GERT_Traversal_Data__Traversals_Part_02.csv.gz,05_GERT_Traversal_Data__Traversals_Part_02.csv.gz,Exact copy of the complete verified CSV directory.,Verified CSV dataset or report for universal access.,4487039,ac9fb02687fe84ca33aa01dcbf1bffbaffcf2026f82770c5bc72b482adc589d2,C:\Users\moham\Documents\Codex\2026-07-28\build\outputs\Simulation_Data\CSV\05_GERT_Traversal_Data__Traversals_Part_02.csv.gz,Required,PASS,N/A,113429,35
09_ALL_CSV/06_GERT_Structure_Events__Arc_Activations.csv.gz,06_GERT_Structure_Events__Arc_Activations.csv.gz,Exact copy of the complete verified CSV directory.,Verified CSV dataset or report for universal access.,2619765,0192032c6b76442ae40b155e8e61bea65d027516c7fe7f8cf91974efd975128c,C:\Users\moham\Documents\Codex\2026-07-28\build\outputs\Simulation_Data\CSV\06_GERT_Structure_Events__Arc_Activations.csv.gz,Required,PASS,N/A,223606,8
09_ALL_CSV/06_GERT_Structure_Events__Arc_Duration_Records.csv.gz,06_GERT_Structure_Events__Arc_Duration_Records.csv.gz,Exact copy of the complete verified CSV directory.,Verified CSV dataset or report for universal access.,4458379,43e4a3bbb32ae3303424f9bdaaa7ba2fd288ad4cadbfe171b347a99809f32bf3,C:\Users\moham\Documents\Codex\2026-07-28\build\outputs\Simulation_Data\CSV\06_GERT_Structure_Events__Arc_Duration_Records.csv.gz,Required,PASS,N/A,226832,12
09_ALL_CSV/06_GERT_Structure_Events__Arc_Traversal_Counts.csv,06_GERT_Structure_Events__Arc_Traversal_Counts.csv,Exact copy of the complete verified CSV directory.,Verified CSV dataset or report for universal access.,1419,d488fbe6bf3ec521894705c74fd48b4d5f40442146f23c8b562131fd5d7642ad,C:\Users\moham\Documents\Codex\2026-07-28\build\outputs\Simulation_Data\CSV\06_GERT_Structure_Events__Arc_Traversal_Counts.csv,Required,PASS,N/A,30,5
09_ALL_CSV/06_GERT_Structure_Events__Cap_Events.csv,06_GERT_Structure_Events__Cap_Events.csv,Exact copy of the complete verified CSV directory.,Verified CSV dataset or report for universal access.,4608,cd923a7d9223de4b447172c18eab9ea150b8fb614c3955ae216aa4f4b3c72e8e,C:\Users\moham\Documents\Codex\2026-07-28\build\outputs\Simulation_Data\CSV\06_GERT_Structure_Events__Cap_Events.csv,Required,PASS,N/A,147,7
09_ALL_CSV/06_GERT_Structure_Events__Data_Dictionary.csv,06_GERT_Structure_Events__Data_Dictionary.csv,Exact copy of the complete verified CSV directory.,Verified CSV dataset or report for universal access.,34683,29380a21fee0cd8900dd368b65e45e2a71447603e32804c417fee4defdd9ef33,C:\Users\moham\Documents\Codex\2026-07-28\build\outputs\Simulation_Data\CSV\06_GERT_Structure_Events__Data_Dictionary.csv,Required,PASS,N/A,105,13
09_ALL_CSV/06_GERT_Structure_Events__Dispute_Visits.csv,06_GERT_Structure_Events__Dispute_Visits.csv,Exact copy of the complete verified CSV directory.,Verified CSV dataset or report for universal access.,39020,85ec65a31b7b04f0a84d83306ed42b30ba84683f071fad26e75546f9959bd017,C:\Users\moham\Documents\Codex\2026-07-28\build\outputs\Simulation_Data\CSV\06_GERT_Structure_Events__Dispute_Visits.csv,Required,PASS,N/A,1188,8
09_ALL_CSV/06_GERT_Structure_Events__Loop_Counts_by_Iteration.csv,06_GERT_Structure_Events__Loop_Counts_by_Iteration.csv,Exact copy of the complete verified CSV directory.,Verified CSV dataset or report for universal access.,1489032,de9759f71e069c784746296ac77d9fb07e52afccebba5a3da3f32194dcc10737,C:\Users\moham\Documents\Codex\2026-07-28\build\outputs\Simulation_Data\CSV\06_GERT_Structure_Events__Loop_Counts_by_Iteration.csv,Required,PASS,N/A,50000,13
09_ALL_CSV/06_GERT_Structure_Events__Loop_Events.csv,06_GERT_Structure_Events__Loop_Events.csv,Exact copy of the complete verified CSV directory.,Verified CSV dataset or report for universal access.,377111,67d8b09554ab5a3befe33bff01e6fc97dfd13479c19301b96f5c8b2b3d828193,C:\Users\moham\Documents\Codex\2026-07-28\build\outputs\Simulation_Data\CSV\06_GERT_Structure_Events__Loop_Events.csv,Required,PASS,N/A,6082,13
09_ALL_CSV/06_GERT_Structure_Events__Node_Visits.csv.gz,06_GERT_Structure_Events__Node_Visits.csv.gz,Exact copy of the complete verified CSV directory.,Verified CSV dataset or report for universal access.,925162,2a8c4ad5b7fa395c6840b658332c82b98cc47863898efed4c5dc1cb9c7f3ae31,C:\Users\moham\Documents\Codex\2026-07-28\build\outputs\Simulation_Data\CSV\06_GERT_Structure_Events__Node_Visits.csv.gz,Required,PASS,N/A,276832,10
09_ALL_CSV/06_GERT_Structure_Events__Renormalisation_Events.csv,06_GERT_Structure_Events__Renormalisation_Events.csv,Exact copy of the complete verified CSV directory.,Verified CSV dataset or report for universal access.,43331,4911cb073727c0f3fbb1742276913d3814e0e3bca818772b8f749a0c938b213c,C:\Users\moham\Documents\Codex\2026-07-28\build\outputs\Simulation_Data\CSV\06_GERT_Structure_Events__Renormalisation_Events.csv,Required,PASS,N/A,138,13
09_ALL_CSV/06_GERT_Structure_Events__Transition_Counts.csv,06_GERT_Structure_Events__Transition_Counts.csv,Exact copy of the complete verified CSV directory.,Verified CSV dataset or report for universal access.,491,75052021b95c568515f47bafde9b9f84f61b3d068c657f1f616856d5ee7e0961,C:\Users\moham\Documents\Codex\2026-07-28\build\outputs\Simulation_Data\CSV\06_GERT_Structure_Events__Transition_Counts.csv,Required,PASS,N/A,18,3
09_ALL_CSV/07_GERT_Analysis_Ready__Arc_Activation_Matrix.csv,07_GERT_Analysis_Ready__Arc_Activation_Matrix.csv,Exact copy of the complete verified CSV directory.,Verified CSV dataset or report for universal access.,3189313,31f25eb49969d895f9956c355b7f4f1b237d648b98dcbc840a8e4db5a38dd01e,C:\Users\moham\Documents\Codex\2026-07-28\build\outputs\Simulation_Data\CSV\07_GERT_Analysis_Ready__Arc_Activation_Matrix.csv,Required,PASS,N/A,50000,30
09_ALL_CSV/07_GERT_Analysis_Ready__Arc_Duration_Matrix.csv,07_GERT_Analysis_Ready__Arc_Duration_Matrix.csv,Exact copy of the complete verified CSV directory.,Verified CSV dataset or report for universal access.,3303686,eca4dad511d05e935295b3b6993d1e1b520dd913a604d791ff13e6b7d4c168e8,C:\Users\moham\Documents\Codex\2026-07-28\build\outputs\Simulation_Data\CSV\07_GERT_Analysis_Ready__Arc_Duration_Matrix.csv,Required,PASS,N/A,50000,30
09_ALL_CSV/07_GERT_Analysis_Ready__Arc_Traversal_Matrix.csv,07_GERT_Analysis_Ready__Arc_Traversal_Matrix.csv,Exact copy of the complete verified CSV directory.,Verified CSV dataset or report for universal access.,3189342,214f5391917fffdd3b84a34a0beeedc077d4d65685d3563d6b62c1543ab9a468,C:\Users\moham\Documents\Codex\2026-07-28\build\outputs\Simulation_Data\CSV\07_GERT_Analysis_Ready__Arc_Traversal_Matrix.csv,Required,PASS,N/A,50000,30
09_ALL_CSV/07_GERT_Analysis_Ready__Correlation_Register.csv,07_GERT_Analysis_Ready__Correlation_Register.csv,Exact copy of the complete verified CSV directory.,Verified CSV dataset or report for universal access.,31250,06891042f46d487fe3b5fd88c613c27071d4ceb10db906ac6caa9e34a51e1bc3,C:\Users\moham\Documents\Codex\2026-07-28\build\outputs\Simulation_Data\CSV\07_GERT_Analysis_Ready__Correlation_Register.csv,Required,PASS,N/A,260,7
09_ALL_CSV/07_GERT_Analysis_Ready__Data_Dictionary.csv,07_GERT_Analysis_Ready__Data_Dictionary.csv,Exact copy of the complete verified CSV directory.,Verified CSV dataset or report for universal access.,121723,53246a8892f4e9d42a050cdf3091462f6d2fe3dca708901e858bfddd6d48c80f,C:\Users\moham\Documents\Codex\2026-07-28\build\outputs\Simulation_Data\CSV\07_GERT_Analysis_Ready__Data_Dictionary.csv,Required,PASS,N/A,344,13
09_ALL_CSV/07_GERT_Analysis_Ready__ECDF_Data.csv,07_GERT_Analysis_Ready__ECDF_Data.csv,Exact copy of the complete verified CSV directory.,Verified CSV dataset or report for universal access.,13033,88cdb3e7f5704cd0ad89a97a8e3615b0c57081efa51dd2223e5e3f5c7223a2d4,C:\Users\moham\Documents\Codex\2026-07-28\build\outputs\Simulation_Data\CSV\07_GERT_Analysis_Ready__ECDF_Data.csv,Required,PASS,N/A,301,5
09_ALL_CSV/07_GERT_Analysis_Ready__Histogram_Data.csv,07_GERT_Analysis_Ready__Histogram_Data.csv,Exact copy of the complete verified CSV directory.,Verified CSV dataset or report for universal access.,12072,6c0b88dfa1f051e88e2dc603d5c99085c740ed47efbb47d7fdd74d887b4fd706,C:\Users\moham\Documents\Codex\2026-07-28\build\outputs\Simulation_Data\CSV\07_GERT_Analysis_Ready__Histogram_Data.csv,Required,PASS,N/A,301,4
09_ALL_CSV/07_GERT_Analysis_Ready__Iteration_Feature_Matrix.csv,07_GERT_Analysis_Ready__Iteration_Feature_Matrix.csv,Exact copy of the complete verified CSV directory.,Verified CSV dataset or report for universal access.,14615064,f132be8664f06caa453e8be5305b18d02084bcba1efd585769ae537bc2d8961f,C:\Users\moham\Documents\Codex\2026-07-28\build\outputs\Simulation_Data\CSV\07_GERT_Analysis_Ready__Iteration_Feature_Matrix.csv,Required,PASS,N/A,50000,138
09_ALL_CSV/07_GERT_Analysis_Ready__Loop_Count_Matrix.csv,07_GERT_Analysis_Ready__Loop_Count_Matrix.csv,Exact copy of the complete verified CSV directory.,Verified CSV dataset or report for universal access.,2289197,d321bde31f44cc2e9181e731d05065ac652e621d18ab5375eead34e447efe3a7,C:\Users\moham\Documents\Codex\2026-07-28\build\outputs\Simulation_Data\CSV\07_GERT_Analysis_Ready__Loop_Count_Matrix.csv,Required,PASS,N/A,50000,21
09_ALL_CSV/07_GERT_Analysis_Ready__Node_Visit_Matrix.csv,07_GERT_Analysis_Ready__Node_Visit_Matrix.csv,Exact copy of the complete verified CSV directory.,Verified CSV dataset or report for universal access.,2289117,1e7528d3376216fddab3e9fb2c187bbfd047110e371430a1550a636db2f824a7,C:\Users\moham\Documents\Codex\2026-07-28\build\outputs\Simulation_Data\CSV\07_GERT_Analysis_Ready__Node_Visit_Matrix.csv,Required,PASS,N/A,50000,21
09_ALL_CSV/07_GERT_Analysis_Ready__Outcome_Matrix.csv,07_GERT_Analysis_Ready__Outcome_Matrix.csv,Exact copy of the complete verified CSV directory.,Verified CSV dataset or report for universal access.,1544848,653c4ab5c6e61677cd60eed64be3230f38a91661588f0f33ed7017959a46570d,C:\Users\moham\Documents\Codex\2026-07-28\build\outputs\Simulation_Data\CSV\07_GERT_Analysis_Ready__Outcome_Matrix.csv,Required,PASS,N/A,50000,8
09_ALL_CSV/07_GERT_Analysis_Ready__P1_P99_by_Outcome.csv,07_GERT_Analysis_Ready__P1_P99_by_Outcome.csv,Exact copy of the complete verified CSV directory.,Verified CSV dataset or report for universal access.,3378,b4885f867a3222ab3a98addece9fed0d60dba754ef7bfd1d5706caea516c8ba4,C:\Users\moham\Documents\Codex\2026-07-28\build\outputs\Simulation_Data\CSV\07_GERT_Analysis_Ready__P1_P99_by_Outcome.csv,Required,PASS,N/A,198,3
09_ALL_CSV/07_GERT_Analysis_Ready__Path_Metrics.csv,07_GERT_Analysis_Ready__Path_Metrics.csv,Exact copy of the complete verified CSV directory.,Verified CSV dataset or report for universal access.,87335,e63f0e9803bde6a0de220b5aa159d9e5eec08bc18ba1480e57a862483d52dd90,C:\Users\moham\Documents\Codex\2026-07-28\build\outputs\Simulation_Data\CSV\07_GERT_Analysis_Ready__Path_Metrics.csv,Required,PASS,N/A,380,18
09_ALL_CSV/07_GERT_Analysis_Ready__Summary_Statistics.csv,07_GERT_Analysis_Ready__Summary_Statistics.csv,Exact copy of the complete verified CSV directory.,Verified CSV dataset or report for universal access.,577,4118b11b48d932e50d24bfb4c2cbad54c9e1273551f3800682dc6b3cebf99704,C:\Users\moham\Documents\Codex\2026-07-28\build\outputs\Simulation_Data\CSV\07_GERT_Analysis_Ready__Summary_Statistics.csv,Required,PASS,N/A,4,16
09_ALL_CSV/08_Exact_Verification__Acceptance_Limits.csv,08_Exact_Verification__Acceptance_Limits.csv,Exact copy of the complete verified CSV directory.,Verified CSV dataset or report for universal access.,5705,06747557a69aa27c7a7dd39ab65b09e2945869e78cd76438656393b48e04bb35,C:\Users\moham\Documents\Codex\2026-07-28\build\outputs\Simulation_Data\CSV\08_Exact_Verification__Acceptance_Limits.csv,Required,PASS,N/A,28,10
09_ALL_CSV/08_Exact_Verification__Data_Dictionary.csv,08_Exact_Verification__Data_Dictionary.csv,Exact copy of the complete verified CSV directory.,Verified CSV dataset or report for universal access.,19232,306da60981bf5a2233886c84c5ba9c2582deff708506589cd1cadcab84a946d3,C:\Users\moham\Documents\Codex\2026-07-28\build\outputs\Simulation_Data\CSV\08_Exact_Verification__Data_Dictionary.csv,Required,PASS,N/A,59,13
09_ALL_CSV/08_Exact_Verification__Exact_Cap_Probabilities.csv,08_Exact_Verification__Exact_Cap_Probabilities.csv,Exact copy of the complete verified CSV directory.,Verified CSV dataset or report for universal access.,534,d08dd7af6f48147a27ce096c35b8cf58e74f947056995c0d9ba0233a3a99c1e6,C:\Users\moham\Documents\Codex\2026-07-28\build\outputs\Simulation_Data\CSV\08_Exact_Verification__Exact_Cap_Probabilities.csv,Required,PASS,N/A,10,3
09_ALL_CSV/08_Exact_Verification__Exact_Dispute_Metrics.csv,08_Exact_Verification__Exact_Dispute_Metrics.csv,Exact copy of the complete verified CSV directory.,Verified CSV dataset or report for universal access.,117,99734fd02e78e73a412a95a3acb9e694bccf42e26b271ecd3321e4c9105d3a66,C:\Users\moham\Documents\Codex\2026-07-28\build\outputs\Simulation_Data\CSV\08_Exact_Verification__Exact_Dispute_Metrics.csv,Required,PASS,N/A,2,2
09_ALL_CSV/08_Exact_Verification__Exact_Duration_Metrics.csv,08_Exact_Verification__Exact_Duration_Metrics.csv,Exact copy of the complete verified CSV directory.,Verified CSV dataset or report for universal access.,176,66f0164a8d7770bd7c615e0bb89ae8eda46bee8f551744af7476e1dd9d557c96,C:\Users\moham\Documents\Codex\2026-07-28\build\outputs\Simulation_Data\CSV\08_Exact_Verification__Exact_Duration_Metrics.csv,Required,PASS,N/A,3,2
09_ALL_CSV/08_Exact_Verification__Exact_Loop_Activation.csv,08_Exact_Verification__Exact_Loop_Activation.csv,Exact copy of the complete verified CSV directory.,Verified CSV dataset or report for universal access.,444,bce05ca6b6c66eafd12b0758957c9cb8ed3b60247819eb196a614eda127cbb6e,C:\Users\moham\Documents\Codex\2026-07-28\build\outputs\Simulation_Data\CSV\08_Exact_Verification__Exact_Loop_Activation.csv,Required,PASS,N/A,10,3
09_ALL_CSV/08_Exact_Verification__Exact_Outcomes.csv,08_Exact_Verification__Exact_Outcomes.csv,Exact copy of the complete verified CSV directory.,Verified CSV dataset or report for universal access.,124,82c7d57859e418800a146b35175a8f3e8dc7674a23dddb4c2ca568b7bfabb46c,C:\Users\moham\Documents\Codex\2026-07-28\build\outputs\Simulation_Data\CSV\08_Exact_Verification__Exact_Outcomes.csv,Required,PASS,N/A,3,2
09_ALL_CSV/08_Exact_Verification__Exact_Transition_Metrics.csv,08_Exact_Verification__Exact_Transition_Metrics.csv,Exact copy of the complete verified CSV directory.,Verified CSV dataset or report for universal access.,78,fde13b6aaa7801ecee84143a234f3da659f75979444a987d92341cfbbb378bd0,C:\Users\moham\Documents\Codex\2026-07-28\build\outputs\Simulation_Data\CSV\08_Exact_Verification__Exact_Transition_Metrics.csv,Required,PASS,N/A,1,2
09_ALL_CSV/08_Exact_Verification__Monte_Carlo_Comparison.csv,08_Exact_Verification__Monte_Carlo_Comparison.csv,Exact copy of the complete verified CSV directory.,Verified CSV dataset or report for universal access.,5705,06747557a69aa27c7a7dd39ab65b09e2945869e78cd76438656393b48e04bb35,C:\Users\moham\Documents\Codex\2026-07-28\build\outputs\Simulation_Data\CSV\08_Exact_Verification__Monte_Carlo_Comparison.csv,Required,PASS,N/A,28,10
09_ALL_CSV/08_Exact_Verification__Residual_Diagnostics.csv,08_Exact_Verification__Residual_Diagnostics.csv,Exact copy of the complete verified CSV directory.,Verified CSV dataset or report for universal access.,370,de13313d3f43263ef4cc38b416b5fd9b1087cfcc8a881d6306ee50d5495b051e,C:\Users\moham\Documents\Codex\2026-07-28\build\outputs\Simulation_Data\CSV\08_Exact_Verification__Residual_Diagnostics.csv,Required,PASS,N/A,3,4
09_ALL_CSV/08_Exact_Verification__Solver_Diagnostics.csv,08_Exact_Verification__Solver_Diagnostics.csv,Exact copy of the complete verified CSV directory.,Verified CSV dataset or report for universal access.,231,0c6c7c687b8dc7e7ea45a3dd995c98c893dcc0c6c8e1dff32308bf30c95961bd,C:\Users\moham\Documents\Codex\2026-07-28\build\outputs\Simulation_Data\CSV\08_Exact_Verification__Solver_Diagnostics.csv,Required,PASS,N/A,3,5
09_ALL_CSV/08_Exact_Verification__State_Space_Summary.csv,08_Exact_Verification__State_Space_Summary.csv,Exact copy of the complete verified CSV directory.,Verified CSV dataset or report for universal access.,466,f702f45d2c56d936a2096ac233433b01231f918e81b919e49cb52f497deb2502,C:\Users\moham\Documents\Codex\2026-07-28\build\outputs\Simulation_Data\CSV\08_Exact_Verification__State_Space_Summary.csv,Required,PASS,N/A,7,3
09_ALL_CSV/09_Convergence_Data__Cap_Checkpoints.csv,09_Convergence_Data__Cap_Checkpoints.csv,Exact copy of the complete verified CSV directory.,Verified CSV dataset or report for universal access.,26456,bcf05e18b57957b9209c59f9605ec878fd990b225c5c0da17fa40ff78a8b40e8,C:\Users\moham\Documents\Codex\2026-07-28\build\outputs\Simulation_Data\CSV\09_Convergence_Data__Cap_Checkpoints.csv,Required,PASS,N/A,1000,3
09_ALL_CSV/09_Convergence_Data__Data_Dictionary.csv,09_Convergence_Data__Data_Dictionary.csv,Exact copy of the complete verified CSV directory.,Verified CSV dataset or report for universal access.,18459,3fb22a25a59ca9d1ddd85f956ea35f58c7a11537f34e37589c3ebfe9cfd6495f,C:\Users\moham\Documents\Codex\2026-07-28\build\outputs\Simulation_Data\CSV\09_Convergence_Data__Data_Dictionary.csv,Required,PASS,N/A,55,13
09_ALL_CSV/09_Convergence_Data__Dispute_Checkpoints.csv,09_Convergence_Data__Dispute_Checkpoints.csv,Exact copy of the complete verified CSV directory.,Verified CSV dataset or report for universal access.,2501,09348a165266a29082bd1cbd174dd349dcd570f0676492bbe373e59780172753,C:\Users\moham\Documents\Codex\2026-07-28\build\outputs\Simulation_Data\CSV\09_Convergence_Data__Dispute_Checkpoints.csv,Required,PASS,N/A,100,2
09_ALL_CSV/09_Convergence_Data__Final_Status.csv,09_Convergence_Data__Final_Status.csv,Exact copy of the complete verified CSV directory.,Verified CSV dataset or report for universal access.,103,15dd8d8f8e49a1dc02e923d905b1d9c8c6461445abfb7325c1aa60bc4d58c633,C:\Users\moham\Documents\Codex\2026-07-28\build\outputs\Simulation_Data\CSV\09_Convergence_Data__Final_Status.csv,Required,PASS,N/A,2,4
09_ALL_CSV/09_Convergence_Data__GERT_Duration_Checkpoints.csv,09_Convergence_Data__GERT_Duration_Checkpoints.csv,Exact copy of the complete verified CSV directory.,Verified CSV dataset or report for universal access.,9543,a3fc17bf9823102ed21891c11b84bcbb616ee05a2cd4a4bed009e0d0126fe9ff,C:\Users\moham\Documents\Codex\2026-07-28\build\outputs\Simulation_Data\CSV\09_Convergence_Data__GERT_Duration_Checkpoints.csv,Required,PASS,N/A,100,14
09_ALL_CSV/09_Convergence_Data__GERT_Outcome_Checkpoints.csv,09_Convergence_Data__GERT_Outcome_Checkpoints.csv,Exact copy of the complete verified CSV directory.,Verified CSV dataset or report for universal access.,4558,4dd7f5be776e483593b0601b921c53d4aa3123be1b77874ba6b017335cd9077f,C:\Users\moham\Documents\Codex\2026-07-28\build\outputs\Simulation_Data\CSV\09_Convergence_Data__GERT_Outcome_Checkpoints.csv,Required,PASS,N/A,100,3
09_ALL_CSV/09_Convergence_Data__Loop_Checkpoints.csv,09_Convergence_Data__Loop_Checkpoints.csv,Exact copy of the complete verified CSV directory.,Verified CSV dataset or report for universal access.,30294,b7c9fa6c54e48ac0a3a9198b6dae740e4598f1138b1c6e41028447239807ac8c,C:\Users\moham\Documents\Codex\2026-07-28\build\outputs\Simulation_Data\CSV\09_Convergence_Data__Loop_Checkpoints.csv,Required,PASS,N/A,1000,3
09_ALL_CSV/09_Convergence_Data__PERT_Checkpoints.csv,09_Convergence_Data__PERT_Checkpoints.csv,Exact copy of the complete verified CSV directory.,Verified CSV dataset or report for universal access.,6214,36a579ff9ed66a8ade7007363c39ba2ff2acd916d3619161ff576e3beb15cbb5,C:\Users\moham\Documents\Codex\2026-07-28\build\outputs\Simulation_Data\CSV\09_Convergence_Data__PERT_Checkpoints.csv,Required,PASS,N/A,100,8
09_ALL_CSV/09_Convergence_Data__Stability_Tests.csv,09_Convergence_Data__Stability_Tests.csv,Exact copy of the complete verified CSV directory.,Verified CSV dataset or report for universal access.,9339,ad73d573d325e8e558f323c083bff97f1bbf80514188657e3b4cf89fc42aa1ab,C:\Users\moham\Documents\Codex\2026-07-28\build\outputs\Simulation_Data\CSV\09_Convergence_Data__Stability_Tests.csv,Required,PASS,N/A,198,5
09_ALL_CSV/10_Sensitivity_Ready_Data__Analysis_Method_Register.csv,10_Sensitivity_Ready_Data__Analysis_Method_Register.csv,Exact copy of the complete verified CSV directory.,Verified CSV dataset or report for universal access.,1085,907f4f949e269e17409736d1f11cde96e6562972569aa68b60103ad91baf61de,C:\Users\moham\Documents\Codex\2026-07-28\build\outputs\Simulation_Data\CSV\10_Sensitivity_Ready_Data__Analysis_Method_Register.csv,Required,PASS,N/A,8,4
09_ALL_CSV/10_Sensitivity_Ready_Data__Baseline_Metrics.csv,10_Sensitivity_Ready_Data__Baseline_Metrics.csv,Exact copy of the complete verified CSV directory.,Verified CSV dataset or report for universal access.,278,9cf8d6f6213781bdf40e4341df832c11e33b1ce205169b3034e02e9f185af14a,C:\Users\moham\Documents\Codex\2026-07-28\build\outputs\Simulation_Data\CSV\10_Sensitivity_Ready_Data__Baseline_Metrics.csv,Required,PASS,N/A,6,3
09_ALL_CSV/10_Sensitivity_Ready_Data__Common_Random_Numbers.csv,10_Sensitivity_Ready_Data__Common_Random_Numbers.csv,Exact copy of the complete verified CSV directory.,Verified CSV dataset or report for universal access.,2281,951a69f3b981ec68da32224ea25dc022c11cd1358bd71dd7352e2b5796b33407,C:\Users\moham\Documents\Codex\2026-07-28\build\outputs\Simulation_Data\CSV\10_Sensitivity_Ready_Data__Common_Random_Numbers.csv,Required,PASS,N/A,20,6
09_ALL_CSV/10_Sensitivity_Ready_Data__Data_Dictionary.csv,10_Sensitivity_Ready_Data__Data_Dictionary.csv,Exact copy of the complete verified CSV directory.,Verified CSV dataset or report for universal access.,102293,83fafeb9cd5920472cb6178f296aed0d65e6711f8c1d0a37a026028da55e886e,C:\Users\moham\Documents\Codex\2026-07-28\build\outputs\Simulation_Data\CSV\10_Sensitivity_Ready_Data__Data_Dictionary.csv,Required,PASS,N/A,284,13
09_ALL_CSV/10_Sensitivity_Ready_Data__Duration_Constraints.csv,10_Sensitivity_Ready_Data__Duration_Constraints.csv,Exact copy of the complete verified CSV directory.,Verified CSV dataset or report for universal access.,2696,4500a4a5dc2fb0828b21ee61fab95fe5db9a8d4852de36c2c34f633478d326e6,C:\Users\moham\Documents\Codex\2026-07-28\build\outputs\Simulation_Data\CSV\10_Sensitivity_Ready_Data__Duration_Constraints.csv,Required,PASS,N/A,35,7
09_ALL_CSV/10_Sensitivity_Ready_Data__GERT_Sensitivity_Matrix.csv,10_Sensitivity_Ready_Data__GERT_Sensitivity_Matrix.csv,Exact copy of the complete verified CSV directory.,Verified CSV dataset or report for universal access.,15415232,dfb661c2f54f85f46be853c03bce47dcc29b4fbd65960a13aea79c754c23fa19,C:\Users\moham\Documents\Codex\2026-07-28\build\outputs\Simulation_Data\CSV\10_Sensitivity_Ready_Data__GERT_Sensitivity_Matrix.csv,Required,PASS,N/A,50000,146
09_ALL_CSV/10_Sensitivity_Ready_Data__Loop_Cap_Alternatives.csv,10_Sensitivity_Ready_Data__Loop_Cap_Alternatives.csv,Exact copy of the complete verified CSV directory.,Verified CSV dataset or report for universal access.,776,f4607e7e53d2580e2d3f960840973f6c2393b67e4e581c52bacd670877463fd7,C:\Users\moham\Documents\Codex\2026-07-28\build\outputs\Simulation_Data\CSV\10_Sensitivity_Ready_Data__Loop_Cap_Alternatives.csv,Required,PASS,N/A,10,5
09_ALL_CSV/10_Sensitivity_Ready_Data__Outcome_Sensitivity_Matrix.csv,10_Sensitivity_Ready_Data__Outcome_Sensitivity_Matrix.csv,Exact copy of the complete verified CSV directory.,Verified CSV dataset or report for universal access.,3845242,8d0770dedbf8263b1ba153c527506b2999f74e26f524d2f1b9fb45725da10200,C:\Users\moham\Documents\Codex\2026-07-28\build\outputs\Simulation_Data\CSV\10_Sensitivity_Ready_Data__Outcome_Sensitivity_Matrix.csv,Required,PASS,N/A,50000,36
09_ALL_CSV/10_Sensitivity_Ready_Data__Parameter_Register.csv,10_Sensitivity_Ready_Data__Parameter_Register.csv,Exact copy of the complete verified CSV directory.,Verified CSV dataset or report for universal access.,27470,7371ff15361c728542c1cbf8370478ce3e2ff8134f5347817d6936c90f8c873c,C:\Users\moham\Documents\Codex\2026-07-28\build\outputs\Simulation_Data\CSV\10_Sensitivity_Ready_Data__Parameter_Register.csv,Required,PASS,N/A,146,15
09_ALL_CSV/10_Sensitivity_Ready_Data__PERT_Sensitivity_Matrix.csv,10_Sensitivity_Ready_Data__PERT_Sensitivity_Matrix.csv,Exact copy of the complete verified CSV directory.,Verified CSV dataset or report for universal access.,7348698,532c9231c0f2733103403a06a3f3aad395e5cec68de557852d6d8b801ebde6c5,C:\Users\moham\Documents\Codex\2026-07-28\build\outputs\Simulation_Data\CSV\10_Sensitivity_Ready_Data__PERT_Sensitivity_Matrix.csv,Required,PASS,N/A,50000,18
09_ALL_CSV/10_Sensitivity_Ready_Data__Probability_Constraints.csv,10_Sensitivity_Ready_Data__Probability_Constraints.csv,Exact copy of the complete verified CSV directory.,Verified CSV dataset or report for universal access.,841,53a5cab0e11556a32005d087da439a5cc37bd4b5633f3c53b8db668c3f6a1553,C:\Users\moham\Documents\Codex\2026-07-28\build\outputs\Simulation_Data\CSV\10_Sensitivity_Ready_Data__Probability_Constraints.csv,Required,PASS,N/A,7,5
09_ALL_CSV/10_Sensitivity_Ready_Data__Scenario_Design_Template.csv,10_Sensitivity_Ready_Data__Scenario_Design_Template.csv,Exact copy of the complete verified CSV directory.,Verified CSV dataset or report for universal access.,268,315a3fbe85a8507b18b8ff7b6e0027f8c383b3ea3abc19f9be860c68a5fcce4c,C:\Users\moham\Documents\Codex\2026-07-28\build\outputs\Simulation_Data\CSV\10_Sensitivity_Ready_Data__Scenario_Design_Template.csv,Required,PASS,N/A,1,13
09_ALL_CSV/10_Sensitivity_Ready_Data__Sensitivity_Overview.csv,10_Sensitivity_Ready_Data__Sensitivity_Overview.csv,Exact copy of the complete verified CSV directory.,Verified CSV dataset or report for universal access.,519,8e1b10b5bc93ef5801ac36bc7134f9940d6cb849859927c553252c8d2d2060bf,C:\Users\moham\Documents\Codex\2026-07-28\build\outputs\Simulation_Data\CSV\10_Sensitivity_Ready_Data__Sensitivity_Overview.csv,Required,PASS,N/A,4,2
09_ALL_CSV/10_Sensitivity_Ready_Data__Tail_Sensitivity_Matrix.csv,10_Sensitivity_Ready_Data__Tail_Sensitivity_Matrix.csv,Exact copy of the complete verified CSV directory.,Verified CSV dataset or report for universal access.,1794898,03b6e59e10b4a2cb18c37b76d496a7d06c00c05db76ff3c7b487a2433310ec16,C:\Users\moham\Documents\Codex\2026-07-28\build\outputs\Simulation_Data\CSV\10_Sensitivity_Ready_Data__Tail_Sensitivity_Matrix.csv,Required,PASS,N/A,50000,11
09_ALL_CSV/11_Validation_and_Reconciliation__Cap_Validation.csv,11_Validation_and_Reconciliation__Cap_Validation.csv,Exact copy of the complete verified CSV directory.,Verified CSV dataset or report for universal access.,230,7fd9434f9c9fc0e8c3de749e203bdcd52fedcbf429d3baef864795d24ad04905,C:\Users\moham\Documents\Codex\2026-07-28\build\outputs\Simulation_Data\CSV\11_Validation_and_Reconciliation__Cap_Validation.csv,Required,PASS,N/A,10,5
09_ALL_CSV/11_Validation_and_Reconciliation__Cross_File_Reconciliation.csv,11_Validation_and_Reconciliation__Cross_File_Reconciliation.csv,Exact copy of the complete verified CSV directory.,Verified CSV dataset or report for universal access.,509,f51c34ce70b5e4a03345f087a743c8cd2b43435358d6d94ccf972296bb1c5933,C:\Users\moham\Documents\Codex\2026-07-28\build\outputs\Simulation_Data\CSV\11_Validation_and_Reconciliation__Cross_File_Reconciliation.csv,Required,PASS,N/A,12,3
09_ALL_CSV/11_Validation_and_Reconciliation__Data_Dictionary.csv,11_Validation_and_Reconciliation__Data_Dictionary.csv,Exact copy of the complete verified CSV directory.,Verified CSV dataset or report for universal access.,28409,df5d66ea1e5b8fb734771f70a5d70c0ab051430185e9853eeeac3e2ac5aa67ec,C:\Users\moham\Documents\Codex\2026-07-28\build\outputs\Simulation_Data\CSV\11_Validation_and_Reconciliation__Data_Dictionary.csv,Required,PASS,N/A,82,13
09_ALL_CSV/11_Validation_and_Reconciliation__Duration_Reconciliation.csv.gz,11_Validation_and_Reconciliation__Duration_Reconciliation.csv.gz,Exact copy of the complete verified CSV directory.,Verified CSV dataset or report for universal access.,357525,16a54eba0398bf55efd0e4c56ab92c3bffdc6184af03eddc7cca69c55c6e77e0,C:\Users\moham\Documents\Codex\2026-07-28\build\outputs\Simulation_Data\CSV\11_Validation_and_Reconciliation__Duration_Reconciliation.csv.gz,Required,PASS,N/A,100000,6
09_ALL_CSV/11_Validation_and_Reconciliation__Exact_Verification_Status.csv,11_Validation_and_Reconciliation__Exact_Verification_Status.csv,Exact copy of the complete verified CSV directory.,Verified CSV dataset or report for universal access.,226,2860ad2434f48dcc406b1486aa88514455697fbd26e5dbf29009d33904847002,C:\Users\moham\Documents\Codex\2026-07-28\build\outputs\Simulation_Data\CSV\11_Validation_and_Reconciliation__Exact_Verification_Status.csv,Required,PASS,N/A,3,4
09_ALL_CSV/11_Validation_and_Reconciliation__GERT_Reconciliation.csv,11_Validation_and_Reconciliation__GERT_Reconciliation.csv,Exact copy of the complete verified CSV directory.,Verified CSV dataset or report for universal access.,1544817,7b8f3df0ff20c9753a85731be4367a9d23ae1f6e61df35acb35f040ce942da19,C:\Users\moham\Documents\Codex\2026-07-28\build\outputs\Simulation_Data\CSV\11_Validation_and_Reconciliation__GERT_Reconciliation.csv,Required,PASS,N/A,50000,7
09_ALL_CSV/11_Validation_and_Reconciliation__Input_Validation.csv,11_Validation_and_Reconciliation__Input_Validation.csv,Exact copy of the complete verified CSV directory.,Verified CSV dataset or report for universal access.,601,672185c403b6e1158948f140f2b06cb2939333e42369b715330f04c02ca5b8bd,C:\Users\moham\Documents\Codex\2026-07-28\build\outputs\Simulation_Data\CSV\11_Validation_and_Reconciliation__Input_Validation.csv,Required,PASS,N/A,20,3
09_ALL_CSV/11_Validation_and_Reconciliation__Loop_Validation.csv,11_Validation_and_Reconciliation__Loop_Validation.csv,Exact copy of the complete verified CSV directory.,Verified CSV dataset or report for universal access.,208,8e6ea212d07b26c0918e3cd4a715dbd9eafeaec55f88fdae7d387f027758dc3a,C:\Users\moham\Documents\Codex\2026-07-28\build\outputs\Simulation_Data\CSV\11_Validation_and_Reconciliation__Loop_Validation.csv,Required,PASS,N/A,10,5
09_ALL_CSV/11_Validation_and_Reconciliation__Path_Continuity.csv,11_Validation_and_Reconciliation__Path_Continuity.csv,Exact copy of the complete verified CSV directory.,Verified CSV dataset or report for universal access.,1341344,48dca491e8a6b9f81fbc693dee7bba721bbc1a416b1da5462bb8b904cf055036,C:\Users\moham\Documents\Codex\2026-07-28\build\outputs\Simulation_Data\CSV\11_Validation_and_Reconciliation__Path_Continuity.csv,Required,PASS,N/A,50000,8
09_ALL_CSV/11_Validation_and_Reconciliation__PERT_Reconciliation.csv,11_Validation_and_Reconciliation__PERT_Reconciliation.csv,Exact copy of the complete verified CSV directory.,Verified CSV dataset or report for universal access.,1038912,832ca8e88def2923cc413931899f9a24e5c0a827ab6ad86770eed7ae63b0d8b6,C:\Users\moham\Documents\Codex\2026-07-28\build\outputs\Simulation_Data\CSV\11_Validation_and_Reconciliation__PERT_Reconciliation.csv,Required,PASS,N/A,50000,5
09_ALL_CSV/11_Validation_and_Reconciliation__Probability_Validation.csv,11_Validation_and_Reconciliation__Probability_Validation.csv,Exact copy of the complete verified CSV directory.,Verified CSV dataset or report for universal access.,323,13f21a38e7ad8fd2950bb440c0e563c20a8290c764a6d70c6fb0b0efe8404ae9,C:\Users\moham\Documents\Codex\2026-07-28\build\outputs\Simulation_Data\CSV\11_Validation_and_Reconciliation__Probability_Validation.csv,Required,PASS,N/A,7,6
09_ALL_CSV/11_Validation_and_Reconciliation__Reproducibility_Comparison.csv.gz,11_Validation_and_Reconciliation__Reproducibility_Comparison.csv.gz,Exact copy of the complete verified CSV directory.,Verified CSV dataset or report for universal access.,4442223,25b15135e080fe31190568f685862986c1f6f63ffd737e7aa374a0fee03eba80,C:\Users\moham\Documents\Codex\2026-07-28\build\outputs\Simulation_Data\CSV\11_Validation_and_Reconciliation__Reproducibility_Comparison.csv.gz,Required,PASS,N/A,100000,5
09_ALL_CSV/11_Validation_and_Reconciliation__Row_Count_Reconciliation.csv,11_Validation_and_Reconciliation__Row_Count_Reconciliation.csv,Exact copy of the complete verified CSV directory.,Verified CSV dataset or report for universal access.,329,df56ac130cbb1f819833da71471176ea4212845c1253a815adbd880b7095d969,C:\Users\moham\Documents\Codex\2026-07-28\build\outputs\Simulation_Data\CSV\11_Validation_and_Reconciliation__Row_Count_Reconciliation.csv,Required,PASS,N/A,7,5
09_ALL_CSV/11_Validation_and_Reconciliation__Workbook_Integrity.csv,11_Validation_and_Reconciliation__Workbook_Integrity.csv,Exact copy of the complete verified CSV directory.,Verified CSV dataset or report for universal access.,1882,cf30a19e12527334f77830d6211e32fb9407eab5394f8d588861244a9c335b5a,C:\Users\moham\Documents\Codex\2026-07-28\build\outputs\Simulation_Data\CSV\11_Validation_and_Reconciliation__Workbook_Integrity.csv,Required,PASS,N/A,12,7
09_ALL_CSV/Data_Dictionary__Data_Dictionary.csv,Data_Dictionary__Data_Dictionary.csv,Exact copy of the complete verified CSV directory.,Verified CSV dataset or report for universal access.,499824,5595093335a9809407fe13b573752585f3d4cd1f9bb516bec6fb27871997f805,C:\Users\moham\Documents\Codex\2026-07-28\build\outputs\Simulation_Data\CSV\Data_Dictionary__Data_Dictionary.csv,Required,PASS,N/A,1482,13
09_ALL_CSV/Input_Validation_Report__Input_Validation.csv,Input_Validation_Report__Input_Validation.csv,Exact copy of the complete verified CSV directory.,Verified CSV dataset or report for universal access.,601,672185c403b6e1158948f140f2b06cb2939333e42369b715330f04c02ca5b8bd,C:\Users\moham\Documents\Codex\2026-07-28\build\outputs\Simulation_Data\CSV\Input_Validation_Report__Input_Validation.csv,Required,PASS,N/A,20,3
10_ALL_PARQUET/00_Master_Index__Column_Counts.parquet,00_Master_Index__Column_Counts.parquet,Exact copy of the complete verified Parquet directory.,Verified Parquet dataset for programmatic analysis.,6142,3e299100506bd3d58b8df0df8a791fdbefce341984dd4e6720e73ad26c24b6c9,C:\Users\moham\Documents\Codex\2026-07-28\build\outputs\Simulation_Data\Parquet\00_Master_Index__Column_Counts.parquet,Required,PASS,N/A,115,5
10_ALL_PARQUET/00_Master_Index__Data_Dictionary_Index.parquet,00_Master_Index__Data_Dictionary_Index.parquet,Exact copy of the complete verified Parquet directory.,Verified Parquet dataset for programmatic analysis.,1932,3be741a8e1071bfe75b62c3948fa91e4679b8a0d93618c8e9ee69fdf1cf7d3ce,C:\Users\moham\Documents\Codex\2026-07-28\build\outputs\Simulation_Data\Parquet\00_Master_Index__Data_Dictionary_Index.parquet,Required,PASS,N/A,11,3
10_ALL_PARQUET/00_Master_Index__Dataset_Register.parquet,00_Master_Index__Dataset_Register.parquet,Exact copy of the complete verified Parquet directory.,Verified Parquet dataset for programmatic analysis.,30196,fe428f2fd88b5a0dfbf85349a4c7232ede443589ce095f2d3dd14e0967a98e2d,C:\Users\moham\Documents\Codex\2026-07-28\build\outputs\Simulation_Data\Parquet\00_Master_Index__Dataset_Register.parquet,Required,PASS,N/A,115,12
10_ALL_PARQUET/00_Master_Index__Exact_Verification_Status.parquet,00_Master_Index__Exact_Verification_Status.parquet,Exact copy of the complete verified Parquet directory.,Verified Parquet dataset for programmatic analysis.,1224,1f22734434382d02e2d8758624d4d951a42a65c2fd3a118fdc8a458741b02d7f,C:\Users\moham\Documents\Codex\2026-07-28\build\outputs\Simulation_Data\Parquet\00_Master_Index__Exact_Verification_Status.parquet,Required,PASS,N/A,7,2
10_ALL_PARQUET/00_Master_Index__File_Manifest.parquet,00_Master_Index__File_Manifest.parquet,Exact copy of the complete verified Parquet directory.,Verified Parquet dataset for programmatic analysis.,9234,41d238454ed094ca2c74f5724b85088a7dc1697bf767853b41da99be4254cca7,C:\Users\moham\Documents\Codex\2026-07-28\build\outputs\Simulation_Data\Parquet\00_Master_Index__File_Manifest.parquet,Required,PASS,N/A,14,12
10_ALL_PARQUET/00_Master_Index__Input_Hashes.parquet,00_Master_Index__Input_Hashes.parquet,Exact copy of the complete verified Parquet directory.,Verified Parquet dataset for programmatic analysis.,2087,557355fec9563f6efc08b30109ad2184a42d59b72161351f7598b76b666748c6,C:\Users\moham\Documents\Codex\2026-07-28\build\outputs\Simulation_Data\Parquet\00_Master_Index__Input_Hashes.parquet,Required,PASS,N/A,2,3
10_ALL_PARQUET/00_Master_Index__Limitations.parquet,00_Master_Index__Limitations.parquet,Exact copy of the complete verified Parquet directory.,Verified Parquet dataset for programmatic analysis.,1942,93f4349a294b8b69bb120e2d9604d8dcea61314cb9fb8b88c4e36c7441958b0f,C:\Users\moham\Documents\Codex\2026-07-28\build\outputs\Simulation_Data\Parquet\00_Master_Index__Limitations.parquet,Required,PASS,N/A,3,2
10_ALL_PARQUET/00_Master_Index__Reproducibility_Status.parquet,00_Master_Index__Reproducibility_Status.parquet,Exact copy of the complete verified Parquet directory.,Verified Parquet dataset for programmatic analysis.,1546,d2b92f4accd439d268d81fb1558934ec112a8b467bd51b7be338676f77f62f58,C:\Users\moham\Documents\Codex\2026-07-28\build\outputs\Simulation_Data\Parquet\00_Master_Index__Reproducibility_Status.parquet,Required,PASS,N/A,2,4
10_ALL_PARQUET/00_Master_Index__Row_Counts.parquet,00_Master_Index__Row_Counts.parquet,Exact copy of the complete verified Parquet directory.,Verified Parquet dataset for programmatic analysis.,7755,3b8660d7dfa65a321d302a48a2672d9ca4c1d2343bd93b2720ae79b06150c7b2,C:\Users\moham\Documents\Codex\2026-07-28\build\outputs\Simulation_Data\Parquet\00_Master_Index__Row_Counts.parquet,Required,PASS,N/A,115,7
10_ALL_PARQUET/00_Master_Index__Sensitivity_Readiness.parquet,00_Master_Index__Sensitivity_Readiness.parquet,Exact copy of the complete verified Parquet directory.,Verified Parquet dataset for programmatic analysis.,2678,41f8731a1ba241df28e4a66caeca5f6a24b934af1a11b7cc5e994b29f69045c6,C:\Users\moham\Documents\Codex\2026-07-28\build\outputs\Simulation_Data\Parquet\00_Master_Index__Sensitivity_Readiness.parquet,Required,PASS,N/A,3,3
10_ALL_PARQUET/00_Master_Index__Simulation_Summary.parquet,00_Master_Index__Simulation_Summary.parquet,Exact copy of the complete verified Parquet directory.,Verified Parquet dataset for programmatic analysis.,1189,d5d2d36573b8e15e241582e2d8804ba6dcc574d5dee1484f2d8fb0caecf21c53,C:\Users\moham\Documents\Codex\2026-07-28\build\outputs\Simulation_Data\Parquet\00_Master_Index__Simulation_Summary.parquet,Required,PASS,N/A,10,2
10_ALL_PARQUET/00_Master_Index__Validation_Status.parquet,00_Master_Index__Validation_Status.parquet,Exact copy of the complete verified Parquet directory.,Verified Parquet dataset for programmatic analysis.,1906,de817b25ba60858a01a93d62f7c1836e3a67ab57c645ad1ab3a66e5da77d2f18,C:\Users\moham\Documents\Codex\2026-07-28\build\outputs\Simulation_Data\Parquet\00_Master_Index__Validation_Status.parquet,Required,PASS,N/A,24,3
10_ALL_PARQUET/01_Input_and_Metadata__Data_Dictionary.parquet,01_Input_and_Metadata__Data_Dictionary.parquet,Exact copy of the complete verified Parquet directory.,Verified Parquet dataset for programmatic analysis.,9054,32181528db7bc2e92e34dd55389bbaa00be6f533774ac8bfd587844396ca49b9,C:\Users\moham\Documents\Codex\2026-07-28\build\outputs\Simulation_Data\Parquet\01_Input_and_Metadata__Data_Dictionary.parquet,Required,PASS,N/A,81,13
10_ALL_PARQUET/01_Input_and_Metadata__GERT_Arcs.parquet,01_Input_and_Metadata__GERT_Arcs.parquet,Exact copy of the complete verified Parquet directory.,Verified Parquet dataset for programmatic analysis.,4199,4c2a7b184af94000a037f3890241dfe213f75d12347a8e8a582b1d1fd44e0669,C:\Users\moham\Documents\Codex\2026-07-28\build\outputs\Simulation_Data\Parquet\01_Input_and_Metadata__GERT_Arcs.parquet,Required,PASS,N/A,30,11
10_ALL_PARQUET/01_Input_and_Metadata__GERT_Nodes.parquet,01_Input_and_Metadata__GERT_Nodes.parquet,Exact copy of the complete verified Parquet directory.,Verified Parquet dataset for programmatic analysis.,2917,c3d6fa965640a397ba67db3007ed462d5249cc4d74808fb0f14ab105870aba31,C:\Users\moham\Documents\Codex\2026-07-28\build\outputs\Simulation_Data\Parquet\01_Input_and_Metadata__GERT_Nodes.parquet,Required,PASS,N/A,10,6
10_ALL_PARQUET/01_Input_and_Metadata__Input_Audit.parquet,01_Input_and_Metadata__Input_Audit.parquet,Exact copy of the complete verified Parquet directory.,Verified Parquet dataset for programmatic analysis.,1650,4681453a5722917eeb71729c38be0499579f29b5defefe095443ed3c8251ccd5,C:\Users\moham\Documents\Codex\2026-07-28\build\outputs\Simulation_Data\Parquet\01_Input_and_Metadata__Input_Audit.parquet,Required,PASS,N/A,20,3
10_ALL_PARQUET/01_Input_and_Metadata__Loop_Register.parquet,01_Input_and_Metadata__Loop_Register.parquet,Exact copy of the complete verified Parquet directory.,Verified Parquet dataset for programmatic analysis.,2814,9f2fc621d72482915883c67aad26121eb2b9d8dc885b5482ab15df4015c34d99,C:\Users\moham\Documents\Codex\2026-07-28\build\outputs\Simulation_Data\Parquet\01_Input_and_Metadata__Loop_Register.parquet,Required,PASS,N/A,10,7
10_ALL_PARQUET/01_Input_and_Metadata__Parameter_Register.parquet,01_Input_and_Metadata__Parameter_Register.parquet,Exact copy of the complete verified Parquet directory.,Verified Parquet dataset for programmatic analysis.,8723,2285278b87d3143aee3c569a71e38695df8d13874c63bc48173e5429427e255a,C:\Users\moham\Documents\Codex\2026-07-28\build\outputs\Simulation_Data\Parquet\01_Input_and_Metadata__Parameter_Register.parquet,Required,PASS,N/A,146,15
10_ALL_PARQUET/01_Input_and_Metadata__PERT_Input.parquet,01_Input_and_Metadata__PERT_Input.parquet,Exact copy of the complete verified Parquet directory.,Verified Parquet dataset for programmatic analysis.,4462,850c7fb415079bd7c7ca34add89b54dc178b603b9a307ffdbc30c778db108543,C:\Users\moham\Documents\Codex\2026-07-28\build\outputs\Simulation_Data\Parquet\01_Input_and_Metadata__PERT_Input.parquet,Required,PASS,N/A,6,10
10_ALL_PARQUET/01_Input_and_Metadata__Probability_Groups.parquet,01_Input_and_Metadata__Probability_Groups.parquet,Exact copy of the complete verified Parquet directory.,Verified Parquet dataset for programmatic analysis.,2596,76b5be42b83435fc416a6decc7fbe07be799fa1bdc0a08af62b7d4dd53f2d070,C:\Users\moham\Documents\Codex\2026-07-28\build\outputs\Simulation_Data\Parquet\01_Input_and_Metadata__Probability_Groups.parquet,Required,PASS,N/A,7,7
10_ALL_PARQUET/01_Input_and_Metadata__Random_Streams.parquet,01_Input_and_Metadata__Random_Streams.parquet,Exact copy of the complete verified Parquet directory.,Verified Parquet dataset for programmatic analysis.,2369,6ac1200895c726a33c787f23eaad9fa45f27d4786a4565cb08488f29d4fb7fc4,C:\Users\moham\Documents\Codex\2026-07-28\build\outputs\Simulation_Data\Parquet\01_Input_and_Metadata__Random_Streams.parquet,Required,PASS,N/A,3,5
10_ALL_PARQUET/01_Input_and_Metadata__Run_Metadata.parquet,01_Input_and_Metadata__Run_Metadata.parquet,Exact copy of the complete verified Parquet directory.,Verified Parquet dataset for programmatic analysis.,1644,774c7090157385396bf045900ffd2fee371f5f5f92e0399f8a07fa0e841f7649,C:\Users\moham\Documents\Codex\2026-07-28\build\outputs\Simulation_Data\Parquet\01_Input_and_Metadata__Run_Metadata.parquet,Required,PASS,N/A,18,2
10_ALL_PARQUET/01_Input_and_Metadata__Software_Versions.parquet,01_Input_and_Metadata__Software_Versions.parquet,Exact copy of the complete verified Parquet directory.,Verified Parquet dataset for programmatic analysis.,1103,ee22a401a6d3ed847519131b4a338835709b303017549f2f82cfd84338d58334,C:\Users\moham\Documents\Codex\2026-07-28\build\outputs\Simulation_Data\Parquet\01_Input_and_Metadata__Software_Versions.parquet,Required,PASS,N/A,6,2
10_ALL_PARQUET/02_PERT_Raw_Data__PERT_Analytical_PMFs.parquet,02_PERT_Raw_Data__PERT_Analytical_PMFs.parquet,Exact copy of the complete verified Parquet directory.,Verified Parquet dataset for programmatic analysis.,3279,10cc2b7708e5a325765969e11936945112287e2abce49491441a2e332b771233,C:\Users\moham\Documents\Codex\2026-07-28\build\outputs\Simulation_Data\Parquet\02_PERT_Raw_Data__PERT_Analytical_PMFs.parquet,Required,PASS,N/A,125,4
10_ALL_PARQUET/02_PERT_Raw_Data__PERT_Durations_Long.parquet,02_PERT_Raw_Data__PERT_Durations_Long.parquet,Exact copy of the complete verified Parquet directory.,Verified Parquet dataset for programmatic analysis.,7378969,ecb787069b5e334ce940a2ffbaad3a3d2a432efb0b53dc1280ff038c9232c4ab,C:\Users\moham\Documents\Codex\2026-07-28\build\outputs\Simulation_Data\Parquet\02_PERT_Raw_Data__PERT_Durations_Long.parquet,Required,PASS,N/A,300000,14
10_ALL_PARQUET/02_PERT_Raw_Data__PERT_Exact_Moments.parquet,02_PERT_Raw_Data__PERT_Exact_Moments.parquet,Exact copy of the complete verified Parquet directory.,Verified Parquet dataset for programmatic analysis.,2947,f23c2363ef63430573a74f7725b3c27645b2a8fe6d2160dc908b5c3bfec0867f,C:\Users\moham\Documents\Codex\2026-07-28\build\outputs\Simulation_Data\Parquet\02_PERT_Raw_Data__PERT_Exact_Moments.parquet,Required,PASS,N/A,7,7
10_ALL_PARQUET/02_PERT_Raw_Data__PERT_Iterations_Wide.parquet,02_PERT_Raw_Data__PERT_Iterations_Wide.parquet,Exact copy of the complete verified Parquet directory.,Verified Parquet dataset for programmatic analysis.,6838859,986422e02e409187c022953f3372d64e7b540a485fc4ec1141d582171ef2f902,C:\Users\moham\Documents\Codex\2026-07-28\build\outputs\Simulation_Data\Parquet\02_PERT_Raw_Data__PERT_Iterations_Wide.parquet,Required,PASS,N/A,50000,25
10_ALL_PARQUET/02_PERT_Raw_Data__PERT_Raw_Beta_Samples.parquet,02_PERT_Raw_Data__PERT_Raw_Beta_Samples.parquet,Exact copy of the complete verified Parquet directory.,Verified Parquet dataset for programmatic analysis.,3473316,ab5e350244101648f0f1ec21002c82461affbf7d5f2fe8157dad49f8eb4b06a3,C:\Users\moham\Documents\Codex\2026-07-28\build\outputs\Simulation_Data\Parquet\02_PERT_Raw_Data__PERT_Raw_Beta_Samples.parquet,Required,PASS,N/A,300000,6
10_ALL_PARQUET/02_PERT_Raw_Data__PERT_Reconciliation.parquet,02_PERT_Raw_Data__PERT_Reconciliation.parquet,Exact copy of the complete verified Parquet directory.,Verified Parquet dataset for programmatic analysis.,376346,503587b17a612b6dd0f944aa9b1cbad0591b0d3099dc2a74fde079cc0cd4020d,C:\Users\moham\Documents\Codex\2026-07-28\build\outputs\Simulation_Data\Parquet\02_PERT_Raw_Data__PERT_Reconciliation.parquet,Required,PASS,N/A,50000,6
10_ALL_PARQUET/03_PERT_Analysis_Ready__Activity_Statistics.parquet,03_PERT_Analysis_Ready__Activity_Statistics.parquet,Exact copy of the complete verified Parquet directory.,Verified Parquet dataset for programmatic analysis.,4846,2cb10306e9d97407043984458dfef6b7925e9f134320d6abeafc01a979cbd38e,C:\Users\moham\Documents\Codex\2026-07-28\build\outputs\Simulation_Data\Parquet\03_PERT_Analysis_Ready__Activity_Statistics.parquet,Required,PASS,N/A,6,12
10_ALL_PARQUET/03_PERT_Analysis_Ready__Analytical_Comparison.parquet,03_PERT_Analysis_Ready__Analytical_Comparison.parquet,Exact copy of the complete verified Parquet directory.,Verified Parquet dataset for programmatic analysis.,2640,c5b969bbed33e29c3967dbe0bea53e58e67213cd22432e863435bbe5e67490bc,C:\Users\moham\Documents\Codex\2026-07-28\build\outputs\Simulation_Data\Parquet\03_PERT_Analysis_Ready__Analytical_Comparison.parquet,Required,PASS,N/A,1,7
10_ALL_PARQUET/03_PERT_Analysis_Ready__Convergence.parquet,03_PERT_Analysis_Ready__Convergence.parquet,Exact copy of the complete verified Parquet directory.,Verified Parquet dataset for programmatic analysis.,5658,2fcb0149b83f6eaf31515227425646bf871973fdad24e031b8f2ac298941e10a,C:\Users\moham\Documents\Codex\2026-07-28\build\outputs\Simulation_Data\Parquet\03_PERT_Analysis_Ready__Convergence.parquet,Required,PASS,N/A,100,8
10_ALL_PARQUET/03_PERT_Analysis_Ready__Correlation_Matrix.parquet,03_PERT_Analysis_Ready__Correlation_Matrix.parquet,Exact copy of the complete verified Parquet directory.,Verified Parquet dataset for programmatic analysis.,3082,3c3a47e6f40389085ceed400099605b0ee3c4b42e4f8b431738329a9c2f52586,C:\Users\moham\Documents\Codex\2026-07-28\build\outputs\Simulation_Data\Parquet\03_PERT_Analysis_Ready__Correlation_Matrix.parquet,Required,PASS,N/A,7,8
10_ALL_PARQUET/03_PERT_Analysis_Ready__Data_Dictionary.parquet,03_PERT_Analysis_Ready__Data_Dictionary.parquet,Exact copy of the complete verified Parquet directory.,Verified Parquet dataset for programmatic analysis.,9312,759fe6ebf12b931262fa6cb826db75bf681e361935a270248352b910cc66065f,C:\Users\moham\Documents\Codex\2026-07-28\build\outputs\Simulation_Data\Parquet\03_PERT_Analysis_Ready__Data_Dictionary.parquet,Required,PASS,N/A,102,13
10_ALL_PARQUET/03_PERT_Analysis_Ready__ECDF.parquet,03_PERT_Analysis_Ready__ECDF.parquet,Exact copy of the complete verified Parquet directory.,Verified Parquet dataset for programmatic analysis.,2756,8d53f627ac5d729509ea551565231cce6af6d7c21fec40fc06f4f4a1e33e073c,C:\Users\moham\Documents\Codex\2026-07-28\build\outputs\Simulation_Data\Parquet\03_PERT_Analysis_Ready__ECDF.parquet,Required,PASS,N/A,42,4
10_ALL_PARQUET/03_PERT_Analysis_Ready__Histogram_Data.parquet,03_PERT_Analysis_Ready__Histogram_Data.parquet,Exact copy of the complete verified Parquet directory.,Verified Parquet dataset for programmatic analysis.,2084,72c63e041b72b71acbc406787e06fd5b5319581dbcea7a535549781a2c556b9c,C:\Users\moham\Documents\Codex\2026-07-28\build\outputs\Simulation_Data\Parquet\03_PERT_Analysis_Ready__Histogram_Data.parquet,Required,PASS,N/A,42,3
10_ALL_PARQUET/03_PERT_Analysis_Ready__Iteration_Matrix.parquet,03_PERT_Analysis_Ready__Iteration_Matrix.parquet,Exact copy of the complete verified Parquet directory.,Verified Parquet dataset for programmatic analysis.,470109,a68929093a14b469be6a1669d08a1393ffa737d587cdfd8291adc748614c6817,C:\Users\moham\Documents\Codex\2026-07-28\build\outputs\Simulation_Data\Parquet\03_PERT_Analysis_Ready__Iteration_Matrix.parquet,Required,PASS,N/A,50000,8
10_ALL_PARQUET/03_PERT_Analysis_Ready__P1_P99.parquet,03_PERT_Analysis_Ready__P1_P99.parquet,Exact copy of the complete verified Parquet directory.,Verified Parquet dataset for programmatic analysis.,1698,8bef377bf4cd8c02ae8b17e686c90c1b65fec75dfa5b6fe1fe830e90b8fe6b1c,C:\Users\moham\Documents\Codex\2026-07-28\build\outputs\Simulation_Data\Parquet\03_PERT_Analysis_Ready__P1_P99.parquet,Required,PASS,N/A,99,2
10_ALL_PARQUET/03_PERT_Analysis_Ready__Regression_Matrix.parquet,03_PERT_Analysis_Ready__Regression_Matrix.parquet,Exact copy of the complete verified Parquet directory.,Verified Parquet dataset for programmatic analysis.,3895712,85f4f85697267b112eb029e0cc50519612965162ebd4dab43dda3e49f929919a,C:\Users\moham\Documents\Codex\2026-07-28\build\outputs\Simulation_Data\Parquet\03_PERT_Analysis_Ready__Regression_Matrix.parquet,Required,PASS,N/A,50000,15
10_ALL_PARQUET/03_PERT_Analysis_Ready__Spearman_Sensitivity.parquet,03_PERT_Analysis_Ready__Spearman_Sensitivity.parquet,Exact copy of the complete verified Parquet directory.,Verified Parquet dataset for programmatic analysis.,2903,bb8cb043641ffacc9c52dfc4fd2fd4d3cbd00673e70cb4ca78b568879dc1b238,C:\Users\moham\Documents\Codex\2026-07-28\build\outputs\Simulation_Data\Parquet\03_PERT_Analysis_Ready__Spearman_Sensitivity.parquet,Required,PASS,N/A,6,6
10_ALL_PARQUET/03_PERT_Analysis_Ready__Summary_Statistics.parquet,03_PERT_Analysis_Ready__Summary_Statistics.parquet,Exact copy of the complete verified Parquet directory.,Verified Parquet dataset for programmatic analysis.,6700,e45152a9e013c992800c6c33bb3dc3863450d02aa0319aa055b1948564b929fa,C:\Users\moham\Documents\Codex\2026-07-28\build\outputs\Simulation_Data\Parquet\03_PERT_Analysis_Ready__Summary_Statistics.parquet,Required,PASS,N/A,7,16
10_ALL_PARQUET/04_GERT_Iteration_Data__Data_Dictionary.parquet,04_GERT_Iteration_Data__Data_Dictionary.parquet,Exact copy of the complete verified Parquet directory.,Verified Parquet dataset for programmatic analysis.,9391,df0dc08e57e33d7be21db87997e3adc3d0b39b15702ee53227c4807bdd334703,C:\Users\moham\Documents\Codex\2026-07-28\build\outputs\Simulation_Data\Parquet\04_GERT_Iteration_Data__Data_Dictionary.parquet,Required,PASS,N/A,151,13
10_ALL_PARQUET/04_GERT_Iteration_Data__Invalid_Iterations.parquet,04_GERT_Iteration_Data__Invalid_Iterations.parquet,Exact copy of the complete verified Parquet directory.,Verified Parquet dataset for programmatic analysis.,2119,cbcafda63416d88d13baa08062da69edce45e9fbb1f0d570c664dea180200b0e,C:\Users\moham\Documents\Codex\2026-07-28\build\outputs\Simulation_Data\Parquet\04_GERT_Iteration_Data__Invalid_Iterations.parquet,Required,PASS,N/A,1,4
10_ALL_PARQUET/04_GERT_Iteration_Data__Iteration_Summary.parquet,04_GERT_Iteration_Data__Iteration_Summary.parquet,Exact copy of the complete verified Parquet directory.,Verified Parquet dataset for programmatic analysis.,1257985,5e8ab7f850f6b3ce5c36de53dc5bb894bddd4749d77a5eda487ffdafb2e77732,C:\Users\moham\Documents\Codex\2026-07-28\build\outputs\Simulation_Data\Parquet\04_GERT_Iteration_Data__Iteration_Summary.parquet,Required,PASS,N/A,50000,37
10_ALL_PARQUET/04_GERT_Iteration_Data__Outcome_Summary.parquet,04_GERT_Iteration_Data__Outcome_Summary.parquet,Exact copy of the complete verified Parquet directory.,Verified Parquet dataset for programmatic analysis.,2030,6894d48233bdeb1b04567621fa5a58e7b363e00629354ffa6eb36fc26447ef1a,C:\Users\moham\Documents\Codex\2026-07-28\build\outputs\Simulation_Data\Parquet\04_GERT_Iteration_Data__Outcome_Summary.parquet,Required,PASS,N/A,4,5
10_ALL_PARQUET/04_GERT_Iteration_Data__Path_Register.parquet,04_GERT_Iteration_Data__Path_Register.parquet,Exact copy of the complete verified Parquet directory.,Verified Parquet dataset for programmatic analysis.,55500,7b2b7c3e8087cbb814022ad123dca1607ca41c75ab72fe7fbf89de0a505b54ee,C:\Users\moham\Documents\Codex\2026-07-28\build\outputs\Simulation_Data\Parquet\04_GERT_Iteration_Data__Path_Register.parquet,Required,PASS,N/A,380,18
10_ALL_PARQUET/04_GERT_Iteration_Data__Successful_Iterations.parquet,04_GERT_Iteration_Data__Successful_Iterations.parquet,Exact copy of the complete verified Parquet directory.,Verified Parquet dataset for programmatic analysis.,723162,f8ff70251352620e2fa4d9c489edfedd89ec245297293b27ca1ab7c74bb864da,C:\Users\moham\Documents\Codex\2026-07-28\build\outputs\Simulation_Data\Parquet\04_GERT_Iteration_Data__Successful_Iterations.parquet,Required,PASS,N/A,28871,37
10_ALL_PARQUET/04_GERT_Iteration_Data__Terminated_Iterations.parquet,04_GERT_Iteration_Data__Terminated_Iterations.parquet,Exact copy of the complete verified Parquet directory.,Verified Parquet dataset for programmatic analysis.,416999,314a0fd30e393e99f852a8887ec4abe420d7733b838d850c4044bd1dd35a3272,C:\Users\moham\Documents\Codex\2026-07-28\build\outputs\Simulation_Data\Parquet\04_GERT_Iteration_Data__Terminated_Iterations.parquet,Required,PASS,N/A,21129,37
10_ALL_PARQUET/05_GERT_Traversal_Data__Traversal_Data_Dictionary.parquet,05_GERT_Traversal_Data__Traversal_Data_Dictionary.parquet,Exact copy of the complete verified Parquet directory.,Verified Parquet dataset for programmatic analysis.,8644,f056f6d083c4d156c84f4dce1915bf3df92e6cf80b28f42511eeea6432e5df2a,C:\Users\moham\Documents\Codex\2026-07-28\build\outputs\Simulation_Data\Parquet\05_GERT_Traversal_Data__Traversal_Data_Dictionary.parquet,Required,PASS,N/A,83,13
10_ALL_PARQUET/05_GERT_Traversal_Data__Traversals_Part_01.parquet,05_GERT_Traversal_Data__Traversals_Part_01.parquet,Exact copy of the complete verified Parquet directory.,Verified Parquet dataset for programmatic analysis.,4563684,13b3d4df438ecd55ed1b87498b1ffeb82b998381d56c981c6654cda8461293bb,C:\Users\moham\Documents\Codex\2026-07-28\build\outputs\Simulation_Data\Parquet\05_GERT_Traversal_Data__Traversals_Part_01.parquet,Required,PASS,N/A,113403,35
10_ALL_PARQUET/05_GERT_Traversal_Data__Traversals_Part_02.parquet,05_GERT_Traversal_Data__Traversals_Part_02.parquet,Exact copy of the complete verified Parquet directory.,Verified Parquet dataset for programmatic analysis.,4556233,d080b2b53062fb4b6937ef67519fdfb347f50bc5942bda89436370a5655e81d0,C:\Users\moham\Documents\Codex\2026-07-28\build\outputs\Simulation_Data\Parquet\05_GERT_Traversal_Data__Traversals_Part_02.parquet,Required,PASS,N/A,113429,35
10_ALL_PARQUET/06_GERT_Structure_Events__Arc_Activations.parquet,06_GERT_Structure_Events__Arc_Activations.parquet,Exact copy of the complete verified Parquet directory.,Verified Parquet dataset for programmatic analysis.,2598154,87a4050a58d94f4943f519ca140c2b2bdabf6438a419288233bf58b1888112f7,C:\Users\moham\Documents\Codex\2026-07-28\build\outputs\Simulation_Data\Parquet\06_GERT_Structure_Events__Arc_Activations.parquet,Required,PASS,N/A,223606,8
10_ALL_PARQUET/06_GERT_Structure_Events__Arc_Duration_Records.parquet,06_GERT_Structure_Events__Arc_Duration_Records.parquet,Exact copy of the complete verified Parquet directory.,Verified Parquet dataset for programmatic analysis.,4621852,c38fe0ee22b153b7a421d78d7bdef49808c3c3b1d158a296bb0945290ef7dc04,C:\Users\moham\Documents\Codex\2026-07-28\build\outputs\Simulation_Data\Parquet\06_GERT_Structure_Events__Arc_Duration_Records.parquet,Required,PASS,N/A,226832,12
10_ALL_PARQUET/06_GERT_Structure_Events__Arc_Traversal_Counts.parquet,06_GERT_Structure_Events__Arc_Traversal_Counts.parquet,Exact copy of the complete verified Parquet directory.,Verified Parquet dataset for programmatic analysis.,2916,41ccfc5fbd21e2415bf6eaf3531c227cef34ebccba15c54a8c90df4b01b7cba5,C:\Users\moham\Documents\Codex\2026-07-28\build\outputs\Simulation_Data\Parquet\06_GERT_Structure_Events__Arc_Traversal_Counts.parquet,Required,PASS,N/A,30,5
10_ALL_PARQUET/06_GERT_Structure_Events__Cap_Events.parquet,06_GERT_Structure_Events__Cap_Events.parquet,Exact copy of the complete verified Parquet directory.,Verified Parquet dataset for programmatic analysis.,4223,c766ab84cc74e4db3e4a660a89a39baf6fd51ec24a19260848b950d43650aebd,C:\Users\moham\Documents\Codex\2026-07-28\build\outputs\Simulation_Data\Parquet\06_GERT_Structure_Events__Cap_Events.parquet,Required,PASS,N/A,147,7
10_ALL_PARQUET/06_GERT_Structure_Events__Data_Dictionary.parquet,06_GERT_Structure_Events__Data_Dictionary.parquet,Exact copy of the complete verified Parquet directory.,Verified Parquet dataset for programmatic analysis.,9668,1aa63e6e01fc8dc154b1defc2fa8576b2f1e979eac847757b6c59f192da50cda,C:\Users\moham\Documents\Codex\2026-07-28\build\outputs\Simulation_Data\Parquet\06_GERT_Structure_Events__Data_Dictionary.parquet,Required,PASS,N/A,105,13
10_ALL_PARQUET/06_GERT_Structure_Events__Dispute_Visits.parquet,06_GERT_Structure_Events__Dispute_Visits.parquet,Exact copy of the complete verified Parquet directory.,Verified Parquet dataset for programmatic analysis.,14130,0199df6bcc86c3d6846db11f713d43aa2fc845b4818622fa161be182ab56ac19,C:\Users\moham\Documents\Codex\2026-07-28\build\outputs\Simulation_Data\Parquet\06_GERT_Structure_Events__Dispute_Visits.parquet,Required,PASS,N/A,1188,8
10_ALL_PARQUET/06_GERT_Structure_Events__Loop_Counts_by_Iteration.parquet,06_GERT_Structure_Events__Loop_Counts_by_Iteration.parquet,Exact copy of the complete verified Parquet directory.,Verified Parquet dataset for programmatic analysis.,338869,f17b94a34a2819e83654fb38599af996882a4ccf019b47baff005b1442be6e02,C:\Users\moham\Documents\Codex\2026-07-28\build\outputs\Simulation_Data\Parquet\06_GERT_Structure_Events__Loop_Counts_by_Iteration.parquet,Required,PASS,N/A,50000,13
10_ALL_PARQUET/06_GERT_Structure_Events__Loop_Events.parquet,06_GERT_Structure_Events__Loop_Events.parquet,Exact copy of the complete verified Parquet directory.,Verified Parquet dataset for programmatic analysis.,115427,b3d946ad9819f62108f3789c8cb1636aa4afe7aef2ff6a2e24d5f1380dcab253,C:\Users\moham\Documents\Codex\2026-07-28\build\outputs\Simulation_Data\Parquet\06_GERT_Structure_Events__Loop_Events.parquet,Required,PASS,N/A,6082,13
10_ALL_PARQUET/06_GERT_Structure_Events__Node_Visits.parquet,06_GERT_Structure_Events__Node_Visits.parquet,Exact copy of the complete verified Parquet directory.,Verified Parquet dataset for programmatic analysis.,958500,ed176c991035343f78c115385589d05f990842b9954877775b93760657e2ae8c,C:\Users\moham\Documents\Codex\2026-07-28\build\outputs\Simulation_Data\Parquet\06_GERT_Structure_Events__Node_Visits.parquet,Required,PASS,N/A,276832,10
10_ALL_PARQUET/06_GERT_Structure_Events__Renormalisation_Events.parquet,06_GERT_Structure_Events__Renormalisation_Events.parquet,Exact copy of the complete verified Parquet directory.,Verified Parquet dataset for programmatic analysis.,9132,e305a6ee3ec296fadcc12a51e3ce19e2d4a74b774e67d09b142fd3156b535f38,C:\Users\moham\Documents\Codex\2026-07-28\build\outputs\Simulation_Data\Parquet\06_GERT_Structure_Events__Renormalisation_Events.parquet,Required,PASS,N/A,138,13
10_ALL_PARQUET/06_GERT_Structure_Events__Transition_Counts.parquet,06_GERT_Structure_Events__Transition_Counts.parquet,Exact copy of the complete verified Parquet directory.,Verified Parquet dataset for programmatic analysis.,1643,925c0e0970f0031adc05c619705bd1f37c2351ecf04305c3d7f66b2eb4b4ff74,C:\Users\moham\Documents\Codex\2026-07-28\build\outputs\Simulation_Data\Parquet\06_GERT_Structure_Events__Transition_Counts.parquet,Required,PASS,N/A,18,3
10_ALL_PARQUET/07_GERT_Analysis_Ready__Arc_Activation_Matrix.parquet,07_GERT_Analysis_Ready__Arc_Activation_Matrix.parquet,Exact copy of the complete verified Parquet directory.,Verified Parquet dataset for programmatic analysis.,393540,b1eec1e35400b317c66909a9f8a1ebe504df9aa3d264ad002f5aff70cd663af7,C:\Users\moham\Documents\Codex\2026-07-28\build\outputs\Simulation_Data\Parquet\07_GERT_Analysis_Ready__Arc_Activation_Matrix.parquet,Required,PASS,N/A,50000,30
10_ALL_PARQUET/07_GERT_Analysis_Ready__Arc_Duration_Matrix.parquet,07_GERT_Analysis_Ready__Arc_Duration_Matrix.parquet,Exact copy of the complete verified Parquet directory.,Verified Parquet dataset for programmatic analysis.,561555,a5d2f59b7ba92eaefa47e986751417ee81579651e09d69b7517cc18510947cb2,C:\Users\moham\Documents\Codex\2026-07-28\build\outputs\Simulation_Data\Parquet\07_GERT_Analysis_Ready__Arc_Duration_Matrix.parquet,Required,PASS,N/A,50000,30
10_ALL_PARQUET/07_GERT_Analysis_Ready__Arc_Traversal_Matrix.parquet,07_GERT_Analysis_Ready__Arc_Traversal_Matrix.parquet,Exact copy of the complete verified Parquet directory.,Verified Parquet dataset for programmatic analysis.,461383,f00a240a44d8a25f56bf70cf34d493f5397a17a7991f3c8187e8a5308d6c130b,C:\Users\moham\Documents\Codex\2026-07-28\build\outputs\Simulation_Data\Parquet\07_GERT_Analysis_Ready__Arc_Traversal_Matrix.parquet,Required,PASS,N/A,50000,30
10_ALL_PARQUET/07_GERT_Analysis_Ready__Correlation_Register.parquet,07_GERT_Analysis_Ready__Correlation_Register.parquet,Exact copy of the complete verified Parquet directory.,Verified Parquet dataset for programmatic analysis.,7290,fdd78fa6790bc536d7c2881ab5683bf5f3b06fe0d6ce0cab20985d8ad7946399,C:\Users\moham\Documents\Codex\2026-07-28\build\outputs\Simulation_Data\Parquet\07_GERT_Analysis_Ready__Correlation_Register.parquet,Required,PASS,N/A,260,7
10_ALL_PARQUET/07_GERT_Analysis_Ready__Data_Dictionary.parquet,07_GERT_Analysis_Ready__Data_Dictionary.parquet,Exact copy of the complete verified Parquet directory.,Verified Parquet dataset for programmatic analysis.,11507,dbe5850929c5c44e76849a1710e02cfe1d14abc0e2d3a146fcc11011967a71aa,C:\Users\moham\Documents\Codex\2026-07-28\build\outputs\Simulation_Data\Parquet\07_GERT_Analysis_Ready__Data_Dictionary.parquet,Required,PASS,N/A,344,13
10_ALL_PARQUET/07_GERT_Analysis_Ready__ECDF_Data.parquet,07_GERT_Analysis_Ready__ECDF_Data.parquet,Exact copy of the complete verified Parquet directory.,Verified Parquet dataset for programmatic analysis.,8602,4cb730aa4779e73e2637c7ca087dc9e74dafe0c89085990c91ab944a7afde323,C:\Users\moham\Documents\Codex\2026-07-28\build\outputs\Simulation_Data\Parquet\07_GERT_Analysis_Ready__ECDF_Data.parquet,Required,PASS,N/A,301,5
10_ALL_PARQUET/07_GERT_Analysis_Ready__Histogram_Data.parquet,07_GERT_Analysis_Ready__Histogram_Data.parquet,Exact copy of the complete verified Parquet directory.,Verified Parquet dataset for programmatic analysis.,4896,7544d10893877e7a8fec0f8a3f78b1eabb15cf09e245d9da761946ccb28147b6,C:\Users\moham\Documents\Codex\2026-07-28\build\outputs\Simulation_Data\Parquet\07_GERT_Analysis_Ready__Histogram_Data.parquet,Required,PASS,N/A,301,4
10_ALL_PARQUET/07_GERT_Analysis_Ready__Iteration_Feature_Matrix.parquet,07_GERT_Analysis_Ready__Iteration_Feature_Matrix.parquet,Exact copy of the complete verified Parquet directory.,Verified Parquet dataset for programmatic analysis.,1211212,87cddcf77fc3cc0b2414ed47a42c1c377b93bbfa4c8a6e6ca1016a2955ad4ce8,C:\Users\moham\Documents\Codex\2026-07-28\build\outputs\Simulation_Data\Parquet\07_GERT_Analysis_Ready__Iteration_Feature_Matrix.parquet,Required,PASS,N/A,50000,138
10_ALL_PARQUET/07_GERT_Analysis_Ready__Loop_Count_Matrix.parquet,07_GERT_Analysis_Ready__Loop_Count_Matrix.parquet,Exact copy of the complete verified Parquet directory.,Verified Parquet dataset for programmatic analysis.,344360,e0b6c390b3aabd8823ecf5a5ed9444daa48acfd07ca16a865c83f5a5eac1e4fd,C:\Users\moham\Documents\Codex\2026-07-28\build\outputs\Simulation_Data\Parquet\07_GERT_Analysis_Ready__Loop_Count_Matrix.parquet,Required,PASS,N/A,50000,21
10_ALL_PARQUET/07_GERT_Analysis_Ready__Node_Visit_Matrix.parquet,07_GERT_Analysis_Ready__Node_Visit_Matrix.parquet,Exact copy of the complete verified Parquet directory.,Verified Parquet dataset for programmatic analysis.,455681,9d6c3d2ed71b864542a833983e98c24d5c94f10f873a31632122c4ffc6f1bd44,C:\Users\moham\Documents\Codex\2026-07-28\build\outputs\Simulation_Data\Parquet\07_GERT_Analysis_Ready__Node_Visit_Matrix.parquet,Required,PASS,N/A,50000,21
10_ALL_PARQUET/07_GERT_Analysis_Ready__Outcome_Matrix.parquet,07_GERT_Analysis_Ready__Outcome_Matrix.parquet,Exact copy of the complete verified Parquet directory.,Verified Parquet dataset for programmatic analysis.,406922,0055da95801ed59e2bf403f06e51832a9af4df666a54e1f67b2b6b2d60bf80b9,C:\Users\moham\Documents\Codex\2026-07-28\build\outputs\Simulation_Data\Parquet\07_GERT_Analysis_Ready__Outcome_Matrix.parquet,Required,PASS,N/A,50000,8
10_ALL_PARQUET/07_GERT_Analysis_Ready__P1_P99_by_Outcome.parquet,07_GERT_Analysis_Ready__P1_P99_by_Outcome.parquet,Exact copy of the complete verified Parquet directory.,Verified Parquet dataset for programmatic analysis.,2324,b088c163a4db7fb39004bfbe705d5e3a5ead1bd62ebc4bec168eaa62e971307a,C:\Users\moham\Documents\Codex\2026-07-28\build\outputs\Simulation_Data\Parquet\07_GERT_Analysis_Ready__P1_P99_by_Outcome.parquet,Required,PASS,N/A,198,3
10_ALL_PARQUET/07_GERT_Analysis_Ready__Path_Metrics.parquet,07_GERT_Analysis_Ready__Path_Metrics.parquet,Exact copy of the complete verified Parquet directory.,Verified Parquet dataset for programmatic analysis.,55500,7b2b7c3e8087cbb814022ad123dca1607ca41c75ab72fe7fbf89de0a505b54ee,C:\Users\moham\Documents\Codex\2026-07-28\build\outputs\Simulation_Data\Parquet\07_GERT_Analysis_Ready__Path_Metrics.parquet,Required,PASS,N/A,380,18
10_ALL_PARQUET/07_GERT_Analysis_Ready__Summary_Statistics.parquet,07_GERT_Analysis_Ready__Summary_Statistics.parquet,Exact copy of the complete verified Parquet directory.,Verified Parquet dataset for programmatic analysis.,6571,1a68f850a566a2115e0442b223cff86a4ef211be706e373d0c7d6b3bf5f142f1,C:\Users\moham\Documents\Codex\2026-07-28\build\outputs\Simulation_Data\Parquet\07_GERT_Analysis_Ready__Summary_Statistics.parquet,Required,PASS,N/A,4,16
10_ALL_PARQUET/08_Exact_Verification__Acceptance_Limits.parquet,08_Exact_Verification__Acceptance_Limits.parquet,Exact copy of the complete verified Parquet directory.,Verified Parquet dataset for programmatic analysis.,5772,a175b567a1ce686dc25675ab62b0588edfcc898d29f1c41d5fa05307d7b1b176,C:\Users\moham\Documents\Codex\2026-07-28\build\outputs\Simulation_Data\Parquet\08_Exact_Verification__Acceptance_Limits.parquet,Required,PASS,N/A,28,10
10_ALL_PARQUET/08_Exact_Verification__Data_Dictionary.parquet,08_Exact_Verification__Data_Dictionary.parquet,Exact copy of the complete verified Parquet directory.,Verified Parquet dataset for programmatic analysis.,8687,769527bddd51a8112d6697caa5c8eac6f0e3f83425fd3eb15d4443fb1099d925,C:\Users\moham\Documents\Codex\2026-07-28\build\outputs\Simulation_Data\Parquet\08_Exact_Verification__Data_Dictionary.parquet,Required,PASS,N/A,59,13
10_ALL_PARQUET/08_Exact_Verification__Exact_Cap_Probabilities.parquet,08_Exact_Verification__Exact_Cap_Probabilities.parquet,Exact copy of the complete verified Parquet directory.,Verified Parquet dataset for programmatic analysis.,1413,481b1d5a4a87eed7e943373ec4a118126baaeeb5235de490ddb40d703e63c70d,C:\Users\moham\Documents\Codex\2026-07-28\build\outputs\Simulation_Data\Parquet\08_Exact_Verification__Exact_Cap_Probabilities.parquet,Required,PASS,N/A,10,3
10_ALL_PARQUET/08_Exact_Verification__Exact_Dispute_Metrics.parquet,08_Exact_Verification__Exact_Dispute_Metrics.parquet,Exact copy of the complete verified Parquet directory.,Verified Parquet dataset for programmatic analysis.,1027,9136a43a119e656b89fb107308e1c32482f5a9a649ad9f24643ac032617ef855,C:\Users\moham\Documents\Codex\2026-07-28\build\outputs\Simulation_Data\Parquet\08_Exact_Verification__Exact_Dispute_Metrics.parquet,Required,PASS,N/A,2,2
10_ALL_PARQUET/08_Exact_Verification__Exact_Duration_Metrics.parquet,08_Exact_Verification__Exact_Duration_Metrics.parquet,Exact copy of the complete verified Parquet directory.,Verified Parquet dataset for programmatic analysis.,1086,b366d4c871c1e876aba2e8e79698e892dcd7b14fedc24f20d8ac22702e76b983,C:\Users\moham\Documents\Codex\2026-07-28\build\outputs\Simulation_Data\Parquet\08_Exact_Verification__Exact_Duration_Metrics.parquet,Required,PASS,N/A,3,2
10_ALL_PARQUET/08_Exact_Verification__Exact_Loop_Activation.parquet,08_Exact_Verification__Exact_Loop_Activation.parquet,Exact copy of the complete verified Parquet directory.,Verified Parquet dataset for programmatic analysis.,1479,36d0cf028daafa1474d4874841b5fc2ac77523ef6e156b50b485d8f15f9ea4f8,C:\Users\moham\Documents\Codex\2026-07-28\build\outputs\Simulation_Data\Parquet\08_Exact_Verification__Exact_Loop_Activation.parquet,Required,PASS,N/A,10,3
10_ALL_PARQUET/08_Exact_Verification__Exact_Outcomes.parquet,08_Exact_Verification__Exact_Outcomes.parquet,Exact copy of the complete verified Parquet directory.,Verified Parquet dataset for programmatic analysis.,957,c3554d84107dd750d32301492b2f43c0afaa306f248cc0ee1802d3e4efe28777,C:\Users\moham\Documents\Codex\2026-07-28\build\outputs\Simulation_Data\Parquet\08_Exact_Verification__Exact_Outcomes.parquet,Required,PASS,N/A,3,2
10_ALL_PARQUET/08_Exact_Verification__Exact_Transition_Metrics.parquet,08_Exact_Verification__Exact_Transition_Metrics.parquet,Exact copy of the complete verified Parquet directory.,Verified Parquet dataset for programmatic analysis.,1068,c63a1e11befb247c116ef9d14dce8d05414bd177dc572d6ec0c9ccd00709c7a5,C:\Users\moham\Documents\Codex\2026-07-28\build\outputs\Simulation_Data\Parquet\08_Exact_Verification__Exact_Transition_Metrics.parquet,Required,PASS,N/A,1,2
10_ALL_PARQUET/08_Exact_Verification__Monte_Carlo_Comparison.parquet,08_Exact_Verification__Monte_Carlo_Comparison.parquet,Exact copy of the complete verified Parquet directory.,Verified Parquet dataset for programmatic analysis.,5772,a175b567a1ce686dc25675ab62b0588edfcc898d29f1c41d5fa05307d7b1b176,C:\Users\moham\Documents\Codex\2026-07-28\build\outputs\Simulation_Data\Parquet\08_Exact_Verification__Monte_Carlo_Comparison.parquet,Required,PASS,N/A,28,10
10_ALL_PARQUET/08_Exact_Verification__Residual_Diagnostics.parquet,08_Exact_Verification__Residual_Diagnostics.parquet,Exact copy of the complete verified Parquet directory.,Verified Parquet dataset for programmatic analysis.,2155,fdb840e672095741444d99faa2f06267c8fb7e57d9be1496b8ce1cf25da35d59,C:\Users\moham\Documents\Codex\2026-07-28\build\outputs\Simulation_Data\Parquet\08_Exact_Verification__Residual_Diagnostics.parquet,Required,PASS,N/A,3,4
10_ALL_PARQUET/08_Exact_Verification__Solver_Diagnostics.parquet,08_Exact_Verification__Solver_Diagnostics.parquet,Exact copy of the complete verified Parquet directory.,Verified Parquet dataset for programmatic analysis.,2221,da39df643116c55c955313a6289e897759a99b0bbdb8432e53a6ab11d6235e53,C:\Users\moham\Documents\Codex\2026-07-28\build\outputs\Simulation_Data\Parquet\08_Exact_Verification__Solver_Diagnostics.parquet,Required,PASS,N/A,3,5
10_ALL_PARQUET/08_Exact_Verification__State_Space_Summary.parquet,08_Exact_Verification__State_Space_Summary.parquet,Exact copy of the complete verified Parquet directory.,Verified Parquet dataset for programmatic analysis.,1943,dff540e0dad127ef142f0b86c95dfd3b8e4e7a891f77404d3469a9acbd737ec0,C:\Users\moham\Documents\Codex\2026-07-28\build\outputs\Simulation_Data\Parquet\08_Exact_Verification__State_Space_Summary.parquet,Required,PASS,N/A,7,3
10_ALL_PARQUET/09_Convergence_Data__Cap_Checkpoints.parquet,09_Convergence_Data__Cap_Checkpoints.parquet,Exact copy of the complete verified Parquet directory.,Verified Parquet dataset for programmatic analysis.,6248,1857990ee25baeba43067c12e4e730f97946e0149830aad8f9157841e1fb8a4d,C:\Users\moham\Documents\Codex\2026-07-28\build\outputs\Simulation_Data\Parquet\09_Convergence_Data__Cap_Checkpoints.parquet,Required,PASS,N/A,1000,3
10_ALL_PARQUET/09_Convergence_Data__Data_Dictionary.parquet,09_Convergence_Data__Data_Dictionary.parquet,Exact copy of the complete verified Parquet directory.,Verified Parquet dataset for programmatic analysis.,8404,6ae26ec9ccb3526222914afa29eec797bd374cb5b6ed5be40068b58aa015b415,C:\Users\moham\Documents\Codex\2026-07-28\build\outputs\Simulation_Data\Parquet\09_Convergence_Data__Data_Dictionary.parquet,Required,PASS,N/A,55,13
10_ALL_PARQUET/09_Convergence_Data__Dispute_Checkpoints.parquet,09_Convergence_Data__Dispute_Checkpoints.parquet,Exact copy of the complete verified Parquet directory.,Verified Parquet dataset for programmatic analysis.,2346,222ccacea3f5b9aa454f6709298ef99e6922ef9f238f35f5b4134f9d9b695bef,C:\Users\moham\Documents\Codex\2026-07-28\build\outputs\Simulation_Data\Parquet\09_Convergence_Data__Dispute_Checkpoints.parquet,Required,PASS,N/A,100,2
10_ALL_PARQUET/09_Convergence_Data__Final_Status.parquet,09_Convergence_Data__Final_Status.parquet,Exact copy of the complete verified Parquet directory.,Verified Parquet dataset for programmatic analysis.,1581,7cb20b1e62853d822f3588600573873863e156749ba8d6b449c6d969ef685482,C:\Users\moham\Documents\Codex\2026-07-28\build\outputs\Simulation_Data\Parquet\09_Convergence_Data__Final_Status.parquet,Required,PASS,N/A,2,4
10_ALL_PARQUET/09_Convergence_Data__GERT_Duration_Checkpoints.parquet,09_Convergence_Data__GERT_Duration_Checkpoints.parquet,Exact copy of the complete verified Parquet directory.,Verified Parquet dataset for programmatic analysis.,9549,8bcf684fe1f36f0ce5a0fc5b40b629909f850b90ab5c520b61dd3ee434accc69,C:\Users\moham\Documents\Codex\2026-07-28\build\outputs\Simulation_Data\Parquet\09_Convergence_Data__GERT_Duration_Checkpoints.parquet,Required,PASS,N/A,100,14
10_ALL_PARQUET/09_Convergence_Data__GERT_Outcome_Checkpoints.parquet,09_Convergence_Data__GERT_Outcome_Checkpoints.parquet,Exact copy of the complete verified Parquet directory.,Verified Parquet dataset for programmatic analysis.,3679,8643f268a4b8185ef2dcf40add93ec76bcd05e818e3c1d62c33276d7e90ae720,C:\Users\moham\Documents\Codex\2026-07-28\build\outputs\Simulation_Data\Parquet\09_Convergence_Data__GERT_Outcome_Checkpoints.parquet,Required,PASS,N/A,100,3
10_ALL_PARQUET/09_Convergence_Data__Loop_Checkpoints.parquet,09_Convergence_Data__Loop_Checkpoints.parquet,Exact copy of the complete verified Parquet directory.,Verified Parquet dataset for programmatic analysis.,9817,a220e875226d51f519ac6f80822fa4751d1e311b0b848852dd9b1699d2fff36b,C:\Users\moham\Documents\Codex\2026-07-28\build\outputs\Simulation_Data\Parquet\09_Convergence_Data__Loop_Checkpoints.parquet,Required,PASS,N/A,1000,3
10_ALL_PARQUET/09_Convergence_Data__PERT_Checkpoints.parquet,09_Convergence_Data__PERT_Checkpoints.parquet,Exact copy of the complete verified Parquet directory.,Verified Parquet dataset for programmatic analysis.,5658,2fcb0149b83f6eaf31515227425646bf871973fdad24e031b8f2ac298941e10a,C:\Users\moham\Documents\Codex\2026-07-28\build\outputs\Simulation_Data\Parquet\09_Convergence_Data__PERT_Checkpoints.parquet,Required,PASS,N/A,100,8
10_ALL_PARQUET/09_Convergence_Data__Stability_Tests.parquet,09_Convergence_Data__Stability_Tests.parquet,Exact copy of the complete verified Parquet directory.,Verified Parquet dataset for programmatic analysis.,5103,29a97212977a16e0d7263163a6868ec58792f9425b3ccdf773b34d579581421f,C:\Users\moham\Documents\Codex\2026-07-28\build\outputs\Simulation_Data\Parquet\09_Convergence_Data__Stability_Tests.parquet,Required,PASS,N/A,198,5
10_ALL_PARQUET/10_Sensitivity_Ready_Data__Analysis_Method_Register.parquet,10_Sensitivity_Ready_Data__Analysis_Method_Register.parquet,Exact copy of the complete verified Parquet directory.,Verified Parquet dataset for programmatic analysis.,3236,08afd1a6ab7ad0573cc755efc75f9a02e7641943474d45257c9def5a8488ad47,C:\Users\moham\Documents\Codex\2026-07-28\build\outputs\Simulation_Data\Parquet\10_Sensitivity_Ready_Data__Analysis_Method_Register.parquet,Required,PASS,N/A,8,4
10_ALL_PARQUET/10_Sensitivity_Ready_Data__Baseline_Metrics.parquet,10_Sensitivity_Ready_Data__Baseline_Metrics.parquet,Exact copy of the complete verified Parquet directory.,Verified Parquet dataset for programmatic analysis.,1400,8dd383f1bcc847fc2a8289246cf275c95c0c385cab2efb6bf8579a86845fc157,C:\Users\moham\Documents\Codex\2026-07-28\build\outputs\Simulation_Data\Parquet\10_Sensitivity_Ready_Data__Baseline_Metrics.parquet,Required,PASS,N/A,6,3
10_ALL_PARQUET/10_Sensitivity_Ready_Data__Common_Random_Numbers.parquet,10_Sensitivity_Ready_Data__Common_Random_Numbers.parquet,Exact copy of the complete verified Parquet directory.,Verified Parquet dataset for programmatic analysis.,3537,44e15262bdbc68e5121abf059e94c142e36ac6eddd0c9c83d1c418dd3738e91c,C:\Users\moham\Documents\Codex\2026-07-28\build\outputs\Simulation_Data\Parquet\10_Sensitivity_Ready_Data__Common_Random_Numbers.parquet,Required,PASS,N/A,20,6
10_ALL_PARQUET/10_Sensitivity_Ready_Data__Data_Dictionary.parquet,10_Sensitivity_Ready_Data__Data_Dictionary.parquet,Exact copy of the complete verified Parquet directory.,Verified Parquet dataset for programmatic analysis.,12297,6c22fc7c32c719d57bb3b2a0e9720716ef82611ab22ac0b69ce41ea07fb86fc3,C:\Users\moham\Documents\Codex\2026-07-28\build\outputs\Simulation_Data\Parquet\10_Sensitivity_Ready_Data__Data_Dictionary.parquet,Required,PASS,N/A,284,13
10_ALL_PARQUET/10_Sensitivity_Ready_Data__Duration_Constraints.parquet,10_Sensitivity_Ready_Data__Duration_Constraints.parquet,Exact copy of the complete verified Parquet directory.,Verified Parquet dataset for programmatic analysis.,3247,6972b59d98d9e6bb5472120738241fc060f711c36dfefb0a00947799d4cd687a,C:\Users\moham\Documents\Codex\2026-07-28\build\outputs\Simulation_Data\Parquet\10_Sensitivity_Ready_Data__Duration_Constraints.parquet,Required,PASS,N/A,35,7
10_ALL_PARQUET/10_Sensitivity_Ready_Data__GERT_Sensitivity_Matrix.parquet,10_Sensitivity_Ready_Data__GERT_Sensitivity_Matrix.parquet,Exact copy of the complete verified Parquet directory.,Verified Parquet dataset for programmatic analysis.,1242433,b3a14236908d37f6d678dbe726c538cd5df8321a4a7e709a6c84ce53b3a17a10,C:\Users\moham\Documents\Codex\2026-07-28\build\outputs\Simulation_Data\Parquet\10_Sensitivity_Ready_Data__GERT_Sensitivity_Matrix.parquet,Required,PASS,N/A,50000,146
10_ALL_PARQUET/10_Sensitivity_Ready_Data__Loop_Cap_Alternatives.parquet,10_Sensitivity_Ready_Data__Loop_Cap_Alternatives.parquet,Exact copy of the complete verified Parquet directory.,Verified Parquet dataset for programmatic analysis.,2299,bd5b75999c2c399af80752cfbfb638c5266582beedda6ab84e5febf2dee0701f,C:\Users\moham\Documents\Codex\2026-07-28\build\outputs\Simulation_Data\Parquet\10_Sensitivity_Ready_Data__Loop_Cap_Alternatives.parquet,Required,PASS,N/A,10,5
10_ALL_PARQUET/10_Sensitivity_Ready_Data__Outcome_Sensitivity_Matrix.parquet,10_Sensitivity_Ready_Data__Outcome_Sensitivity_Matrix.parquet,Exact copy of the complete verified Parquet directory.,Verified Parquet dataset for programmatic analysis.,494785,a46f299f6abab425857c9434d8cf5e0b4a9af6273abf819cf873ef1a61ef728b,C:\Users\moham\Documents\Codex\2026-07-28\build\outputs\Simulation_Data\Parquet\10_Sensitivity_Ready_Data__Outcome_Sensitivity_Matrix.parquet,Required,PASS,N/A,50000,36
10_ALL_PARQUET/10_Sensitivity_Ready_Data__Parameter_Register.parquet,10_Sensitivity_Ready_Data__Parameter_Register.parquet,Exact copy of the complete verified Parquet directory.,Verified Parquet dataset for programmatic analysis.,8723,2285278b87d3143aee3c569a71e38695df8d13874c63bc48173e5429427e255a,C:\Users\moham\Documents\Codex\2026-07-28\build\outputs\Simulation_Data\Parquet\10_Sensitivity_Ready_Data__Parameter_Register.parquet,Required,PASS,N/A,146,15
10_ALL_PARQUET/10_Sensitivity_Ready_Data__PERT_Sensitivity_Matrix.parquet,10_Sensitivity_Ready_Data__PERT_Sensitivity_Matrix.parquet,Exact copy of the complete verified Parquet directory.,Verified Parquet dataset for programmatic analysis.,3426334,057cd86965b8f71a4a1604440af094ec92e348b682018686773bc500c442b98b,C:\Users\moham\Documents\Codex\2026-07-28\build\outputs\Simulation_Data\Parquet\10_Sensitivity_Ready_Data__PERT_Sensitivity_Matrix.parquet,Required,PASS,N/A,50000,18
10_ALL_PARQUET/10_Sensitivity_Ready_Data__Probability_Constraints.parquet,10_Sensitivity_Ready_Data__Probability_Constraints.parquet,Exact copy of the complete verified Parquet directory.,Verified Parquet dataset for programmatic analysis.,2681,444b444a2ff8c5dd59bad380f35acba8d75b21065ff94e30fea05f8a68cc923a,C:\Users\moham\Documents\Codex\2026-07-28\build\outputs\Simulation_Data\Parquet\10_Sensitivity_Ready_Data__Probability_Constraints.parquet,Required,PASS,N/A,7,5
10_ALL_PARQUET/10_Sensitivity_Ready_Data__Scenario_Design_Template.parquet,10_Sensitivity_Ready_Data__Scenario_Design_Template.parquet,Exact copy of the complete verified Parquet directory.,Verified Parquet dataset for programmatic analysis.,4416,8057c42e031d994991cfc6f9183b6f8b095b5c414b6c5f76c29ff2551a68ac8d,C:\Users\moham\Documents\Codex\2026-07-28\build\outputs\Simulation_Data\Parquet\10_Sensitivity_Ready_Data__Scenario_Design_Template.parquet,Required,PASS,N/A,1,13
10_ALL_PARQUET/10_Sensitivity_Ready_Data__Sensitivity_Overview.parquet,10_Sensitivity_Ready_Data__Sensitivity_Overview.parquet,Exact copy of the complete verified Parquet directory.,Verified Parquet dataset for programmatic analysis.,1690,f1f352759a1fc2311f31f1eed7408802149a16914b8e111ca29dca89658a2f2a,C:\Users\moham\Documents\Codex\2026-07-28\build\outputs\Simulation_Data\Parquet\10_Sensitivity_Ready_Data__Sensitivity_Overview.parquet,Required,PASS,N/A,4,2
10_ALL_PARQUET/10_Sensitivity_Ready_Data__Tail_Sensitivity_Matrix.parquet,10_Sensitivity_Ready_Data__Tail_Sensitivity_Matrix.parquet,Exact copy of the complete verified Parquet directory.,Verified Parquet dataset for programmatic analysis.,413674,b05999f528dd391b85e8386c34177c2cdf518db4992cffd38a1a94d5c052dd8d,C:\Users\moham\Documents\Codex\2026-07-28\build\outputs\Simulation_Data\Parquet\10_Sensitivity_Ready_Data__Tail_Sensitivity_Matrix.parquet,Required,PASS,N/A,50000,11
10_ALL_PARQUET/11_Validation_and_Reconciliation__Cap_Validation.parquet,11_Validation_and_Reconciliation__Cap_Validation.parquet,Exact copy of the complete verified Parquet directory.,Verified Parquet dataset for programmatic analysis.,2322,ba28147a0ed6b530fb482b90521530a626ae5d3fa7a24714ed1bd20efc9903ba,C:\Users\moham\Documents\Codex\2026-07-28\build\outputs\Simulation_Data\Parquet\11_Validation_and_Reconciliation__Cap_Validation.parquet,Required,PASS,N/A,10,5
10_ALL_PARQUET/11_Validation_and_Reconciliation__Cross_File_Reconciliation.parquet,11_Validation_and_Reconciliation__Cross_File_Reconciliation.parquet,Exact copy of the complete verified Parquet directory.,Verified Parquet dataset for programmatic analysis.,1801,1174b7da42a42ad04f2e78040b9a0876b218c90ad13570336472a43f6fd502f2,C:\Users\moham\Documents\Codex\2026-07-28\build\outputs\Simulation_Data\Parquet\11_Validation_and_Reconciliation__Cross_File_Reconciliation.parquet,Required,PASS,N/A,12,3
10_ALL_PARQUET/11_Validation_and_Reconciliation__Data_Dictionary.parquet,11_Validation_and_Reconciliation__Data_Dictionary.parquet,Exact copy of the complete verified Parquet directory.,Verified Parquet dataset for programmatic analysis.,9533,0ba19c4997584243b7b7d975cefd107ccd03b3687d2b9e0f272b97a96b871e39,C:\Users\moham\Documents\Codex\2026-07-28\build\outputs\Simulation_Data\Parquet\11_Validation_and_Reconciliation__Data_Dictionary.parquet,Required,PASS,N/A,82,13
10_ALL_PARQUET/11_Validation_and_Reconciliation__Duration_Reconciliation.parquet,11_Validation_and_Reconciliation__Duration_Reconciliation.parquet,Exact copy of the complete verified Parquet directory.,Verified Parquet dataset for programmatic analysis.,783871,3d0570462a1549faeff95b22dfb9ce36f6e70da93c4089c4defefed6b6cf27c4,C:\Users\moham\Documents\Codex\2026-07-28\build\outputs\Simulation_Data\Parquet\11_Validation_and_Reconciliation__Duration_Reconciliation.parquet,Required,PASS,N/A,100000,6
10_ALL_PARQUET/11_Validation_and_Reconciliation__Exact_Verification_Status.parquet,11_Validation_and_Reconciliation__Exact_Verification_Status.parquet,Exact copy of the complete verified Parquet directory.,Verified Parquet dataset for programmatic analysis.,1944,fc7a0f34124dfa4d66fd5b4e19d318277216b5b02d28d53b9abbecd958591dd1,C:\Users\moham\Documents\Codex\2026-07-28\build\outputs\Simulation_Data\Parquet\11_Validation_and_Reconciliation__Exact_Verification_Status.parquet,Required,PASS,N/A,3,4
10_ALL_PARQUET/11_Validation_and_Reconciliation__GERT_Reconciliation.parquet,11_Validation_and_Reconciliation__GERT_Reconciliation.parquet,Exact copy of the complete verified Parquet directory.,Verified Parquet dataset for programmatic analysis.,392052,457014e6027fdbc8d61f5f81b3a072649f3a2f3c7ebd28de8b7422f9b30c11e0,C:\Users\moham\Documents\Codex\2026-07-28\build\outputs\Simulation_Data\Parquet\11_Validation_and_Reconciliation__GERT_Reconciliation.parquet,Required,PASS,N/A,50000,7
10_ALL_PARQUET/11_Validation_and_Reconciliation__Input_Validation.parquet,11_Validation_and_Reconciliation__Input_Validation.parquet,Exact copy of the complete verified Parquet directory.,Verified Parquet dataset for programmatic analysis.,1650,4681453a5722917eeb71729c38be0499579f29b5defefe095443ed3c8251ccd5,C:\Users\moham\Documents\Codex\2026-07-28\build\outputs\Simulation_Data\Parquet\11_Validation_and_Reconciliation__Input_Validation.parquet,Required,PASS,N/A,20,3
10_ALL_PARQUET/11_Validation_and_Reconciliation__Loop_Validation.parquet,11_Validation_and_Reconciliation__Loop_Validation.parquet,Exact copy of the complete verified Parquet directory.,Verified Parquet dataset for programmatic analysis.,1975,332f0f2e6d7c6e5011d89622fcdcaff5ade5be346996d2df0b24fc0d557e8e88,C:\Users\moham\Documents\Codex\2026-07-28\build\outputs\Simulation_Data\Parquet\11_Validation_and_Reconciliation__Loop_Validation.parquet,Required,PASS,N/A,10,5
10_ALL_PARQUET/11_Validation_and_Reconciliation__Path_Continuity.parquet,11_Validation_and_Reconciliation__Path_Continuity.parquet,Exact copy of the complete verified Parquet directory.,Verified Parquet dataset for programmatic analysis.,357516,04381f62f44bd74da05a2ab529fb25cb624e6bc3d8ea8704d483150c2ebdd86b,C:\Users\moham\Documents\Codex\2026-07-28\build\outputs\Simulation_Data\Parquet\11_Validation_and_Reconciliation__Path_Continuity.parquet,Required,PASS,N/A,50000,8
10_ALL_PARQUET/11_Validation_and_Reconciliation__PERT_Reconciliation.parquet,11_Validation_and_Reconciliation__PERT_Reconciliation.parquet,Exact copy of the complete verified Parquet directory.,Verified Parquet dataset for programmatic analysis.,375074,17ef6bef0b0efeae277b0a0cd298733eb48652d5d420dc7b0084539c3cb55ab7,C:\Users\moham\Documents\Codex\2026-07-28\build\outputs\Simulation_Data\Parquet\11_Validation_and_Reconciliation__PERT_Reconciliation.parquet,Required,PASS,N/A,50000,5
10_ALL_PARQUET/11_Validation_and_Reconciliation__Probability_Validation.parquet,11_Validation_and_Reconciliation__Probability_Validation.parquet,Exact copy of the complete verified Parquet directory.,Verified Parquet dataset for programmatic analysis.,2304,9a3304218eca5be63fca42fe05ff74f7d549d885c46c4c8559577f10efd0380e,C:\Users\moham\Documents\Codex\2026-07-28\build\outputs\Simulation_Data\Parquet\11_Validation_and_Reconciliation__Probability_Validation.parquet,Required,PASS,N/A,7,6
10_ALL_PARQUET/11_Validation_and_Reconciliation__Reproducibility_Comparison.parquet,11_Validation_and_Reconciliation__Reproducibility_Comparison.parquet,Exact copy of the complete verified Parquet directory.,Verified Parquet dataset for programmatic analysis.,14173039,50280b517e750213cb2eb0fec6027ce8fa6ba6587add28684b99c81381530b1c,C:\Users\moham\Documents\Codex\2026-07-28\build\outputs\Simulation_Data\Parquet\11_Validation_and_Reconciliation__Reproducibility_Comparison.parquet,Required,PASS,N/A,100000,5
10_ALL_PARQUET/11_Validation_and_Reconciliation__Row_Count_Reconciliation.parquet,11_Validation_and_Reconciliation__Row_Count_Reconciliation.parquet,Exact copy of the complete verified Parquet directory.,Verified Parquet dataset for programmatic analysis.,2413,489c793be19d45d0fa1e09e9e8a776eaf9e49b522f491a50903e296cc346c5ca,C:\Users\moham\Documents\Codex\2026-07-28\build\outputs\Simulation_Data\Parquet\11_Validation_and_Reconciliation__Row_Count_Reconciliation.parquet,Required,PASS,N/A,7,5
10_ALL_PARQUET/11_Validation_and_Reconciliation__Workbook_Integrity.parquet,11_Validation_and_Reconciliation__Workbook_Integrity.parquet,Exact copy of the complete verified Parquet directory.,Verified Parquet dataset for programmatic analysis.,4698,945a04252a1bd4027d302cb50aa0b43ddc83a9c49f8c6244fd89ee91f4156f59,C:\Users\moham\Documents\Codex\2026-07-28\build\outputs\Simulation_Data\Parquet\11_Validation_and_Reconciliation__Workbook_Integrity.parquet,Required,PASS,N/A,12,7
10_ALL_PARQUET/Data_Dictionary__Data_Dictionary.parquet,Data_Dictionary__Data_Dictionary.parquet,Exact copy of the complete verified Parquet directory.,Verified Parquet dataset for programmatic analysis.,24399,0156357f130baa9aaf4d3173e89abcff99ac84822463e12322c720fd2b659b7c,C:\Users\moham\Documents\Codex\2026-07-28\build\outputs\Simulation_Data\Parquet\Data_Dictionary__Data_Dictionary.parquet,Required,PASS,N/A,1482,13
10_ALL_PARQUET/Input_Validation_Report__Input_Validation.parquet,Input_Validation_Report__Input_Validation.parquet,Exact copy of the complete verified Parquet directory.,Verified Parquet dataset for programmatic analysis.,1650,4681453a5722917eeb71729c38be0499579f29b5defefe095443ed3c8251ccd5,C:\Users\moham\Documents\Codex\2026-07-28\build\outputs\Simulation_Data\Parquet\Input_Validation_Report__Input_Validation.parquet,Required,PASS,N/A,20,3
11_SOURCE_AND_REPRODUCIBILITY/Dependency_Manifest.json,Dependency_Manifest.json,Scientific source snapshot and reproducibility metadata.,Scientific source or reproducibility metadata.,1943,8551d07fd02b4b02c56f9e6766b9fbba605be6838a01a1886bde0cbf1362851e,Generated during release packaging,Required,PASS,N/A,,
11_SOURCE_AND_REPRODUCIBILITY/GIT_COMMIT.txt,GIT_COMMIT.txt,Scientific source snapshot and reproducibility metadata.,Scientific source or reproducibility metadata.,63,f7c6d8489e04f444a572b2ecd836dc3ae96e9012bec9fa36e3350003d9cd0d78,Generated during release packaging,Required,PASS,N/A,,
11_SOURCE_AND_REPRODUCIBILITY/PROGRAM_VERSION.txt,PROGRAM_VERSION.txt,Scientific source snapshot and reproducibility metadata.,Scientific source or reproducibility metadata.,22,ac52570645aa90ab675ea70c86ca90474bf4edc93b7585e50ca568d19659fb36,Generated during release packaging,Required,PASS,N/A,,
11_SOURCE_AND_REPRODUCIBILITY/random_stream_metadata.json,random_stream_metadata.json,Scientific source snapshot and reproducibility metadata.,Scientific source or reproducibility metadata.,396,a028a2916f37f47ee3adee9858a47543c530bd45d98365bcc95c873374470b0b,Generated during release packaging,Required,PASS,N/A,,
11_SOURCE_AND_REPRODUCIBILITY/requirements-lock.txt,requirements-lock.txt,Scientific source snapshot and reproducibility metadata.,Scientific source or reproducibility metadata.,66,c6b83dab0c08c21fe0d6339b3d741fa3420780367af5669ce3ca5188c944a751,Generated during release packaging,Required,PASS,N/A,,
11_SOURCE_AND_REPRODUCIBILITY/simulation_configuration.json,simulation_configuration.json,Scientific source snapshot and reproducibility metadata.,Scientific source or reproducibility metadata.,440,36647f077e907f5a9cf6160872a10d1046e95a75b3fb0b866d4bf411632e5fa2,Generated during release packaging,Required,PASS,N/A,,
11_SOURCE_AND_REPRODUCIBILITY/Source/export_generation/export_raw_data.py,export_raw_data.py,Scientific source snapshot and reproducibility metadata.,Scientific source or reproducibility metadata.,150177,dd3598fc124c80f2c3cc210b58901ea73e61905044767a1991a42d3029eb3bf6,C:\Users\moham\Documents\Codex\2026-07-28\build\work\raw_data_export\export_raw_data.py,Required,PASS,N/A,,
11_SOURCE_AND_REPRODUCIBILITY/Source/parquet_export/ParquetCsvConverter.cs,ParquetCsvConverter.cs,Scientific source snapshot and reproducibility metadata.,Scientific source or reproducibility metadata.,7535,28a5346da3a88e17f0b1907f86c07b8625b707ad58e55c4b589fd1510cf0e260,C:\Users\moham\Documents\Codex\2026-07-28\build\work\raw_data_export\ParquetCsvConverter.cs,Required,PASS,N/A,,
11_SOURCE_AND_REPRODUCIBILITY/Source/simulation_core/simulate_final.py,simulate_final.py,Scientific source snapshot and reproducibility metadata.,Scientific source or reproducibility metadata.,50540,8bc526bb1052089aaa75f2bd97713f8adb2b29077e5f06cab2a6f167bc7a8940,C:\Users\moham\Documents\Codex\2026-07-28\build\work\final_preliminary\simulate_final.py,Required,PASS,N/A,,
12_SUPPORTING_REPORTS/Packaging_Audit.xlsx,Packaging_Audit.xlsx,Packaging audit and machine-readable validation evidence.,"Excel workbook for review, analysis, audit, or package inventory.",41703,6ce32f9d7d12981a4b9309fb9975c382824878f78ea82c98294e95c4116409ac,C:\Users\moham\Documents\Codex\2026-07-28\build\outputs\Packaging_Audit.xlsx,Required,PASS,PASS,,
12_SUPPORTING_REPORTS/prepackaging_validation.json,prepackaging_validation.json,Packaging audit and machine-readable validation evidence.,Packaging audit and machine-readable validation evidence.,495580,ddcb8794e3128f3228bee9b2b6b5a278e2ddb49bfa39a56179aa8d0eb8e8d529,Generated during release packaging,Required,PASS,N/A,,
12_SUPPORTING_REPORTS/raw_export_integrity.json,raw_export_integrity.json,Packaging audit and machine-readable validation evidence.,Packaging audit and machine-readable validation evidence.,12788,5fc7b419bdcf1a60308bcb22dec4f28fbf2aa304f30eae6b2ab92cfeab538b04,C:\Users\moham\Documents\Codex\2026-07-28\build\work\raw_data_export\raw_export_integrity.json,Required,PASS,N/A,,
